lineage_id,series,model,decision_time,decision_rank,used_source_days,used_observations,input_interval_start_min,input_interval_end_max,input_available_at_max,input_event_rank_max,available_history_days,scaler,full_year_statistics_used
Load:B0:2025-02-01,Load,B0,2025-02-01,2,"[""2025-01-31""]",1,2025-01-31 23:50:00,2025-02-01,2025-02-01,0,31,none,False
Load:B1:2025-02-01,Load,B1,2025-02-01,2,"[""2025-01-31""]",144,2025-01-31 00:00:00,2025-02-01,2025-02-01,0,31,none,False
Load:B2:2025-02-01,Load,B2,2025-02-01,2,"[""2025-01-25""]",144,2025-01-25 00:00:00,2025-01-26,2025-01-26,0,31,none,False
Load:B3:2025-02-01,Load,B3,2025-02-01,2,"[""2025-01-25"", ""2025-01-26"", ""2025-01-27"", ""2025-01-28"", ""2025-01-29"", ""2025-01-30"", ""2025-01-31""]",1008,2025-01-25 00:00:00,2025-02-01,2025-02-01,0,31,none,False
Load:B4:2025-02-01,Load,B4,2025-02-01,2,"[""2025-01-04"", ""2025-01-11"", ""2025-01-18"", ""2025-01-25""]",576,2025-01-04 00:00:00,2025-01-26,2025-01-26,0,31,none,False
PV:B0:2025-02-01,PV,B0,2025-02-01,2,"[""2025-01-31""]",1,2025-01-31 23:50:00,2025-02-01,2025-02-01,0,31,none,False
PV:B1:2025-02-01,PV,B1,2025-02-01,2,"[""2025-01-31""]",144,2025-01-31 00:00:00,2025-02-01,2025-02-01,0,31,none,False
PV:B2:2025-02-01,PV,B2,2025-02-01,2,"[""2025-01-25""]",144,2025-01-25 00:00:00,2025-01-26,2025-01-26,0,31,none,False
PV:B3:2025-02-01,PV,B3,2025-02-01,2,"[""2025-01-25"", ""2025-01-26"", ""2025-01-27"", ""2025-01-28"", ""2025-01-29"", ""2025-01-30"", ""2025-01-31""]",1008,2025-01-25 00:00:00,2025-02-01,2025-02-01,0,31,none,False
PV:B4:2025-02-01,PV,B4,2025-02-01,2,"[""2025-01-04"", ""2025-01-11"", ""2025-01-18"", ""2025-01-25""]",576,2025-01-04 00:00:00,2025-01-26,2025-01-26,0,31,none,False
Load:B0:2025-02-02,Load,B0,2025-02-02,2,"[""2025-02-01""]",1,2025-02-01 23:50:00,2025-02-02,2025-02-02,0,32,none,False
Load:B1:2025-02-02,Load,B1,2025-02-02,2,"[""2025-02-01""]",144,2025-02-01 00:00:00,2025-02-02,2025-02-02,0,32,none,False
Load:B2:2025-02-02,Load,B2,2025-02-02,2,"[""2025-01-26""]",144,2025-01-26 00:00:00,2025-01-27,2025-01-27,0,32,none,False
Load:B3:2025-02-02,Load,B3,2025-02-02,2,"[""2025-01-26"", ""2025-01-27"", ""2025-01-28"", ""2025-01-29"", ""2025-01-30"", ""2025-01-31"", ""2025-02-01""]",1008,2025-01-26 00:00:00,2025-02-02,2025-02-02,0,32,none,False
Load:B4:2025-02-02,Load,B4,2025-02-02,2,"[""2025-01-05"", ""2025-01-12"", ""2025-01-19"", ""2025-01-26""]",576,2025-01-05 00:00:00,2025-01-27,2025-01-27,0,32,none,False
PV:B0:2025-02-02,PV,B0,2025-02-02,2,"[""2025-02-01""]",1,2025-02-01 23:50:00,2025-02-02,2025-02-02,0,32,none,False
PV:B1:2025-02-02,PV,B1,2025-02-02,2,"[""2025-02-01""]",144,2025-02-01 00:00:00,2025-02-02,2025-02-02,0,32,none,False
PV:B2:2025-02-02,PV,B2,2025-02-02,2,"[""2025-01-26""]",144,2025-01-26 00:00:00,2025-01-27,2025-01-27,0,32,none,False
PV:B3:2025-02-02,PV,B3,2025-02-02,2,"[""2025-01-26"", ""2025-01-27"", ""2025-01-28"", ""2025-01-29"", ""2025-01-30"", ""2025-01-31"", ""2025-02-01""]",1008,2025-01-26 00:00:00,2025-02-02,2025-02-02,0,32,none,False
PV:B4:2025-02-02,PV,B4,2025-02-02,2,"[""2025-01-05"", ""2025-01-12"", ""2025-01-19"", ""2025-01-26""]",576,2025-01-05 00:00:00,2025-01-27,2025-01-27,0,32,none,False
Load:B0:2025-02-03,Load,B0,2025-02-03,2,"[""2025-02-02""]",1,2025-02-02 23:50:00,2025-02-03,2025-02-03,0,33,none,False
Load:B1:2025-02-03,Load,B1,2025-02-03,2,"[""2025-02-02""]",144,2025-02-02 00:00:00,2025-02-03,2025-02-03,0,33,none,False
Load:B2:2025-02-03,Load,B2,2025-02-03,2,"[""2025-01-27""]",144,2025-01-27 00:00:00,2025-01-28,2025-01-28,0,33,none,False
Load:B3:2025-02-03,Load,B3,2025-02-03,2,"[""2025-01-27"", ""2025-01-28"", ""2025-01-29"", ""2025-01-30"", ""2025-01-31"", ""2025-02-01"", ""2025-02-02""]",1008,2025-01-27 00:00:00,2025-02-03,2025-02-03,0,33,none,False
Load:B4:2025-02-03,Load,B4,2025-02-03,2,"[""2025-01-06"", ""2025-01-13"", ""2025-01-20"", ""2025-01-27""]",576,2025-01-06 00:00:00,2025-01-28,2025-01-28,0,33,none,False
PV:B0:2025-02-03,PV,B0,2025-02-03,2,"[""2025-02-02""]",1,2025-02-02 23:50:00,2025-02-03,2025-02-03,0,33,none,False
PV:B1:2025-02-03,PV,B1,2025-02-03,2,"[""2025-02-02""]",144,2025-02-02 00:00:00,2025-02-03,2025-02-03,0,33,none,False
PV:B2:2025-02-03,PV,B2,2025-02-03,2,"[""2025-01-27""]",144,2025-01-27 00:00:00,2025-01-28,2025-01-28,0,33,none,False
PV:B3:2025-02-03,PV,B3,2025-02-03,2,"[""2025-01-27"", ""2025-01-28"", ""2025-01-29"", ""2025-01-30"", ""2025-01-31"", ""2025-02-01"", ""2025-02-02""]",1008,2025-01-27 00:00:00,2025-02-03,2025-02-03,0,33,none,False
PV:B4:2025-02-03,PV,B4,2025-02-03,2,"[""2025-01-06"", ""2025-01-13"", ""2025-01-20"", ""2025-01-27""]",576,2025-01-06 00:00:00,2025-01-28,2025-01-28,0,33,none,False
Load:B0:2025-02-04,Load,B0,2025-02-04,2,"[""2025-02-03""]",1,2025-02-03 23:50:00,2025-02-04,2025-02-04,0,34,none,False
Load:B1:2025-02-04,Load,B1,2025-02-04,2,"[""2025-02-03""]",144,2025-02-03 00:00:00,2025-02-04,2025-02-04,0,34,none,False
Load:B2:2025-02-04,Load,B2,2025-02-04,2,"[""2025-01-28""]",144,2025-01-28 00:00:00,2025-01-29,2025-01-29,0,34,none,False
Load:B3:2025-02-04,Load,B3,2025-02-04,2,"[""2025-01-28"", ""2025-01-29"", ""2025-01-30"", ""2025-01-31"", ""2025-02-01"", ""2025-02-02"", ""2025-02-03""]",1008,2025-01-28 00:00:00,2025-02-04,2025-02-04,0,34,none,False
Load:B4:2025-02-04,Load,B4,2025-02-04,2,"[""2025-01-07"", ""2025-01-14"", ""2025-01-21"", ""2025-01-28""]",576,2025-01-07 00:00:00,2025-01-29,2025-01-29,0,34,none,False
PV:B0:2025-02-04,PV,B0,2025-02-04,2,"[""2025-02-03""]",1,2025-02-03 23:50:00,2025-02-04,2025-02-04,0,34,none,False
PV:B1:2025-02-04,PV,B1,2025-02-04,2,"[""2025-02-03""]",144,2025-02-03 00:00:00,2025-02-04,2025-02-04,0,34,none,False
PV:B2:2025-02-04,PV,B2,2025-02-04,2,"[""2025-01-28""]",144,2025-01-28 00:00:00,2025-01-29,2025-01-29,0,34,none,False
PV:B3:2025-02-04,PV,B3,2025-02-04,2,"[""2025-01-28"", ""2025-01-29"", ""2025-01-30"", ""2025-01-31"", ""2025-02-01"", ""2025-02-02"", ""2025-02-03""]",1008,2025-01-28 00:00:00,2025-02-04,2025-02-04,0,34,none,False
PV:B4:2025-02-04,PV,B4,2025-02-04,2,"[""2025-01-07"", ""2025-01-14"", ""2025-01-21"", ""2025-01-28""]",576,2025-01-07 00:00:00,2025-01-29,2025-01-29,0,34,none,False
Load:B0:2025-02-05,Load,B0,2025-02-05,2,"[""2025-02-04""]",1,2025-02-04 23:50:00,2025-02-05,2025-02-05,0,35,none,False
Load:B1:2025-02-05,Load,B1,2025-02-05,2,"[""2025-02-04""]",144,2025-02-04 00:00:00,2025-02-05,2025-02-05,0,35,none,False
Load:B2:2025-02-05,Load,B2,2025-02-05,2,"[""2025-01-29""]",144,2025-01-29 00:00:00,2025-01-30,2025-01-30,0,35,none,False
Load:B3:2025-02-05,Load,B3,2025-02-05,2,"[""2025-01-29"", ""2025-01-30"", ""2025-01-31"", ""2025-02-01"", ""2025-02-02"", ""2025-02-03"", ""2025-02-04""]",1008,2025-01-29 00:00:00,2025-02-05,2025-02-05,0,35,none,False
Load:B4:2025-02-05,Load,B4,2025-02-05,2,"[""2025-01-01"", ""2025-01-08"", ""2025-01-15"", ""2025-01-22"", ""2025-01-29""]",720,2025-01-01 00:00:00,2025-01-30,2025-01-30,0,35,none,False
PV:B0:2025-02-05,PV,B0,2025-02-05,2,"[""2025-02-04""]",1,2025-02-04 23:50:00,2025-02-05,2025-02-05,0,35,none,False
PV:B1:2025-02-05,PV,B1,2025-02-05,2,"[""2025-02-04""]",144,2025-02-04 00:00:00,2025-02-05,2025-02-05,0,35,none,False
PV:B2:2025-02-05,PV,B2,2025-02-05,2,"[""2025-01-29""]",144,2025-01-29 00:00:00,2025-01-30,2025-01-30,0,35,none,False
PV:B3:2025-02-05,PV,B3,2025-02-05,2,"[""2025-01-29"", ""2025-01-30"", ""2025-01-31"", ""2025-02-01"", ""2025-02-02"", ""2025-02-03"", ""2025-02-04""]",1008,2025-01-29 00:00:00,2025-02-05,2025-02-05,0,35,none,False
PV:B4:2025-02-05,PV,B4,2025-02-05,2,"[""2025-01-01"", ""2025-01-08"", ""2025-01-15"", ""2025-01-22"", ""2025-01-29""]",720,2025-01-01 00:00:00,2025-01-30,2025-01-30,0,35,none,False
Load:B0:2025-02-06,Load,B0,2025-02-06,2,"[""2025-02-05""]",1,2025-02-05 23:50:00,2025-02-06,2025-02-06,0,36,none,False
Load:B1:2025-02-06,Load,B1,2025-02-06,2,"[""2025-02-05""]",144,2025-02-05 00:00:00,2025-02-06,2025-02-06,0,36,none,False
Load:B2:2025-02-06,Load,B2,2025-02-06,2,"[""2025-01-30""]",144,2025-01-30 00:00:00,2025-01-31,2025-01-31,0,36,none,False
Load:B3:2025-02-06,Load,B3,2025-02-06,2,"[""2025-01-30"", ""2025-01-31"", ""2025-02-01"", ""2025-02-02"", ""2025-02-03"", ""2025-02-04"", ""2025-02-05""]",1008,2025-01-30 00:00:00,2025-02-06,2025-02-06,0,36,none,False
Load:B4:2025-02-06,Load,B4,2025-02-06,2,"[""2025-01-02"", ""2025-01-09"", ""2025-01-16"", ""2025-01-23"", ""2025-01-30""]",720,2025-01-02 00:00:00,2025-01-31,2025-01-31,0,36,none,False
PV:B0:2025-02-06,PV,B0,2025-02-06,2,"[""2025-02-05""]",1,2025-02-05 23:50:00,2025-02-06,2025-02-06,0,36,none,False
PV:B1:2025-02-06,PV,B1,2025-02-06,2,"[""2025-02-05""]",144,2025-02-05 00:00:00,2025-02-06,2025-02-06,0,36,none,False
PV:B2:2025-02-06,PV,B2,2025-02-06,2,"[""2025-01-30""]",144,2025-01-30 00:00:00,2025-01-31,2025-01-31,0,36,none,False
PV:B3:2025-02-06,PV,B3,2025-02-06,2,"[""2025-01-30"", ""2025-01-31"", ""2025-02-01"", ""2025-02-02"", ""2025-02-03"", ""2025-02-04"", ""2025-02-05""]",1008,2025-01-30 00:00:00,2025-02-06,2025-02-06,0,36,none,False
PV:B4:2025-02-06,PV,B4,2025-02-06,2,"[""2025-01-02"", ""2025-01-09"", ""2025-01-16"", ""2025-01-23"", ""2025-01-30""]",720,2025-01-02 00:00:00,2025-01-31,2025-01-31,0,36,none,False
Load:B0:2025-02-07,Load,B0,2025-02-07,2,"[""2025-02-06""]",1,2025-02-06 23:50:00,2025-02-07,2025-02-07,0,37,none,False
Load:B1:2025-02-07,Load,B1,2025-02-07,2,"[""2025-02-06""]",144,2025-02-06 00:00:00,2025-02-07,2025-02-07,0,37,none,False
Load:B2:2025-02-07,Load,B2,2025-02-07,2,"[""2025-01-31""]",144,2025-01-31 00:00:00,2025-02-01,2025-02-01,0,37,none,False
Load:B3:2025-02-07,Load,B3,2025-02-07,2,"[""2025-01-31"", ""2025-02-01"", ""2025-02-02"", ""2025-02-03"", ""2025-02-04"", ""2025-02-05"", ""2025-02-06""]",1008,2025-01-31 00:00:00,2025-02-07,2025-02-07,0,37,none,False
Load:B4:2025-02-07,Load,B4,2025-02-07,2,"[""2025-01-03"", ""2025-01-10"", ""2025-01-17"", ""2025-01-24"", ""2025-01-31""]",720,2025-01-03 00:00:00,2025-02-01,2025-02-01,0,37,none,False
PV:B0:2025-02-07,PV,B0,2025-02-07,2,"[""2025-02-06""]",1,2025-02-06 23:50:00,2025-02-07,2025-02-07,0,37,none,False
PV:B1:2025-02-07,PV,B1,2025-02-07,2,"[""2025-02-06""]",144,2025-02-06 00:00:00,2025-02-07,2025-02-07,0,37,none,False
PV:B2:2025-02-07,PV,B2,2025-02-07,2,"[""2025-01-31""]",144,2025-01-31 00:00:00,2025-02-01,2025-02-01,0,37,none,False
PV:B3:2025-02-07,PV,B3,2025-02-07,2,"[""2025-01-31"", ""2025-02-01"", ""2025-02-02"", ""2025-02-03"", ""2025-02-04"", ""2025-02-05"", ""2025-02-06""]",1008,2025-01-31 00:00:00,2025-02-07,2025-02-07,0,37,none,False
PV:B4:2025-02-07,PV,B4,2025-02-07,2,"[""2025-01-03"", ""2025-01-10"", ""2025-01-17"", ""2025-01-24"", ""2025-01-31""]",720,2025-01-03 00:00:00,2025-02-01,2025-02-01,0,37,none,False
Load:B0:2025-02-08,Load,B0,2025-02-08,2,"[""2025-02-07""]",1,2025-02-07 23:50:00,2025-02-08,2025-02-08,0,38,none,False
Load:B1:2025-02-08,Load,B1,2025-02-08,2,"[""2025-02-07""]",144,2025-02-07 00:00:00,2025-02-08,2025-02-08,0,38,none,False
Load:B2:2025-02-08,Load,B2,2025-02-08,2,"[""2025-02-01""]",144,2025-02-01 00:00:00,2025-02-02,2025-02-02,0,38,none,False
Load:B3:2025-02-08,Load,B3,2025-02-08,2,"[""2025-02-01"", ""2025-02-02"", ""2025-02-03"", ""2025-02-04"", ""2025-02-05"", ""2025-02-06"", ""2025-02-07""]",1008,2025-02-01 00:00:00,2025-02-08,2025-02-08,0,38,none,False
Load:B4:2025-02-08,Load,B4,2025-02-08,2,"[""2025-01-04"", ""2025-01-11"", ""2025-01-18"", ""2025-01-25"", ""2025-02-01""]",720,2025-01-04 00:00:00,2025-02-02,2025-02-02,0,38,none,False
PV:B0:2025-02-08,PV,B0,2025-02-08,2,"[""2025-02-07""]",1,2025-02-07 23:50:00,2025-02-08,2025-02-08,0,38,none,False
PV:B1:2025-02-08,PV,B1,2025-02-08,2,"[""2025-02-07""]",144,2025-02-07 00:00:00,2025-02-08,2025-02-08,0,38,none,False
PV:B2:2025-02-08,PV,B2,2025-02-08,2,"[""2025-02-01""]",144,2025-02-01 00:00:00,2025-02-02,2025-02-02,0,38,none,False
PV:B3:2025-02-08,PV,B3,2025-02-08,2,"[""2025-02-01"", ""2025-02-02"", ""2025-02-03"", ""2025-02-04"", ""2025-02-05"", ""2025-02-06"", ""2025-02-07""]",1008,2025-02-01 00:00:00,2025-02-08,2025-02-08,0,38,none,False
PV:B4:2025-02-08,PV,B4,2025-02-08,2,"[""2025-01-04"", ""2025-01-11"", ""2025-01-18"", ""2025-01-25"", ""2025-02-01""]",720,2025-01-04 00:00:00,2025-02-02,2025-02-02,0,38,none,False
Load:B0:2025-02-09,Load,B0,2025-02-09,2,"[""2025-02-08""]",1,2025-02-08 23:50:00,2025-02-09,2025-02-09,0,39,none,False
Load:B1:2025-02-09,Load,B1,2025-02-09,2,"[""2025-02-08""]",144,2025-02-08 00:00:00,2025-02-09,2025-02-09,0,39,none,False
Load:B2:2025-02-09,Load,B2,2025-02-09,2,"[""2025-02-02""]",144,2025-02-02 00:00:00,2025-02-03,2025-02-03,0,39,none,False
Load:B3:2025-02-09,Load,B3,2025-02-09,2,"[""2025-02-02"", ""2025-02-03"", ""2025-02-04"", ""2025-02-05"", ""2025-02-06"", ""2025-02-07"", ""2025-02-08""]",1008,2025-02-02 00:00:00,2025-02-09,2025-02-09,0,39,none,False
Load:B4:2025-02-09,Load,B4,2025-02-09,2,"[""2025-01-05"", ""2025-01-12"", ""2025-01-19"", ""2025-01-26"", ""2025-02-02""]",720,2025-01-05 00:00:00,2025-02-03,2025-02-03,0,39,none,False
PV:B0:2025-02-09,PV,B0,2025-02-09,2,"[""2025-02-08""]",1,2025-02-08 23:50:00,2025-02-09,2025-02-09,0,39,none,False
PV:B1:2025-02-09,PV,B1,2025-02-09,2,"[""2025-02-08""]",144,2025-02-08 00:00:00,2025-02-09,2025-02-09,0,39,none,False
PV:B2:2025-02-09,PV,B2,2025-02-09,2,"[""2025-02-02""]",144,2025-02-02 00:00:00,2025-02-03,2025-02-03,0,39,none,False
PV:B3:2025-02-09,PV,B3,2025-02-09,2,"[""2025-02-02"", ""2025-02-03"", ""2025-02-04"", ""2025-02-05"", ""2025-02-06"", ""2025-02-07"", ""2025-02-08""]",1008,2025-02-02 00:00:00,2025-02-09,2025-02-09,0,39,none,False
PV:B4:2025-02-09,PV,B4,2025-02-09,2,"[""2025-01-05"", ""2025-01-12"", ""2025-01-19"", ""2025-01-26"", ""2025-02-02""]",720,2025-01-05 00:00:00,2025-02-03,2025-02-03,0,39,none,False
Load:B0:2025-02-10,Load,B0,2025-02-10,2,"[""2025-02-09""]",1,2025-02-09 23:50:00,2025-02-10,2025-02-10,0,40,none,False
Load:B1:2025-02-10,Load,B1,2025-02-10,2,"[""2025-02-09""]",144,2025-02-09 00:00:00,2025-02-10,2025-02-10,0,40,none,False
Load:B2:2025-02-10,Load,B2,2025-02-10,2,"[""2025-02-03""]",144,2025-02-03 00:00:00,2025-02-04,2025-02-04,0,40,none,False
Load:B3:2025-02-10,Load,B3,2025-02-10,2,"[""2025-02-03"", ""2025-02-04"", ""2025-02-05"", ""2025-02-06"", ""2025-02-07"", ""2025-02-08"", ""2025-02-09""]",1008,2025-02-03 00:00:00,2025-02-10,2025-02-10,0,40,none,False
Load:B4:2025-02-10,Load,B4,2025-02-10,2,"[""2025-01-06"", ""2025-01-13"", ""2025-01-20"", ""2025-01-27"", ""2025-02-03""]",720,2025-01-06 00:00:00,2025-02-04,2025-02-04,0,40,none,False
PV:B0:2025-02-10,PV,B0,2025-02-10,2,"[""2025-02-09""]",1,2025-02-09 23:50:00,2025-02-10,2025-02-10,0,40,none,False
PV:B1:2025-02-10,PV,B1,2025-02-10,2,"[""2025-02-09""]",144,2025-02-09 00:00:00,2025-02-10,2025-02-10,0,40,none,False
PV:B2:2025-02-10,PV,B2,2025-02-10,2,"[""2025-02-03""]",144,2025-02-03 00:00:00,2025-02-04,2025-02-04,0,40,none,False
PV:B3:2025-02-10,PV,B3,2025-02-10,2,"[""2025-02-03"", ""2025-02-04"", ""2025-02-05"", ""2025-02-06"", ""2025-02-07"", ""2025-02-08"", ""2025-02-09""]",1008,2025-02-03 00:00:00,2025-02-10,2025-02-10,0,40,none,False
PV:B4:2025-02-10,PV,B4,2025-02-10,2,"[""2025-01-06"", ""2025-01-13"", ""2025-01-20"", ""2025-01-27"", ""2025-02-03""]",720,2025-01-06 00:00:00,2025-02-04,2025-02-04,0,40,none,False
Load:B0:2025-02-11,Load,B0,2025-02-11,2,"[""2025-02-10""]",1,2025-02-10 23:50:00,2025-02-11,2025-02-11,0,41,none,False
Load:B1:2025-02-11,Load,B1,2025-02-11,2,"[""2025-02-10""]",144,2025-02-10 00:00:00,2025-02-11,2025-02-11,0,41,none,False
Load:B2:2025-02-11,Load,B2,2025-02-11,2,"[""2025-02-04""]",144,2025-02-04 00:00:00,2025-02-05,2025-02-05,0,41,none,False
Load:B3:2025-02-11,Load,B3,2025-02-11,2,"[""2025-02-04"", ""2025-02-05"", ""2025-02-06"", ""2025-02-07"", ""2025-02-08"", ""2025-02-09"", ""2025-02-10""]",1008,2025-02-04 00:00:00,2025-02-11,2025-02-11,0,41,none,False
Load:B4:2025-02-11,Load,B4,2025-02-11,2,"[""2025-01-07"", ""2025-01-14"", ""2025-01-21"", ""2025-01-28"", ""2025-02-04""]",720,2025-01-07 00:00:00,2025-02-05,2025-02-05,0,41,none,False
PV:B0:2025-02-11,PV,B0,2025-02-11,2,"[""2025-02-10""]",1,2025-02-10 23:50:00,2025-02-11,2025-02-11,0,41,none,False
PV:B1:2025-02-11,PV,B1,2025-02-11,2,"[""2025-02-10""]",144,2025-02-10 00:00:00,2025-02-11,2025-02-11,0,41,none,False
PV:B2:2025-02-11,PV,B2,2025-02-11,2,"[""2025-02-04""]",144,2025-02-04 00:00:00,2025-02-05,2025-02-05,0,41,none,False
PV:B3:2025-02-11,PV,B3,2025-02-11,2,"[""2025-02-04"", ""2025-02-05"", ""2025-02-06"", ""2025-02-07"", ""2025-02-08"", ""2025-02-09"", ""2025-02-10""]",1008,2025-02-04 00:00:00,2025-02-11,2025-02-11,0,41,none,False
PV:B4:2025-02-11,PV,B4,2025-02-11,2,"[""2025-01-07"", ""2025-01-14"", ""2025-01-21"", ""2025-01-28"", ""2025-02-04""]",720,2025-01-07 00:00:00,2025-02-05,2025-02-05,0,41,none,False
Load:B0:2025-02-12,Load,B0,2025-02-12,2,"[""2025-02-11""]",1,2025-02-11 23:50:00,2025-02-12,2025-02-12,0,42,none,False
Load:B1:2025-02-12,Load,B1,2025-02-12,2,"[""2025-02-11""]",144,2025-02-11 00:00:00,2025-02-12,2025-02-12,0,42,none,False
Load:B2:2025-02-12,Load,B2,2025-02-12,2,"[""2025-02-05""]",144,2025-02-05 00:00:00,2025-02-06,2025-02-06,0,42,none,False
Load:B3:2025-02-12,Load,B3,2025-02-12,2,"[""2025-02-05"", ""2025-02-06"", ""2025-02-07"", ""2025-02-08"", ""2025-02-09"", ""2025-02-10"", ""2025-02-11""]",1008,2025-02-05 00:00:00,2025-02-12,2025-02-12,0,42,none,False
Load:B4:2025-02-12,Load,B4,2025-02-12,2,"[""2025-01-01"", ""2025-01-08"", ""2025-01-15"", ""2025-01-22"", ""2025-01-29"", ""2025-02-05""]",864,2025-01-01 00:00:00,2025-02-06,2025-02-06,0,42,none,False
PV:B0:2025-02-12,PV,B0,2025-02-12,2,"[""2025-02-11""]",1,2025-02-11 23:50:00,2025-02-12,2025-02-12,0,42,none,False
PV:B1:2025-02-12,PV,B1,2025-02-12,2,"[""2025-02-11""]",144,2025-02-11 00:00:00,2025-02-12,2025-02-12,0,42,none,False
PV:B2:2025-02-12,PV,B2,2025-02-12,2,"[""2025-02-05""]",144,2025-02-05 00:00:00,2025-02-06,2025-02-06,0,42,none,False
PV:B3:2025-02-12,PV,B3,2025-02-12,2,"[""2025-02-05"", ""2025-02-06"", ""2025-02-07"", ""2025-02-08"", ""2025-02-09"", ""2025-02-10"", ""2025-02-11""]",1008,2025-02-05 00:00:00,2025-02-12,2025-02-12,0,42,none,False
PV:B4:2025-02-12,PV,B4,2025-02-12,2,"[""2025-01-01"", ""2025-01-08"", ""2025-01-15"", ""2025-01-22"", ""2025-01-29"", ""2025-02-05""]",864,2025-01-01 00:00:00,2025-02-06,2025-02-06,0,42,none,False
Load:B0:2025-02-13,Load,B0,2025-02-13,2,"[""2025-02-12""]",1,2025-02-12 23:50:00,2025-02-13,2025-02-13,0,43,none,False
Load:B1:2025-02-13,Load,B1,2025-02-13,2,"[""2025-02-12""]",144,2025-02-12 00:00:00,2025-02-13,2025-02-13,0,43,none,False
Load:B2:2025-02-13,Load,B2,2025-02-13,2,"[""2025-02-06""]",144,2025-02-06 00:00:00,2025-02-07,2025-02-07,0,43,none,False
Load:B3:2025-02-13,Load,B3,2025-02-13,2,"[""2025-02-06"", ""2025-02-07"", ""2025-02-08"", ""2025-02-09"", ""2025-02-10"", ""2025-02-11"", ""2025-02-12""]",1008,2025-02-06 00:00:00,2025-02-13,2025-02-13,0,43,none,False
Load:B4:2025-02-13,Load,B4,2025-02-13,2,"[""2025-01-02"", ""2025-01-09"", ""2025-01-16"", ""2025-01-23"", ""2025-01-30"", ""2025-02-06""]",864,2025-01-02 00:00:00,2025-02-07,2025-02-07,0,43,none,False
PV:B0:2025-02-13,PV,B0,2025-02-13,2,"[""2025-02-12""]",1,2025-02-12 23:50:00,2025-02-13,2025-02-13,0,43,none,False
PV:B1:2025-02-13,PV,B1,2025-02-13,2,"[""2025-02-12""]",144,2025-02-12 00:00:00,2025-02-13,2025-02-13,0,43,none,False
PV:B2:2025-02-13,PV,B2,2025-02-13,2,"[""2025-02-06""]",144,2025-02-06 00:00:00,2025-02-07,2025-02-07,0,43,none,False
PV:B3:2025-02-13,PV,B3,2025-02-13,2,"[""2025-02-06"", ""2025-02-07"", ""2025-02-08"", ""2025-02-09"", ""2025-02-10"", ""2025-02-11"", ""2025-02-12""]",1008,2025-02-06 00:00:00,2025-02-13,2025-02-13,0,43,none,False
PV:B4:2025-02-13,PV,B4,2025-02-13,2,"[""2025-01-02"", ""2025-01-09"", ""2025-01-16"", ""2025-01-23"", ""2025-01-30"", ""2025-02-06""]",864,2025-01-02 00:00:00,2025-02-07,2025-02-07,0,43,none,False
Load:B0:2025-02-14,Load,B0,2025-02-14,2,"[""2025-02-13""]",1,2025-02-13 23:50:00,2025-02-14,2025-02-14,0,44,none,False
Load:B1:2025-02-14,Load,B1,2025-02-14,2,"[""2025-02-13""]",144,2025-02-13 00:00:00,2025-02-14,2025-02-14,0,44,none,False
Load:B2:2025-02-14,Load,B2,2025-02-14,2,"[""2025-02-07""]",144,2025-02-07 00:00:00,2025-02-08,2025-02-08,0,44,none,False
Load:B3:2025-02-14,Load,B3,2025-02-14,2,"[""2025-02-07"", ""2025-02-08"", ""2025-02-09"", ""2025-02-10"", ""2025-02-11"", ""2025-02-12"", ""2025-02-13""]",1008,2025-02-07 00:00:00,2025-02-14,2025-02-14,0,44,none,False
Load:B4:2025-02-14,Load,B4,2025-02-14,2,"[""2025-01-03"", ""2025-01-10"", ""2025-01-17"", ""2025-01-24"", ""2025-01-31"", ""2025-02-07""]",864,2025-01-03 00:00:00,2025-02-08,2025-02-08,0,44,none,False
PV:B0:2025-02-14,PV,B0,2025-02-14,2,"[""2025-02-13""]",1,2025-02-13 23:50:00,2025-02-14,2025-02-14,0,44,none,False
PV:B1:2025-02-14,PV,B1,2025-02-14,2,"[""2025-02-13""]",144,2025-02-13 00:00:00,2025-02-14,2025-02-14,0,44,none,False
PV:B2:2025-02-14,PV,B2,2025-02-14,2,"[""2025-02-07""]",144,2025-02-07 00:00:00,2025-02-08,2025-02-08,0,44,none,False
PV:B3:2025-02-14,PV,B3,2025-02-14,2,"[""2025-02-07"", ""2025-02-08"", ""2025-02-09"", ""2025-02-10"", ""2025-02-11"", ""2025-02-12"", ""2025-02-13""]",1008,2025-02-07 00:00:00,2025-02-14,2025-02-14,0,44,none,False
PV:B4:2025-02-14,PV,B4,2025-02-14,2,"[""2025-01-03"", ""2025-01-10"", ""2025-01-17"", ""2025-01-24"", ""2025-01-31"", ""2025-02-07""]",864,2025-01-03 00:00:00,2025-02-08,2025-02-08,0,44,none,False
Load:B0:2025-02-15,Load,B0,2025-02-15,2,"[""2025-02-14""]",1,2025-02-14 23:50:00,2025-02-15,2025-02-15,0,45,none,False
Load:B1:2025-02-15,Load,B1,2025-02-15,2,"[""2025-02-14""]",144,2025-02-14 00:00:00,2025-02-15,2025-02-15,0,45,none,False
Load:B2:2025-02-15,Load,B2,2025-02-15,2,"[""2025-02-08""]",144,2025-02-08 00:00:00,2025-02-09,2025-02-09,0,45,none,False
Load:B3:2025-02-15,Load,B3,2025-02-15,2,"[""2025-02-08"", ""2025-02-09"", ""2025-02-10"", ""2025-02-11"", ""2025-02-12"", ""2025-02-13"", ""2025-02-14""]",1008,2025-02-08 00:00:00,2025-02-15,2025-02-15,0,45,none,False
Load:B4:2025-02-15,Load,B4,2025-02-15,2,"[""2025-01-04"", ""2025-01-11"", ""2025-01-18"", ""2025-01-25"", ""2025-02-01"", ""2025-02-08""]",864,2025-01-04 00:00:00,2025-02-09,2025-02-09,0,45,none,False
PV:B0:2025-02-15,PV,B0,2025-02-15,2,"[""2025-02-14""]",1,2025-02-14 23:50:00,2025-02-15,2025-02-15,0,45,none,False
PV:B1:2025-02-15,PV,B1,2025-02-15,2,"[""2025-02-14""]",144,2025-02-14 00:00:00,2025-02-15,2025-02-15,0,45,none,False
PV:B2:2025-02-15,PV,B2,2025-02-15,2,"[""2025-02-08""]",144,2025-02-08 00:00:00,2025-02-09,2025-02-09,0,45,none,False
PV:B3:2025-02-15,PV,B3,2025-02-15,2,"[""2025-02-08"", ""2025-02-09"", ""2025-02-10"", ""2025-02-11"", ""2025-02-12"", ""2025-02-13"", ""2025-02-14""]",1008,2025-02-08 00:00:00,2025-02-15,2025-02-15,0,45,none,False
PV:B4:2025-02-15,PV,B4,2025-02-15,2,"[""2025-01-04"", ""2025-01-11"", ""2025-01-18"", ""2025-01-25"", ""2025-02-01"", ""2025-02-08""]",864,2025-01-04 00:00:00,2025-02-09,2025-02-09,0,45,none,False
Load:B0:2025-02-16,Load,B0,2025-02-16,2,"[""2025-02-15""]",1,2025-02-15 23:50:00,2025-02-16,2025-02-16,0,46,none,False
Load:B1:2025-02-16,Load,B1,2025-02-16,2,"[""2025-02-15""]",144,2025-02-15 00:00:00,2025-02-16,2025-02-16,0,46,none,False
Load:B2:2025-02-16,Load,B2,2025-02-16,2,"[""2025-02-09""]",144,2025-02-09 00:00:00,2025-02-10,2025-02-10,0,46,none,False
Load:B3:2025-02-16,Load,B3,2025-02-16,2,"[""2025-02-09"", ""2025-02-10"", ""2025-02-11"", ""2025-02-12"", ""2025-02-13"", ""2025-02-14"", ""2025-02-15""]",1008,2025-02-09 00:00:00,2025-02-16,2025-02-16,0,46,none,False
Load:B4:2025-02-16,Load,B4,2025-02-16,2,"[""2025-01-05"", ""2025-01-12"", ""2025-01-19"", ""2025-01-26"", ""2025-02-02"", ""2025-02-09""]",864,2025-01-05 00:00:00,2025-02-10,2025-02-10,0,46,none,False
PV:B0:2025-02-16,PV,B0,2025-02-16,2,"[""2025-02-15""]",1,2025-02-15 23:50:00,2025-02-16,2025-02-16,0,46,none,False
PV:B1:2025-02-16,PV,B1,2025-02-16,2,"[""2025-02-15""]",144,2025-02-15 00:00:00,2025-02-16,2025-02-16,0,46,none,False
PV:B2:2025-02-16,PV,B2,2025-02-16,2,"[""2025-02-09""]",144,2025-02-09 00:00:00,2025-02-10,2025-02-10,0,46,none,False
PV:B3:2025-02-16,PV,B3,2025-02-16,2,"[""2025-02-09"", ""2025-02-10"", ""2025-02-11"", ""2025-02-12"", ""2025-02-13"", ""2025-02-14"", ""2025-02-15""]",1008,2025-02-09 00:00:00,2025-02-16,2025-02-16,0,46,none,False
PV:B4:2025-02-16,PV,B4,2025-02-16,2,"[""2025-01-05"", ""2025-01-12"", ""2025-01-19"", ""2025-01-26"", ""2025-02-02"", ""2025-02-09""]",864,2025-01-05 00:00:00,2025-02-10,2025-02-10,0,46,none,False
Load:B0:2025-02-17,Load,B0,2025-02-17,2,"[""2025-02-16""]",1,2025-02-16 23:50:00,2025-02-17,2025-02-17,0,47,none,False
Load:B1:2025-02-17,Load,B1,2025-02-17,2,"[""2025-02-16""]",144,2025-02-16 00:00:00,2025-02-17,2025-02-17,0,47,none,False
Load:B2:2025-02-17,Load,B2,2025-02-17,2,"[""2025-02-10""]",144,2025-02-10 00:00:00,2025-02-11,2025-02-11,0,47,none,False
Load:B3:2025-02-17,Load,B3,2025-02-17,2,"[""2025-02-10"", ""2025-02-11"", ""2025-02-12"", ""2025-02-13"", ""2025-02-14"", ""2025-02-15"", ""2025-02-16""]",1008,2025-02-10 00:00:00,2025-02-17,2025-02-17,0,47,none,False
Load:B4:2025-02-17,Load,B4,2025-02-17,2,"[""2025-01-06"", ""2025-01-13"", ""2025-01-20"", ""2025-01-27"", ""2025-02-03"", ""2025-02-10""]",864,2025-01-06 00:00:00,2025-02-11,2025-02-11,0,47,none,False
PV:B0:2025-02-17,PV,B0,2025-02-17,2,"[""2025-02-16""]",1,2025-02-16 23:50:00,2025-02-17,2025-02-17,0,47,none,False
PV:B1:2025-02-17,PV,B1,2025-02-17,2,"[""2025-02-16""]",144,2025-02-16 00:00:00,2025-02-17,2025-02-17,0,47,none,False
PV:B2:2025-02-17,PV,B2,2025-02-17,2,"[""2025-02-10""]",144,2025-02-10 00:00:00,2025-02-11,2025-02-11,0,47,none,False
PV:B3:2025-02-17,PV,B3,2025-02-17,2,"[""2025-02-10"", ""2025-02-11"", ""2025-02-12"", ""2025-02-13"", ""2025-02-14"", ""2025-02-15"", ""2025-02-16""]",1008,2025-02-10 00:00:00,2025-02-17,2025-02-17,0,47,none,False
PV:B4:2025-02-17,PV,B4,2025-02-17,2,"[""2025-01-06"", ""2025-01-13"", ""2025-01-20"", ""2025-01-27"", ""2025-02-03"", ""2025-02-10""]",864,2025-01-06 00:00:00,2025-02-11,2025-02-11,0,47,none,False
Load:B0:2025-02-18,Load,B0,2025-02-18,2,"[""2025-02-17""]",1,2025-02-17 23:50:00,2025-02-18,2025-02-18,0,48,none,False
Load:B1:2025-02-18,Load,B1,2025-02-18,2,"[""2025-02-17""]",144,2025-02-17 00:00:00,2025-02-18,2025-02-18,0,48,none,False
Load:B2:2025-02-18,Load,B2,2025-02-18,2,"[""2025-02-11""]",144,2025-02-11 00:00:00,2025-02-12,2025-02-12,0,48,none,False
Load:B3:2025-02-18,Load,B3,2025-02-18,2,"[""2025-02-11"", ""2025-02-12"", ""2025-02-13"", ""2025-02-14"", ""2025-02-15"", ""2025-02-16"", ""2025-02-17""]",1008,2025-02-11 00:00:00,2025-02-18,2025-02-18,0,48,none,False
Load:B4:2025-02-18,Load,B4,2025-02-18,2,"[""2025-01-07"", ""2025-01-14"", ""2025-01-21"", ""2025-01-28"", ""2025-02-04"", ""2025-02-11""]",864,2025-01-07 00:00:00,2025-02-12,2025-02-12,0,48,none,False
PV:B0:2025-02-18,PV,B0,2025-02-18,2,"[""2025-02-17""]",1,2025-02-17 23:50:00,2025-02-18,2025-02-18,0,48,none,False
PV:B1:2025-02-18,PV,B1,2025-02-18,2,"[""2025-02-17""]",144,2025-02-17 00:00:00,2025-02-18,2025-02-18,0,48,none,False
PV:B2:2025-02-18,PV,B2,2025-02-18,2,"[""2025-02-11""]",144,2025-02-11 00:00:00,2025-02-12,2025-02-12,0,48,none,False
PV:B3:2025-02-18,PV,B3,2025-02-18,2,"[""2025-02-11"", ""2025-02-12"", ""2025-02-13"", ""2025-02-14"", ""2025-02-15"", ""2025-02-16"", ""2025-02-17""]",1008,2025-02-11 00:00:00,2025-02-18,2025-02-18,0,48,none,False
PV:B4:2025-02-18,PV,B4,2025-02-18,2,"[""2025-01-07"", ""2025-01-14"", ""2025-01-21"", ""2025-01-28"", ""2025-02-04"", ""2025-02-11""]",864,2025-01-07 00:00:00,2025-02-12,2025-02-12,0,48,none,False
Load:B0:2025-02-19,Load,B0,2025-02-19,2,"[""2025-02-18""]",1,2025-02-18 23:50:00,2025-02-19,2025-02-19,0,49,none,False
Load:B1:2025-02-19,Load,B1,2025-02-19,2,"[""2025-02-18""]",144,2025-02-18 00:00:00,2025-02-19,2025-02-19,0,49,none,False
Load:B2:2025-02-19,Load,B2,2025-02-19,2,"[""2025-02-12""]",144,2025-02-12 00:00:00,2025-02-13,2025-02-13,0,49,none,False
Load:B3:2025-02-19,Load,B3,2025-02-19,2,"[""2025-02-12"", ""2025-02-13"", ""2025-02-14"", ""2025-02-15"", ""2025-02-16"", ""2025-02-17"", ""2025-02-18""]",1008,2025-02-12 00:00:00,2025-02-19,2025-02-19,0,49,none,False
Load:B4:2025-02-19,Load,B4,2025-02-19,2,"[""2025-01-01"", ""2025-01-08"", ""2025-01-15"", ""2025-01-22"", ""2025-01-29"", ""2025-02-05"", ""2025-02-12""]",1008,2025-01-01 00:00:00,2025-02-13,2025-02-13,0,49,none,False
PV:B0:2025-02-19,PV,B0,2025-02-19,2,"[""2025-02-18""]",1,2025-02-18 23:50:00,2025-02-19,2025-02-19,0,49,none,False
PV:B1:2025-02-19,PV,B1,2025-02-19,2,"[""2025-02-18""]",144,2025-02-18 00:00:00,2025-02-19,2025-02-19,0,49,none,False
PV:B2:2025-02-19,PV,B2,2025-02-19,2,"[""2025-02-12""]",144,2025-02-12 00:00:00,2025-02-13,2025-02-13,0,49,none,False
PV:B3:2025-02-19,PV,B3,2025-02-19,2,"[""2025-02-12"", ""2025-02-13"", ""2025-02-14"", ""2025-02-15"", ""2025-02-16"", ""2025-02-17"", ""2025-02-18""]",1008,2025-02-12 00:00:00,2025-02-19,2025-02-19,0,49,none,False
PV:B4:2025-02-19,PV,B4,2025-02-19,2,"[""2025-01-01"", ""2025-01-08"", ""2025-01-15"", ""2025-01-22"", ""2025-01-29"", ""2025-02-05"", ""2025-02-12""]",1008,2025-01-01 00:00:00,2025-02-13,2025-02-13,0,49,none,False
Load:B0:2025-02-20,Load,B0,2025-02-20,2,"[""2025-02-19""]",1,2025-02-19 23:50:00,2025-02-20,2025-02-20,0,50,none,False
Load:B1:2025-02-20,Load,B1,2025-02-20,2,"[""2025-02-19""]",144,2025-02-19 00:00:00,2025-02-20,2025-02-20,0,50,none,False
Load:B2:2025-02-20,Load,B2,2025-02-20,2,"[""2025-02-13""]",144,2025-02-13 00:00:00,2025-02-14,2025-02-14,0,50,none,False
Load:B3:2025-02-20,Load,B3,2025-02-20,2,"[""2025-02-13"", ""2025-02-14"", ""2025-02-15"", ""2025-02-16"", ""2025-02-17"", ""2025-02-18"", ""2025-02-19""]",1008,2025-02-13 00:00:00,2025-02-20,2025-02-20,0,50,none,False
Load:B4:2025-02-20,Load,B4,2025-02-20,2,"[""2025-01-02"", ""2025-01-09"", ""2025-01-16"", ""2025-01-23"", ""2025-01-30"", ""2025-02-06"", ""2025-02-13""]",1008,2025-01-02 00:00:00,2025-02-14,2025-02-14,0,50,none,False
PV:B0:2025-02-20,PV,B0,2025-02-20,2,"[""2025-02-19""]",1,2025-02-19 23:50:00,2025-02-20,2025-02-20,0,50,none,False
PV:B1:2025-02-20,PV,B1,2025-02-20,2,"[""2025-02-19""]",144,2025-02-19 00:00:00,2025-02-20,2025-02-20,0,50,none,False
PV:B2:2025-02-20,PV,B2,2025-02-20,2,"[""2025-02-13""]",144,2025-02-13 00:00:00,2025-02-14,2025-02-14,0,50,none,False
PV:B3:2025-02-20,PV,B3,2025-02-20,2,"[""2025-02-13"", ""2025-02-14"", ""2025-02-15"", ""2025-02-16"", ""2025-02-17"", ""2025-02-18"", ""2025-02-19""]",1008,2025-02-13 00:00:00,2025-02-20,2025-02-20,0,50,none,False
PV:B4:2025-02-20,PV,B4,2025-02-20,2,"[""2025-01-02"", ""2025-01-09"", ""2025-01-16"", ""2025-01-23"", ""2025-01-30"", ""2025-02-06"", ""2025-02-13""]",1008,2025-01-02 00:00:00,2025-02-14,2025-02-14,0,50,none,False
Load:B0:2025-02-21,Load,B0,2025-02-21,2,"[""2025-02-20""]",1,2025-02-20 23:50:00,2025-02-21,2025-02-21,0,51,none,False
Load:B1:2025-02-21,Load,B1,2025-02-21,2,"[""2025-02-20""]",144,2025-02-20 00:00:00,2025-02-21,2025-02-21,0,51,none,False
Load:B2:2025-02-21,Load,B2,2025-02-21,2,"[""2025-02-14""]",144,2025-02-14 00:00:00,2025-02-15,2025-02-15,0,51,none,False
Load:B3:2025-02-21,Load,B3,2025-02-21,2,"[""2025-02-14"", ""2025-02-15"", ""2025-02-16"", ""2025-02-17"", ""2025-02-18"", ""2025-02-19"", ""2025-02-20""]",1008,2025-02-14 00:00:00,2025-02-21,2025-02-21,0,51,none,False
Load:B4:2025-02-21,Load,B4,2025-02-21,2,"[""2025-01-03"", ""2025-01-10"", ""2025-01-17"", ""2025-01-24"", ""2025-01-31"", ""2025-02-07"", ""2025-02-14""]",1008,2025-01-03 00:00:00,2025-02-15,2025-02-15,0,51,none,False
PV:B0:2025-02-21,PV,B0,2025-02-21,2,"[""2025-02-20""]",1,2025-02-20 23:50:00,2025-02-21,2025-02-21,0,51,none,False
PV:B1:2025-02-21,PV,B1,2025-02-21,2,"[""2025-02-20""]",144,2025-02-20 00:00:00,2025-02-21,2025-02-21,0,51,none,False
PV:B2:2025-02-21,PV,B2,2025-02-21,2,"[""2025-02-14""]",144,2025-02-14 00:00:00,2025-02-15,2025-02-15,0,51,none,False
PV:B3:2025-02-21,PV,B3,2025-02-21,2,"[""2025-02-14"", ""2025-02-15"", ""2025-02-16"", ""2025-02-17"", ""2025-02-18"", ""2025-02-19"", ""2025-02-20""]",1008,2025-02-14 00:00:00,2025-02-21,2025-02-21,0,51,none,False
PV:B4:2025-02-21,PV,B4,2025-02-21,2,"[""2025-01-03"", ""2025-01-10"", ""2025-01-17"", ""2025-01-24"", ""2025-01-31"", ""2025-02-07"", ""2025-02-14""]",1008,2025-01-03 00:00:00,2025-02-15,2025-02-15,0,51,none,False
Load:B0:2025-02-22,Load,B0,2025-02-22,2,"[""2025-02-21""]",1,2025-02-21 23:50:00,2025-02-22,2025-02-22,0,52,none,False
Load:B1:2025-02-22,Load,B1,2025-02-22,2,"[""2025-02-21""]",144,2025-02-21 00:00:00,2025-02-22,2025-02-22,0,52,none,False
Load:B2:2025-02-22,Load,B2,2025-02-22,2,"[""2025-02-15""]",144,2025-02-15 00:00:00,2025-02-16,2025-02-16,0,52,none,False
Load:B3:2025-02-22,Load,B3,2025-02-22,2,"[""2025-02-15"", ""2025-02-16"", ""2025-02-17"", ""2025-02-18"", ""2025-02-19"", ""2025-02-20"", ""2025-02-21""]",1008,2025-02-15 00:00:00,2025-02-22,2025-02-22,0,52,none,False
Load:B4:2025-02-22,Load,B4,2025-02-22,2,"[""2025-01-04"", ""2025-01-11"", ""2025-01-18"", ""2025-01-25"", ""2025-02-01"", ""2025-02-08"", ""2025-02-15""]",1008,2025-01-04 00:00:00,2025-02-16,2025-02-16,0,52,none,False
PV:B0:2025-02-22,PV,B0,2025-02-22,2,"[""2025-02-21""]",1,2025-02-21 23:50:00,2025-02-22,2025-02-22,0,52,none,False
PV:B1:2025-02-22,PV,B1,2025-02-22,2,"[""2025-02-21""]",144,2025-02-21 00:00:00,2025-02-22,2025-02-22,0,52,none,False
PV:B2:2025-02-22,PV,B2,2025-02-22,2,"[""2025-02-15""]",144,2025-02-15 00:00:00,2025-02-16,2025-02-16,0,52,none,False
PV:B3:2025-02-22,PV,B3,2025-02-22,2,"[""2025-02-15"", ""2025-02-16"", ""2025-02-17"", ""2025-02-18"", ""2025-02-19"", ""2025-02-20"", ""2025-02-21""]",1008,2025-02-15 00:00:00,2025-02-22,2025-02-22,0,52,none,False
PV:B4:2025-02-22,PV,B4,2025-02-22,2,"[""2025-01-04"", ""2025-01-11"", ""2025-01-18"", ""2025-01-25"", ""2025-02-01"", ""2025-02-08"", ""2025-02-15""]",1008,2025-01-04 00:00:00,2025-02-16,2025-02-16,0,52,none,False
Load:B0:2025-02-23,Load,B0,2025-02-23,2,"[""2025-02-22""]",1,2025-02-22 23:50:00,2025-02-23,2025-02-23,0,53,none,False
Load:B1:2025-02-23,Load,B1,2025-02-23,2,"[""2025-02-22""]",144,2025-02-22 00:00:00,2025-02-23,2025-02-23,0,53,none,False
Load:B2:2025-02-23,Load,B2,2025-02-23,2,"[""2025-02-16""]",144,2025-02-16 00:00:00,2025-02-17,2025-02-17,0,53,none,False
Load:B3:2025-02-23,Load,B3,2025-02-23,2,"[""2025-02-16"", ""2025-02-17"", ""2025-02-18"", ""2025-02-19"", ""2025-02-20"", ""2025-02-21"", ""2025-02-22""]",1008,2025-02-16 00:00:00,2025-02-23,2025-02-23,0,53,none,False
Load:B4:2025-02-23,Load,B4,2025-02-23,2,"[""2025-01-05"", ""2025-01-12"", ""2025-01-19"", ""2025-01-26"", ""2025-02-02"", ""2025-02-09"", ""2025-02-16""]",1008,2025-01-05 00:00:00,2025-02-17,2025-02-17,0,53,none,False
PV:B0:2025-02-23,PV,B0,2025-02-23,2,"[""2025-02-22""]",1,2025-02-22 23:50:00,2025-02-23,2025-02-23,0,53,none,False
PV:B1:2025-02-23,PV,B1,2025-02-23,2,"[""2025-02-22""]",144,2025-02-22 00:00:00,2025-02-23,2025-02-23,0,53,none,False
PV:B2:2025-02-23,PV,B2,2025-02-23,2,"[""2025-02-16""]",144,2025-02-16 00:00:00,2025-02-17,2025-02-17,0,53,none,False
PV:B3:2025-02-23,PV,B3,2025-02-23,2,"[""2025-02-16"", ""2025-02-17"", ""2025-02-18"", ""2025-02-19"", ""2025-02-20"", ""2025-02-21"", ""2025-02-22""]",1008,2025-02-16 00:00:00,2025-02-23,2025-02-23,0,53,none,False
PV:B4:2025-02-23,PV,B4,2025-02-23,2,"[""2025-01-05"", ""2025-01-12"", ""2025-01-19"", ""2025-01-26"", ""2025-02-02"", ""2025-02-09"", ""2025-02-16""]",1008,2025-01-05 00:00:00,2025-02-17,2025-02-17,0,53,none,False
Load:B0:2025-02-24,Load,B0,2025-02-24,2,"[""2025-02-23""]",1,2025-02-23 23:50:00,2025-02-24,2025-02-24,0,54,none,False
Load:B1:2025-02-24,Load,B1,2025-02-24,2,"[""2025-02-23""]",144,2025-02-23 00:00:00,2025-02-24,2025-02-24,0,54,none,False
Load:B2:2025-02-24,Load,B2,2025-02-24,2,"[""2025-02-17""]",144,2025-02-17 00:00:00,2025-02-18,2025-02-18,0,54,none,False
Load:B3:2025-02-24,Load,B3,2025-02-24,2,"[""2025-02-17"", ""2025-02-18"", ""2025-02-19"", ""2025-02-20"", ""2025-02-21"", ""2025-02-22"", ""2025-02-23""]",1008,2025-02-17 00:00:00,2025-02-24,2025-02-24,0,54,none,False
Load:B4:2025-02-24,Load,B4,2025-02-24,2,"[""2025-01-06"", ""2025-01-13"", ""2025-01-20"", ""2025-01-27"", ""2025-02-03"", ""2025-02-10"", ""2025-02-17""]",1008,2025-01-06 00:00:00,2025-02-18,2025-02-18,0,54,none,False
PV:B0:2025-02-24,PV,B0,2025-02-24,2,"[""2025-02-23""]",1,2025-02-23 23:50:00,2025-02-24,2025-02-24,0,54,none,False
PV:B1:2025-02-24,PV,B1,2025-02-24,2,"[""2025-02-23""]",144,2025-02-23 00:00:00,2025-02-24,2025-02-24,0,54,none,False
PV:B2:2025-02-24,PV,B2,2025-02-24,2,"[""2025-02-17""]",144,2025-02-17 00:00:00,2025-02-18,2025-02-18,0,54,none,False
PV:B3:2025-02-24,PV,B3,2025-02-24,2,"[""2025-02-17"", ""2025-02-18"", ""2025-02-19"", ""2025-02-20"", ""2025-02-21"", ""2025-02-22"", ""2025-02-23""]",1008,2025-02-17 00:00:00,2025-02-24,2025-02-24,0,54,none,False
PV:B4:2025-02-24,PV,B4,2025-02-24,2,"[""2025-01-06"", ""2025-01-13"", ""2025-01-20"", ""2025-01-27"", ""2025-02-03"", ""2025-02-10"", ""2025-02-17""]",1008,2025-01-06 00:00:00,2025-02-18,2025-02-18,0,54,none,False
Load:B0:2025-02-25,Load,B0,2025-02-25,2,"[""2025-02-24""]",1,2025-02-24 23:50:00,2025-02-25,2025-02-25,0,55,none,False
Load:B1:2025-02-25,Load,B1,2025-02-25,2,"[""2025-02-24""]",144,2025-02-24 00:00:00,2025-02-25,2025-02-25,0,55,none,False
Load:B2:2025-02-25,Load,B2,2025-02-25,2,"[""2025-02-18""]",144,2025-02-18 00:00:00,2025-02-19,2025-02-19,0,55,none,False
Load:B3:2025-02-25,Load,B3,2025-02-25,2,"[""2025-02-18"", ""2025-02-19"", ""2025-02-20"", ""2025-02-21"", ""2025-02-22"", ""2025-02-23"", ""2025-02-24""]",1008,2025-02-18 00:00:00,2025-02-25,2025-02-25,0,55,none,False
Load:B4:2025-02-25,Load,B4,2025-02-25,2,"[""2025-01-07"", ""2025-01-14"", ""2025-01-21"", ""2025-01-28"", ""2025-02-04"", ""2025-02-11"", ""2025-02-18""]",1008,2025-01-07 00:00:00,2025-02-19,2025-02-19,0,55,none,False
PV:B0:2025-02-25,PV,B0,2025-02-25,2,"[""2025-02-24""]",1,2025-02-24 23:50:00,2025-02-25,2025-02-25,0,55,none,False
PV:B1:2025-02-25,PV,B1,2025-02-25,2,"[""2025-02-24""]",144,2025-02-24 00:00:00,2025-02-25,2025-02-25,0,55,none,False
PV:B2:2025-02-25,PV,B2,2025-02-25,2,"[""2025-02-18""]",144,2025-02-18 00:00:00,2025-02-19,2025-02-19,0,55,none,False
PV:B3:2025-02-25,PV,B3,2025-02-25,2,"[""2025-02-18"", ""2025-02-19"", ""2025-02-20"", ""2025-02-21"", ""2025-02-22"", ""2025-02-23"", ""2025-02-24""]",1008,2025-02-18 00:00:00,2025-02-25,2025-02-25,0,55,none,False
PV:B4:2025-02-25,PV,B4,2025-02-25,2,"[""2025-01-07"", ""2025-01-14"", ""2025-01-21"", ""2025-01-28"", ""2025-02-04"", ""2025-02-11"", ""2025-02-18""]",1008,2025-01-07 00:00:00,2025-02-19,2025-02-19,0,55,none,False
Load:B0:2025-02-26,Load,B0,2025-02-26,2,"[""2025-02-25""]",1,2025-02-25 23:50:00,2025-02-26,2025-02-26,0,56,none,False
Load:B1:2025-02-26,Load,B1,2025-02-26,2,"[""2025-02-25""]",144,2025-02-25 00:00:00,2025-02-26,2025-02-26,0,56,none,False
Load:B2:2025-02-26,Load,B2,2025-02-26,2,"[""2025-02-19""]",144,2025-02-19 00:00:00,2025-02-20,2025-02-20,0,56,none,False
Load:B3:2025-02-26,Load,B3,2025-02-26,2,"[""2025-02-19"", ""2025-02-20"", ""2025-02-21"", ""2025-02-22"", ""2025-02-23"", ""2025-02-24"", ""2025-02-25""]",1008,2025-02-19 00:00:00,2025-02-26,2025-02-26,0,56,none,False
Load:B4:2025-02-26,Load,B4,2025-02-26,2,"[""2025-01-01"", ""2025-01-08"", ""2025-01-15"", ""2025-01-22"", ""2025-01-29"", ""2025-02-05"", ""2025-02-12"", ""2025-02-19""]",1152,2025-01-01 00:00:00,2025-02-20,2025-02-20,0,56,none,False
PV:B0:2025-02-26,PV,B0,2025-02-26,2,"[""2025-02-25""]",1,2025-02-25 23:50:00,2025-02-26,2025-02-26,0,56,none,False
PV:B1:2025-02-26,PV,B1,2025-02-26,2,"[""2025-02-25""]",144,2025-02-25 00:00:00,2025-02-26,2025-02-26,0,56,none,False
PV:B2:2025-02-26,PV,B2,2025-02-26,2,"[""2025-02-19""]",144,2025-02-19 00:00:00,2025-02-20,2025-02-20,0,56,none,False
PV:B3:2025-02-26,PV,B3,2025-02-26,2,"[""2025-02-19"", ""2025-02-20"", ""2025-02-21"", ""2025-02-22"", ""2025-02-23"", ""2025-02-24"", ""2025-02-25""]",1008,2025-02-19 00:00:00,2025-02-26,2025-02-26,0,56,none,False
PV:B4:2025-02-26,PV,B4,2025-02-26,2,"[""2025-01-01"", ""2025-01-08"", ""2025-01-15"", ""2025-01-22"", ""2025-01-29"", ""2025-02-05"", ""2025-02-12"", ""2025-02-19""]",1152,2025-01-01 00:00:00,2025-02-20,2025-02-20,0,56,none,False
Load:B0:2025-02-27,Load,B0,2025-02-27,2,"[""2025-02-26""]",1,2025-02-26 23:50:00,2025-02-27,2025-02-27,0,57,none,False
Load:B1:2025-02-27,Load,B1,2025-02-27,2,"[""2025-02-26""]",144,2025-02-26 00:00:00,2025-02-27,2025-02-27,0,57,none,False
Load:B2:2025-02-27,Load,B2,2025-02-27,2,"[""2025-02-20""]",144,2025-02-20 00:00:00,2025-02-21,2025-02-21,0,57,none,False
Load:B3:2025-02-27,Load,B3,2025-02-27,2,"[""2025-02-20"", ""2025-02-21"", ""2025-02-22"", ""2025-02-23"", ""2025-02-24"", ""2025-02-25"", ""2025-02-26""]",1008,2025-02-20 00:00:00,2025-02-27,2025-02-27,0,57,none,False
Load:B4:2025-02-27,Load,B4,2025-02-27,2,"[""2025-01-02"", ""2025-01-09"", ""2025-01-16"", ""2025-01-23"", ""2025-01-30"", ""2025-02-06"", ""2025-02-13"", ""2025-02-20""]",1152,2025-01-02 00:00:00,2025-02-21,2025-02-21,0,57,none,False
PV:B0:2025-02-27,PV,B0,2025-02-27,2,"[""2025-02-26""]",1,2025-02-26 23:50:00,2025-02-27,2025-02-27,0,57,none,False
PV:B1:2025-02-27,PV,B1,2025-02-27,2,"[""2025-02-26""]",144,2025-02-26 00:00:00,2025-02-27,2025-02-27,0,57,none,False
PV:B2:2025-02-27,PV,B2,2025-02-27,2,"[""2025-02-20""]",144,2025-02-20 00:00:00,2025-02-21,2025-02-21,0,57,none,False
PV:B3:2025-02-27,PV,B3,2025-02-27,2,"[""2025-02-20"", ""2025-02-21"", ""2025-02-22"", ""2025-02-23"", ""2025-02-24"", ""2025-02-25"", ""2025-02-26""]",1008,2025-02-20 00:00:00,2025-02-27,2025-02-27,0,57,none,False
PV:B4:2025-02-27,PV,B4,2025-02-27,2,"[""2025-01-02"", ""2025-01-09"", ""2025-01-16"", ""2025-01-23"", ""2025-01-30"", ""2025-02-06"", ""2025-02-13"", ""2025-02-20""]",1152,2025-01-02 00:00:00,2025-02-21,2025-02-21,0,57,none,False
Load:B0:2025-02-28,Load,B0,2025-02-28,2,"[""2025-02-27""]",1,2025-02-27 23:50:00,2025-02-28,2025-02-28,0,58,none,False
Load:B1:2025-02-28,Load,B1,2025-02-28,2,"[""2025-02-27""]",144,2025-02-27 00:00:00,2025-02-28,2025-02-28,0,58,none,False
Load:B2:2025-02-28,Load,B2,2025-02-28,2,"[""2025-02-21""]",144,2025-02-21 00:00:00,2025-02-22,2025-02-22,0,58,none,False
Load:B3:2025-02-28,Load,B3,2025-02-28,2,"[""2025-02-21"", ""2025-02-22"", ""2025-02-23"", ""2025-02-24"", ""2025-02-25"", ""2025-02-26"", ""2025-02-27""]",1008,2025-02-21 00:00:00,2025-02-28,2025-02-28,0,58,none,False
Load:B4:2025-02-28,Load,B4,2025-02-28,2,"[""2025-01-03"", ""2025-01-10"", ""2025-01-17"", ""2025-01-24"", ""2025-01-31"", ""2025-02-07"", ""2025-02-14"", ""2025-02-21""]",1152,2025-01-03 00:00:00,2025-02-22,2025-02-22,0,58,none,False
PV:B0:2025-02-28,PV,B0,2025-02-28,2,"[""2025-02-27""]",1,2025-02-27 23:50:00,2025-02-28,2025-02-28,0,58,none,False
PV:B1:2025-02-28,PV,B1,2025-02-28,2,"[""2025-02-27""]",144,2025-02-27 00:00:00,2025-02-28,2025-02-28,0,58,none,False
PV:B2:2025-02-28,PV,B2,2025-02-28,2,"[""2025-02-21""]",144,2025-02-21 00:00:00,2025-02-22,2025-02-22,0,58,none,False
PV:B3:2025-02-28,PV,B3,2025-02-28,2,"[""2025-02-21"", ""2025-02-22"", ""2025-02-23"", ""2025-02-24"", ""2025-02-25"", ""2025-02-26"", ""2025-02-27""]",1008,2025-02-21 00:00:00,2025-02-28,2025-02-28,0,58,none,False
PV:B4:2025-02-28,PV,B4,2025-02-28,2,"[""2025-01-03"", ""2025-01-10"", ""2025-01-17"", ""2025-01-24"", ""2025-01-31"", ""2025-02-07"", ""2025-02-14"", ""2025-02-21""]",1152,2025-01-03 00:00:00,2025-02-22,2025-02-22,0,58,none,False
Load:B0:2025-03-01,Load,B0,2025-03-01,2,"[""2025-02-28""]",1,2025-02-28 23:50:00,2025-03-01,2025-03-01,0,59,none,False
Load:B1:2025-03-01,Load,B1,2025-03-01,2,"[""2025-02-28""]",144,2025-02-28 00:00:00,2025-03-01,2025-03-01,0,59,none,False
Load:B2:2025-03-01,Load,B2,2025-03-01,2,"[""2025-02-22""]",144,2025-02-22 00:00:00,2025-02-23,2025-02-23,0,59,none,False
Load:B3:2025-03-01,Load,B3,2025-03-01,2,"[""2025-02-22"", ""2025-02-23"", ""2025-02-24"", ""2025-02-25"", ""2025-02-26"", ""2025-02-27"", ""2025-02-28""]",1008,2025-02-22 00:00:00,2025-03-01,2025-03-01,0,59,none,False
Load:B4:2025-03-01,Load,B4,2025-03-01,2,"[""2025-01-04"", ""2025-01-11"", ""2025-01-18"", ""2025-01-25"", ""2025-02-01"", ""2025-02-08"", ""2025-02-15"", ""2025-02-22""]",1152,2025-01-04 00:00:00,2025-02-23,2025-02-23,0,59,none,False
PV:B0:2025-03-01,PV,B0,2025-03-01,2,"[""2025-02-28""]",1,2025-02-28 23:50:00,2025-03-01,2025-03-01,0,59,none,False
PV:B1:2025-03-01,PV,B1,2025-03-01,2,"[""2025-02-28""]",144,2025-02-28 00:00:00,2025-03-01,2025-03-01,0,59,none,False
PV:B2:2025-03-01,PV,B2,2025-03-01,2,"[""2025-02-22""]",144,2025-02-22 00:00:00,2025-02-23,2025-02-23,0,59,none,False
PV:B3:2025-03-01,PV,B3,2025-03-01,2,"[""2025-02-22"", ""2025-02-23"", ""2025-02-24"", ""2025-02-25"", ""2025-02-26"", ""2025-02-27"", ""2025-02-28""]",1008,2025-02-22 00:00:00,2025-03-01,2025-03-01,0,59,none,False
PV:B4:2025-03-01,PV,B4,2025-03-01,2,"[""2025-01-04"", ""2025-01-11"", ""2025-01-18"", ""2025-01-25"", ""2025-02-01"", ""2025-02-08"", ""2025-02-15"", ""2025-02-22""]",1152,2025-01-04 00:00:00,2025-02-23,2025-02-23,0,59,none,False
Load:B0:2025-03-02,Load,B0,2025-03-02,2,"[""2025-03-01""]",1,2025-03-01 23:50:00,2025-03-02,2025-03-02,0,60,none,False
Load:B1:2025-03-02,Load,B1,2025-03-02,2,"[""2025-03-01""]",144,2025-03-01 00:00:00,2025-03-02,2025-03-02,0,60,none,False
Load:B2:2025-03-02,Load,B2,2025-03-02,2,"[""2025-02-23""]",144,2025-02-23 00:00:00,2025-02-24,2025-02-24,0,60,none,False
Load:B3:2025-03-02,Load,B3,2025-03-02,2,"[""2025-02-23"", ""2025-02-24"", ""2025-02-25"", ""2025-02-26"", ""2025-02-27"", ""2025-02-28"", ""2025-03-01""]",1008,2025-02-23 00:00:00,2025-03-02,2025-03-02,0,60,none,False
Load:B4:2025-03-02,Load,B4,2025-03-02,2,"[""2025-01-05"", ""2025-01-12"", ""2025-01-19"", ""2025-01-26"", ""2025-02-02"", ""2025-02-09"", ""2025-02-16"", ""2025-02-23""]",1152,2025-01-05 00:00:00,2025-02-24,2025-02-24,0,60,none,False
PV:B0:2025-03-02,PV,B0,2025-03-02,2,"[""2025-03-01""]",1,2025-03-01 23:50:00,2025-03-02,2025-03-02,0,60,none,False
PV:B1:2025-03-02,PV,B1,2025-03-02,2,"[""2025-03-01""]",144,2025-03-01 00:00:00,2025-03-02,2025-03-02,0,60,none,False
PV:B2:2025-03-02,PV,B2,2025-03-02,2,"[""2025-02-23""]",144,2025-02-23 00:00:00,2025-02-24,2025-02-24,0,60,none,False
PV:B3:2025-03-02,PV,B3,2025-03-02,2,"[""2025-02-23"", ""2025-02-24"", ""2025-02-25"", ""2025-02-26"", ""2025-02-27"", ""2025-02-28"", ""2025-03-01""]",1008,2025-02-23 00:00:00,2025-03-02,2025-03-02,0,60,none,False
PV:B4:2025-03-02,PV,B4,2025-03-02,2,"[""2025-01-05"", ""2025-01-12"", ""2025-01-19"", ""2025-01-26"", ""2025-02-02"", ""2025-02-09"", ""2025-02-16"", ""2025-02-23""]",1152,2025-01-05 00:00:00,2025-02-24,2025-02-24,0,60,none,False
Load:B0:2025-03-03,Load,B0,2025-03-03,2,"[""2025-03-02""]",1,2025-03-02 23:50:00,2025-03-03,2025-03-03,0,61,none,False
Load:B1:2025-03-03,Load,B1,2025-03-03,2,"[""2025-03-02""]",144,2025-03-02 00:00:00,2025-03-03,2025-03-03,0,61,none,False
Load:B2:2025-03-03,Load,B2,2025-03-03,2,"[""2025-02-24""]",144,2025-02-24 00:00:00,2025-02-25,2025-02-25,0,61,none,False
Load:B3:2025-03-03,Load,B3,2025-03-03,2,"[""2025-02-24"", ""2025-02-25"", ""2025-02-26"", ""2025-02-27"", ""2025-02-28"", ""2025-03-01"", ""2025-03-02""]",1008,2025-02-24 00:00:00,2025-03-03,2025-03-03,0,61,none,False
Load:B4:2025-03-03,Load,B4,2025-03-03,2,"[""2025-01-06"", ""2025-01-13"", ""2025-01-20"", ""2025-01-27"", ""2025-02-03"", ""2025-02-10"", ""2025-02-17"", ""2025-02-24""]",1152,2025-01-06 00:00:00,2025-02-25,2025-02-25,0,61,none,False
PV:B0:2025-03-03,PV,B0,2025-03-03,2,"[""2025-03-02""]",1,2025-03-02 23:50:00,2025-03-03,2025-03-03,0,61,none,False
PV:B1:2025-03-03,PV,B1,2025-03-03,2,"[""2025-03-02""]",144,2025-03-02 00:00:00,2025-03-03,2025-03-03,0,61,none,False
PV:B2:2025-03-03,PV,B2,2025-03-03,2,"[""2025-02-24""]",144,2025-02-24 00:00:00,2025-02-25,2025-02-25,0,61,none,False
PV:B3:2025-03-03,PV,B3,2025-03-03,2,"[""2025-02-24"", ""2025-02-25"", ""2025-02-26"", ""2025-02-27"", ""2025-02-28"", ""2025-03-01"", ""2025-03-02""]",1008,2025-02-24 00:00:00,2025-03-03,2025-03-03,0,61,none,False
PV:B4:2025-03-03,PV,B4,2025-03-03,2,"[""2025-01-06"", ""2025-01-13"", ""2025-01-20"", ""2025-01-27"", ""2025-02-03"", ""2025-02-10"", ""2025-02-17"", ""2025-02-24""]",1152,2025-01-06 00:00:00,2025-02-25,2025-02-25,0,61,none,False
Load:B0:2025-03-04,Load,B0,2025-03-04,2,"[""2025-03-03""]",1,2025-03-03 23:50:00,2025-03-04,2025-03-04,0,62,none,False
Load:B1:2025-03-04,Load,B1,2025-03-04,2,"[""2025-03-03""]",144,2025-03-03 00:00:00,2025-03-04,2025-03-04,0,62,none,False
Load:B2:2025-03-04,Load,B2,2025-03-04,2,"[""2025-02-25""]",144,2025-02-25 00:00:00,2025-02-26,2025-02-26,0,62,none,False
Load:B3:2025-03-04,Load,B3,2025-03-04,2,"[""2025-02-25"", ""2025-02-26"", ""2025-02-27"", ""2025-02-28"", ""2025-03-01"", ""2025-03-02"", ""2025-03-03""]",1008,2025-02-25 00:00:00,2025-03-04,2025-03-04,0,62,none,False
Load:B4:2025-03-04,Load,B4,2025-03-04,2,"[""2025-01-07"", ""2025-01-14"", ""2025-01-21"", ""2025-01-28"", ""2025-02-04"", ""2025-02-11"", ""2025-02-18"", ""2025-02-25""]",1152,2025-01-07 00:00:00,2025-02-26,2025-02-26,0,62,none,False
PV:B0:2025-03-04,PV,B0,2025-03-04,2,"[""2025-03-03""]",1,2025-03-03 23:50:00,2025-03-04,2025-03-04,0,62,none,False
PV:B1:2025-03-04,PV,B1,2025-03-04,2,"[""2025-03-03""]",144,2025-03-03 00:00:00,2025-03-04,2025-03-04,0,62,none,False
PV:B2:2025-03-04,PV,B2,2025-03-04,2,"[""2025-02-25""]",144,2025-02-25 00:00:00,2025-02-26,2025-02-26,0,62,none,False
PV:B3:2025-03-04,PV,B3,2025-03-04,2,"[""2025-02-25"", ""2025-02-26"", ""2025-02-27"", ""2025-02-28"", ""2025-03-01"", ""2025-03-02"", ""2025-03-03""]",1008,2025-02-25 00:00:00,2025-03-04,2025-03-04,0,62,none,False
PV:B4:2025-03-04,PV,B4,2025-03-04,2,"[""2025-01-07"", ""2025-01-14"", ""2025-01-21"", ""2025-01-28"", ""2025-02-04"", ""2025-02-11"", ""2025-02-18"", ""2025-02-25""]",1152,2025-01-07 00:00:00,2025-02-26,2025-02-26,0,62,none,False
Load:B0:2025-03-05,Load,B0,2025-03-05,2,"[""2025-03-04""]",1,2025-03-04 23:50:00,2025-03-05,2025-03-05,0,63,none,False
Load:B1:2025-03-05,Load,B1,2025-03-05,2,"[""2025-03-04""]",144,2025-03-04 00:00:00,2025-03-05,2025-03-05,0,63,none,False
Load:B2:2025-03-05,Load,B2,2025-03-05,2,"[""2025-02-26""]",144,2025-02-26 00:00:00,2025-02-27,2025-02-27,0,63,none,False
Load:B3:2025-03-05,Load,B3,2025-03-05,2,"[""2025-02-26"", ""2025-02-27"", ""2025-02-28"", ""2025-03-01"", ""2025-03-02"", ""2025-03-03"", ""2025-03-04""]",1008,2025-02-26 00:00:00,2025-03-05,2025-03-05,0,63,none,False
Load:B4:2025-03-05,Load,B4,2025-03-05,2,"[""2025-01-01"", ""2025-01-08"", ""2025-01-15"", ""2025-01-22"", ""2025-01-29"", ""2025-02-05"", ""2025-02-12"", ""2025-02-19"", ""2025-02-26""]",1296,2025-01-01 00:00:00,2025-02-27,2025-02-27,0,63,none,False
PV:B0:2025-03-05,PV,B0,2025-03-05,2,"[""2025-03-04""]",1,2025-03-04 23:50:00,2025-03-05,2025-03-05,0,63,none,False
PV:B1:2025-03-05,PV,B1,2025-03-05,2,"[""2025-03-04""]",144,2025-03-04 00:00:00,2025-03-05,2025-03-05,0,63,none,False
PV:B2:2025-03-05,PV,B2,2025-03-05,2,"[""2025-02-26""]",144,2025-02-26 00:00:00,2025-02-27,2025-02-27,0,63,none,False
PV:B3:2025-03-05,PV,B3,2025-03-05,2,"[""2025-02-26"", ""2025-02-27"", ""2025-02-28"", ""2025-03-01"", ""2025-03-02"", ""2025-03-03"", ""2025-03-04""]",1008,2025-02-26 00:00:00,2025-03-05,2025-03-05,0,63,none,False
PV:B4:2025-03-05,PV,B4,2025-03-05,2,"[""2025-01-01"", ""2025-01-08"", ""2025-01-15"", ""2025-01-22"", ""2025-01-29"", ""2025-02-05"", ""2025-02-12"", ""2025-02-19"", ""2025-02-26""]",1296,2025-01-01 00:00:00,2025-02-27,2025-02-27,0,63,none,False
Load:B0:2025-03-06,Load,B0,2025-03-06,2,"[""2025-03-05""]",1,2025-03-05 23:50:00,2025-03-06,2025-03-06,0,64,none,False
Load:B1:2025-03-06,Load,B1,2025-03-06,2,"[""2025-03-05""]",144,2025-03-05 00:00:00,2025-03-06,2025-03-06,0,64,none,False
Load:B2:2025-03-06,Load,B2,2025-03-06,2,"[""2025-02-27""]",144,2025-02-27 00:00:00,2025-02-28,2025-02-28,0,64,none,False
Load:B3:2025-03-06,Load,B3,2025-03-06,2,"[""2025-02-27"", ""2025-02-28"", ""2025-03-01"", ""2025-03-02"", ""2025-03-03"", ""2025-03-04"", ""2025-03-05""]",1008,2025-02-27 00:00:00,2025-03-06,2025-03-06,0,64,none,False
Load:B4:2025-03-06,Load,B4,2025-03-06,2,"[""2025-01-02"", ""2025-01-09"", ""2025-01-16"", ""2025-01-23"", ""2025-01-30"", ""2025-02-06"", ""2025-02-13"", ""2025-02-20"", ""2025-02-27""]",1296,2025-01-02 00:00:00,2025-02-28,2025-02-28,0,64,none,False
PV:B0:2025-03-06,PV,B0,2025-03-06,2,"[""2025-03-05""]",1,2025-03-05 23:50:00,2025-03-06,2025-03-06,0,64,none,False
PV:B1:2025-03-06,PV,B1,2025-03-06,2,"[""2025-03-05""]",144,2025-03-05 00:00:00,2025-03-06,2025-03-06,0,64,none,False
PV:B2:2025-03-06,PV,B2,2025-03-06,2,"[""2025-02-27""]",144,2025-02-27 00:00:00,2025-02-28,2025-02-28,0,64,none,False
PV:B3:2025-03-06,PV,B3,2025-03-06,2,"[""2025-02-27"", ""2025-02-28"", ""2025-03-01"", ""2025-03-02"", ""2025-03-03"", ""2025-03-04"", ""2025-03-05""]",1008,2025-02-27 00:00:00,2025-03-06,2025-03-06,0,64,none,False
PV:B4:2025-03-06,PV,B4,2025-03-06,2,"[""2025-01-02"", ""2025-01-09"", ""2025-01-16"", ""2025-01-23"", ""2025-01-30"", ""2025-02-06"", ""2025-02-13"", ""2025-02-20"", ""2025-02-27""]",1296,2025-01-02 00:00:00,2025-02-28,2025-02-28,0,64,none,False
Load:B0:2025-03-07,Load,B0,2025-03-07,2,"[""2025-03-06""]",1,2025-03-06 23:50:00,2025-03-07,2025-03-07,0,65,none,False
Load:B1:2025-03-07,Load,B1,2025-03-07,2,"[""2025-03-06""]",144,2025-03-06 00:00:00,2025-03-07,2025-03-07,0,65,none,False
Load:B2:2025-03-07,Load,B2,2025-03-07,2,"[""2025-02-28""]",144,2025-02-28 00:00:00,2025-03-01,2025-03-01,0,65,none,False
Load:B3:2025-03-07,Load,B3,2025-03-07,2,"[""2025-02-28"", ""2025-03-01"", ""2025-03-02"", ""2025-03-03"", ""2025-03-04"", ""2025-03-05"", ""2025-03-06""]",1008,2025-02-28 00:00:00,2025-03-07,2025-03-07,0,65,none,False
Load:B4:2025-03-07,Load,B4,2025-03-07,2,"[""2025-01-03"", ""2025-01-10"", ""2025-01-17"", ""2025-01-24"", ""2025-01-31"", ""2025-02-07"", ""2025-02-14"", ""2025-02-21"", ""2025-02-28""]",1296,2025-01-03 00:00:00,2025-03-01,2025-03-01,0,65,none,False
PV:B0:2025-03-07,PV,B0,2025-03-07,2,"[""2025-03-06""]",1,2025-03-06 23:50:00,2025-03-07,2025-03-07,0,65,none,False
PV:B1:2025-03-07,PV,B1,2025-03-07,2,"[""2025-03-06""]",144,2025-03-06 00:00:00,2025-03-07,2025-03-07,0,65,none,False
PV:B2:2025-03-07,PV,B2,2025-03-07,2,"[""2025-02-28""]",144,2025-02-28 00:00:00,2025-03-01,2025-03-01,0,65,none,False
PV:B3:2025-03-07,PV,B3,2025-03-07,2,"[""2025-02-28"", ""2025-03-01"", ""2025-03-02"", ""2025-03-03"", ""2025-03-04"", ""2025-03-05"", ""2025-03-06""]",1008,2025-02-28 00:00:00,2025-03-07,2025-03-07,0,65,none,False
PV:B4:2025-03-07,PV,B4,2025-03-07,2,"[""2025-01-03"", ""2025-01-10"", ""2025-01-17"", ""2025-01-24"", ""2025-01-31"", ""2025-02-07"", ""2025-02-14"", ""2025-02-21"", ""2025-02-28""]",1296,2025-01-03 00:00:00,2025-03-01,2025-03-01,0,65,none,False
Load:B0:2025-03-08,Load,B0,2025-03-08,2,"[""2025-03-07""]",1,2025-03-07 23:50:00,2025-03-08,2025-03-08,0,66,none,False
Load:B1:2025-03-08,Load,B1,2025-03-08,2,"[""2025-03-07""]",144,2025-03-07 00:00:00,2025-03-08,2025-03-08,0,66,none,False
Load:B2:2025-03-08,Load,B2,2025-03-08,2,"[""2025-03-01""]",144,2025-03-01 00:00:00,2025-03-02,2025-03-02,0,66,none,False
Load:B3:2025-03-08,Load,B3,2025-03-08,2,"[""2025-03-01"", ""2025-03-02"", ""2025-03-03"", ""2025-03-04"", ""2025-03-05"", ""2025-03-06"", ""2025-03-07""]",1008,2025-03-01 00:00:00,2025-03-08,2025-03-08,0,66,none,False
Load:B4:2025-03-08,Load,B4,2025-03-08,2,"[""2025-01-04"", ""2025-01-11"", ""2025-01-18"", ""2025-01-25"", ""2025-02-01"", ""2025-02-08"", ""2025-02-15"", ""2025-02-22"", ""2025-03-01""]",1296,2025-01-04 00:00:00,2025-03-02,2025-03-02,0,66,none,False
PV:B0:2025-03-08,PV,B0,2025-03-08,2,"[""2025-03-07""]",1,2025-03-07 23:50:00,2025-03-08,2025-03-08,0,66,none,False
PV:B1:2025-03-08,PV,B1,2025-03-08,2,"[""2025-03-07""]",144,2025-03-07 00:00:00,2025-03-08,2025-03-08,0,66,none,False
PV:B2:2025-03-08,PV,B2,2025-03-08,2,"[""2025-03-01""]",144,2025-03-01 00:00:00,2025-03-02,2025-03-02,0,66,none,False
PV:B3:2025-03-08,PV,B3,2025-03-08,2,"[""2025-03-01"", ""2025-03-02"", ""2025-03-03"", ""2025-03-04"", ""2025-03-05"", ""2025-03-06"", ""2025-03-07""]",1008,2025-03-01 00:00:00,2025-03-08,2025-03-08,0,66,none,False
PV:B4:2025-03-08,PV,B4,2025-03-08,2,"[""2025-01-04"", ""2025-01-11"", ""2025-01-18"", ""2025-01-25"", ""2025-02-01"", ""2025-02-08"", ""2025-02-15"", ""2025-02-22"", ""2025-03-01""]",1296,2025-01-04 00:00:00,2025-03-02,2025-03-02,0,66,none,False
Load:B0:2025-03-09,Load,B0,2025-03-09,2,"[""2025-03-08""]",1,2025-03-08 23:50:00,2025-03-09,2025-03-09,0,67,none,False
Load:B1:2025-03-09,Load,B1,2025-03-09,2,"[""2025-03-08""]",144,2025-03-08 00:00:00,2025-03-09,2025-03-09,0,67,none,False
Load:B2:2025-03-09,Load,B2,2025-03-09,2,"[""2025-03-02""]",144,2025-03-02 00:00:00,2025-03-03,2025-03-03,0,67,none,False
Load:B3:2025-03-09,Load,B3,2025-03-09,2,"[""2025-03-02"", ""2025-03-03"", ""2025-03-04"", ""2025-03-05"", ""2025-03-06"", ""2025-03-07"", ""2025-03-08""]",1008,2025-03-02 00:00:00,2025-03-09,2025-03-09,0,67,none,False
Load:B4:2025-03-09,Load,B4,2025-03-09,2,"[""2025-01-05"", ""2025-01-12"", ""2025-01-19"", ""2025-01-26"", ""2025-02-02"", ""2025-02-09"", ""2025-02-16"", ""2025-02-23"", ""2025-03-02""]",1296,2025-01-05 00:00:00,2025-03-03,2025-03-03,0,67,none,False
PV:B0:2025-03-09,PV,B0,2025-03-09,2,"[""2025-03-08""]",1,2025-03-08 23:50:00,2025-03-09,2025-03-09,0,67,none,False
PV:B1:2025-03-09,PV,B1,2025-03-09,2,"[""2025-03-08""]",144,2025-03-08 00:00:00,2025-03-09,2025-03-09,0,67,none,False
PV:B2:2025-03-09,PV,B2,2025-03-09,2,"[""2025-03-02""]",144,2025-03-02 00:00:00,2025-03-03,2025-03-03,0,67,none,False
PV:B3:2025-03-09,PV,B3,2025-03-09,2,"[""2025-03-02"", ""2025-03-03"", ""2025-03-04"", ""2025-03-05"", ""2025-03-06"", ""2025-03-07"", ""2025-03-08""]",1008,2025-03-02 00:00:00,2025-03-09,2025-03-09,0,67,none,False
PV:B4:2025-03-09,PV,B4,2025-03-09,2,"[""2025-01-05"", ""2025-01-12"", ""2025-01-19"", ""2025-01-26"", ""2025-02-02"", ""2025-02-09"", ""2025-02-16"", ""2025-02-23"", ""2025-03-02""]",1296,2025-01-05 00:00:00,2025-03-03,2025-03-03,0,67,none,False
Load:B0:2025-03-10,Load,B0,2025-03-10,2,"[""2025-03-09""]",1,2025-03-09 23:50:00,2025-03-10,2025-03-10,0,68,none,False
Load:B1:2025-03-10,Load,B1,2025-03-10,2,"[""2025-03-09""]",144,2025-03-09 00:00:00,2025-03-10,2025-03-10,0,68,none,False
Load:B2:2025-03-10,Load,B2,2025-03-10,2,"[""2025-03-03""]",144,2025-03-03 00:00:00,2025-03-04,2025-03-04,0,68,none,False
Load:B3:2025-03-10,Load,B3,2025-03-10,2,"[""2025-03-03"", ""2025-03-04"", ""2025-03-05"", ""2025-03-06"", ""2025-03-07"", ""2025-03-08"", ""2025-03-09""]",1008,2025-03-03 00:00:00,2025-03-10,2025-03-10,0,68,none,False
Load:B4:2025-03-10,Load,B4,2025-03-10,2,"[""2025-01-06"", ""2025-01-13"", ""2025-01-20"", ""2025-01-27"", ""2025-02-03"", ""2025-02-10"", ""2025-02-17"", ""2025-02-24"", ""2025-03-03""]",1296,2025-01-06 00:00:00,2025-03-04,2025-03-04,0,68,none,False
PV:B0:2025-03-10,PV,B0,2025-03-10,2,"[""2025-03-09""]",1,2025-03-09 23:50:00,2025-03-10,2025-03-10,0,68,none,False
PV:B1:2025-03-10,PV,B1,2025-03-10,2,"[""2025-03-09""]",144,2025-03-09 00:00:00,2025-03-10,2025-03-10,0,68,none,False
PV:B2:2025-03-10,PV,B2,2025-03-10,2,"[""2025-03-03""]",144,2025-03-03 00:00:00,2025-03-04,2025-03-04,0,68,none,False
PV:B3:2025-03-10,PV,B3,2025-03-10,2,"[""2025-03-03"", ""2025-03-04"", ""2025-03-05"", ""2025-03-06"", ""2025-03-07"", ""2025-03-08"", ""2025-03-09""]",1008,2025-03-03 00:00:00,2025-03-10,2025-03-10,0,68,none,False
PV:B4:2025-03-10,PV,B4,2025-03-10,2,"[""2025-01-06"", ""2025-01-13"", ""2025-01-20"", ""2025-01-27"", ""2025-02-03"", ""2025-02-10"", ""2025-02-17"", ""2025-02-24"", ""2025-03-03""]",1296,2025-01-06 00:00:00,2025-03-04,2025-03-04,0,68,none,False
Load:B0:2025-03-11,Load,B0,2025-03-11,2,"[""2025-03-10""]",1,2025-03-10 23:50:00,2025-03-11,2025-03-11,0,69,none,False
Load:B1:2025-03-11,Load,B1,2025-03-11,2,"[""2025-03-10""]",144,2025-03-10 00:00:00,2025-03-11,2025-03-11,0,69,none,False
Load:B2:2025-03-11,Load,B2,2025-03-11,2,"[""2025-03-04""]",144,2025-03-04 00:00:00,2025-03-05,2025-03-05,0,69,none,False
Load:B3:2025-03-11,Load,B3,2025-03-11,2,"[""2025-03-04"", ""2025-03-05"", ""2025-03-06"", ""2025-03-07"", ""2025-03-08"", ""2025-03-09"", ""2025-03-10""]",1008,2025-03-04 00:00:00,2025-03-11,2025-03-11,0,69,none,False
Load:B4:2025-03-11,Load,B4,2025-03-11,2,"[""2025-01-07"", ""2025-01-14"", ""2025-01-21"", ""2025-01-28"", ""2025-02-04"", ""2025-02-11"", ""2025-02-18"", ""2025-02-25"", ""2025-03-04""]",1296,2025-01-07 00:00:00,2025-03-05,2025-03-05,0,69,none,False
PV:B0:2025-03-11,PV,B0,2025-03-11,2,"[""2025-03-10""]",1,2025-03-10 23:50:00,2025-03-11,2025-03-11,0,69,none,False
PV:B1:2025-03-11,PV,B1,2025-03-11,2,"[""2025-03-10""]",144,2025-03-10 00:00:00,2025-03-11,2025-03-11,0,69,none,False
PV:B2:2025-03-11,PV,B2,2025-03-11,2,"[""2025-03-04""]",144,2025-03-04 00:00:00,2025-03-05,2025-03-05,0,69,none,False
PV:B3:2025-03-11,PV,B3,2025-03-11,2,"[""2025-03-04"", ""2025-03-05"", ""2025-03-06"", ""2025-03-07"", ""2025-03-08"", ""2025-03-09"", ""2025-03-10""]",1008,2025-03-04 00:00:00,2025-03-11,2025-03-11,0,69,none,False
PV:B4:2025-03-11,PV,B4,2025-03-11,2,"[""2025-01-07"", ""2025-01-14"", ""2025-01-21"", ""2025-01-28"", ""2025-02-04"", ""2025-02-11"", ""2025-02-18"", ""2025-02-25"", ""2025-03-04""]",1296,2025-01-07 00:00:00,2025-03-05,2025-03-05,0,69,none,False
Load:B0:2025-03-12,Load,B0,2025-03-12,2,"[""2025-03-11""]",1,2025-03-11 23:50:00,2025-03-12,2025-03-12,0,70,none,False
Load:B1:2025-03-12,Load,B1,2025-03-12,2,"[""2025-03-11""]",144,2025-03-11 00:00:00,2025-03-12,2025-03-12,0,70,none,False
Load:B2:2025-03-12,Load,B2,2025-03-12,2,"[""2025-03-05""]",144,2025-03-05 00:00:00,2025-03-06,2025-03-06,0,70,none,False
Load:B3:2025-03-12,Load,B3,2025-03-12,2,"[""2025-03-05"", ""2025-03-06"", ""2025-03-07"", ""2025-03-08"", ""2025-03-09"", ""2025-03-10"", ""2025-03-11""]",1008,2025-03-05 00:00:00,2025-03-12,2025-03-12,0,70,none,False
Load:B4:2025-03-12,Load,B4,2025-03-12,2,"[""2025-01-01"", ""2025-01-08"", ""2025-01-15"", ""2025-01-22"", ""2025-01-29"", ""2025-02-05"", ""2025-02-12"", ""2025-02-19"", ""2025-02-26"", ""2025-03-05""]",1440,2025-01-01 00:00:00,2025-03-06,2025-03-06,0,70,none,False
PV:B0:2025-03-12,PV,B0,2025-03-12,2,"[""2025-03-11""]",1,2025-03-11 23:50:00,2025-03-12,2025-03-12,0,70,none,False
PV:B1:2025-03-12,PV,B1,2025-03-12,2,"[""2025-03-11""]",144,2025-03-11 00:00:00,2025-03-12,2025-03-12,0,70,none,False
PV:B2:2025-03-12,PV,B2,2025-03-12,2,"[""2025-03-05""]",144,2025-03-05 00:00:00,2025-03-06,2025-03-06,0,70,none,False
PV:B3:2025-03-12,PV,B3,2025-03-12,2,"[""2025-03-05"", ""2025-03-06"", ""2025-03-07"", ""2025-03-08"", ""2025-03-09"", ""2025-03-10"", ""2025-03-11""]",1008,2025-03-05 00:00:00,2025-03-12,2025-03-12,0,70,none,False
PV:B4:2025-03-12,PV,B4,2025-03-12,2,"[""2025-01-01"", ""2025-01-08"", ""2025-01-15"", ""2025-01-22"", ""2025-01-29"", ""2025-02-05"", ""2025-02-12"", ""2025-02-19"", ""2025-02-26"", ""2025-03-05""]",1440,2025-01-01 00:00:00,2025-03-06,2025-03-06,0,70,none,False
Load:B0:2025-03-13,Load,B0,2025-03-13,2,"[""2025-03-12""]",1,2025-03-12 23:50:00,2025-03-13,2025-03-13,0,71,none,False
Load:B1:2025-03-13,Load,B1,2025-03-13,2,"[""2025-03-12""]",144,2025-03-12 00:00:00,2025-03-13,2025-03-13,0,71,none,False
Load:B2:2025-03-13,Load,B2,2025-03-13,2,"[""2025-03-06""]",144,2025-03-06 00:00:00,2025-03-07,2025-03-07,0,71,none,False
Load:B3:2025-03-13,Load,B3,2025-03-13,2,"[""2025-03-06"", ""2025-03-07"", ""2025-03-08"", ""2025-03-09"", ""2025-03-10"", ""2025-03-11"", ""2025-03-12""]",1008,2025-03-06 00:00:00,2025-03-13,2025-03-13,0,71,none,False
Load:B4:2025-03-13,Load,B4,2025-03-13,2,"[""2025-01-02"", ""2025-01-09"", ""2025-01-16"", ""2025-01-23"", ""2025-01-30"", ""2025-02-06"", ""2025-02-13"", ""2025-02-20"", ""2025-02-27"", ""2025-03-06""]",1440,2025-01-02 00:00:00,2025-03-07,2025-03-07,0,71,none,False
PV:B0:2025-03-13,PV,B0,2025-03-13,2,"[""2025-03-12""]",1,2025-03-12 23:50:00,2025-03-13,2025-03-13,0,71,none,False
PV:B1:2025-03-13,PV,B1,2025-03-13,2,"[""2025-03-12""]",144,2025-03-12 00:00:00,2025-03-13,2025-03-13,0,71,none,False
PV:B2:2025-03-13,PV,B2,2025-03-13,2,"[""2025-03-06""]",144,2025-03-06 00:00:00,2025-03-07,2025-03-07,0,71,none,False
PV:B3:2025-03-13,PV,B3,2025-03-13,2,"[""2025-03-06"", ""2025-03-07"", ""2025-03-08"", ""2025-03-09"", ""2025-03-10"", ""2025-03-11"", ""2025-03-12""]",1008,2025-03-06 00:00:00,2025-03-13,2025-03-13,0,71,none,False
PV:B4:2025-03-13,PV,B4,2025-03-13,2,"[""2025-01-02"", ""2025-01-09"", ""2025-01-16"", ""2025-01-23"", ""2025-01-30"", ""2025-02-06"", ""2025-02-13"", ""2025-02-20"", ""2025-02-27"", ""2025-03-06""]",1440,2025-01-02 00:00:00,2025-03-07,2025-03-07,0,71,none,False
Load:B0:2025-03-14,Load,B0,2025-03-14,2,"[""2025-03-13""]",1,2025-03-13 23:50:00,2025-03-14,2025-03-14,0,72,none,False
Load:B1:2025-03-14,Load,B1,2025-03-14,2,"[""2025-03-13""]",144,2025-03-13 00:00:00,2025-03-14,2025-03-14,0,72,none,False
Load:B2:2025-03-14,Load,B2,2025-03-14,2,"[""2025-03-07""]",144,2025-03-07 00:00:00,2025-03-08,2025-03-08,0,72,none,False
Load:B3:2025-03-14,Load,B3,2025-03-14,2,"[""2025-03-07"", ""2025-03-08"", ""2025-03-09"", ""2025-03-10"", ""2025-03-11"", ""2025-03-12"", ""2025-03-13""]",1008,2025-03-07 00:00:00,2025-03-14,2025-03-14,0,72,none,False
Load:B4:2025-03-14,Load,B4,2025-03-14,2,"[""2025-01-03"", ""2025-01-10"", ""2025-01-17"", ""2025-01-24"", ""2025-01-31"", ""2025-02-07"", ""2025-02-14"", ""2025-02-21"", ""2025-02-28"", ""2025-03-07""]",1440,2025-01-03 00:00:00,2025-03-08,2025-03-08,0,72,none,False
PV:B0:2025-03-14,PV,B0,2025-03-14,2,"[""2025-03-13""]",1,2025-03-13 23:50:00,2025-03-14,2025-03-14,0,72,none,False
PV:B1:2025-03-14,PV,B1,2025-03-14,2,"[""2025-03-13""]",144,2025-03-13 00:00:00,2025-03-14,2025-03-14,0,72,none,False
PV:B2:2025-03-14,PV,B2,2025-03-14,2,"[""2025-03-07""]",144,2025-03-07 00:00:00,2025-03-08,2025-03-08,0,72,none,False
PV:B3:2025-03-14,PV,B3,2025-03-14,2,"[""2025-03-07"", ""2025-03-08"", ""2025-03-09"", ""2025-03-10"", ""2025-03-11"", ""2025-03-12"", ""2025-03-13""]",1008,2025-03-07 00:00:00,2025-03-14,2025-03-14,0,72,none,False
PV:B4:2025-03-14,PV,B4,2025-03-14,2,"[""2025-01-03"", ""2025-01-10"", ""2025-01-17"", ""2025-01-24"", ""2025-01-31"", ""2025-02-07"", ""2025-02-14"", ""2025-02-21"", ""2025-02-28"", ""2025-03-07""]",1440,2025-01-03 00:00:00,2025-03-08,2025-03-08,0,72,none,False
Load:B0:2025-03-15,Load,B0,2025-03-15,2,"[""2025-03-14""]",1,2025-03-14 23:50:00,2025-03-15,2025-03-15,0,73,none,False
Load:B1:2025-03-15,Load,B1,2025-03-15,2,"[""2025-03-14""]",144,2025-03-14 00:00:00,2025-03-15,2025-03-15,0,73,none,False
Load:B2:2025-03-15,Load,B2,2025-03-15,2,"[""2025-03-08""]",144,2025-03-08 00:00:00,2025-03-09,2025-03-09,0,73,none,False
Load:B3:2025-03-15,Load,B3,2025-03-15,2,"[""2025-03-08"", ""2025-03-09"", ""2025-03-10"", ""2025-03-11"", ""2025-03-12"", ""2025-03-13"", ""2025-03-14""]",1008,2025-03-08 00:00:00,2025-03-15,2025-03-15,0,73,none,False
Load:B4:2025-03-15,Load,B4,2025-03-15,2,"[""2025-01-04"", ""2025-01-11"", ""2025-01-18"", ""2025-01-25"", ""2025-02-01"", ""2025-02-08"", ""2025-02-15"", ""2025-02-22"", ""2025-03-01"", ""2025-03-08""]",1440,2025-01-04 00:00:00,2025-03-09,2025-03-09,0,73,none,False
PV:B0:2025-03-15,PV,B0,2025-03-15,2,"[""2025-03-14""]",1,2025-03-14 23:50:00,2025-03-15,2025-03-15,0,73,none,False
PV:B1:2025-03-15,PV,B1,2025-03-15,2,"[""2025-03-14""]",144,2025-03-14 00:00:00,2025-03-15,2025-03-15,0,73,none,False
PV:B2:2025-03-15,PV,B2,2025-03-15,2,"[""2025-03-08""]",144,2025-03-08 00:00:00,2025-03-09,2025-03-09,0,73,none,False
PV:B3:2025-03-15,PV,B3,2025-03-15,2,"[""2025-03-08"", ""2025-03-09"", ""2025-03-10"", ""2025-03-11"", ""2025-03-12"", ""2025-03-13"", ""2025-03-14""]",1008,2025-03-08 00:00:00,2025-03-15,2025-03-15,0,73,none,False
PV:B4:2025-03-15,PV,B4,2025-03-15,2,"[""2025-01-04"", ""2025-01-11"", ""2025-01-18"", ""2025-01-25"", ""2025-02-01"", ""2025-02-08"", ""2025-02-15"", ""2025-02-22"", ""2025-03-01"", ""2025-03-08""]",1440,2025-01-04 00:00:00,2025-03-09,2025-03-09,0,73,none,False
Load:B0:2025-03-16,Load,B0,2025-03-16,2,"[""2025-03-15""]",1,2025-03-15 23:50:00,2025-03-16,2025-03-16,0,74,none,False
Load:B1:2025-03-16,Load,B1,2025-03-16,2,"[""2025-03-15""]",144,2025-03-15 00:00:00,2025-03-16,2025-03-16,0,74,none,False
Load:B2:2025-03-16,Load,B2,2025-03-16,2,"[""2025-03-09""]",144,2025-03-09 00:00:00,2025-03-10,2025-03-10,0,74,none,False
Load:B3:2025-03-16,Load,B3,2025-03-16,2,"[""2025-03-09"", ""2025-03-10"", ""2025-03-11"", ""2025-03-12"", ""2025-03-13"", ""2025-03-14"", ""2025-03-15""]",1008,2025-03-09 00:00:00,2025-03-16,2025-03-16,0,74,none,False
Load:B4:2025-03-16,Load,B4,2025-03-16,2,"[""2025-01-05"", ""2025-01-12"", ""2025-01-19"", ""2025-01-26"", ""2025-02-02"", ""2025-02-09"", ""2025-02-16"", ""2025-02-23"", ""2025-03-02"", ""2025-03-09""]",1440,2025-01-05 00:00:00,2025-03-10,2025-03-10,0,74,none,False
PV:B0:2025-03-16,PV,B0,2025-03-16,2,"[""2025-03-15""]",1,2025-03-15 23:50:00,2025-03-16,2025-03-16,0,74,none,False
PV:B1:2025-03-16,PV,B1,2025-03-16,2,"[""2025-03-15""]",144,2025-03-15 00:00:00,2025-03-16,2025-03-16,0,74,none,False
PV:B2:2025-03-16,PV,B2,2025-03-16,2,"[""2025-03-09""]",144,2025-03-09 00:00:00,2025-03-10,2025-03-10,0,74,none,False
PV:B3:2025-03-16,PV,B3,2025-03-16,2,"[""2025-03-09"", ""2025-03-10"", ""2025-03-11"", ""2025-03-12"", ""2025-03-13"", ""2025-03-14"", ""2025-03-15""]",1008,2025-03-09 00:00:00,2025-03-16,2025-03-16,0,74,none,False
PV:B4:2025-03-16,PV,B4,2025-03-16,2,"[""2025-01-05"", ""2025-01-12"", ""2025-01-19"", ""2025-01-26"", ""2025-02-02"", ""2025-02-09"", ""2025-02-16"", ""2025-02-23"", ""2025-03-02"", ""2025-03-09""]",1440,2025-01-05 00:00:00,2025-03-10,2025-03-10,0,74,none,False
Load:B0:2025-03-17,Load,B0,2025-03-17,2,"[""2025-03-16""]",1,2025-03-16 23:50:00,2025-03-17,2025-03-17,0,75,none,False
Load:B1:2025-03-17,Load,B1,2025-03-17,2,"[""2025-03-16""]",144,2025-03-16 00:00:00,2025-03-17,2025-03-17,0,75,none,False
Load:B2:2025-03-17,Load,B2,2025-03-17,2,"[""2025-03-10""]",144,2025-03-10 00:00:00,2025-03-11,2025-03-11,0,75,none,False
Load:B3:2025-03-17,Load,B3,2025-03-17,2,"[""2025-03-10"", ""2025-03-11"", ""2025-03-12"", ""2025-03-13"", ""2025-03-14"", ""2025-03-15"", ""2025-03-16""]",1008,2025-03-10 00:00:00,2025-03-17,2025-03-17,0,75,none,False
Load:B4:2025-03-17,Load,B4,2025-03-17,2,"[""2025-01-06"", ""2025-01-13"", ""2025-01-20"", ""2025-01-27"", ""2025-02-03"", ""2025-02-10"", ""2025-02-17"", ""2025-02-24"", ""2025-03-03"", ""2025-03-10""]",1440,2025-01-06 00:00:00,2025-03-11,2025-03-11,0,75,none,False
PV:B0:2025-03-17,PV,B0,2025-03-17,2,"[""2025-03-16""]",1,2025-03-16 23:50:00,2025-03-17,2025-03-17,0,75,none,False
PV:B1:2025-03-17,PV,B1,2025-03-17,2,"[""2025-03-16""]",144,2025-03-16 00:00:00,2025-03-17,2025-03-17,0,75,none,False
PV:B2:2025-03-17,PV,B2,2025-03-17,2,"[""2025-03-10""]",144,2025-03-10 00:00:00,2025-03-11,2025-03-11,0,75,none,False
PV:B3:2025-03-17,PV,B3,2025-03-17,2,"[""2025-03-10"", ""2025-03-11"", ""2025-03-12"", ""2025-03-13"", ""2025-03-14"", ""2025-03-15"", ""2025-03-16""]",1008,2025-03-10 00:00:00,2025-03-17,2025-03-17,0,75,none,False
PV:B4:2025-03-17,PV,B4,2025-03-17,2,"[""2025-01-06"", ""2025-01-13"", ""2025-01-20"", ""2025-01-27"", ""2025-02-03"", ""2025-02-10"", ""2025-02-17"", ""2025-02-24"", ""2025-03-03"", ""2025-03-10""]",1440,2025-01-06 00:00:00,2025-03-11,2025-03-11,0,75,none,False
Load:B0:2025-03-18,Load,B0,2025-03-18,2,"[""2025-03-17""]",1,2025-03-17 23:50:00,2025-03-18,2025-03-18,0,76,none,False
Load:B1:2025-03-18,Load,B1,2025-03-18,2,"[""2025-03-17""]",144,2025-03-17 00:00:00,2025-03-18,2025-03-18,0,76,none,False
Load:B2:2025-03-18,Load,B2,2025-03-18,2,"[""2025-03-11""]",144,2025-03-11 00:00:00,2025-03-12,2025-03-12,0,76,none,False
Load:B3:2025-03-18,Load,B3,2025-03-18,2,"[""2025-03-11"", ""2025-03-12"", ""2025-03-13"", ""2025-03-14"", ""2025-03-15"", ""2025-03-16"", ""2025-03-17""]",1008,2025-03-11 00:00:00,2025-03-18,2025-03-18,0,76,none,False
Load:B4:2025-03-18,Load,B4,2025-03-18,2,"[""2025-01-07"", ""2025-01-14"", ""2025-01-21"", ""2025-01-28"", ""2025-02-04"", ""2025-02-11"", ""2025-02-18"", ""2025-02-25"", ""2025-03-04"", ""2025-03-11""]",1440,2025-01-07 00:00:00,2025-03-12,2025-03-12,0,76,none,False
PV:B0:2025-03-18,PV,B0,2025-03-18,2,"[""2025-03-17""]",1,2025-03-17 23:50:00,2025-03-18,2025-03-18,0,76,none,False
PV:B1:2025-03-18,PV,B1,2025-03-18,2,"[""2025-03-17""]",144,2025-03-17 00:00:00,2025-03-18,2025-03-18,0,76,none,False
PV:B2:2025-03-18,PV,B2,2025-03-18,2,"[""2025-03-11""]",144,2025-03-11 00:00:00,2025-03-12,2025-03-12,0,76,none,False
PV:B3:2025-03-18,PV,B3,2025-03-18,2,"[""2025-03-11"", ""2025-03-12"", ""2025-03-13"", ""2025-03-14"", ""2025-03-15"", ""2025-03-16"", ""2025-03-17""]",1008,2025-03-11 00:00:00,2025-03-18,2025-03-18,0,76,none,False
PV:B4:2025-03-18,PV,B4,2025-03-18,2,"[""2025-01-07"", ""2025-01-14"", ""2025-01-21"", ""2025-01-28"", ""2025-02-04"", ""2025-02-11"", ""2025-02-18"", ""2025-02-25"", ""2025-03-04"", ""2025-03-11""]",1440,2025-01-07 00:00:00,2025-03-12,2025-03-12,0,76,none,False
Load:B0:2025-03-19,Load,B0,2025-03-19,2,"[""2025-03-18""]",1,2025-03-18 23:50:00,2025-03-19,2025-03-19,0,77,none,False
Load:B1:2025-03-19,Load,B1,2025-03-19,2,"[""2025-03-18""]",144,2025-03-18 00:00:00,2025-03-19,2025-03-19,0,77,none,False
Load:B2:2025-03-19,Load,B2,2025-03-19,2,"[""2025-03-12""]",144,2025-03-12 00:00:00,2025-03-13,2025-03-13,0,77,none,False
Load:B3:2025-03-19,Load,B3,2025-03-19,2,"[""2025-03-12"", ""2025-03-13"", ""2025-03-14"", ""2025-03-15"", ""2025-03-16"", ""2025-03-17"", ""2025-03-18""]",1008,2025-03-12 00:00:00,2025-03-19,2025-03-19,0,77,none,False
Load:B4:2025-03-19,Load,B4,2025-03-19,2,"[""2025-01-01"", ""2025-01-08"", ""2025-01-15"", ""2025-01-22"", ""2025-01-29"", ""2025-02-05"", ""2025-02-12"", ""2025-02-19"", ""2025-02-26"", ""2025-03-05"", ""2025-03-12""]",1584,2025-01-01 00:00:00,2025-03-13,2025-03-13,0,77,none,False
PV:B0:2025-03-19,PV,B0,2025-03-19,2,"[""2025-03-18""]",1,2025-03-18 23:50:00,2025-03-19,2025-03-19,0,77,none,False
PV:B1:2025-03-19,PV,B1,2025-03-19,2,"[""2025-03-18""]",144,2025-03-18 00:00:00,2025-03-19,2025-03-19,0,77,none,False
PV:B2:2025-03-19,PV,B2,2025-03-19,2,"[""2025-03-12""]",144,2025-03-12 00:00:00,2025-03-13,2025-03-13,0,77,none,False
PV:B3:2025-03-19,PV,B3,2025-03-19,2,"[""2025-03-12"", ""2025-03-13"", ""2025-03-14"", ""2025-03-15"", ""2025-03-16"", ""2025-03-17"", ""2025-03-18""]",1008,2025-03-12 00:00:00,2025-03-19,2025-03-19,0,77,none,False
PV:B4:2025-03-19,PV,B4,2025-03-19,2,"[""2025-01-01"", ""2025-01-08"", ""2025-01-15"", ""2025-01-22"", ""2025-01-29"", ""2025-02-05"", ""2025-02-12"", ""2025-02-19"", ""2025-02-26"", ""2025-03-05"", ""2025-03-12""]",1584,2025-01-01 00:00:00,2025-03-13,2025-03-13,0,77,none,False
Load:B0:2025-03-20,Load,B0,2025-03-20,2,"[""2025-03-19""]",1,2025-03-19 23:50:00,2025-03-20,2025-03-20,0,78,none,False
Load:B1:2025-03-20,Load,B1,2025-03-20,2,"[""2025-03-19""]",144,2025-03-19 00:00:00,2025-03-20,2025-03-20,0,78,none,False
Load:B2:2025-03-20,Load,B2,2025-03-20,2,"[""2025-03-13""]",144,2025-03-13 00:00:00,2025-03-14,2025-03-14,0,78,none,False
Load:B3:2025-03-20,Load,B3,2025-03-20,2,"[""2025-03-13"", ""2025-03-14"", ""2025-03-15"", ""2025-03-16"", ""2025-03-17"", ""2025-03-18"", ""2025-03-19""]",1008,2025-03-13 00:00:00,2025-03-20,2025-03-20,0,78,none,False
Load:B4:2025-03-20,Load,B4,2025-03-20,2,"[""2025-01-02"", ""2025-01-09"", ""2025-01-16"", ""2025-01-23"", ""2025-01-30"", ""2025-02-06"", ""2025-02-13"", ""2025-02-20"", ""2025-02-27"", ""2025-03-06"", ""2025-03-13""]",1584,2025-01-02 00:00:00,2025-03-14,2025-03-14,0,78,none,False
PV:B0:2025-03-20,PV,B0,2025-03-20,2,"[""2025-03-19""]",1,2025-03-19 23:50:00,2025-03-20,2025-03-20,0,78,none,False
PV:B1:2025-03-20,PV,B1,2025-03-20,2,"[""2025-03-19""]",144,2025-03-19 00:00:00,2025-03-20,2025-03-20,0,78,none,False
PV:B2:2025-03-20,PV,B2,2025-03-20,2,"[""2025-03-13""]",144,2025-03-13 00:00:00,2025-03-14,2025-03-14,0,78,none,False
PV:B3:2025-03-20,PV,B3,2025-03-20,2,"[""2025-03-13"", ""2025-03-14"", ""2025-03-15"", ""2025-03-16"", ""2025-03-17"", ""2025-03-18"", ""2025-03-19""]",1008,2025-03-13 00:00:00,2025-03-20,2025-03-20,0,78,none,False
PV:B4:2025-03-20,PV,B4,2025-03-20,2,"[""2025-01-02"", ""2025-01-09"", ""2025-01-16"", ""2025-01-23"", ""2025-01-30"", ""2025-02-06"", ""2025-02-13"", ""2025-02-20"", ""2025-02-27"", ""2025-03-06"", ""2025-03-13""]",1584,2025-01-02 00:00:00,2025-03-14,2025-03-14,0,78,none,False
Load:B0:2025-03-21,Load,B0,2025-03-21,2,"[""2025-03-20""]",1,2025-03-20 23:50:00,2025-03-21,2025-03-21,0,79,none,False
Load:B1:2025-03-21,Load,B1,2025-03-21,2,"[""2025-03-20""]",144,2025-03-20 00:00:00,2025-03-21,2025-03-21,0,79,none,False
Load:B2:2025-03-21,Load,B2,2025-03-21,2,"[""2025-03-14""]",144,2025-03-14 00:00:00,2025-03-15,2025-03-15,0,79,none,False
Load:B3:2025-03-21,Load,B3,2025-03-21,2,"[""2025-03-14"", ""2025-03-15"", ""2025-03-16"", ""2025-03-17"", ""2025-03-18"", ""2025-03-19"", ""2025-03-20""]",1008,2025-03-14 00:00:00,2025-03-21,2025-03-21,0,79,none,False
Load:B4:2025-03-21,Load,B4,2025-03-21,2,"[""2025-01-03"", ""2025-01-10"", ""2025-01-17"", ""2025-01-24"", ""2025-01-31"", ""2025-02-07"", ""2025-02-14"", ""2025-02-21"", ""2025-02-28"", ""2025-03-07"", ""2025-03-14""]",1584,2025-01-03 00:00:00,2025-03-15,2025-03-15,0,79,none,False
PV:B0:2025-03-21,PV,B0,2025-03-21,2,"[""2025-03-20""]",1,2025-03-20 23:50:00,2025-03-21,2025-03-21,0,79,none,False
PV:B1:2025-03-21,PV,B1,2025-03-21,2,"[""2025-03-20""]",144,2025-03-20 00:00:00,2025-03-21,2025-03-21,0,79,none,False
PV:B2:2025-03-21,PV,B2,2025-03-21,2,"[""2025-03-14""]",144,2025-03-14 00:00:00,2025-03-15,2025-03-15,0,79,none,False
PV:B3:2025-03-21,PV,B3,2025-03-21,2,"[""2025-03-14"", ""2025-03-15"", ""2025-03-16"", ""2025-03-17"", ""2025-03-18"", ""2025-03-19"", ""2025-03-20""]",1008,2025-03-14 00:00:00,2025-03-21,2025-03-21,0,79,none,False
PV:B4:2025-03-21,PV,B4,2025-03-21,2,"[""2025-01-03"", ""2025-01-10"", ""2025-01-17"", ""2025-01-24"", ""2025-01-31"", ""2025-02-07"", ""2025-02-14"", ""2025-02-21"", ""2025-02-28"", ""2025-03-07"", ""2025-03-14""]",1584,2025-01-03 00:00:00,2025-03-15,2025-03-15,0,79,none,False
Load:B0:2025-03-22,Load,B0,2025-03-22,2,"[""2025-03-21""]",1,2025-03-21 23:50:00,2025-03-22,2025-03-22,0,80,none,False
Load:B1:2025-03-22,Load,B1,2025-03-22,2,"[""2025-03-21""]",144,2025-03-21 00:00:00,2025-03-22,2025-03-22,0,80,none,False
Load:B2:2025-03-22,Load,B2,2025-03-22,2,"[""2025-03-15""]",144,2025-03-15 00:00:00,2025-03-16,2025-03-16,0,80,none,False
Load:B3:2025-03-22,Load,B3,2025-03-22,2,"[""2025-03-15"", ""2025-03-16"", ""2025-03-17"", ""2025-03-18"", ""2025-03-19"", ""2025-03-20"", ""2025-03-21""]",1008,2025-03-15 00:00:00,2025-03-22,2025-03-22,0,80,none,False
Load:B4:2025-03-22,Load,B4,2025-03-22,2,"[""2025-01-04"", ""2025-01-11"", ""2025-01-18"", ""2025-01-25"", ""2025-02-01"", ""2025-02-08"", ""2025-02-15"", ""2025-02-22"", ""2025-03-01"", ""2025-03-08"", ""2025-03-15""]",1584,2025-01-04 00:00:00,2025-03-16,2025-03-16,0,80,none,False
PV:B0:2025-03-22,PV,B0,2025-03-22,2,"[""2025-03-21""]",1,2025-03-21 23:50:00,2025-03-22,2025-03-22,0,80,none,False
PV:B1:2025-03-22,PV,B1,2025-03-22,2,"[""2025-03-21""]",144,2025-03-21 00:00:00,2025-03-22,2025-03-22,0,80,none,False
PV:B2:2025-03-22,PV,B2,2025-03-22,2,"[""2025-03-15""]",144,2025-03-15 00:00:00,2025-03-16,2025-03-16,0,80,none,False
PV:B3:2025-03-22,PV,B3,2025-03-22,2,"[""2025-03-15"", ""2025-03-16"", ""2025-03-17"", ""2025-03-18"", ""2025-03-19"", ""2025-03-20"", ""2025-03-21""]",1008,2025-03-15 00:00:00,2025-03-22,2025-03-22,0,80,none,False
PV:B4:2025-03-22,PV,B4,2025-03-22,2,"[""2025-01-04"", ""2025-01-11"", ""2025-01-18"", ""2025-01-25"", ""2025-02-01"", ""2025-02-08"", ""2025-02-15"", ""2025-02-22"", ""2025-03-01"", ""2025-03-08"", ""2025-03-15""]",1584,2025-01-04 00:00:00,2025-03-16,2025-03-16,0,80,none,False
Load:B0:2025-03-23,Load,B0,2025-03-23,2,"[""2025-03-22""]",1,2025-03-22 23:50:00,2025-03-23,2025-03-23,0,81,none,False
Load:B1:2025-03-23,Load,B1,2025-03-23,2,"[""2025-03-22""]",144,2025-03-22 00:00:00,2025-03-23,2025-03-23,0,81,none,False
Load:B2:2025-03-23,Load,B2,2025-03-23,2,"[""2025-03-16""]",144,2025-03-16 00:00:00,2025-03-17,2025-03-17,0,81,none,False
Load:B3:2025-03-23,Load,B3,2025-03-23,2,"[""2025-03-16"", ""2025-03-17"", ""2025-03-18"", ""2025-03-19"", ""2025-03-20"", ""2025-03-21"", ""2025-03-22""]",1008,2025-03-16 00:00:00,2025-03-23,2025-03-23,0,81,none,False
Load:B4:2025-03-23,Load,B4,2025-03-23,2,"[""2025-01-05"", ""2025-01-12"", ""2025-01-19"", ""2025-01-26"", ""2025-02-02"", ""2025-02-09"", ""2025-02-16"", ""2025-02-23"", ""2025-03-02"", ""2025-03-09"", ""2025-03-16""]",1584,2025-01-05 00:00:00,2025-03-17,2025-03-17,0,81,none,False
PV:B0:2025-03-23,PV,B0,2025-03-23,2,"[""2025-03-22""]",1,2025-03-22 23:50:00,2025-03-23,2025-03-23,0,81,none,False
PV:B1:2025-03-23,PV,B1,2025-03-23,2,"[""2025-03-22""]",144,2025-03-22 00:00:00,2025-03-23,2025-03-23,0,81,none,False
PV:B2:2025-03-23,PV,B2,2025-03-23,2,"[""2025-03-16""]",144,2025-03-16 00:00:00,2025-03-17,2025-03-17,0,81,none,False
PV:B3:2025-03-23,PV,B3,2025-03-23,2,"[""2025-03-16"", ""2025-03-17"", ""2025-03-18"", ""2025-03-19"", ""2025-03-20"", ""2025-03-21"", ""2025-03-22""]",1008,2025-03-16 00:00:00,2025-03-23,2025-03-23,0,81,none,False
PV:B4:2025-03-23,PV,B4,2025-03-23,2,"[""2025-01-05"", ""2025-01-12"", ""2025-01-19"", ""2025-01-26"", ""2025-02-02"", ""2025-02-09"", ""2025-02-16"", ""2025-02-23"", ""2025-03-02"", ""2025-03-09"", ""2025-03-16""]",1584,2025-01-05 00:00:00,2025-03-17,2025-03-17,0,81,none,False
Load:B0:2025-03-24,Load,B0,2025-03-24,2,"[""2025-03-23""]",1,2025-03-23 23:50:00,2025-03-24,2025-03-24,0,82,none,False
Load:B1:2025-03-24,Load,B1,2025-03-24,2,"[""2025-03-23""]",144,2025-03-23 00:00:00,2025-03-24,2025-03-24,0,82,none,False
Load:B2:2025-03-24,Load,B2,2025-03-24,2,"[""2025-03-17""]",144,2025-03-17 00:00:00,2025-03-18,2025-03-18,0,82,none,False
Load:B3:2025-03-24,Load,B3,2025-03-24,2,"[""2025-03-17"", ""2025-03-18"", ""2025-03-19"", ""2025-03-20"", ""2025-03-21"", ""2025-03-22"", ""2025-03-23""]",1008,2025-03-17 00:00:00,2025-03-24,2025-03-24,0,82,none,False
Load:B4:2025-03-24,Load,B4,2025-03-24,2,"[""2025-01-06"", ""2025-01-13"", ""2025-01-20"", ""2025-01-27"", ""2025-02-03"", ""2025-02-10"", ""2025-02-17"", ""2025-02-24"", ""2025-03-03"", ""2025-03-10"", ""2025-03-17""]",1584,2025-01-06 00:00:00,2025-03-18,2025-03-18,0,82,none,False
PV:B0:2025-03-24,PV,B0,2025-03-24,2,"[""2025-03-23""]",1,2025-03-23 23:50:00,2025-03-24,2025-03-24,0,82,none,False
PV:B1:2025-03-24,PV,B1,2025-03-24,2,"[""2025-03-23""]",144,2025-03-23 00:00:00,2025-03-24,2025-03-24,0,82,none,False
PV:B2:2025-03-24,PV,B2,2025-03-24,2,"[""2025-03-17""]",144,2025-03-17 00:00:00,2025-03-18,2025-03-18,0,82,none,False
PV:B3:2025-03-24,PV,B3,2025-03-24,2,"[""2025-03-17"", ""2025-03-18"", ""2025-03-19"", ""2025-03-20"", ""2025-03-21"", ""2025-03-22"", ""2025-03-23""]",1008,2025-03-17 00:00:00,2025-03-24,2025-03-24,0,82,none,False
PV:B4:2025-03-24,PV,B4,2025-03-24,2,"[""2025-01-06"", ""2025-01-13"", ""2025-01-20"", ""2025-01-27"", ""2025-02-03"", ""2025-02-10"", ""2025-02-17"", ""2025-02-24"", ""2025-03-03"", ""2025-03-10"", ""2025-03-17""]",1584,2025-01-06 00:00:00,2025-03-18,2025-03-18,0,82,none,False
Load:B0:2025-03-25,Load,B0,2025-03-25,2,"[""2025-03-24""]",1,2025-03-24 23:50:00,2025-03-25,2025-03-25,0,83,none,False
Load:B1:2025-03-25,Load,B1,2025-03-25,2,"[""2025-03-24""]",144,2025-03-24 00:00:00,2025-03-25,2025-03-25,0,83,none,False
Load:B2:2025-03-25,Load,B2,2025-03-25,2,"[""2025-03-18""]",144,2025-03-18 00:00:00,2025-03-19,2025-03-19,0,83,none,False
Load:B3:2025-03-25,Load,B3,2025-03-25,2,"[""2025-03-18"", ""2025-03-19"", ""2025-03-20"", ""2025-03-21"", ""2025-03-22"", ""2025-03-23"", ""2025-03-24""]",1008,2025-03-18 00:00:00,2025-03-25,2025-03-25,0,83,none,False
Load:B4:2025-03-25,Load,B4,2025-03-25,2,"[""2025-01-07"", ""2025-01-14"", ""2025-01-21"", ""2025-01-28"", ""2025-02-04"", ""2025-02-11"", ""2025-02-18"", ""2025-02-25"", ""2025-03-04"", ""2025-03-11"", ""2025-03-18""]",1584,2025-01-07 00:00:00,2025-03-19,2025-03-19,0,83,none,False
PV:B0:2025-03-25,PV,B0,2025-03-25,2,"[""2025-03-24""]",1,2025-03-24 23:50:00,2025-03-25,2025-03-25,0,83,none,False
PV:B1:2025-03-25,PV,B1,2025-03-25,2,"[""2025-03-24""]",144,2025-03-24 00:00:00,2025-03-25,2025-03-25,0,83,none,False
PV:B2:2025-03-25,PV,B2,2025-03-25,2,"[""2025-03-18""]",144,2025-03-18 00:00:00,2025-03-19,2025-03-19,0,83,none,False
PV:B3:2025-03-25,PV,B3,2025-03-25,2,"[""2025-03-18"", ""2025-03-19"", ""2025-03-20"", ""2025-03-21"", ""2025-03-22"", ""2025-03-23"", ""2025-03-24""]",1008,2025-03-18 00:00:00,2025-03-25,2025-03-25,0,83,none,False
PV:B4:2025-03-25,PV,B4,2025-03-25,2,"[""2025-01-07"", ""2025-01-14"", ""2025-01-21"", ""2025-01-28"", ""2025-02-04"", ""2025-02-11"", ""2025-02-18"", ""2025-02-25"", ""2025-03-04"", ""2025-03-11"", ""2025-03-18""]",1584,2025-01-07 00:00:00,2025-03-19,2025-03-19,0,83,none,False
Load:B0:2025-03-26,Load,B0,2025-03-26,2,"[""2025-03-25""]",1,2025-03-25 23:50:00,2025-03-26,2025-03-26,0,84,none,False
Load:B1:2025-03-26,Load,B1,2025-03-26,2,"[""2025-03-25""]",144,2025-03-25 00:00:00,2025-03-26,2025-03-26,0,84,none,False
Load:B2:2025-03-26,Load,B2,2025-03-26,2,"[""2025-03-19""]",144,2025-03-19 00:00:00,2025-03-20,2025-03-20,0,84,none,False
Load:B3:2025-03-26,Load,B3,2025-03-26,2,"[""2025-03-19"", ""2025-03-20"", ""2025-03-21"", ""2025-03-22"", ""2025-03-23"", ""2025-03-24"", ""2025-03-25""]",1008,2025-03-19 00:00:00,2025-03-26,2025-03-26,0,84,none,False
Load:B4:2025-03-26,Load,B4,2025-03-26,2,"[""2025-01-01"", ""2025-01-08"", ""2025-01-15"", ""2025-01-22"", ""2025-01-29"", ""2025-02-05"", ""2025-02-12"", ""2025-02-19"", ""2025-02-26"", ""2025-03-05"", ""2025-03-12"", ""2025-03-19""]",1728,2025-01-01 00:00:00,2025-03-20,2025-03-20,0,84,none,False
PV:B0:2025-03-26,PV,B0,2025-03-26,2,"[""2025-03-25""]",1,2025-03-25 23:50:00,2025-03-26,2025-03-26,0,84,none,False
PV:B1:2025-03-26,PV,B1,2025-03-26,2,"[""2025-03-25""]",144,2025-03-25 00:00:00,2025-03-26,2025-03-26,0,84,none,False
PV:B2:2025-03-26,PV,B2,2025-03-26,2,"[""2025-03-19""]",144,2025-03-19 00:00:00,2025-03-20,2025-03-20,0,84,none,False
PV:B3:2025-03-26,PV,B3,2025-03-26,2,"[""2025-03-19"", ""2025-03-20"", ""2025-03-21"", ""2025-03-22"", ""2025-03-23"", ""2025-03-24"", ""2025-03-25""]",1008,2025-03-19 00:00:00,2025-03-26,2025-03-26,0,84,none,False
PV:B4:2025-03-26,PV,B4,2025-03-26,2,"[""2025-01-01"", ""2025-01-08"", ""2025-01-15"", ""2025-01-22"", ""2025-01-29"", ""2025-02-05"", ""2025-02-12"", ""2025-02-19"", ""2025-02-26"", ""2025-03-05"", ""2025-03-12"", ""2025-03-19""]",1728,2025-01-01 00:00:00,2025-03-20,2025-03-20,0,84,none,False
Load:B0:2025-03-27,Load,B0,2025-03-27,2,"[""2025-03-26""]",1,2025-03-26 23:50:00,2025-03-27,2025-03-27,0,85,none,False
Load:B1:2025-03-27,Load,B1,2025-03-27,2,"[""2025-03-26""]",144,2025-03-26 00:00:00,2025-03-27,2025-03-27,0,85,none,False
Load:B2:2025-03-27,Load,B2,2025-03-27,2,"[""2025-03-20""]",144,2025-03-20 00:00:00,2025-03-21,2025-03-21,0,85,none,False
Load:B3:2025-03-27,Load,B3,2025-03-27,2,"[""2025-03-20"", ""2025-03-21"", ""2025-03-22"", ""2025-03-23"", ""2025-03-24"", ""2025-03-25"", ""2025-03-26""]",1008,2025-03-20 00:00:00,2025-03-27,2025-03-27,0,85,none,False
Load:B4:2025-03-27,Load,B4,2025-03-27,2,"[""2025-01-02"", ""2025-01-09"", ""2025-01-16"", ""2025-01-23"", ""2025-01-30"", ""2025-02-06"", ""2025-02-13"", ""2025-02-20"", ""2025-02-27"", ""2025-03-06"", ""2025-03-13"", ""2025-03-20""]",1728,2025-01-02 00:00:00,2025-03-21,2025-03-21,0,85,none,False
PV:B0:2025-03-27,PV,B0,2025-03-27,2,"[""2025-03-26""]",1,2025-03-26 23:50:00,2025-03-27,2025-03-27,0,85,none,False
PV:B1:2025-03-27,PV,B1,2025-03-27,2,"[""2025-03-26""]",144,2025-03-26 00:00:00,2025-03-27,2025-03-27,0,85,none,False
PV:B2:2025-03-27,PV,B2,2025-03-27,2,"[""2025-03-20""]",144,2025-03-20 00:00:00,2025-03-21,2025-03-21,0,85,none,False
PV:B3:2025-03-27,PV,B3,2025-03-27,2,"[""2025-03-20"", ""2025-03-21"", ""2025-03-22"", ""2025-03-23"", ""2025-03-24"", ""2025-03-25"", ""2025-03-26""]",1008,2025-03-20 00:00:00,2025-03-27,2025-03-27,0,85,none,False
PV:B4:2025-03-27,PV,B4,2025-03-27,2,"[""2025-01-02"", ""2025-01-09"", ""2025-01-16"", ""2025-01-23"", ""2025-01-30"", ""2025-02-06"", ""2025-02-13"", ""2025-02-20"", ""2025-02-27"", ""2025-03-06"", ""2025-03-13"", ""2025-03-20""]",1728,2025-01-02 00:00:00,2025-03-21,2025-03-21,0,85,none,False
Load:B0:2025-03-28,Load,B0,2025-03-28,2,"[""2025-03-27""]",1,2025-03-27 23:50:00,2025-03-28,2025-03-28,0,86,none,False
Load:B1:2025-03-28,Load,B1,2025-03-28,2,"[""2025-03-27""]",144,2025-03-27 00:00:00,2025-03-28,2025-03-28,0,86,none,False
Load:B2:2025-03-28,Load,B2,2025-03-28,2,"[""2025-03-21""]",144,2025-03-21 00:00:00,2025-03-22,2025-03-22,0,86,none,False
Load:B3:2025-03-28,Load,B3,2025-03-28,2,"[""2025-03-21"", ""2025-03-22"", ""2025-03-23"", ""2025-03-24"", ""2025-03-25"", ""2025-03-26"", ""2025-03-27""]",1008,2025-03-21 00:00:00,2025-03-28,2025-03-28,0,86,none,False
Load:B4:2025-03-28,Load,B4,2025-03-28,2,"[""2025-01-03"", ""2025-01-10"", ""2025-01-17"", ""2025-01-24"", ""2025-01-31"", ""2025-02-07"", ""2025-02-14"", ""2025-02-21"", ""2025-02-28"", ""2025-03-07"", ""2025-03-14"", ""2025-03-21""]",1728,2025-01-03 00:00:00,2025-03-22,2025-03-22,0,86,none,False
PV:B0:2025-03-28,PV,B0,2025-03-28,2,"[""2025-03-27""]",1,2025-03-27 23:50:00,2025-03-28,2025-03-28,0,86,none,False
PV:B1:2025-03-28,PV,B1,2025-03-28,2,"[""2025-03-27""]",144,2025-03-27 00:00:00,2025-03-28,2025-03-28,0,86,none,False
PV:B2:2025-03-28,PV,B2,2025-03-28,2,"[""2025-03-21""]",144,2025-03-21 00:00:00,2025-03-22,2025-03-22,0,86,none,False
PV:B3:2025-03-28,PV,B3,2025-03-28,2,"[""2025-03-21"", ""2025-03-22"", ""2025-03-23"", ""2025-03-24"", ""2025-03-25"", ""2025-03-26"", ""2025-03-27""]",1008,2025-03-21 00:00:00,2025-03-28,2025-03-28,0,86,none,False
PV:B4:2025-03-28,PV,B4,2025-03-28,2,"[""2025-01-03"", ""2025-01-10"", ""2025-01-17"", ""2025-01-24"", ""2025-01-31"", ""2025-02-07"", ""2025-02-14"", ""2025-02-21"", ""2025-02-28"", ""2025-03-07"", ""2025-03-14"", ""2025-03-21""]",1728,2025-01-03 00:00:00,2025-03-22,2025-03-22,0,86,none,False
Load:B0:2025-03-29,Load,B0,2025-03-29,2,"[""2025-03-28""]",1,2025-03-28 23:50:00,2025-03-29,2025-03-29,0,87,none,False
Load:B1:2025-03-29,Load,B1,2025-03-29,2,"[""2025-03-28""]",144,2025-03-28 00:00:00,2025-03-29,2025-03-29,0,87,none,False
Load:B2:2025-03-29,Load,B2,2025-03-29,2,"[""2025-03-22""]",144,2025-03-22 00:00:00,2025-03-23,2025-03-23,0,87,none,False
Load:B3:2025-03-29,Load,B3,2025-03-29,2,"[""2025-03-22"", ""2025-03-23"", ""2025-03-24"", ""2025-03-25"", ""2025-03-26"", ""2025-03-27"", ""2025-03-28""]",1008,2025-03-22 00:00:00,2025-03-29,2025-03-29,0,87,none,False
Load:B4:2025-03-29,Load,B4,2025-03-29,2,"[""2025-01-04"", ""2025-01-11"", ""2025-01-18"", ""2025-01-25"", ""2025-02-01"", ""2025-02-08"", ""2025-02-15"", ""2025-02-22"", ""2025-03-01"", ""2025-03-08"", ""2025-03-15"", ""2025-03-22""]",1728,2025-01-04 00:00:00,2025-03-23,2025-03-23,0,87,none,False
PV:B0:2025-03-29,PV,B0,2025-03-29,2,"[""2025-03-28""]",1,2025-03-28 23:50:00,2025-03-29,2025-03-29,0,87,none,False
PV:B1:2025-03-29,PV,B1,2025-03-29,2,"[""2025-03-28""]",144,2025-03-28 00:00:00,2025-03-29,2025-03-29,0,87,none,False
PV:B2:2025-03-29,PV,B2,2025-03-29,2,"[""2025-03-22""]",144,2025-03-22 00:00:00,2025-03-23,2025-03-23,0,87,none,False
PV:B3:2025-03-29,PV,B3,2025-03-29,2,"[""2025-03-22"", ""2025-03-23"", ""2025-03-24"", ""2025-03-25"", ""2025-03-26"", ""2025-03-27"", ""2025-03-28""]",1008,2025-03-22 00:00:00,2025-03-29,2025-03-29,0,87,none,False
PV:B4:2025-03-29,PV,B4,2025-03-29,2,"[""2025-01-04"", ""2025-01-11"", ""2025-01-18"", ""2025-01-25"", ""2025-02-01"", ""2025-02-08"", ""2025-02-15"", ""2025-02-22"", ""2025-03-01"", ""2025-03-08"", ""2025-03-15"", ""2025-03-22""]",1728,2025-01-04 00:00:00,2025-03-23,2025-03-23,0,87,none,False
Load:B0:2025-03-30,Load,B0,2025-03-30,2,"[""2025-03-29""]",1,2025-03-29 23:50:00,2025-03-30,2025-03-30,0,88,none,False
Load:B1:2025-03-30,Load,B1,2025-03-30,2,"[""2025-03-29""]",144,2025-03-29 00:00:00,2025-03-30,2025-03-30,0,88,none,False
Load:B2:2025-03-30,Load,B2,2025-03-30,2,"[""2025-03-23""]",144,2025-03-23 00:00:00,2025-03-24,2025-03-24,0,88,none,False
Load:B3:2025-03-30,Load,B3,2025-03-30,2,"[""2025-03-23"", ""2025-03-24"", ""2025-03-25"", ""2025-03-26"", ""2025-03-27"", ""2025-03-28"", ""2025-03-29""]",1008,2025-03-23 00:00:00,2025-03-30,2025-03-30,0,88,none,False
Load:B4:2025-03-30,Load,B4,2025-03-30,2,"[""2025-01-05"", ""2025-01-12"", ""2025-01-19"", ""2025-01-26"", ""2025-02-02"", ""2025-02-09"", ""2025-02-16"", ""2025-02-23"", ""2025-03-02"", ""2025-03-09"", ""2025-03-16"", ""2025-03-23""]",1728,2025-01-05 00:00:00,2025-03-24,2025-03-24,0,88,none,False
PV:B0:2025-03-30,PV,B0,2025-03-30,2,"[""2025-03-29""]",1,2025-03-29 23:50:00,2025-03-30,2025-03-30,0,88,none,False
PV:B1:2025-03-30,PV,B1,2025-03-30,2,"[""2025-03-29""]",144,2025-03-29 00:00:00,2025-03-30,2025-03-30,0,88,none,False
PV:B2:2025-03-30,PV,B2,2025-03-30,2,"[""2025-03-23""]",144,2025-03-23 00:00:00,2025-03-24,2025-03-24,0,88,none,False
PV:B3:2025-03-30,PV,B3,2025-03-30,2,"[""2025-03-23"", ""2025-03-24"", ""2025-03-25"", ""2025-03-26"", ""2025-03-27"", ""2025-03-28"", ""2025-03-29""]",1008,2025-03-23 00:00:00,2025-03-30,2025-03-30,0,88,none,False
PV:B4:2025-03-30,PV,B4,2025-03-30,2,"[""2025-01-05"", ""2025-01-12"", ""2025-01-19"", ""2025-01-26"", ""2025-02-02"", ""2025-02-09"", ""2025-02-16"", ""2025-02-23"", ""2025-03-02"", ""2025-03-09"", ""2025-03-16"", ""2025-03-23""]",1728,2025-01-05 00:00:00,2025-03-24,2025-03-24,0,88,none,False
Load:B0:2025-03-31,Load,B0,2025-03-31,2,"[""2025-03-30""]",1,2025-03-30 23:50:00,2025-03-31,2025-03-31,0,89,none,False
Load:B1:2025-03-31,Load,B1,2025-03-31,2,"[""2025-03-30""]",144,2025-03-30 00:00:00,2025-03-31,2025-03-31,0,89,none,False
Load:B2:2025-03-31,Load,B2,2025-03-31,2,"[""2025-03-24""]",144,2025-03-24 00:00:00,2025-03-25,2025-03-25,0,89,none,False
Load:B3:2025-03-31,Load,B3,2025-03-31,2,"[""2025-03-24"", ""2025-03-25"", ""2025-03-26"", ""2025-03-27"", ""2025-03-28"", ""2025-03-29"", ""2025-03-30""]",1008,2025-03-24 00:00:00,2025-03-31,2025-03-31,0,89,none,False
Load:B4:2025-03-31,Load,B4,2025-03-31,2,"[""2025-01-06"", ""2025-01-13"", ""2025-01-20"", ""2025-01-27"", ""2025-02-03"", ""2025-02-10"", ""2025-02-17"", ""2025-02-24"", ""2025-03-03"", ""2025-03-10"", ""2025-03-17"", ""2025-03-24""]",1728,2025-01-06 00:00:00,2025-03-25,2025-03-25,0,89,none,False
PV:B0:2025-03-31,PV,B0,2025-03-31,2,"[""2025-03-30""]",1,2025-03-30 23:50:00,2025-03-31,2025-03-31,0,89,none,False
PV:B1:2025-03-31,PV,B1,2025-03-31,2,"[""2025-03-30""]",144,2025-03-30 00:00:00,2025-03-31,2025-03-31,0,89,none,False
PV:B2:2025-03-31,PV,B2,2025-03-31,2,"[""2025-03-24""]",144,2025-03-24 00:00:00,2025-03-25,2025-03-25,0,89,none,False
PV:B3:2025-03-31,PV,B3,2025-03-31,2,"[""2025-03-24"", ""2025-03-25"", ""2025-03-26"", ""2025-03-27"", ""2025-03-28"", ""2025-03-29"", ""2025-03-30""]",1008,2025-03-24 00:00:00,2025-03-31,2025-03-31,0,89,none,False
PV:B4:2025-03-31,PV,B4,2025-03-31,2,"[""2025-01-06"", ""2025-01-13"", ""2025-01-20"", ""2025-01-27"", ""2025-02-03"", ""2025-02-10"", ""2025-02-17"", ""2025-02-24"", ""2025-03-03"", ""2025-03-10"", ""2025-03-17"", ""2025-03-24""]",1728,2025-01-06 00:00:00,2025-03-25,2025-03-25,0,89,none,False
Load:B0:2025-04-01,Load,B0,2025-04-01,2,"[""2025-03-31""]",1,2025-03-31 23:50:00,2025-04-01,2025-04-01,0,90,none,False
Load:B1:2025-04-01,Load,B1,2025-04-01,2,"[""2025-03-31""]",144,2025-03-31 00:00:00,2025-04-01,2025-04-01,0,90,none,False
Load:B2:2025-04-01,Load,B2,2025-04-01,2,"[""2025-03-25""]",144,2025-03-25 00:00:00,2025-03-26,2025-03-26,0,90,none,False
Load:B3:2025-04-01,Load,B3,2025-04-01,2,"[""2025-03-25"", ""2025-03-26"", ""2025-03-27"", ""2025-03-28"", ""2025-03-29"", ""2025-03-30"", ""2025-03-31""]",1008,2025-03-25 00:00:00,2025-04-01,2025-04-01,0,90,none,False
Load:B4:2025-04-01,Load,B4,2025-04-01,2,"[""2025-01-07"", ""2025-01-14"", ""2025-01-21"", ""2025-01-28"", ""2025-02-04"", ""2025-02-11"", ""2025-02-18"", ""2025-02-25"", ""2025-03-04"", ""2025-03-11"", ""2025-03-18"", ""2025-03-25""]",1728,2025-01-07 00:00:00,2025-03-26,2025-03-26,0,90,none,False
PV:B0:2025-04-01,PV,B0,2025-04-01,2,"[""2025-03-31""]",1,2025-03-31 23:50:00,2025-04-01,2025-04-01,0,90,none,False
PV:B1:2025-04-01,PV,B1,2025-04-01,2,"[""2025-03-31""]",144,2025-03-31 00:00:00,2025-04-01,2025-04-01,0,90,none,False
PV:B2:2025-04-01,PV,B2,2025-04-01,2,"[""2025-03-25""]",144,2025-03-25 00:00:00,2025-03-26,2025-03-26,0,90,none,False
PV:B3:2025-04-01,PV,B3,2025-04-01,2,"[""2025-03-25"", ""2025-03-26"", ""2025-03-27"", ""2025-03-28"", ""2025-03-29"", ""2025-03-30"", ""2025-03-31""]",1008,2025-03-25 00:00:00,2025-04-01,2025-04-01,0,90,none,False
PV:B4:2025-04-01,PV,B4,2025-04-01,2,"[""2025-01-07"", ""2025-01-14"", ""2025-01-21"", ""2025-01-28"", ""2025-02-04"", ""2025-02-11"", ""2025-02-18"", ""2025-02-25"", ""2025-03-04"", ""2025-03-11"", ""2025-03-18"", ""2025-03-25""]",1728,2025-01-07 00:00:00,2025-03-26,2025-03-26,0,90,none,False
Load:B0:2025-04-02,Load,B0,2025-04-02,2,"[""2025-04-01""]",1,2025-04-01 23:50:00,2025-04-02,2025-04-02,0,91,none,False
Load:B1:2025-04-02,Load,B1,2025-04-02,2,"[""2025-04-01""]",144,2025-04-01 00:00:00,2025-04-02,2025-04-02,0,91,none,False
Load:B2:2025-04-02,Load,B2,2025-04-02,2,"[""2025-03-26""]",144,2025-03-26 00:00:00,2025-03-27,2025-03-27,0,91,none,False
Load:B3:2025-04-02,Load,B3,2025-04-02,2,"[""2025-03-26"", ""2025-03-27"", ""2025-03-28"", ""2025-03-29"", ""2025-03-30"", ""2025-03-31"", ""2025-04-01""]",1008,2025-03-26 00:00:00,2025-04-02,2025-04-02,0,91,none,False
Load:B4:2025-04-02,Load,B4,2025-04-02,2,"[""2025-01-01"", ""2025-01-08"", ""2025-01-15"", ""2025-01-22"", ""2025-01-29"", ""2025-02-05"", ""2025-02-12"", ""2025-02-19"", ""2025-02-26"", ""2025-03-05"", ""2025-03-12"", ""2025-03-19"", ""2025-03-26""]",1872,2025-01-01 00:00:00,2025-03-27,2025-03-27,0,91,none,False
PV:B0:2025-04-02,PV,B0,2025-04-02,2,"[""2025-04-01""]",1,2025-04-01 23:50:00,2025-04-02,2025-04-02,0,91,none,False
PV:B1:2025-04-02,PV,B1,2025-04-02,2,"[""2025-04-01""]",144,2025-04-01 00:00:00,2025-04-02,2025-04-02,0,91,none,False
PV:B2:2025-04-02,PV,B2,2025-04-02,2,"[""2025-03-26""]",144,2025-03-26 00:00:00,2025-03-27,2025-03-27,0,91,none,False
PV:B3:2025-04-02,PV,B3,2025-04-02,2,"[""2025-03-26"", ""2025-03-27"", ""2025-03-28"", ""2025-03-29"", ""2025-03-30"", ""2025-03-31"", ""2025-04-01""]",1008,2025-03-26 00:00:00,2025-04-02,2025-04-02,0,91,none,False
PV:B4:2025-04-02,PV,B4,2025-04-02,2,"[""2025-01-01"", ""2025-01-08"", ""2025-01-15"", ""2025-01-22"", ""2025-01-29"", ""2025-02-05"", ""2025-02-12"", ""2025-02-19"", ""2025-02-26"", ""2025-03-05"", ""2025-03-12"", ""2025-03-19"", ""2025-03-26""]",1872,2025-01-01 00:00:00,2025-03-27,2025-03-27,0,91,none,False
Load:B0:2025-04-03,Load,B0,2025-04-03,2,"[""2025-04-02""]",1,2025-04-02 23:50:00,2025-04-03,2025-04-03,0,92,none,False
Load:B1:2025-04-03,Load,B1,2025-04-03,2,"[""2025-04-02""]",144,2025-04-02 00:00:00,2025-04-03,2025-04-03,0,92,none,False
Load:B2:2025-04-03,Load,B2,2025-04-03,2,"[""2025-03-27""]",144,2025-03-27 00:00:00,2025-03-28,2025-03-28,0,92,none,False
Load:B3:2025-04-03,Load,B3,2025-04-03,2,"[""2025-03-27"", ""2025-03-28"", ""2025-03-29"", ""2025-03-30"", ""2025-03-31"", ""2025-04-01"", ""2025-04-02""]",1008,2025-03-27 00:00:00,2025-04-03,2025-04-03,0,92,none,False
Load:B4:2025-04-03,Load,B4,2025-04-03,2,"[""2025-01-02"", ""2025-01-09"", ""2025-01-16"", ""2025-01-23"", ""2025-01-30"", ""2025-02-06"", ""2025-02-13"", ""2025-02-20"", ""2025-02-27"", ""2025-03-06"", ""2025-03-13"", ""2025-03-20"", ""2025-03-27""]",1872,2025-01-02 00:00:00,2025-03-28,2025-03-28,0,92,none,False
PV:B0:2025-04-03,PV,B0,2025-04-03,2,"[""2025-04-02""]",1,2025-04-02 23:50:00,2025-04-03,2025-04-03,0,92,none,False
PV:B1:2025-04-03,PV,B1,2025-04-03,2,"[""2025-04-02""]",144,2025-04-02 00:00:00,2025-04-03,2025-04-03,0,92,none,False
PV:B2:2025-04-03,PV,B2,2025-04-03,2,"[""2025-03-27""]",144,2025-03-27 00:00:00,2025-03-28,2025-03-28,0,92,none,False
PV:B3:2025-04-03,PV,B3,2025-04-03,2,"[""2025-03-27"", ""2025-03-28"", ""2025-03-29"", ""2025-03-30"", ""2025-03-31"", ""2025-04-01"", ""2025-04-02""]",1008,2025-03-27 00:00:00,2025-04-03,2025-04-03,0,92,none,False
PV:B4:2025-04-03,PV,B4,2025-04-03,2,"[""2025-01-02"", ""2025-01-09"", ""2025-01-16"", ""2025-01-23"", ""2025-01-30"", ""2025-02-06"", ""2025-02-13"", ""2025-02-20"", ""2025-02-27"", ""2025-03-06"", ""2025-03-13"", ""2025-03-20"", ""2025-03-27""]",1872,2025-01-02 00:00:00,2025-03-28,2025-03-28,0,92,none,False
Load:B0:2025-04-04,Load,B0,2025-04-04,2,"[""2025-04-03""]",1,2025-04-03 23:50:00,2025-04-04,2025-04-04,0,93,none,False
Load:B1:2025-04-04,Load,B1,2025-04-04,2,"[""2025-04-03""]",144,2025-04-03 00:00:00,2025-04-04,2025-04-04,0,93,none,False
Load:B2:2025-04-04,Load,B2,2025-04-04,2,"[""2025-03-28""]",144,2025-03-28 00:00:00,2025-03-29,2025-03-29,0,93,none,False
Load:B3:2025-04-04,Load,B3,2025-04-04,2,"[""2025-03-28"", ""2025-03-29"", ""2025-03-30"", ""2025-03-31"", ""2025-04-01"", ""2025-04-02"", ""2025-04-03""]",1008,2025-03-28 00:00:00,2025-04-04,2025-04-04,0,93,none,False
Load:B4:2025-04-04,Load,B4,2025-04-04,2,"[""2025-01-03"", ""2025-01-10"", ""2025-01-17"", ""2025-01-24"", ""2025-01-31"", ""2025-02-07"", ""2025-02-14"", ""2025-02-21"", ""2025-02-28"", ""2025-03-07"", ""2025-03-14"", ""2025-03-21"", ""2025-03-28""]",1872,2025-01-03 00:00:00,2025-03-29,2025-03-29,0,93,none,False
PV:B0:2025-04-04,PV,B0,2025-04-04,2,"[""2025-04-03""]",1,2025-04-03 23:50:00,2025-04-04,2025-04-04,0,93,none,False
PV:B1:2025-04-04,PV,B1,2025-04-04,2,"[""2025-04-03""]",144,2025-04-03 00:00:00,2025-04-04,2025-04-04,0,93,none,False
PV:B2:2025-04-04,PV,B2,2025-04-04,2,"[""2025-03-28""]",144,2025-03-28 00:00:00,2025-03-29,2025-03-29,0,93,none,False
PV:B3:2025-04-04,PV,B3,2025-04-04,2,"[""2025-03-28"", ""2025-03-29"", ""2025-03-30"", ""2025-03-31"", ""2025-04-01"", ""2025-04-02"", ""2025-04-03""]",1008,2025-03-28 00:00:00,2025-04-04,2025-04-04,0,93,none,False
PV:B4:2025-04-04,PV,B4,2025-04-04,2,"[""2025-01-03"", ""2025-01-10"", ""2025-01-17"", ""2025-01-24"", ""2025-01-31"", ""2025-02-07"", ""2025-02-14"", ""2025-02-21"", ""2025-02-28"", ""2025-03-07"", ""2025-03-14"", ""2025-03-21"", ""2025-03-28""]",1872,2025-01-03 00:00:00,2025-03-29,2025-03-29,0,93,none,False
Load:B0:2025-04-05,Load,B0,2025-04-05,2,"[""2025-04-04""]",1,2025-04-04 23:50:00,2025-04-05,2025-04-05,0,94,none,False
Load:B1:2025-04-05,Load,B1,2025-04-05,2,"[""2025-04-04""]",144,2025-04-04 00:00:00,2025-04-05,2025-04-05,0,94,none,False
Load:B2:2025-04-05,Load,B2,2025-04-05,2,"[""2025-03-29""]",144,2025-03-29 00:00:00,2025-03-30,2025-03-30,0,94,none,False
Load:B3:2025-04-05,Load,B3,2025-04-05,2,"[""2025-03-29"", ""2025-03-30"", ""2025-03-31"", ""2025-04-01"", ""2025-04-02"", ""2025-04-03"", ""2025-04-04""]",1008,2025-03-29 00:00:00,2025-04-05,2025-04-05,0,94,none,False
Load:B4:2025-04-05,Load,B4,2025-04-05,2,"[""2025-01-04"", ""2025-01-11"", ""2025-01-18"", ""2025-01-25"", ""2025-02-01"", ""2025-02-08"", ""2025-02-15"", ""2025-02-22"", ""2025-03-01"", ""2025-03-08"", ""2025-03-15"", ""2025-03-22"", ""2025-03-29""]",1872,2025-01-04 00:00:00,2025-03-30,2025-03-30,0,94,none,False
PV:B0:2025-04-05,PV,B0,2025-04-05,2,"[""2025-04-04""]",1,2025-04-04 23:50:00,2025-04-05,2025-04-05,0,94,none,False
PV:B1:2025-04-05,PV,B1,2025-04-05,2,"[""2025-04-04""]",144,2025-04-04 00:00:00,2025-04-05,2025-04-05,0,94,none,False
PV:B2:2025-04-05,PV,B2,2025-04-05,2,"[""2025-03-29""]",144,2025-03-29 00:00:00,2025-03-30,2025-03-30,0,94,none,False
PV:B3:2025-04-05,PV,B3,2025-04-05,2,"[""2025-03-29"", ""2025-03-30"", ""2025-03-31"", ""2025-04-01"", ""2025-04-02"", ""2025-04-03"", ""2025-04-04""]",1008,2025-03-29 00:00:00,2025-04-05,2025-04-05,0,94,none,False
PV:B4:2025-04-05,PV,B4,2025-04-05,2,"[""2025-01-04"", ""2025-01-11"", ""2025-01-18"", ""2025-01-25"", ""2025-02-01"", ""2025-02-08"", ""2025-02-15"", ""2025-02-22"", ""2025-03-01"", ""2025-03-08"", ""2025-03-15"", ""2025-03-22"", ""2025-03-29""]",1872,2025-01-04 00:00:00,2025-03-30,2025-03-30,0,94,none,False
Load:B0:2025-04-06,Load,B0,2025-04-06,2,"[""2025-04-05""]",1,2025-04-05 23:50:00,2025-04-06,2025-04-06,0,95,none,False
Load:B1:2025-04-06,Load,B1,2025-04-06,2,"[""2025-04-05""]",144,2025-04-05 00:00:00,2025-04-06,2025-04-06,0,95,none,False
Load:B2:2025-04-06,Load,B2,2025-04-06,2,"[""2025-03-30""]",144,2025-03-30 00:00:00,2025-03-31,2025-03-31,0,95,none,False
Load:B3:2025-04-06,Load,B3,2025-04-06,2,"[""2025-03-30"", ""2025-03-31"", ""2025-04-01"", ""2025-04-02"", ""2025-04-03"", ""2025-04-04"", ""2025-04-05""]",1008,2025-03-30 00:00:00,2025-04-06,2025-04-06,0,95,none,False
Load:B4:2025-04-06,Load,B4,2025-04-06,2,"[""2025-01-05"", ""2025-01-12"", ""2025-01-19"", ""2025-01-26"", ""2025-02-02"", ""2025-02-09"", ""2025-02-16"", ""2025-02-23"", ""2025-03-02"", ""2025-03-09"", ""2025-03-16"", ""2025-03-23"", ""2025-03-30""]",1872,2025-01-05 00:00:00,2025-03-31,2025-03-31,0,95,none,False
PV:B0:2025-04-06,PV,B0,2025-04-06,2,"[""2025-04-05""]",1,2025-04-05 23:50:00,2025-04-06,2025-04-06,0,95,none,False
PV:B1:2025-04-06,PV,B1,2025-04-06,2,"[""2025-04-05""]",144,2025-04-05 00:00:00,2025-04-06,2025-04-06,0,95,none,False
PV:B2:2025-04-06,PV,B2,2025-04-06,2,"[""2025-03-30""]",144,2025-03-30 00:00:00,2025-03-31,2025-03-31,0,95,none,False
PV:B3:2025-04-06,PV,B3,2025-04-06,2,"[""2025-03-30"", ""2025-03-31"", ""2025-04-01"", ""2025-04-02"", ""2025-04-03"", ""2025-04-04"", ""2025-04-05""]",1008,2025-03-30 00:00:00,2025-04-06,2025-04-06,0,95,none,False
PV:B4:2025-04-06,PV,B4,2025-04-06,2,"[""2025-01-05"", ""2025-01-12"", ""2025-01-19"", ""2025-01-26"", ""2025-02-02"", ""2025-02-09"", ""2025-02-16"", ""2025-02-23"", ""2025-03-02"", ""2025-03-09"", ""2025-03-16"", ""2025-03-23"", ""2025-03-30""]",1872,2025-01-05 00:00:00,2025-03-31,2025-03-31,0,95,none,False
Load:B0:2025-04-07,Load,B0,2025-04-07,2,"[""2025-04-06""]",1,2025-04-06 23:50:00,2025-04-07,2025-04-07,0,96,none,False
Load:B1:2025-04-07,Load,B1,2025-04-07,2,"[""2025-04-06""]",144,2025-04-06 00:00:00,2025-04-07,2025-04-07,0,96,none,False
Load:B2:2025-04-07,Load,B2,2025-04-07,2,"[""2025-03-31""]",144,2025-03-31 00:00:00,2025-04-01,2025-04-01,0,96,none,False
Load:B3:2025-04-07,Load,B3,2025-04-07,2,"[""2025-03-31"", ""2025-04-01"", ""2025-04-02"", ""2025-04-03"", ""2025-04-04"", ""2025-04-05"", ""2025-04-06""]",1008,2025-03-31 00:00:00,2025-04-07,2025-04-07,0,96,none,False
Load:B4:2025-04-07,Load,B4,2025-04-07,2,"[""2025-01-06"", ""2025-01-13"", ""2025-01-20"", ""2025-01-27"", ""2025-02-03"", ""2025-02-10"", ""2025-02-17"", ""2025-02-24"", ""2025-03-03"", ""2025-03-10"", ""2025-03-17"", ""2025-03-24"", ""2025-03-31""]",1872,2025-01-06 00:00:00,2025-04-01,2025-04-01,0,96,none,False
PV:B0:2025-04-07,PV,B0,2025-04-07,2,"[""2025-04-06""]",1,2025-04-06 23:50:00,2025-04-07,2025-04-07,0,96,none,False
PV:B1:2025-04-07,PV,B1,2025-04-07,2,"[""2025-04-06""]",144,2025-04-06 00:00:00,2025-04-07,2025-04-07,0,96,none,False
PV:B2:2025-04-07,PV,B2,2025-04-07,2,"[""2025-03-31""]",144,2025-03-31 00:00:00,2025-04-01,2025-04-01,0,96,none,False
PV:B3:2025-04-07,PV,B3,2025-04-07,2,"[""2025-03-31"", ""2025-04-01"", ""2025-04-02"", ""2025-04-03"", ""2025-04-04"", ""2025-04-05"", ""2025-04-06""]",1008,2025-03-31 00:00:00,2025-04-07,2025-04-07,0,96,none,False
PV:B4:2025-04-07,PV,B4,2025-04-07,2,"[""2025-01-06"", ""2025-01-13"", ""2025-01-20"", ""2025-01-27"", ""2025-02-03"", ""2025-02-10"", ""2025-02-17"", ""2025-02-24"", ""2025-03-03"", ""2025-03-10"", ""2025-03-17"", ""2025-03-24"", ""2025-03-31""]",1872,2025-01-06 00:00:00,2025-04-01,2025-04-01,0,96,none,False
Load:B0:2025-04-08,Load,B0,2025-04-08,2,"[""2025-04-07""]",1,2025-04-07 23:50:00,2025-04-08,2025-04-08,0,97,none,False
Load:B1:2025-04-08,Load,B1,2025-04-08,2,"[""2025-04-07""]",144,2025-04-07 00:00:00,2025-04-08,2025-04-08,0,97,none,False
Load:B2:2025-04-08,Load,B2,2025-04-08,2,"[""2025-04-01""]",144,2025-04-01 00:00:00,2025-04-02,2025-04-02,0,97,none,False
Load:B3:2025-04-08,Load,B3,2025-04-08,2,"[""2025-04-01"", ""2025-04-02"", ""2025-04-03"", ""2025-04-04"", ""2025-04-05"", ""2025-04-06"", ""2025-04-07""]",1008,2025-04-01 00:00:00,2025-04-08,2025-04-08,0,97,none,False
Load:B4:2025-04-08,Load,B4,2025-04-08,2,"[""2025-01-07"", ""2025-01-14"", ""2025-01-21"", ""2025-01-28"", ""2025-02-04"", ""2025-02-11"", ""2025-02-18"", ""2025-02-25"", ""2025-03-04"", ""2025-03-11"", ""2025-03-18"", ""2025-03-25"", ""2025-04-01""]",1872,2025-01-07 00:00:00,2025-04-02,2025-04-02,0,97,none,False
PV:B0:2025-04-08,PV,B0,2025-04-08,2,"[""2025-04-07""]",1,2025-04-07 23:50:00,2025-04-08,2025-04-08,0,97,none,False
PV:B1:2025-04-08,PV,B1,2025-04-08,2,"[""2025-04-07""]",144,2025-04-07 00:00:00,2025-04-08,2025-04-08,0,97,none,False
PV:B2:2025-04-08,PV,B2,2025-04-08,2,"[""2025-04-01""]",144,2025-04-01 00:00:00,2025-04-02,2025-04-02,0,97,none,False
PV:B3:2025-04-08,PV,B3,2025-04-08,2,"[""2025-04-01"", ""2025-04-02"", ""2025-04-03"", ""2025-04-04"", ""2025-04-05"", ""2025-04-06"", ""2025-04-07""]",1008,2025-04-01 00:00:00,2025-04-08,2025-04-08,0,97,none,False
PV:B4:2025-04-08,PV,B4,2025-04-08,2,"[""2025-01-07"", ""2025-01-14"", ""2025-01-21"", ""2025-01-28"", ""2025-02-04"", ""2025-02-11"", ""2025-02-18"", ""2025-02-25"", ""2025-03-04"", ""2025-03-11"", ""2025-03-18"", ""2025-03-25"", ""2025-04-01""]",1872,2025-01-07 00:00:00,2025-04-02,2025-04-02,0,97,none,False
Load:B0:2025-04-09,Load,B0,2025-04-09,2,"[""2025-04-08""]",1,2025-04-08 23:50:00,2025-04-09,2025-04-09,0,98,none,False
Load:B1:2025-04-09,Load,B1,2025-04-09,2,"[""2025-04-08""]",144,2025-04-08 00:00:00,2025-04-09,2025-04-09,0,98,none,False
Load:B2:2025-04-09,Load,B2,2025-04-09,2,"[""2025-04-02""]",144,2025-04-02 00:00:00,2025-04-03,2025-04-03,0,98,none,False
Load:B3:2025-04-09,Load,B3,2025-04-09,2,"[""2025-04-02"", ""2025-04-03"", ""2025-04-04"", ""2025-04-05"", ""2025-04-06"", ""2025-04-07"", ""2025-04-08""]",1008,2025-04-02 00:00:00,2025-04-09,2025-04-09,0,98,none,False
Load:B4:2025-04-09,Load,B4,2025-04-09,2,"[""2025-01-01"", ""2025-01-08"", ""2025-01-15"", ""2025-01-22"", ""2025-01-29"", ""2025-02-05"", ""2025-02-12"", ""2025-02-19"", ""2025-02-26"", ""2025-03-05"", ""2025-03-12"", ""2025-03-19"", ""2025-03-26"", ""2025-04-02""]",2016,2025-01-01 00:00:00,2025-04-03,2025-04-03,0,98,none,False
PV:B0:2025-04-09,PV,B0,2025-04-09,2,"[""2025-04-08""]",1,2025-04-08 23:50:00,2025-04-09,2025-04-09,0,98,none,False
PV:B1:2025-04-09,PV,B1,2025-04-09,2,"[""2025-04-08""]",144,2025-04-08 00:00:00,2025-04-09,2025-04-09,0,98,none,False
PV:B2:2025-04-09,PV,B2,2025-04-09,2,"[""2025-04-02""]",144,2025-04-02 00:00:00,2025-04-03,2025-04-03,0,98,none,False
PV:B3:2025-04-09,PV,B3,2025-04-09,2,"[""2025-04-02"", ""2025-04-03"", ""2025-04-04"", ""2025-04-05"", ""2025-04-06"", ""2025-04-07"", ""2025-04-08""]",1008,2025-04-02 00:00:00,2025-04-09,2025-04-09,0,98,none,False
PV:B4:2025-04-09,PV,B4,2025-04-09,2,"[""2025-01-01"", ""2025-01-08"", ""2025-01-15"", ""2025-01-22"", ""2025-01-29"", ""2025-02-05"", ""2025-02-12"", ""2025-02-19"", ""2025-02-26"", ""2025-03-05"", ""2025-03-12"", ""2025-03-19"", ""2025-03-26"", ""2025-04-02""]",2016,2025-01-01 00:00:00,2025-04-03,2025-04-03,0,98,none,False
Load:B0:2025-04-10,Load,B0,2025-04-10,2,"[""2025-04-09""]",1,2025-04-09 23:50:00,2025-04-10,2025-04-10,0,99,none,False
Load:B1:2025-04-10,Load,B1,2025-04-10,2,"[""2025-04-09""]",144,2025-04-09 00:00:00,2025-04-10,2025-04-10,0,99,none,False
Load:B2:2025-04-10,Load,B2,2025-04-10,2,"[""2025-04-03""]",144,2025-04-03 00:00:00,2025-04-04,2025-04-04,0,99,none,False
Load:B3:2025-04-10,Load,B3,2025-04-10,2,"[""2025-04-03"", ""2025-04-04"", ""2025-04-05"", ""2025-04-06"", ""2025-04-07"", ""2025-04-08"", ""2025-04-09""]",1008,2025-04-03 00:00:00,2025-04-10,2025-04-10,0,99,none,False
Load:B4:2025-04-10,Load,B4,2025-04-10,2,"[""2025-01-02"", ""2025-01-09"", ""2025-01-16"", ""2025-01-23"", ""2025-01-30"", ""2025-02-06"", ""2025-02-13"", ""2025-02-20"", ""2025-02-27"", ""2025-03-06"", ""2025-03-13"", ""2025-03-20"", ""2025-03-27"", ""2025-04-03""]",2016,2025-01-02 00:00:00,2025-04-04,2025-04-04,0,99,none,False
PV:B0:2025-04-10,PV,B0,2025-04-10,2,"[""2025-04-09""]",1,2025-04-09 23:50:00,2025-04-10,2025-04-10,0,99,none,False
PV:B1:2025-04-10,PV,B1,2025-04-10,2,"[""2025-04-09""]",144,2025-04-09 00:00:00,2025-04-10,2025-04-10,0,99,none,False
PV:B2:2025-04-10,PV,B2,2025-04-10,2,"[""2025-04-03""]",144,2025-04-03 00:00:00,2025-04-04,2025-04-04,0,99,none,False
PV:B3:2025-04-10,PV,B3,2025-04-10,2,"[""2025-04-03"", ""2025-04-04"", ""2025-04-05"", ""2025-04-06"", ""2025-04-07"", ""2025-04-08"", ""2025-04-09""]",1008,2025-04-03 00:00:00,2025-04-10,2025-04-10,0,99,none,False
PV:B4:2025-04-10,PV,B4,2025-04-10,2,"[""2025-01-02"", ""2025-01-09"", ""2025-01-16"", ""2025-01-23"", ""2025-01-30"", ""2025-02-06"", ""2025-02-13"", ""2025-02-20"", ""2025-02-27"", ""2025-03-06"", ""2025-03-13"", ""2025-03-20"", ""2025-03-27"", ""2025-04-03""]",2016,2025-01-02 00:00:00,2025-04-04,2025-04-04,0,99,none,False
Load:B0:2025-04-11,Load,B0,2025-04-11,2,"[""2025-04-10""]",1,2025-04-10 23:50:00,2025-04-11,2025-04-11,0,100,none,False
Load:B1:2025-04-11,Load,B1,2025-04-11,2,"[""2025-04-10""]",144,2025-04-10 00:00:00,2025-04-11,2025-04-11,0,100,none,False
Load:B2:2025-04-11,Load,B2,2025-04-11,2,"[""2025-04-04""]",144,2025-04-04 00:00:00,2025-04-05,2025-04-05,0,100,none,False
Load:B3:2025-04-11,Load,B3,2025-04-11,2,"[""2025-04-04"", ""2025-04-05"", ""2025-04-06"", ""2025-04-07"", ""2025-04-08"", ""2025-04-09"", ""2025-04-10""]",1008,2025-04-04 00:00:00,2025-04-11,2025-04-11,0,100,none,False
Load:B4:2025-04-11,Load,B4,2025-04-11,2,"[""2025-01-03"", ""2025-01-10"", ""2025-01-17"", ""2025-01-24"", ""2025-01-31"", ""2025-02-07"", ""2025-02-14"", ""2025-02-21"", ""2025-02-28"", ""2025-03-07"", ""2025-03-14"", ""2025-03-21"", ""2025-03-28"", ""2025-04-04""]",2016,2025-01-03 00:00:00,2025-04-05,2025-04-05,0,100,none,False
PV:B0:2025-04-11,PV,B0,2025-04-11,2,"[""2025-04-10""]",1,2025-04-10 23:50:00,2025-04-11,2025-04-11,0,100,none,False
PV:B1:2025-04-11,PV,B1,2025-04-11,2,"[""2025-04-10""]",144,2025-04-10 00:00:00,2025-04-11,2025-04-11,0,100,none,False
PV:B2:2025-04-11,PV,B2,2025-04-11,2,"[""2025-04-04""]",144,2025-04-04 00:00:00,2025-04-05,2025-04-05,0,100,none,False
PV:B3:2025-04-11,PV,B3,2025-04-11,2,"[""2025-04-04"", ""2025-04-05"", ""2025-04-06"", ""2025-04-07"", ""2025-04-08"", ""2025-04-09"", ""2025-04-10""]",1008,2025-04-04 00:00:00,2025-04-11,2025-04-11,0,100,none,False
PV:B4:2025-04-11,PV,B4,2025-04-11,2,"[""2025-01-03"", ""2025-01-10"", ""2025-01-17"", ""2025-01-24"", ""2025-01-31"", ""2025-02-07"", ""2025-02-14"", ""2025-02-21"", ""2025-02-28"", ""2025-03-07"", ""2025-03-14"", ""2025-03-21"", ""2025-03-28"", ""2025-04-04""]",2016,2025-01-03 00:00:00,2025-04-05,2025-04-05,0,100,none,False
Load:B0:2025-04-12,Load,B0,2025-04-12,2,"[""2025-04-11""]",1,2025-04-11 23:50:00,2025-04-12,2025-04-12,0,101,none,False
Load:B1:2025-04-12,Load,B1,2025-04-12,2,"[""2025-04-11""]",144,2025-04-11 00:00:00,2025-04-12,2025-04-12,0,101,none,False
Load:B2:2025-04-12,Load,B2,2025-04-12,2,"[""2025-04-05""]",144,2025-04-05 00:00:00,2025-04-06,2025-04-06,0,101,none,False
Load:B3:2025-04-12,Load,B3,2025-04-12,2,"[""2025-04-05"", ""2025-04-06"", ""2025-04-07"", ""2025-04-08"", ""2025-04-09"", ""2025-04-10"", ""2025-04-11""]",1008,2025-04-05 00:00:00,2025-04-12,2025-04-12,0,101,none,False
Load:B4:2025-04-12,Load,B4,2025-04-12,2,"[""2025-01-04"", ""2025-01-11"", ""2025-01-18"", ""2025-01-25"", ""2025-02-01"", ""2025-02-08"", ""2025-02-15"", ""2025-02-22"", ""2025-03-01"", ""2025-03-08"", ""2025-03-15"", ""2025-03-22"", ""2025-03-29"", ""2025-04-05""]",2016,2025-01-04 00:00:00,2025-04-06,2025-04-06,0,101,none,False
PV:B0:2025-04-12,PV,B0,2025-04-12,2,"[""2025-04-11""]",1,2025-04-11 23:50:00,2025-04-12,2025-04-12,0,101,none,False
PV:B1:2025-04-12,PV,B1,2025-04-12,2,"[""2025-04-11""]",144,2025-04-11 00:00:00,2025-04-12,2025-04-12,0,101,none,False
PV:B2:2025-04-12,PV,B2,2025-04-12,2,"[""2025-04-05""]",144,2025-04-05 00:00:00,2025-04-06,2025-04-06,0,101,none,False
PV:B3:2025-04-12,PV,B3,2025-04-12,2,"[""2025-04-05"", ""2025-04-06"", ""2025-04-07"", ""2025-04-08"", ""2025-04-09"", ""2025-04-10"", ""2025-04-11""]",1008,2025-04-05 00:00:00,2025-04-12,2025-04-12,0,101,none,False
PV:B4:2025-04-12,PV,B4,2025-04-12,2,"[""2025-01-04"", ""2025-01-11"", ""2025-01-18"", ""2025-01-25"", ""2025-02-01"", ""2025-02-08"", ""2025-02-15"", ""2025-02-22"", ""2025-03-01"", ""2025-03-08"", ""2025-03-15"", ""2025-03-22"", ""2025-03-29"", ""2025-04-05""]",2016,2025-01-04 00:00:00,2025-04-06,2025-04-06,0,101,none,False
Load:B0:2025-04-13,Load,B0,2025-04-13,2,"[""2025-04-12""]",1,2025-04-12 23:50:00,2025-04-13,2025-04-13,0,102,none,False
Load:B1:2025-04-13,Load,B1,2025-04-13,2,"[""2025-04-12""]",144,2025-04-12 00:00:00,2025-04-13,2025-04-13,0,102,none,False
Load:B2:2025-04-13,Load,B2,2025-04-13,2,"[""2025-04-06""]",144,2025-04-06 00:00:00,2025-04-07,2025-04-07,0,102,none,False
Load:B3:2025-04-13,Load,B3,2025-04-13,2,"[""2025-04-06"", ""2025-04-07"", ""2025-04-08"", ""2025-04-09"", ""2025-04-10"", ""2025-04-11"", ""2025-04-12""]",1008,2025-04-06 00:00:00,2025-04-13,2025-04-13,0,102,none,False
Load:B4:2025-04-13,Load,B4,2025-04-13,2,"[""2025-01-05"", ""2025-01-12"", ""2025-01-19"", ""2025-01-26"", ""2025-02-02"", ""2025-02-09"", ""2025-02-16"", ""2025-02-23"", ""2025-03-02"", ""2025-03-09"", ""2025-03-16"", ""2025-03-23"", ""2025-03-30"", ""2025-04-06""]",2016,2025-01-05 00:00:00,2025-04-07,2025-04-07,0,102,none,False
PV:B0:2025-04-13,PV,B0,2025-04-13,2,"[""2025-04-12""]",1,2025-04-12 23:50:00,2025-04-13,2025-04-13,0,102,none,False
PV:B1:2025-04-13,PV,B1,2025-04-13,2,"[""2025-04-12""]",144,2025-04-12 00:00:00,2025-04-13,2025-04-13,0,102,none,False
PV:B2:2025-04-13,PV,B2,2025-04-13,2,"[""2025-04-06""]",144,2025-04-06 00:00:00,2025-04-07,2025-04-07,0,102,none,False
PV:B3:2025-04-13,PV,B3,2025-04-13,2,"[""2025-04-06"", ""2025-04-07"", ""2025-04-08"", ""2025-04-09"", ""2025-04-10"", ""2025-04-11"", ""2025-04-12""]",1008,2025-04-06 00:00:00,2025-04-13,2025-04-13,0,102,none,False
PV:B4:2025-04-13,PV,B4,2025-04-13,2,"[""2025-01-05"", ""2025-01-12"", ""2025-01-19"", ""2025-01-26"", ""2025-02-02"", ""2025-02-09"", ""2025-02-16"", ""2025-02-23"", ""2025-03-02"", ""2025-03-09"", ""2025-03-16"", ""2025-03-23"", ""2025-03-30"", ""2025-04-06""]",2016,2025-01-05 00:00:00,2025-04-07,2025-04-07,0,102,none,False
Load:B0:2025-04-14,Load,B0,2025-04-14,2,"[""2025-04-13""]",1,2025-04-13 23:50:00,2025-04-14,2025-04-14,0,103,none,False
Load:B1:2025-04-14,Load,B1,2025-04-14,2,"[""2025-04-13""]",144,2025-04-13 00:00:00,2025-04-14,2025-04-14,0,103,none,False
Load:B2:2025-04-14,Load,B2,2025-04-14,2,"[""2025-04-07""]",144,2025-04-07 00:00:00,2025-04-08,2025-04-08,0,103,none,False
Load:B3:2025-04-14,Load,B3,2025-04-14,2,"[""2025-04-07"", ""2025-04-08"", ""2025-04-09"", ""2025-04-10"", ""2025-04-11"", ""2025-04-12"", ""2025-04-13""]",1008,2025-04-07 00:00:00,2025-04-14,2025-04-14,0,103,none,False
Load:B4:2025-04-14,Load,B4,2025-04-14,2,"[""2025-01-06"", ""2025-01-13"", ""2025-01-20"", ""2025-01-27"", ""2025-02-03"", ""2025-02-10"", ""2025-02-17"", ""2025-02-24"", ""2025-03-03"", ""2025-03-10"", ""2025-03-17"", ""2025-03-24"", ""2025-03-31"", ""2025-04-07""]",2016,2025-01-06 00:00:00,2025-04-08,2025-04-08,0,103,none,False
PV:B0:2025-04-14,PV,B0,2025-04-14,2,"[""2025-04-13""]",1,2025-04-13 23:50:00,2025-04-14,2025-04-14,0,103,none,False
PV:B1:2025-04-14,PV,B1,2025-04-14,2,"[""2025-04-13""]",144,2025-04-13 00:00:00,2025-04-14,2025-04-14,0,103,none,False
PV:B2:2025-04-14,PV,B2,2025-04-14,2,"[""2025-04-07""]",144,2025-04-07 00:00:00,2025-04-08,2025-04-08,0,103,none,False
PV:B3:2025-04-14,PV,B3,2025-04-14,2,"[""2025-04-07"", ""2025-04-08"", ""2025-04-09"", ""2025-04-10"", ""2025-04-11"", ""2025-04-12"", ""2025-04-13""]",1008,2025-04-07 00:00:00,2025-04-14,2025-04-14,0,103,none,False
PV:B4:2025-04-14,PV,B4,2025-04-14,2,"[""2025-01-06"", ""2025-01-13"", ""2025-01-20"", ""2025-01-27"", ""2025-02-03"", ""2025-02-10"", ""2025-02-17"", ""2025-02-24"", ""2025-03-03"", ""2025-03-10"", ""2025-03-17"", ""2025-03-24"", ""2025-03-31"", ""2025-04-07""]",2016,2025-01-06 00:00:00,2025-04-08,2025-04-08,0,103,none,False
Load:B0:2025-04-15,Load,B0,2025-04-15,2,"[""2025-04-14""]",1,2025-04-14 23:50:00,2025-04-15,2025-04-15,0,104,none,False
Load:B1:2025-04-15,Load,B1,2025-04-15,2,"[""2025-04-14""]",144,2025-04-14 00:00:00,2025-04-15,2025-04-15,0,104,none,False
Load:B2:2025-04-15,Load,B2,2025-04-15,2,"[""2025-04-08""]",144,2025-04-08 00:00:00,2025-04-09,2025-04-09,0,104,none,False
Load:B3:2025-04-15,Load,B3,2025-04-15,2,"[""2025-04-08"", ""2025-04-09"", ""2025-04-10"", ""2025-04-11"", ""2025-04-12"", ""2025-04-13"", ""2025-04-14""]",1008,2025-04-08 00:00:00,2025-04-15,2025-04-15,0,104,none,False
Load:B4:2025-04-15,Load,B4,2025-04-15,2,"[""2025-01-07"", ""2025-01-14"", ""2025-01-21"", ""2025-01-28"", ""2025-02-04"", ""2025-02-11"", ""2025-02-18"", ""2025-02-25"", ""2025-03-04"", ""2025-03-11"", ""2025-03-18"", ""2025-03-25"", ""2025-04-01"", ""2025-04-08""]",2016,2025-01-07 00:00:00,2025-04-09,2025-04-09,0,104,none,False
PV:B0:2025-04-15,PV,B0,2025-04-15,2,"[""2025-04-14""]",1,2025-04-14 23:50:00,2025-04-15,2025-04-15,0,104,none,False
PV:B1:2025-04-15,PV,B1,2025-04-15,2,"[""2025-04-14""]",144,2025-04-14 00:00:00,2025-04-15,2025-04-15,0,104,none,False
PV:B2:2025-04-15,PV,B2,2025-04-15,2,"[""2025-04-08""]",144,2025-04-08 00:00:00,2025-04-09,2025-04-09,0,104,none,False
PV:B3:2025-04-15,PV,B3,2025-04-15,2,"[""2025-04-08"", ""2025-04-09"", ""2025-04-10"", ""2025-04-11"", ""2025-04-12"", ""2025-04-13"", ""2025-04-14""]",1008,2025-04-08 00:00:00,2025-04-15,2025-04-15,0,104,none,False
PV:B4:2025-04-15,PV,B4,2025-04-15,2,"[""2025-01-07"", ""2025-01-14"", ""2025-01-21"", ""2025-01-28"", ""2025-02-04"", ""2025-02-11"", ""2025-02-18"", ""2025-02-25"", ""2025-03-04"", ""2025-03-11"", ""2025-03-18"", ""2025-03-25"", ""2025-04-01"", ""2025-04-08""]",2016,2025-01-07 00:00:00,2025-04-09,2025-04-09,0,104,none,False
Load:B0:2025-04-16,Load,B0,2025-04-16,2,"[""2025-04-15""]",1,2025-04-15 23:50:00,2025-04-16,2025-04-16,0,105,none,False
Load:B1:2025-04-16,Load,B1,2025-04-16,2,"[""2025-04-15""]",144,2025-04-15 00:00:00,2025-04-16,2025-04-16,0,105,none,False
Load:B2:2025-04-16,Load,B2,2025-04-16,2,"[""2025-04-09""]",144,2025-04-09 00:00:00,2025-04-10,2025-04-10,0,105,none,False
Load:B3:2025-04-16,Load,B3,2025-04-16,2,"[""2025-04-09"", ""2025-04-10"", ""2025-04-11"", ""2025-04-12"", ""2025-04-13"", ""2025-04-14"", ""2025-04-15""]",1008,2025-04-09 00:00:00,2025-04-16,2025-04-16,0,105,none,False
Load:B4:2025-04-16,Load,B4,2025-04-16,2,"[""2025-01-01"", ""2025-01-08"", ""2025-01-15"", ""2025-01-22"", ""2025-01-29"", ""2025-02-05"", ""2025-02-12"", ""2025-02-19"", ""2025-02-26"", ""2025-03-05"", ""2025-03-12"", ""2025-03-19"", ""2025-03-26"", ""2025-04-02"", ""2025-04-09""]",2160,2025-01-01 00:00:00,2025-04-10,2025-04-10,0,105,none,False
PV:B0:2025-04-16,PV,B0,2025-04-16,2,"[""2025-04-15""]",1,2025-04-15 23:50:00,2025-04-16,2025-04-16,0,105,none,False
PV:B1:2025-04-16,PV,B1,2025-04-16,2,"[""2025-04-15""]",144,2025-04-15 00:00:00,2025-04-16,2025-04-16,0,105,none,False
PV:B2:2025-04-16,PV,B2,2025-04-16,2,"[""2025-04-09""]",144,2025-04-09 00:00:00,2025-04-10,2025-04-10,0,105,none,False
PV:B3:2025-04-16,PV,B3,2025-04-16,2,"[""2025-04-09"", ""2025-04-10"", ""2025-04-11"", ""2025-04-12"", ""2025-04-13"", ""2025-04-14"", ""2025-04-15""]",1008,2025-04-09 00:00:00,2025-04-16,2025-04-16,0,105,none,False
PV:B4:2025-04-16,PV,B4,2025-04-16,2,"[""2025-01-01"", ""2025-01-08"", ""2025-01-15"", ""2025-01-22"", ""2025-01-29"", ""2025-02-05"", ""2025-02-12"", ""2025-02-19"", ""2025-02-26"", ""2025-03-05"", ""2025-03-12"", ""2025-03-19"", ""2025-03-26"", ""2025-04-02"", ""2025-04-09""]",2160,2025-01-01 00:00:00,2025-04-10,2025-04-10,0,105,none,False
Load:B0:2025-04-17,Load,B0,2025-04-17,2,"[""2025-04-16""]",1,2025-04-16 23:50:00,2025-04-17,2025-04-17,0,106,none,False
Load:B1:2025-04-17,Load,B1,2025-04-17,2,"[""2025-04-16""]",144,2025-04-16 00:00:00,2025-04-17,2025-04-17,0,106,none,False
Load:B2:2025-04-17,Load,B2,2025-04-17,2,"[""2025-04-10""]",144,2025-04-10 00:00:00,2025-04-11,2025-04-11,0,106,none,False
Load:B3:2025-04-17,Load,B3,2025-04-17,2,"[""2025-04-10"", ""2025-04-11"", ""2025-04-12"", ""2025-04-13"", ""2025-04-14"", ""2025-04-15"", ""2025-04-16""]",1008,2025-04-10 00:00:00,2025-04-17,2025-04-17,0,106,none,False
Load:B4:2025-04-17,Load,B4,2025-04-17,2,"[""2025-01-02"", ""2025-01-09"", ""2025-01-16"", ""2025-01-23"", ""2025-01-30"", ""2025-02-06"", ""2025-02-13"", ""2025-02-20"", ""2025-02-27"", ""2025-03-06"", ""2025-03-13"", ""2025-03-20"", ""2025-03-27"", ""2025-04-03"", ""2025-04-10""]",2160,2025-01-02 00:00:00,2025-04-11,2025-04-11,0,106,none,False
PV:B0:2025-04-17,PV,B0,2025-04-17,2,"[""2025-04-16""]",1,2025-04-16 23:50:00,2025-04-17,2025-04-17,0,106,none,False
PV:B1:2025-04-17,PV,B1,2025-04-17,2,"[""2025-04-16""]",144,2025-04-16 00:00:00,2025-04-17,2025-04-17,0,106,none,False
PV:B2:2025-04-17,PV,B2,2025-04-17,2,"[""2025-04-10""]",144,2025-04-10 00:00:00,2025-04-11,2025-04-11,0,106,none,False
PV:B3:2025-04-17,PV,B3,2025-04-17,2,"[""2025-04-10"", ""2025-04-11"", ""2025-04-12"", ""2025-04-13"", ""2025-04-14"", ""2025-04-15"", ""2025-04-16""]",1008,2025-04-10 00:00:00,2025-04-17,2025-04-17,0,106,none,False
PV:B4:2025-04-17,PV,B4,2025-04-17,2,"[""2025-01-02"", ""2025-01-09"", ""2025-01-16"", ""2025-01-23"", ""2025-01-30"", ""2025-02-06"", ""2025-02-13"", ""2025-02-20"", ""2025-02-27"", ""2025-03-06"", ""2025-03-13"", ""2025-03-20"", ""2025-03-27"", ""2025-04-03"", ""2025-04-10""]",2160,2025-01-02 00:00:00,2025-04-11,2025-04-11,0,106,none,False
Load:B0:2025-04-18,Load,B0,2025-04-18,2,"[""2025-04-17""]",1,2025-04-17 23:50:00,2025-04-18,2025-04-18,0,107,none,False
Load:B1:2025-04-18,Load,B1,2025-04-18,2,"[""2025-04-17""]",144,2025-04-17 00:00:00,2025-04-18,2025-04-18,0,107,none,False
Load:B2:2025-04-18,Load,B2,2025-04-18,2,"[""2025-04-11""]",144,2025-04-11 00:00:00,2025-04-12,2025-04-12,0,107,none,False
Load:B3:2025-04-18,Load,B3,2025-04-18,2,"[""2025-04-11"", ""2025-04-12"", ""2025-04-13"", ""2025-04-14"", ""2025-04-15"", ""2025-04-16"", ""2025-04-17""]",1008,2025-04-11 00:00:00,2025-04-18,2025-04-18,0,107,none,False
Load:B4:2025-04-18,Load,B4,2025-04-18,2,"[""2025-01-03"", ""2025-01-10"", ""2025-01-17"", ""2025-01-24"", ""2025-01-31"", ""2025-02-07"", ""2025-02-14"", ""2025-02-21"", ""2025-02-28"", ""2025-03-07"", ""2025-03-14"", ""2025-03-21"", ""2025-03-28"", ""2025-04-04"", ""2025-04-11""]",2160,2025-01-03 00:00:00,2025-04-12,2025-04-12,0,107,none,False
PV:B0:2025-04-18,PV,B0,2025-04-18,2,"[""2025-04-17""]",1,2025-04-17 23:50:00,2025-04-18,2025-04-18,0,107,none,False
PV:B1:2025-04-18,PV,B1,2025-04-18,2,"[""2025-04-17""]",144,2025-04-17 00:00:00,2025-04-18,2025-04-18,0,107,none,False
PV:B2:2025-04-18,PV,B2,2025-04-18,2,"[""2025-04-11""]",144,2025-04-11 00:00:00,2025-04-12,2025-04-12,0,107,none,False
PV:B3:2025-04-18,PV,B3,2025-04-18,2,"[""2025-04-11"", ""2025-04-12"", ""2025-04-13"", ""2025-04-14"", ""2025-04-15"", ""2025-04-16"", ""2025-04-17""]",1008,2025-04-11 00:00:00,2025-04-18,2025-04-18,0,107,none,False
PV:B4:2025-04-18,PV,B4,2025-04-18,2,"[""2025-01-03"", ""2025-01-10"", ""2025-01-17"", ""2025-01-24"", ""2025-01-31"", ""2025-02-07"", ""2025-02-14"", ""2025-02-21"", ""2025-02-28"", ""2025-03-07"", ""2025-03-14"", ""2025-03-21"", ""2025-03-28"", ""2025-04-04"", ""2025-04-11""]",2160,2025-01-03 00:00:00,2025-04-12,2025-04-12,0,107,none,False
Load:B0:2025-04-19,Load,B0,2025-04-19,2,"[""2025-04-18""]",1,2025-04-18 23:50:00,2025-04-19,2025-04-19,0,108,none,False
Load:B1:2025-04-19,Load,B1,2025-04-19,2,"[""2025-04-18""]",144,2025-04-18 00:00:00,2025-04-19,2025-04-19,0,108,none,False
Load:B2:2025-04-19,Load,B2,2025-04-19,2,"[""2025-04-12""]",144,2025-04-12 00:00:00,2025-04-13,2025-04-13,0,108,none,False
Load:B3:2025-04-19,Load,B3,2025-04-19,2,"[""2025-04-12"", ""2025-04-13"", ""2025-04-14"", ""2025-04-15"", ""2025-04-16"", ""2025-04-17"", ""2025-04-18""]",1008,2025-04-12 00:00:00,2025-04-19,2025-04-19,0,108,none,False
Load:B4:2025-04-19,Load,B4,2025-04-19,2,"[""2025-01-04"", ""2025-01-11"", ""2025-01-18"", ""2025-01-25"", ""2025-02-01"", ""2025-02-08"", ""2025-02-15"", ""2025-02-22"", ""2025-03-01"", ""2025-03-08"", ""2025-03-15"", ""2025-03-22"", ""2025-03-29"", ""2025-04-05"", ""2025-04-12""]",2160,2025-01-04 00:00:00,2025-04-13,2025-04-13,0,108,none,False
PV:B0:2025-04-19,PV,B0,2025-04-19,2,"[""2025-04-18""]",1,2025-04-18 23:50:00,2025-04-19,2025-04-19,0,108,none,False
PV:B1:2025-04-19,PV,B1,2025-04-19,2,"[""2025-04-18""]",144,2025-04-18 00:00:00,2025-04-19,2025-04-19,0,108,none,False
PV:B2:2025-04-19,PV,B2,2025-04-19,2,"[""2025-04-12""]",144,2025-04-12 00:00:00,2025-04-13,2025-04-13,0,108,none,False
PV:B3:2025-04-19,PV,B3,2025-04-19,2,"[""2025-04-12"", ""2025-04-13"", ""2025-04-14"", ""2025-04-15"", ""2025-04-16"", ""2025-04-17"", ""2025-04-18""]",1008,2025-04-12 00:00:00,2025-04-19,2025-04-19,0,108,none,False
PV:B4:2025-04-19,PV,B4,2025-04-19,2,"[""2025-01-04"", ""2025-01-11"", ""2025-01-18"", ""2025-01-25"", ""2025-02-01"", ""2025-02-08"", ""2025-02-15"", ""2025-02-22"", ""2025-03-01"", ""2025-03-08"", ""2025-03-15"", ""2025-03-22"", ""2025-03-29"", ""2025-04-05"", ""2025-04-12""]",2160,2025-01-04 00:00:00,2025-04-13,2025-04-13,0,108,none,False
Load:B0:2025-04-20,Load,B0,2025-04-20,2,"[""2025-04-19""]",1,2025-04-19 23:50:00,2025-04-20,2025-04-20,0,109,none,False
Load:B1:2025-04-20,Load,B1,2025-04-20,2,"[""2025-04-19""]",144,2025-04-19 00:00:00,2025-04-20,2025-04-20,0,109,none,False
Load:B2:2025-04-20,Load,B2,2025-04-20,2,"[""2025-04-13""]",144,2025-04-13 00:00:00,2025-04-14,2025-04-14,0,109,none,False
Load:B3:2025-04-20,Load,B3,2025-04-20,2,"[""2025-04-13"", ""2025-04-14"", ""2025-04-15"", ""2025-04-16"", ""2025-04-17"", ""2025-04-18"", ""2025-04-19""]",1008,2025-04-13 00:00:00,2025-04-20,2025-04-20,0,109,none,False
Load:B4:2025-04-20,Load,B4,2025-04-20,2,"[""2025-01-05"", ""2025-01-12"", ""2025-01-19"", ""2025-01-26"", ""2025-02-02"", ""2025-02-09"", ""2025-02-16"", ""2025-02-23"", ""2025-03-02"", ""2025-03-09"", ""2025-03-16"", ""2025-03-23"", ""2025-03-30"", ""2025-04-06"", ""2025-04-13""]",2160,2025-01-05 00:00:00,2025-04-14,2025-04-14,0,109,none,False
PV:B0:2025-04-20,PV,B0,2025-04-20,2,"[""2025-04-19""]",1,2025-04-19 23:50:00,2025-04-20,2025-04-20,0,109,none,False
PV:B1:2025-04-20,PV,B1,2025-04-20,2,"[""2025-04-19""]",144,2025-04-19 00:00:00,2025-04-20,2025-04-20,0,109,none,False
PV:B2:2025-04-20,PV,B2,2025-04-20,2,"[""2025-04-13""]",144,2025-04-13 00:00:00,2025-04-14,2025-04-14,0,109,none,False
PV:B3:2025-04-20,PV,B3,2025-04-20,2,"[""2025-04-13"", ""2025-04-14"", ""2025-04-15"", ""2025-04-16"", ""2025-04-17"", ""2025-04-18"", ""2025-04-19""]",1008,2025-04-13 00:00:00,2025-04-20,2025-04-20,0,109,none,False
PV:B4:2025-04-20,PV,B4,2025-04-20,2,"[""2025-01-05"", ""2025-01-12"", ""2025-01-19"", ""2025-01-26"", ""2025-02-02"", ""2025-02-09"", ""2025-02-16"", ""2025-02-23"", ""2025-03-02"", ""2025-03-09"", ""2025-03-16"", ""2025-03-23"", ""2025-03-30"", ""2025-04-06"", ""2025-04-13""]",2160,2025-01-05 00:00:00,2025-04-14,2025-04-14,0,109,none,False
Load:B0:2025-04-21,Load,B0,2025-04-21,2,"[""2025-04-20""]",1,2025-04-20 23:50:00,2025-04-21,2025-04-21,0,110,none,False
Load:B1:2025-04-21,Load,B1,2025-04-21,2,"[""2025-04-20""]",144,2025-04-20 00:00:00,2025-04-21,2025-04-21,0,110,none,False
Load:B2:2025-04-21,Load,B2,2025-04-21,2,"[""2025-04-14""]",144,2025-04-14 00:00:00,2025-04-15,2025-04-15,0,110,none,False
Load:B3:2025-04-21,Load,B3,2025-04-21,2,"[""2025-04-14"", ""2025-04-15"", ""2025-04-16"", ""2025-04-17"", ""2025-04-18"", ""2025-04-19"", ""2025-04-20""]",1008,2025-04-14 00:00:00,2025-04-21,2025-04-21,0,110,none,False
Load:B4:2025-04-21,Load,B4,2025-04-21,2,"[""2025-01-06"", ""2025-01-13"", ""2025-01-20"", ""2025-01-27"", ""2025-02-03"", ""2025-02-10"", ""2025-02-17"", ""2025-02-24"", ""2025-03-03"", ""2025-03-10"", ""2025-03-17"", ""2025-03-24"", ""2025-03-31"", ""2025-04-07"", ""2025-04-14""]",2160,2025-01-06 00:00:00,2025-04-15,2025-04-15,0,110,none,False
PV:B0:2025-04-21,PV,B0,2025-04-21,2,"[""2025-04-20""]",1,2025-04-20 23:50:00,2025-04-21,2025-04-21,0,110,none,False
PV:B1:2025-04-21,PV,B1,2025-04-21,2,"[""2025-04-20""]",144,2025-04-20 00:00:00,2025-04-21,2025-04-21,0,110,none,False
PV:B2:2025-04-21,PV,B2,2025-04-21,2,"[""2025-04-14""]",144,2025-04-14 00:00:00,2025-04-15,2025-04-15,0,110,none,False
PV:B3:2025-04-21,PV,B3,2025-04-21,2,"[""2025-04-14"", ""2025-04-15"", ""2025-04-16"", ""2025-04-17"", ""2025-04-18"", ""2025-04-19"", ""2025-04-20""]",1008,2025-04-14 00:00:00,2025-04-21,2025-04-21,0,110,none,False
PV:B4:2025-04-21,PV,B4,2025-04-21,2,"[""2025-01-06"", ""2025-01-13"", ""2025-01-20"", ""2025-01-27"", ""2025-02-03"", ""2025-02-10"", ""2025-02-17"", ""2025-02-24"", ""2025-03-03"", ""2025-03-10"", ""2025-03-17"", ""2025-03-24"", ""2025-03-31"", ""2025-04-07"", ""2025-04-14""]",2160,2025-01-06 00:00:00,2025-04-15,2025-04-15,0,110,none,False
Load:B0:2025-04-22,Load,B0,2025-04-22,2,"[""2025-04-21""]",1,2025-04-21 23:50:00,2025-04-22,2025-04-22,0,111,none,False
Load:B1:2025-04-22,Load,B1,2025-04-22,2,"[""2025-04-21""]",144,2025-04-21 00:00:00,2025-04-22,2025-04-22,0,111,none,False
Load:B2:2025-04-22,Load,B2,2025-04-22,2,"[""2025-04-15""]",144,2025-04-15 00:00:00,2025-04-16,2025-04-16,0,111,none,False
Load:B3:2025-04-22,Load,B3,2025-04-22,2,"[""2025-04-15"", ""2025-04-16"", ""2025-04-17"", ""2025-04-18"", ""2025-04-19"", ""2025-04-20"", ""2025-04-21""]",1008,2025-04-15 00:00:00,2025-04-22,2025-04-22,0,111,none,False
Load:B4:2025-04-22,Load,B4,2025-04-22,2,"[""2025-01-07"", ""2025-01-14"", ""2025-01-21"", ""2025-01-28"", ""2025-02-04"", ""2025-02-11"", ""2025-02-18"", ""2025-02-25"", ""2025-03-04"", ""2025-03-11"", ""2025-03-18"", ""2025-03-25"", ""2025-04-01"", ""2025-04-08"", ""2025-04-15""]",2160,2025-01-07 00:00:00,2025-04-16,2025-04-16,0,111,none,False
PV:B0:2025-04-22,PV,B0,2025-04-22,2,"[""2025-04-21""]",1,2025-04-21 23:50:00,2025-04-22,2025-04-22,0,111,none,False
PV:B1:2025-04-22,PV,B1,2025-04-22,2,"[""2025-04-21""]",144,2025-04-21 00:00:00,2025-04-22,2025-04-22,0,111,none,False
PV:B2:2025-04-22,PV,B2,2025-04-22,2,"[""2025-04-15""]",144,2025-04-15 00:00:00,2025-04-16,2025-04-16,0,111,none,False
PV:B3:2025-04-22,PV,B3,2025-04-22,2,"[""2025-04-15"", ""2025-04-16"", ""2025-04-17"", ""2025-04-18"", ""2025-04-19"", ""2025-04-20"", ""2025-04-21""]",1008,2025-04-15 00:00:00,2025-04-22,2025-04-22,0,111,none,False
PV:B4:2025-04-22,PV,B4,2025-04-22,2,"[""2025-01-07"", ""2025-01-14"", ""2025-01-21"", ""2025-01-28"", ""2025-02-04"", ""2025-02-11"", ""2025-02-18"", ""2025-02-25"", ""2025-03-04"", ""2025-03-11"", ""2025-03-18"", ""2025-03-25"", ""2025-04-01"", ""2025-04-08"", ""2025-04-15""]",2160,2025-01-07 00:00:00,2025-04-16,2025-04-16,0,111,none,False
Load:B0:2025-04-23,Load,B0,2025-04-23,2,"[""2025-04-22""]",1,2025-04-22 23:50:00,2025-04-23,2025-04-23,0,112,none,False
Load:B1:2025-04-23,Load,B1,2025-04-23,2,"[""2025-04-22""]",144,2025-04-22 00:00:00,2025-04-23,2025-04-23,0,112,none,False
Load:B2:2025-04-23,Load,B2,2025-04-23,2,"[""2025-04-16""]",144,2025-04-16 00:00:00,2025-04-17,2025-04-17,0,112,none,False
Load:B3:2025-04-23,Load,B3,2025-04-23,2,"[""2025-04-16"", ""2025-04-17"", ""2025-04-18"", ""2025-04-19"", ""2025-04-20"", ""2025-04-21"", ""2025-04-22""]",1008,2025-04-16 00:00:00,2025-04-23,2025-04-23,0,112,none,False
Load:B4:2025-04-23,Load,B4,2025-04-23,2,"[""2025-01-01"", ""2025-01-08"", ""2025-01-15"", ""2025-01-22"", ""2025-01-29"", ""2025-02-05"", ""2025-02-12"", ""2025-02-19"", ""2025-02-26"", ""2025-03-05"", ""2025-03-12"", ""2025-03-19"", ""2025-03-26"", ""2025-04-02"", ""2025-04-09"", ""2025-04-16""]",2304,2025-01-01 00:00:00,2025-04-17,2025-04-17,0,112,none,False
PV:B0:2025-04-23,PV,B0,2025-04-23,2,"[""2025-04-22""]",1,2025-04-22 23:50:00,2025-04-23,2025-04-23,0,112,none,False
PV:B1:2025-04-23,PV,B1,2025-04-23,2,"[""2025-04-22""]",144,2025-04-22 00:00:00,2025-04-23,2025-04-23,0,112,none,False
PV:B2:2025-04-23,PV,B2,2025-04-23,2,"[""2025-04-16""]",144,2025-04-16 00:00:00,2025-04-17,2025-04-17,0,112,none,False
PV:B3:2025-04-23,PV,B3,2025-04-23,2,"[""2025-04-16"", ""2025-04-17"", ""2025-04-18"", ""2025-04-19"", ""2025-04-20"", ""2025-04-21"", ""2025-04-22""]",1008,2025-04-16 00:00:00,2025-04-23,2025-04-23,0,112,none,False
PV:B4:2025-04-23,PV,B4,2025-04-23,2,"[""2025-01-01"", ""2025-01-08"", ""2025-01-15"", ""2025-01-22"", ""2025-01-29"", ""2025-02-05"", ""2025-02-12"", ""2025-02-19"", ""2025-02-26"", ""2025-03-05"", ""2025-03-12"", ""2025-03-19"", ""2025-03-26"", ""2025-04-02"", ""2025-04-09"", ""2025-04-16""]",2304,2025-01-01 00:00:00,2025-04-17,2025-04-17,0,112,none,False
Load:B0:2025-04-24,Load,B0,2025-04-24,2,"[""2025-04-23""]",1,2025-04-23 23:50:00,2025-04-24,2025-04-24,0,113,none,False
Load:B1:2025-04-24,Load,B1,2025-04-24,2,"[""2025-04-23""]",144,2025-04-23 00:00:00,2025-04-24,2025-04-24,0,113,none,False
Load:B2:2025-04-24,Load,B2,2025-04-24,2,"[""2025-04-17""]",144,2025-04-17 00:00:00,2025-04-18,2025-04-18,0,113,none,False
Load:B3:2025-04-24,Load,B3,2025-04-24,2,"[""2025-04-17"", ""2025-04-18"", ""2025-04-19"", ""2025-04-20"", ""2025-04-21"", ""2025-04-22"", ""2025-04-23""]",1008,2025-04-17 00:00:00,2025-04-24,2025-04-24,0,113,none,False
Load:B4:2025-04-24,Load,B4,2025-04-24,2,"[""2025-01-02"", ""2025-01-09"", ""2025-01-16"", ""2025-01-23"", ""2025-01-30"", ""2025-02-06"", ""2025-02-13"", ""2025-02-20"", ""2025-02-27"", ""2025-03-06"", ""2025-03-13"", ""2025-03-20"", ""2025-03-27"", ""2025-04-03"", ""2025-04-10"", ""2025-04-17""]",2304,2025-01-02 00:00:00,2025-04-18,2025-04-18,0,113,none,False
PV:B0:2025-04-24,PV,B0,2025-04-24,2,"[""2025-04-23""]",1,2025-04-23 23:50:00,2025-04-24,2025-04-24,0,113,none,False
PV:B1:2025-04-24,PV,B1,2025-04-24,2,"[""2025-04-23""]",144,2025-04-23 00:00:00,2025-04-24,2025-04-24,0,113,none,False
PV:B2:2025-04-24,PV,B2,2025-04-24,2,"[""2025-04-17""]",144,2025-04-17 00:00:00,2025-04-18,2025-04-18,0,113,none,False
PV:B3:2025-04-24,PV,B3,2025-04-24,2,"[""2025-04-17"", ""2025-04-18"", ""2025-04-19"", ""2025-04-20"", ""2025-04-21"", ""2025-04-22"", ""2025-04-23""]",1008,2025-04-17 00:00:00,2025-04-24,2025-04-24,0,113,none,False
PV:B4:2025-04-24,PV,B4,2025-04-24,2,"[""2025-01-02"", ""2025-01-09"", ""2025-01-16"", ""2025-01-23"", ""2025-01-30"", ""2025-02-06"", ""2025-02-13"", ""2025-02-20"", ""2025-02-27"", ""2025-03-06"", ""2025-03-13"", ""2025-03-20"", ""2025-03-27"", ""2025-04-03"", ""2025-04-10"", ""2025-04-17""]",2304,2025-01-02 00:00:00,2025-04-18,2025-04-18,0,113,none,False
Load:B0:2025-04-25,Load,B0,2025-04-25,2,"[""2025-04-24""]",1,2025-04-24 23:50:00,2025-04-25,2025-04-25,0,114,none,False
Load:B1:2025-04-25,Load,B1,2025-04-25,2,"[""2025-04-24""]",144,2025-04-24 00:00:00,2025-04-25,2025-04-25,0,114,none,False
Load:B2:2025-04-25,Load,B2,2025-04-25,2,"[""2025-04-18""]",144,2025-04-18 00:00:00,2025-04-19,2025-04-19,0,114,none,False
Load:B3:2025-04-25,Load,B3,2025-04-25,2,"[""2025-04-18"", ""2025-04-19"", ""2025-04-20"", ""2025-04-21"", ""2025-04-22"", ""2025-04-23"", ""2025-04-24""]",1008,2025-04-18 00:00:00,2025-04-25,2025-04-25,0,114,none,False
Load:B4:2025-04-25,Load,B4,2025-04-25,2,"[""2025-01-03"", ""2025-01-10"", ""2025-01-17"", ""2025-01-24"", ""2025-01-31"", ""2025-02-07"", ""2025-02-14"", ""2025-02-21"", ""2025-02-28"", ""2025-03-07"", ""2025-03-14"", ""2025-03-21"", ""2025-03-28"", ""2025-04-04"", ""2025-04-11"", ""2025-04-18""]",2304,2025-01-03 00:00:00,2025-04-19,2025-04-19,0,114,none,False
PV:B0:2025-04-25,PV,B0,2025-04-25,2,"[""2025-04-24""]",1,2025-04-24 23:50:00,2025-04-25,2025-04-25,0,114,none,False
PV:B1:2025-04-25,PV,B1,2025-04-25,2,"[""2025-04-24""]",144,2025-04-24 00:00:00,2025-04-25,2025-04-25,0,114,none,False
PV:B2:2025-04-25,PV,B2,2025-04-25,2,"[""2025-04-18""]",144,2025-04-18 00:00:00,2025-04-19,2025-04-19,0,114,none,False
PV:B3:2025-04-25,PV,B3,2025-04-25,2,"[""2025-04-18"", ""2025-04-19"", ""2025-04-20"", ""2025-04-21"", ""2025-04-22"", ""2025-04-23"", ""2025-04-24""]",1008,2025-04-18 00:00:00,2025-04-25,2025-04-25,0,114,none,False
PV:B4:2025-04-25,PV,B4,2025-04-25,2,"[""2025-01-03"", ""2025-01-10"", ""2025-01-17"", ""2025-01-24"", ""2025-01-31"", ""2025-02-07"", ""2025-02-14"", ""2025-02-21"", ""2025-02-28"", ""2025-03-07"", ""2025-03-14"", ""2025-03-21"", ""2025-03-28"", ""2025-04-04"", ""2025-04-11"", ""2025-04-18""]",2304,2025-01-03 00:00:00,2025-04-19,2025-04-19,0,114,none,False
Load:B0:2025-04-26,Load,B0,2025-04-26,2,"[""2025-04-25""]",1,2025-04-25 23:50:00,2025-04-26,2025-04-26,0,115,none,False
Load:B1:2025-04-26,Load,B1,2025-04-26,2,"[""2025-04-25""]",144,2025-04-25 00:00:00,2025-04-26,2025-04-26,0,115,none,False
Load:B2:2025-04-26,Load,B2,2025-04-26,2,"[""2025-04-19""]",144,2025-04-19 00:00:00,2025-04-20,2025-04-20,0,115,none,False
Load:B3:2025-04-26,Load,B3,2025-04-26,2,"[""2025-04-19"", ""2025-04-20"", ""2025-04-21"", ""2025-04-22"", ""2025-04-23"", ""2025-04-24"", ""2025-04-25""]",1008,2025-04-19 00:00:00,2025-04-26,2025-04-26,0,115,none,False
Load:B4:2025-04-26,Load,B4,2025-04-26,2,"[""2025-01-04"", ""2025-01-11"", ""2025-01-18"", ""2025-01-25"", ""2025-02-01"", ""2025-02-08"", ""2025-02-15"", ""2025-02-22"", ""2025-03-01"", ""2025-03-08"", ""2025-03-15"", ""2025-03-22"", ""2025-03-29"", ""2025-04-05"", ""2025-04-12"", ""2025-04-19""]",2304,2025-01-04 00:00:00,2025-04-20,2025-04-20,0,115,none,False
PV:B0:2025-04-26,PV,B0,2025-04-26,2,"[""2025-04-25""]",1,2025-04-25 23:50:00,2025-04-26,2025-04-26,0,115,none,False
PV:B1:2025-04-26,PV,B1,2025-04-26,2,"[""2025-04-25""]",144,2025-04-25 00:00:00,2025-04-26,2025-04-26,0,115,none,False
PV:B2:2025-04-26,PV,B2,2025-04-26,2,"[""2025-04-19""]",144,2025-04-19 00:00:00,2025-04-20,2025-04-20,0,115,none,False
PV:B3:2025-04-26,PV,B3,2025-04-26,2,"[""2025-04-19"", ""2025-04-20"", ""2025-04-21"", ""2025-04-22"", ""2025-04-23"", ""2025-04-24"", ""2025-04-25""]",1008,2025-04-19 00:00:00,2025-04-26,2025-04-26,0,115,none,False
PV:B4:2025-04-26,PV,B4,2025-04-26,2,"[""2025-01-04"", ""2025-01-11"", ""2025-01-18"", ""2025-01-25"", ""2025-02-01"", ""2025-02-08"", ""2025-02-15"", ""2025-02-22"", ""2025-03-01"", ""2025-03-08"", ""2025-03-15"", ""2025-03-22"", ""2025-03-29"", ""2025-04-05"", ""2025-04-12"", ""2025-04-19""]",2304,2025-01-04 00:00:00,2025-04-20,2025-04-20,0,115,none,False
Load:B0:2025-04-27,Load,B0,2025-04-27,2,"[""2025-04-26""]",1,2025-04-26 23:50:00,2025-04-27,2025-04-27,0,116,none,False
Load:B1:2025-04-27,Load,B1,2025-04-27,2,"[""2025-04-26""]",144,2025-04-26 00:00:00,2025-04-27,2025-04-27,0,116,none,False
Load:B2:2025-04-27,Load,B2,2025-04-27,2,"[""2025-04-20""]",144,2025-04-20 00:00:00,2025-04-21,2025-04-21,0,116,none,False
Load:B3:2025-04-27,Load,B3,2025-04-27,2,"[""2025-04-20"", ""2025-04-21"", ""2025-04-22"", ""2025-04-23"", ""2025-04-24"", ""2025-04-25"", ""2025-04-26""]",1008,2025-04-20 00:00:00,2025-04-27,2025-04-27,0,116,none,False
Load:B4:2025-04-27,Load,B4,2025-04-27,2,"[""2025-01-05"", ""2025-01-12"", ""2025-01-19"", ""2025-01-26"", ""2025-02-02"", ""2025-02-09"", ""2025-02-16"", ""2025-02-23"", ""2025-03-02"", ""2025-03-09"", ""2025-03-16"", ""2025-03-23"", ""2025-03-30"", ""2025-04-06"", ""2025-04-13"", ""2025-04-20""]",2304,2025-01-05 00:00:00,2025-04-21,2025-04-21,0,116,none,False
PV:B0:2025-04-27,PV,B0,2025-04-27,2,"[""2025-04-26""]",1,2025-04-26 23:50:00,2025-04-27,2025-04-27,0,116,none,False
PV:B1:2025-04-27,PV,B1,2025-04-27,2,"[""2025-04-26""]",144,2025-04-26 00:00:00,2025-04-27,2025-04-27,0,116,none,False
PV:B2:2025-04-27,PV,B2,2025-04-27,2,"[""2025-04-20""]",144,2025-04-20 00:00:00,2025-04-21,2025-04-21,0,116,none,False
PV:B3:2025-04-27,PV,B3,2025-04-27,2,"[""2025-04-20"", ""2025-04-21"", ""2025-04-22"", ""2025-04-23"", ""2025-04-24"", ""2025-04-25"", ""2025-04-26""]",1008,2025-04-20 00:00:00,2025-04-27,2025-04-27,0,116,none,False
PV:B4:2025-04-27,PV,B4,2025-04-27,2,"[""2025-01-05"", ""2025-01-12"", ""2025-01-19"", ""2025-01-26"", ""2025-02-02"", ""2025-02-09"", ""2025-02-16"", ""2025-02-23"", ""2025-03-02"", ""2025-03-09"", ""2025-03-16"", ""2025-03-23"", ""2025-03-30"", ""2025-04-06"", ""2025-04-13"", ""2025-04-20""]",2304,2025-01-05 00:00:00,2025-04-21,2025-04-21,0,116,none,False
Load:B0:2025-04-28,Load,B0,2025-04-28,2,"[""2025-04-27""]",1,2025-04-27 23:50:00,2025-04-28,2025-04-28,0,117,none,False
Load:B1:2025-04-28,Load,B1,2025-04-28,2,"[""2025-04-27""]",144,2025-04-27 00:00:00,2025-04-28,2025-04-28,0,117,none,False
Load:B2:2025-04-28,Load,B2,2025-04-28,2,"[""2025-04-21""]",144,2025-04-21 00:00:00,2025-04-22,2025-04-22,0,117,none,False
Load:B3:2025-04-28,Load,B3,2025-04-28,2,"[""2025-04-21"", ""2025-04-22"", ""2025-04-23"", ""2025-04-24"", ""2025-04-25"", ""2025-04-26"", ""2025-04-27""]",1008,2025-04-21 00:00:00,2025-04-28,2025-04-28,0,117,none,False
Load:B4:2025-04-28,Load,B4,2025-04-28,2,"[""2025-01-06"", ""2025-01-13"", ""2025-01-20"", ""2025-01-27"", ""2025-02-03"", ""2025-02-10"", ""2025-02-17"", ""2025-02-24"", ""2025-03-03"", ""2025-03-10"", ""2025-03-17"", ""2025-03-24"", ""2025-03-31"", ""2025-04-07"", ""2025-04-14"", ""2025-04-21""]",2304,2025-01-06 00:00:00,2025-04-22,2025-04-22,0,117,none,False
PV:B0:2025-04-28,PV,B0,2025-04-28,2,"[""2025-04-27""]",1,2025-04-27 23:50:00,2025-04-28,2025-04-28,0,117,none,False
PV:B1:2025-04-28,PV,B1,2025-04-28,2,"[""2025-04-27""]",144,2025-04-27 00:00:00,2025-04-28,2025-04-28,0,117,none,False
PV:B2:2025-04-28,PV,B2,2025-04-28,2,"[""2025-04-21""]",144,2025-04-21 00:00:00,2025-04-22,2025-04-22,0,117,none,False
PV:B3:2025-04-28,PV,B3,2025-04-28,2,"[""2025-04-21"", ""2025-04-22"", ""2025-04-23"", ""2025-04-24"", ""2025-04-25"", ""2025-04-26"", ""2025-04-27""]",1008,2025-04-21 00:00:00,2025-04-28,2025-04-28,0,117,none,False
PV:B4:2025-04-28,PV,B4,2025-04-28,2,"[""2025-01-06"", ""2025-01-13"", ""2025-01-20"", ""2025-01-27"", ""2025-02-03"", ""2025-02-10"", ""2025-02-17"", ""2025-02-24"", ""2025-03-03"", ""2025-03-10"", ""2025-03-17"", ""2025-03-24"", ""2025-03-31"", ""2025-04-07"", ""2025-04-14"", ""2025-04-21""]",2304,2025-01-06 00:00:00,2025-04-22,2025-04-22,0,117,none,False
Load:B0:2025-04-29,Load,B0,2025-04-29,2,"[""2025-04-28""]",1,2025-04-28 23:50:00,2025-04-29,2025-04-29,0,118,none,False
Load:B1:2025-04-29,Load,B1,2025-04-29,2,"[""2025-04-28""]",144,2025-04-28 00:00:00,2025-04-29,2025-04-29,0,118,none,False
Load:B2:2025-04-29,Load,B2,2025-04-29,2,"[""2025-04-22""]",144,2025-04-22 00:00:00,2025-04-23,2025-04-23,0,118,none,False
Load:B3:2025-04-29,Load,B3,2025-04-29,2,"[""2025-04-22"", ""2025-04-23"", ""2025-04-24"", ""2025-04-25"", ""2025-04-26"", ""2025-04-27"", ""2025-04-28""]",1008,2025-04-22 00:00:00,2025-04-29,2025-04-29,0,118,none,False
Load:B4:2025-04-29,Load,B4,2025-04-29,2,"[""2025-01-07"", ""2025-01-14"", ""2025-01-21"", ""2025-01-28"", ""2025-02-04"", ""2025-02-11"", ""2025-02-18"", ""2025-02-25"", ""2025-03-04"", ""2025-03-11"", ""2025-03-18"", ""2025-03-25"", ""2025-04-01"", ""2025-04-08"", ""2025-04-15"", ""2025-04-22""]",2304,2025-01-07 00:00:00,2025-04-23,2025-04-23,0,118,none,False
PV:B0:2025-04-29,PV,B0,2025-04-29,2,"[""2025-04-28""]",1,2025-04-28 23:50:00,2025-04-29,2025-04-29,0,118,none,False
PV:B1:2025-04-29,PV,B1,2025-04-29,2,"[""2025-04-28""]",144,2025-04-28 00:00:00,2025-04-29,2025-04-29,0,118,none,False
PV:B2:2025-04-29,PV,B2,2025-04-29,2,"[""2025-04-22""]",144,2025-04-22 00:00:00,2025-04-23,2025-04-23,0,118,none,False
PV:B3:2025-04-29,PV,B3,2025-04-29,2,"[""2025-04-22"", ""2025-04-23"", ""2025-04-24"", ""2025-04-25"", ""2025-04-26"", ""2025-04-27"", ""2025-04-28""]",1008,2025-04-22 00:00:00,2025-04-29,2025-04-29,0,118,none,False
PV:B4:2025-04-29,PV,B4,2025-04-29,2,"[""2025-01-07"", ""2025-01-14"", ""2025-01-21"", ""2025-01-28"", ""2025-02-04"", ""2025-02-11"", ""2025-02-18"", ""2025-02-25"", ""2025-03-04"", ""2025-03-11"", ""2025-03-18"", ""2025-03-25"", ""2025-04-01"", ""2025-04-08"", ""2025-04-15"", ""2025-04-22""]",2304,2025-01-07 00:00:00,2025-04-23,2025-04-23,0,118,none,False
Load:B0:2025-04-30,Load,B0,2025-04-30,2,"[""2025-04-29""]",1,2025-04-29 23:50:00,2025-04-30,2025-04-30,0,119,none,False
Load:B1:2025-04-30,Load,B1,2025-04-30,2,"[""2025-04-29""]",144,2025-04-29 00:00:00,2025-04-30,2025-04-30,0,119,none,False
Load:B2:2025-04-30,Load,B2,2025-04-30,2,"[""2025-04-23""]",144,2025-04-23 00:00:00,2025-04-24,2025-04-24,0,119,none,False
Load:B3:2025-04-30,Load,B3,2025-04-30,2,"[""2025-04-23"", ""2025-04-24"", ""2025-04-25"", ""2025-04-26"", ""2025-04-27"", ""2025-04-28"", ""2025-04-29""]",1008,2025-04-23 00:00:00,2025-04-30,2025-04-30,0,119,none,False
Load:B4:2025-04-30,Load,B4,2025-04-30,2,"[""2025-01-01"", ""2025-01-08"", ""2025-01-15"", ""2025-01-22"", ""2025-01-29"", ""2025-02-05"", ""2025-02-12"", ""2025-02-19"", ""2025-02-26"", ""2025-03-05"", ""2025-03-12"", ""2025-03-19"", ""2025-03-26"", ""2025-04-02"", ""2025-04-09"", ""2025-04-16"", ""2025-04-23""]",2448,2025-01-01 00:00:00,2025-04-24,2025-04-24,0,119,none,False
PV:B0:2025-04-30,PV,B0,2025-04-30,2,"[""2025-04-29""]",1,2025-04-29 23:50:00,2025-04-30,2025-04-30,0,119,none,False
PV:B1:2025-04-30,PV,B1,2025-04-30,2,"[""2025-04-29""]",144,2025-04-29 00:00:00,2025-04-30,2025-04-30,0,119,none,False
PV:B2:2025-04-30,PV,B2,2025-04-30,2,"[""2025-04-23""]",144,2025-04-23 00:00:00,2025-04-24,2025-04-24,0,119,none,False
PV:B3:2025-04-30,PV,B3,2025-04-30,2,"[""2025-04-23"", ""2025-04-24"", ""2025-04-25"", ""2025-04-26"", ""2025-04-27"", ""2025-04-28"", ""2025-04-29""]",1008,2025-04-23 00:00:00,2025-04-30,2025-04-30,0,119,none,False
PV:B4:2025-04-30,PV,B4,2025-04-30,2,"[""2025-01-01"", ""2025-01-08"", ""2025-01-15"", ""2025-01-22"", ""2025-01-29"", ""2025-02-05"", ""2025-02-12"", ""2025-02-19"", ""2025-02-26"", ""2025-03-05"", ""2025-03-12"", ""2025-03-19"", ""2025-03-26"", ""2025-04-02"", ""2025-04-09"", ""2025-04-16"", ""2025-04-23""]",2448,2025-01-01 00:00:00,2025-04-24,2025-04-24,0,119,none,False
Load:B0:2025-05-01,Load,B0,2025-05-01,2,"[""2025-04-30""]",1,2025-04-30 23:50:00,2025-05-01,2025-05-01,0,120,none,False
Load:B1:2025-05-01,Load,B1,2025-05-01,2,"[""2025-04-30""]",144,2025-04-30 00:00:00,2025-05-01,2025-05-01,0,120,none,False
Load:B2:2025-05-01,Load,B2,2025-05-01,2,"[""2025-04-24""]",144,2025-04-24 00:00:00,2025-04-25,2025-04-25,0,120,none,False
Load:B3:2025-05-01,Load,B3,2025-05-01,2,"[""2025-04-24"", ""2025-04-25"", ""2025-04-26"", ""2025-04-27"", ""2025-04-28"", ""2025-04-29"", ""2025-04-30""]",1008,2025-04-24 00:00:00,2025-05-01,2025-05-01,0,120,none,False
Load:B4:2025-05-01,Load,B4,2025-05-01,2,"[""2025-01-02"", ""2025-01-09"", ""2025-01-16"", ""2025-01-23"", ""2025-01-30"", ""2025-02-06"", ""2025-02-13"", ""2025-02-20"", ""2025-02-27"", ""2025-03-06"", ""2025-03-13"", ""2025-03-20"", ""2025-03-27"", ""2025-04-03"", ""2025-04-10"", ""2025-04-17"", ""2025-04-24""]",2448,2025-01-02 00:00:00,2025-04-25,2025-04-25,0,120,none,False
PV:B0:2025-05-01,PV,B0,2025-05-01,2,"[""2025-04-30""]",1,2025-04-30 23:50:00,2025-05-01,2025-05-01,0,120,none,False
PV:B1:2025-05-01,PV,B1,2025-05-01,2,"[""2025-04-30""]",144,2025-04-30 00:00:00,2025-05-01,2025-05-01,0,120,none,False
PV:B2:2025-05-01,PV,B2,2025-05-01,2,"[""2025-04-24""]",144,2025-04-24 00:00:00,2025-04-25,2025-04-25,0,120,none,False
PV:B3:2025-05-01,PV,B3,2025-05-01,2,"[""2025-04-24"", ""2025-04-25"", ""2025-04-26"", ""2025-04-27"", ""2025-04-28"", ""2025-04-29"", ""2025-04-30""]",1008,2025-04-24 00:00:00,2025-05-01,2025-05-01,0,120,none,False
PV:B4:2025-05-01,PV,B4,2025-05-01,2,"[""2025-01-02"", ""2025-01-09"", ""2025-01-16"", ""2025-01-23"", ""2025-01-30"", ""2025-02-06"", ""2025-02-13"", ""2025-02-20"", ""2025-02-27"", ""2025-03-06"", ""2025-03-13"", ""2025-03-20"", ""2025-03-27"", ""2025-04-03"", ""2025-04-10"", ""2025-04-17"", ""2025-04-24""]",2448,2025-01-02 00:00:00,2025-04-25,2025-04-25,0,120,none,False
Load:B0:2025-05-02,Load,B0,2025-05-02,2,"[""2025-05-01""]",1,2025-05-01 23:50:00,2025-05-02,2025-05-02,0,121,none,False
Load:B1:2025-05-02,Load,B1,2025-05-02,2,"[""2025-05-01""]",144,2025-05-01 00:00:00,2025-05-02,2025-05-02,0,121,none,False
Load:B2:2025-05-02,Load,B2,2025-05-02,2,"[""2025-04-25""]",144,2025-04-25 00:00:00,2025-04-26,2025-04-26,0,121,none,False
Load:B3:2025-05-02,Load,B3,2025-05-02,2,"[""2025-04-25"", ""2025-04-26"", ""2025-04-27"", ""2025-04-28"", ""2025-04-29"", ""2025-04-30"", ""2025-05-01""]",1008,2025-04-25 00:00:00,2025-05-02,2025-05-02,0,121,none,False
Load:B4:2025-05-02,Load,B4,2025-05-02,2,"[""2025-01-03"", ""2025-01-10"", ""2025-01-17"", ""2025-01-24"", ""2025-01-31"", ""2025-02-07"", ""2025-02-14"", ""2025-02-21"", ""2025-02-28"", ""2025-03-07"", ""2025-03-14"", ""2025-03-21"", ""2025-03-28"", ""2025-04-04"", ""2025-04-11"", ""2025-04-18"", ""2025-04-25""]",2448,2025-01-03 00:00:00,2025-04-26,2025-04-26,0,121,none,False
PV:B0:2025-05-02,PV,B0,2025-05-02,2,"[""2025-05-01""]",1,2025-05-01 23:50:00,2025-05-02,2025-05-02,0,121,none,False
PV:B1:2025-05-02,PV,B1,2025-05-02,2,"[""2025-05-01""]",144,2025-05-01 00:00:00,2025-05-02,2025-05-02,0,121,none,False
PV:B2:2025-05-02,PV,B2,2025-05-02,2,"[""2025-04-25""]",144,2025-04-25 00:00:00,2025-04-26,2025-04-26,0,121,none,False
PV:B3:2025-05-02,PV,B3,2025-05-02,2,"[""2025-04-25"", ""2025-04-26"", ""2025-04-27"", ""2025-04-28"", ""2025-04-29"", ""2025-04-30"", ""2025-05-01""]",1008,2025-04-25 00:00:00,2025-05-02,2025-05-02,0,121,none,False
PV:B4:2025-05-02,PV,B4,2025-05-02,2,"[""2025-01-03"", ""2025-01-10"", ""2025-01-17"", ""2025-01-24"", ""2025-01-31"", ""2025-02-07"", ""2025-02-14"", ""2025-02-21"", ""2025-02-28"", ""2025-03-07"", ""2025-03-14"", ""2025-03-21"", ""2025-03-28"", ""2025-04-04"", ""2025-04-11"", ""2025-04-18"", ""2025-04-25""]",2448,2025-01-03 00:00:00,2025-04-26,2025-04-26,0,121,none,False
Load:B0:2025-05-03,Load,B0,2025-05-03,2,"[""2025-05-02""]",1,2025-05-02 23:50:00,2025-05-03,2025-05-03,0,122,none,False
Load:B1:2025-05-03,Load,B1,2025-05-03,2,"[""2025-05-02""]",144,2025-05-02 00:00:00,2025-05-03,2025-05-03,0,122,none,False
Load:B2:2025-05-03,Load,B2,2025-05-03,2,"[""2025-04-26""]",144,2025-04-26 00:00:00,2025-04-27,2025-04-27,0,122,none,False
Load:B3:2025-05-03,Load,B3,2025-05-03,2,"[""2025-04-26"", ""2025-04-27"", ""2025-04-28"", ""2025-04-29"", ""2025-04-30"", ""2025-05-01"", ""2025-05-02""]",1008,2025-04-26 00:00:00,2025-05-03,2025-05-03,0,122,none,False
Load:B4:2025-05-03,Load,B4,2025-05-03,2,"[""2025-01-04"", ""2025-01-11"", ""2025-01-18"", ""2025-01-25"", ""2025-02-01"", ""2025-02-08"", ""2025-02-15"", ""2025-02-22"", ""2025-03-01"", ""2025-03-08"", ""2025-03-15"", ""2025-03-22"", ""2025-03-29"", ""2025-04-05"", ""2025-04-12"", ""2025-04-19"", ""2025-04-26""]",2448,2025-01-04 00:00:00,2025-04-27,2025-04-27,0,122,none,False
PV:B0:2025-05-03,PV,B0,2025-05-03,2,"[""2025-05-02""]",1,2025-05-02 23:50:00,2025-05-03,2025-05-03,0,122,none,False
PV:B1:2025-05-03,PV,B1,2025-05-03,2,"[""2025-05-02""]",144,2025-05-02 00:00:00,2025-05-03,2025-05-03,0,122,none,False
PV:B2:2025-05-03,PV,B2,2025-05-03,2,"[""2025-04-26""]",144,2025-04-26 00:00:00,2025-04-27,2025-04-27,0,122,none,False
PV:B3:2025-05-03,PV,B3,2025-05-03,2,"[""2025-04-26"", ""2025-04-27"", ""2025-04-28"", ""2025-04-29"", ""2025-04-30"", ""2025-05-01"", ""2025-05-02""]",1008,2025-04-26 00:00:00,2025-05-03,2025-05-03,0,122,none,False
PV:B4:2025-05-03,PV,B4,2025-05-03,2,"[""2025-01-04"", ""2025-01-11"", ""2025-01-18"", ""2025-01-25"", ""2025-02-01"", ""2025-02-08"", ""2025-02-15"", ""2025-02-22"", ""2025-03-01"", ""2025-03-08"", ""2025-03-15"", ""2025-03-22"", ""2025-03-29"", ""2025-04-05"", ""2025-04-12"", ""2025-04-19"", ""2025-04-26""]",2448,2025-01-04 00:00:00,2025-04-27,2025-04-27,0,122,none,False
Load:B0:2025-05-04,Load,B0,2025-05-04,2,"[""2025-05-03""]",1,2025-05-03 23:50:00,2025-05-04,2025-05-04,0,123,none,False
Load:B1:2025-05-04,Load,B1,2025-05-04,2,"[""2025-05-03""]",144,2025-05-03 00:00:00,2025-05-04,2025-05-04,0,123,none,False
Load:B2:2025-05-04,Load,B2,2025-05-04,2,"[""2025-04-27""]",144,2025-04-27 00:00:00,2025-04-28,2025-04-28,0,123,none,False
Load:B3:2025-05-04,Load,B3,2025-05-04,2,"[""2025-04-27"", ""2025-04-28"", ""2025-04-29"", ""2025-04-30"", ""2025-05-01"", ""2025-05-02"", ""2025-05-03""]",1008,2025-04-27 00:00:00,2025-05-04,2025-05-04,0,123,none,False
Load:B4:2025-05-04,Load,B4,2025-05-04,2,"[""2025-01-05"", ""2025-01-12"", ""2025-01-19"", ""2025-01-26"", ""2025-02-02"", ""2025-02-09"", ""2025-02-16"", ""2025-02-23"", ""2025-03-02"", ""2025-03-09"", ""2025-03-16"", ""2025-03-23"", ""2025-03-30"", ""2025-04-06"", ""2025-04-13"", ""2025-04-20"", ""2025-04-27""]",2448,2025-01-05 00:00:00,2025-04-28,2025-04-28,0,123,none,False
PV:B0:2025-05-04,PV,B0,2025-05-04,2,"[""2025-05-03""]",1,2025-05-03 23:50:00,2025-05-04,2025-05-04,0,123,none,False
PV:B1:2025-05-04,PV,B1,2025-05-04,2,"[""2025-05-03""]",144,2025-05-03 00:00:00,2025-05-04,2025-05-04,0,123,none,False
PV:B2:2025-05-04,PV,B2,2025-05-04,2,"[""2025-04-27""]",144,2025-04-27 00:00:00,2025-04-28,2025-04-28,0,123,none,False
PV:B3:2025-05-04,PV,B3,2025-05-04,2,"[""2025-04-27"", ""2025-04-28"", ""2025-04-29"", ""2025-04-30"", ""2025-05-01"", ""2025-05-02"", ""2025-05-03""]",1008,2025-04-27 00:00:00,2025-05-04,2025-05-04,0,123,none,False
PV:B4:2025-05-04,PV,B4,2025-05-04,2,"[""2025-01-05"", ""2025-01-12"", ""2025-01-19"", ""2025-01-26"", ""2025-02-02"", ""2025-02-09"", ""2025-02-16"", ""2025-02-23"", ""2025-03-02"", ""2025-03-09"", ""2025-03-16"", ""2025-03-23"", ""2025-03-30"", ""2025-04-06"", ""2025-04-13"", ""2025-04-20"", ""2025-04-27""]",2448,2025-01-05 00:00:00,2025-04-28,2025-04-28,0,123,none,False
Load:B0:2025-05-05,Load,B0,2025-05-05,2,"[""2025-05-04""]",1,2025-05-04 23:50:00,2025-05-05,2025-05-05,0,124,none,False
Load:B1:2025-05-05,Load,B1,2025-05-05,2,"[""2025-05-04""]",144,2025-05-04 00:00:00,2025-05-05,2025-05-05,0,124,none,False
Load:B2:2025-05-05,Load,B2,2025-05-05,2,"[""2025-04-28""]",144,2025-04-28 00:00:00,2025-04-29,2025-04-29,0,124,none,False
Load:B3:2025-05-05,Load,B3,2025-05-05,2,"[""2025-04-28"", ""2025-04-29"", ""2025-04-30"", ""2025-05-01"", ""2025-05-02"", ""2025-05-03"", ""2025-05-04""]",1008,2025-04-28 00:00:00,2025-05-05,2025-05-05,0,124,none,False
Load:B4:2025-05-05,Load,B4,2025-05-05,2,"[""2025-01-06"", ""2025-01-13"", ""2025-01-20"", ""2025-01-27"", ""2025-02-03"", ""2025-02-10"", ""2025-02-17"", ""2025-02-24"", ""2025-03-03"", ""2025-03-10"", ""2025-03-17"", ""2025-03-24"", ""2025-03-31"", ""2025-04-07"", ""2025-04-14"", ""2025-04-21"", ""2025-04-28""]",2448,2025-01-06 00:00:00,2025-04-29,2025-04-29,0,124,none,False
PV:B0:2025-05-05,PV,B0,2025-05-05,2,"[""2025-05-04""]",1,2025-05-04 23:50:00,2025-05-05,2025-05-05,0,124,none,False
PV:B1:2025-05-05,PV,B1,2025-05-05,2,"[""2025-05-04""]",144,2025-05-04 00:00:00,2025-05-05,2025-05-05,0,124,none,False
PV:B2:2025-05-05,PV,B2,2025-05-05,2,"[""2025-04-28""]",144,2025-04-28 00:00:00,2025-04-29,2025-04-29,0,124,none,False
PV:B3:2025-05-05,PV,B3,2025-05-05,2,"[""2025-04-28"", ""2025-04-29"", ""2025-04-30"", ""2025-05-01"", ""2025-05-02"", ""2025-05-03"", ""2025-05-04""]",1008,2025-04-28 00:00:00,2025-05-05,2025-05-05,0,124,none,False
PV:B4:2025-05-05,PV,B4,2025-05-05,2,"[""2025-01-06"", ""2025-01-13"", ""2025-01-20"", ""2025-01-27"", ""2025-02-03"", ""2025-02-10"", ""2025-02-17"", ""2025-02-24"", ""2025-03-03"", ""2025-03-10"", ""2025-03-17"", ""2025-03-24"", ""2025-03-31"", ""2025-04-07"", ""2025-04-14"", ""2025-04-21"", ""2025-04-28""]",2448,2025-01-06 00:00:00,2025-04-29,2025-04-29,0,124,none,False
Load:B0:2025-05-06,Load,B0,2025-05-06,2,"[""2025-05-05""]",1,2025-05-05 23:50:00,2025-05-06,2025-05-06,0,125,none,False
Load:B1:2025-05-06,Load,B1,2025-05-06,2,"[""2025-05-05""]",144,2025-05-05 00:00:00,2025-05-06,2025-05-06,0,125,none,False
Load:B2:2025-05-06,Load,B2,2025-05-06,2,"[""2025-04-29""]",144,2025-04-29 00:00:00,2025-04-30,2025-04-30,0,125,none,False
Load:B3:2025-05-06,Load,B3,2025-05-06,2,"[""2025-04-29"", ""2025-04-30"", ""2025-05-01"", ""2025-05-02"", ""2025-05-03"", ""2025-05-04"", ""2025-05-05""]",1008,2025-04-29 00:00:00,2025-05-06,2025-05-06,0,125,none,False
Load:B4:2025-05-06,Load,B4,2025-05-06,2,"[""2025-01-07"", ""2025-01-14"", ""2025-01-21"", ""2025-01-28"", ""2025-02-04"", ""2025-02-11"", ""2025-02-18"", ""2025-02-25"", ""2025-03-04"", ""2025-03-11"", ""2025-03-18"", ""2025-03-25"", ""2025-04-01"", ""2025-04-08"", ""2025-04-15"", ""2025-04-22"", ""2025-04-29""]",2448,2025-01-07 00:00:00,2025-04-30,2025-04-30,0,125,none,False
PV:B0:2025-05-06,PV,B0,2025-05-06,2,"[""2025-05-05""]",1,2025-05-05 23:50:00,2025-05-06,2025-05-06,0,125,none,False
PV:B1:2025-05-06,PV,B1,2025-05-06,2,"[""2025-05-05""]",144,2025-05-05 00:00:00,2025-05-06,2025-05-06,0,125,none,False
PV:B2:2025-05-06,PV,B2,2025-05-06,2,"[""2025-04-29""]",144,2025-04-29 00:00:00,2025-04-30,2025-04-30,0,125,none,False
PV:B3:2025-05-06,PV,B3,2025-05-06,2,"[""2025-04-29"", ""2025-04-30"", ""2025-05-01"", ""2025-05-02"", ""2025-05-03"", ""2025-05-04"", ""2025-05-05""]",1008,2025-04-29 00:00:00,2025-05-06,2025-05-06,0,125,none,False
PV:B4:2025-05-06,PV,B4,2025-05-06,2,"[""2025-01-07"", ""2025-01-14"", ""2025-01-21"", ""2025-01-28"", ""2025-02-04"", ""2025-02-11"", ""2025-02-18"", ""2025-02-25"", ""2025-03-04"", ""2025-03-11"", ""2025-03-18"", ""2025-03-25"", ""2025-04-01"", ""2025-04-08"", ""2025-04-15"", ""2025-04-22"", ""2025-04-29""]",2448,2025-01-07 00:00:00,2025-04-30,2025-04-30,0,125,none,False
Load:B0:2025-05-07,Load,B0,2025-05-07,2,"[""2025-05-06""]",1,2025-05-06 23:50:00,2025-05-07,2025-05-07,0,126,none,False
Load:B1:2025-05-07,Load,B1,2025-05-07,2,"[""2025-05-06""]",144,2025-05-06 00:00:00,2025-05-07,2025-05-07,0,126,none,False
Load:B2:2025-05-07,Load,B2,2025-05-07,2,"[""2025-04-30""]",144,2025-04-30 00:00:00,2025-05-01,2025-05-01,0,126,none,False
Load:B3:2025-05-07,Load,B3,2025-05-07,2,"[""2025-04-30"", ""2025-05-01"", ""2025-05-02"", ""2025-05-03"", ""2025-05-04"", ""2025-05-05"", ""2025-05-06""]",1008,2025-04-30 00:00:00,2025-05-07,2025-05-07,0,126,none,False
Load:B4:2025-05-07,Load,B4,2025-05-07,2,"[""2025-01-01"", ""2025-01-08"", ""2025-01-15"", ""2025-01-22"", ""2025-01-29"", ""2025-02-05"", ""2025-02-12"", ""2025-02-19"", ""2025-02-26"", ""2025-03-05"", ""2025-03-12"", ""2025-03-19"", ""2025-03-26"", ""2025-04-02"", ""2025-04-09"", ""2025-04-16"", ""2025-04-23"", ""2025-04-30""]",2592,2025-01-01 00:00:00,2025-05-01,2025-05-01,0,126,none,False
PV:B0:2025-05-07,PV,B0,2025-05-07,2,"[""2025-05-06""]",1,2025-05-06 23:50:00,2025-05-07,2025-05-07,0,126,none,False
PV:B1:2025-05-07,PV,B1,2025-05-07,2,"[""2025-05-06""]",144,2025-05-06 00:00:00,2025-05-07,2025-05-07,0,126,none,False
PV:B2:2025-05-07,PV,B2,2025-05-07,2,"[""2025-04-30""]",144,2025-04-30 00:00:00,2025-05-01,2025-05-01,0,126,none,False
PV:B3:2025-05-07,PV,B3,2025-05-07,2,"[""2025-04-30"", ""2025-05-01"", ""2025-05-02"", ""2025-05-03"", ""2025-05-04"", ""2025-05-05"", ""2025-05-06""]",1008,2025-04-30 00:00:00,2025-05-07,2025-05-07,0,126,none,False
PV:B4:2025-05-07,PV,B4,2025-05-07,2,"[""2025-01-01"", ""2025-01-08"", ""2025-01-15"", ""2025-01-22"", ""2025-01-29"", ""2025-02-05"", ""2025-02-12"", ""2025-02-19"", ""2025-02-26"", ""2025-03-05"", ""2025-03-12"", ""2025-03-19"", ""2025-03-26"", ""2025-04-02"", ""2025-04-09"", ""2025-04-16"", ""2025-04-23"", ""2025-04-30""]",2592,2025-01-01 00:00:00,2025-05-01,2025-05-01,0,126,none,False
Load:B0:2025-05-08,Load,B0,2025-05-08,2,"[""2025-05-07""]",1,2025-05-07 23:50:00,2025-05-08,2025-05-08,0,127,none,False
Load:B1:2025-05-08,Load,B1,2025-05-08,2,"[""2025-05-07""]",144,2025-05-07 00:00:00,2025-05-08,2025-05-08,0,127,none,False
Load:B2:2025-05-08,Load,B2,2025-05-08,2,"[""2025-05-01""]",144,2025-05-01 00:00:00,2025-05-02,2025-05-02,0,127,none,False
Load:B3:2025-05-08,Load,B3,2025-05-08,2,"[""2025-05-01"", ""2025-05-02"", ""2025-05-03"", ""2025-05-04"", ""2025-05-05"", ""2025-05-06"", ""2025-05-07""]",1008,2025-05-01 00:00:00,2025-05-08,2025-05-08,0,127,none,False
Load:B4:2025-05-08,Load,B4,2025-05-08,2,"[""2025-01-02"", ""2025-01-09"", ""2025-01-16"", ""2025-01-23"", ""2025-01-30"", ""2025-02-06"", ""2025-02-13"", ""2025-02-20"", ""2025-02-27"", ""2025-03-06"", ""2025-03-13"", ""2025-03-20"", ""2025-03-27"", ""2025-04-03"", ""2025-04-10"", ""2025-04-17"", ""2025-04-24"", ""2025-05-01""]",2592,2025-01-02 00:00:00,2025-05-02,2025-05-02,0,127,none,False
PV:B0:2025-05-08,PV,B0,2025-05-08,2,"[""2025-05-07""]",1,2025-05-07 23:50:00,2025-05-08,2025-05-08,0,127,none,False
PV:B1:2025-05-08,PV,B1,2025-05-08,2,"[""2025-05-07""]",144,2025-05-07 00:00:00,2025-05-08,2025-05-08,0,127,none,False
PV:B2:2025-05-08,PV,B2,2025-05-08,2,"[""2025-05-01""]",144,2025-05-01 00:00:00,2025-05-02,2025-05-02,0,127,none,False
PV:B3:2025-05-08,PV,B3,2025-05-08,2,"[""2025-05-01"", ""2025-05-02"", ""2025-05-03"", ""2025-05-04"", ""2025-05-05"", ""2025-05-06"", ""2025-05-07""]",1008,2025-05-01 00:00:00,2025-05-08,2025-05-08,0,127,none,False
PV:B4:2025-05-08,PV,B4,2025-05-08,2,"[""2025-01-02"", ""2025-01-09"", ""2025-01-16"", ""2025-01-23"", ""2025-01-30"", ""2025-02-06"", ""2025-02-13"", ""2025-02-20"", ""2025-02-27"", ""2025-03-06"", ""2025-03-13"", ""2025-03-20"", ""2025-03-27"", ""2025-04-03"", ""2025-04-10"", ""2025-04-17"", ""2025-04-24"", ""2025-05-01""]",2592,2025-01-02 00:00:00,2025-05-02,2025-05-02,0,127,none,False
Load:B0:2025-05-09,Load,B0,2025-05-09,2,"[""2025-05-08""]",1,2025-05-08 23:50:00,2025-05-09,2025-05-09,0,128,none,False
Load:B1:2025-05-09,Load,B1,2025-05-09,2,"[""2025-05-08""]",144,2025-05-08 00:00:00,2025-05-09,2025-05-09,0,128,none,False
Load:B2:2025-05-09,Load,B2,2025-05-09,2,"[""2025-05-02""]",144,2025-05-02 00:00:00,2025-05-03,2025-05-03,0,128,none,False
Load:B3:2025-05-09,Load,B3,2025-05-09,2,"[""2025-05-02"", ""2025-05-03"", ""2025-05-04"", ""2025-05-05"", ""2025-05-06"", ""2025-05-07"", ""2025-05-08""]",1008,2025-05-02 00:00:00,2025-05-09,2025-05-09,0,128,none,False
Load:B4:2025-05-09,Load,B4,2025-05-09,2,"[""2025-01-03"", ""2025-01-10"", ""2025-01-17"", ""2025-01-24"", ""2025-01-31"", ""2025-02-07"", ""2025-02-14"", ""2025-02-21"", ""2025-02-28"", ""2025-03-07"", ""2025-03-14"", ""2025-03-21"", ""2025-03-28"", ""2025-04-04"", ""2025-04-11"", ""2025-04-18"", ""2025-04-25"", ""2025-05-02""]",2592,2025-01-03 00:00:00,2025-05-03,2025-05-03,0,128,none,False
PV:B0:2025-05-09,PV,B0,2025-05-09,2,"[""2025-05-08""]",1,2025-05-08 23:50:00,2025-05-09,2025-05-09,0,128,none,False
PV:B1:2025-05-09,PV,B1,2025-05-09,2,"[""2025-05-08""]",144,2025-05-08 00:00:00,2025-05-09,2025-05-09,0,128,none,False
PV:B2:2025-05-09,PV,B2,2025-05-09,2,"[""2025-05-02""]",144,2025-05-02 00:00:00,2025-05-03,2025-05-03,0,128,none,False
PV:B3:2025-05-09,PV,B3,2025-05-09,2,"[""2025-05-02"", ""2025-05-03"", ""2025-05-04"", ""2025-05-05"", ""2025-05-06"", ""2025-05-07"", ""2025-05-08""]",1008,2025-05-02 00:00:00,2025-05-09,2025-05-09,0,128,none,False
PV:B4:2025-05-09,PV,B4,2025-05-09,2,"[""2025-01-03"", ""2025-01-10"", ""2025-01-17"", ""2025-01-24"", ""2025-01-31"", ""2025-02-07"", ""2025-02-14"", ""2025-02-21"", ""2025-02-28"", ""2025-03-07"", ""2025-03-14"", ""2025-03-21"", ""2025-03-28"", ""2025-04-04"", ""2025-04-11"", ""2025-04-18"", ""2025-04-25"", ""2025-05-02""]",2592,2025-01-03 00:00:00,2025-05-03,2025-05-03,0,128,none,False
Load:B0:2025-05-10,Load,B0,2025-05-10,2,"[""2025-05-09""]",1,2025-05-09 23:50:00,2025-05-10,2025-05-10,0,129,none,False
Load:B1:2025-05-10,Load,B1,2025-05-10,2,"[""2025-05-09""]",144,2025-05-09 00:00:00,2025-05-10,2025-05-10,0,129,none,False
Load:B2:2025-05-10,Load,B2,2025-05-10,2,"[""2025-05-03""]",144,2025-05-03 00:00:00,2025-05-04,2025-05-04,0,129,none,False
Load:B3:2025-05-10,Load,B3,2025-05-10,2,"[""2025-05-03"", ""2025-05-04"", ""2025-05-05"", ""2025-05-06"", ""2025-05-07"", ""2025-05-08"", ""2025-05-09""]",1008,2025-05-03 00:00:00,2025-05-10,2025-05-10,0,129,none,False
Load:B4:2025-05-10,Load,B4,2025-05-10,2,"[""2025-01-04"", ""2025-01-11"", ""2025-01-18"", ""2025-01-25"", ""2025-02-01"", ""2025-02-08"", ""2025-02-15"", ""2025-02-22"", ""2025-03-01"", ""2025-03-08"", ""2025-03-15"", ""2025-03-22"", ""2025-03-29"", ""2025-04-05"", ""2025-04-12"", ""2025-04-19"", ""2025-04-26"", ""2025-05-03""]",2592,2025-01-04 00:00:00,2025-05-04,2025-05-04,0,129,none,False
PV:B0:2025-05-10,PV,B0,2025-05-10,2,"[""2025-05-09""]",1,2025-05-09 23:50:00,2025-05-10,2025-05-10,0,129,none,False
PV:B1:2025-05-10,PV,B1,2025-05-10,2,"[""2025-05-09""]",144,2025-05-09 00:00:00,2025-05-10,2025-05-10,0,129,none,False
PV:B2:2025-05-10,PV,B2,2025-05-10,2,"[""2025-05-03""]",144,2025-05-03 00:00:00,2025-05-04,2025-05-04,0,129,none,False
PV:B3:2025-05-10,PV,B3,2025-05-10,2,"[""2025-05-03"", ""2025-05-04"", ""2025-05-05"", ""2025-05-06"", ""2025-05-07"", ""2025-05-08"", ""2025-05-09""]",1008,2025-05-03 00:00:00,2025-05-10,2025-05-10,0,129,none,False
PV:B4:2025-05-10,PV,B4,2025-05-10,2,"[""2025-01-04"", ""2025-01-11"", ""2025-01-18"", ""2025-01-25"", ""2025-02-01"", ""2025-02-08"", ""2025-02-15"", ""2025-02-22"", ""2025-03-01"", ""2025-03-08"", ""2025-03-15"", ""2025-03-22"", ""2025-03-29"", ""2025-04-05"", ""2025-04-12"", ""2025-04-19"", ""2025-04-26"", ""2025-05-03""]",2592,2025-01-04 00:00:00,2025-05-04,2025-05-04,0,129,none,False
Load:B0:2025-05-11,Load,B0,2025-05-11,2,"[""2025-05-10""]",1,2025-05-10 23:50:00,2025-05-11,2025-05-11,0,130,none,False
Load:B1:2025-05-11,Load,B1,2025-05-11,2,"[""2025-05-10""]",144,2025-05-10 00:00:00,2025-05-11,2025-05-11,0,130,none,False
Load:B2:2025-05-11,Load,B2,2025-05-11,2,"[""2025-05-04""]",144,2025-05-04 00:00:00,2025-05-05,2025-05-05,0,130,none,False
Load:B3:2025-05-11,Load,B3,2025-05-11,2,"[""2025-05-04"", ""2025-05-05"", ""2025-05-06"", ""2025-05-07"", ""2025-05-08"", ""2025-05-09"", ""2025-05-10""]",1008,2025-05-04 00:00:00,2025-05-11,2025-05-11,0,130,none,False
Load:B4:2025-05-11,Load,B4,2025-05-11,2,"[""2025-01-05"", ""2025-01-12"", ""2025-01-19"", ""2025-01-26"", ""2025-02-02"", ""2025-02-09"", ""2025-02-16"", ""2025-02-23"", ""2025-03-02"", ""2025-03-09"", ""2025-03-16"", ""2025-03-23"", ""2025-03-30"", ""2025-04-06"", ""2025-04-13"", ""2025-04-20"", ""2025-04-27"", ""2025-05-04""]",2592,2025-01-05 00:00:00,2025-05-05,2025-05-05,0,130,none,False
PV:B0:2025-05-11,PV,B0,2025-05-11,2,"[""2025-05-10""]",1,2025-05-10 23:50:00,2025-05-11,2025-05-11,0,130,none,False
PV:B1:2025-05-11,PV,B1,2025-05-11,2,"[""2025-05-10""]",144,2025-05-10 00:00:00,2025-05-11,2025-05-11,0,130,none,False
PV:B2:2025-05-11,PV,B2,2025-05-11,2,"[""2025-05-04""]",144,2025-05-04 00:00:00,2025-05-05,2025-05-05,0,130,none,False
PV:B3:2025-05-11,PV,B3,2025-05-11,2,"[""2025-05-04"", ""2025-05-05"", ""2025-05-06"", ""2025-05-07"", ""2025-05-08"", ""2025-05-09"", ""2025-05-10""]",1008,2025-05-04 00:00:00,2025-05-11,2025-05-11,0,130,none,False
PV:B4:2025-05-11,PV,B4,2025-05-11,2,"[""2025-01-05"", ""2025-01-12"", ""2025-01-19"", ""2025-01-26"", ""2025-02-02"", ""2025-02-09"", ""2025-02-16"", ""2025-02-23"", ""2025-03-02"", ""2025-03-09"", ""2025-03-16"", ""2025-03-23"", ""2025-03-30"", ""2025-04-06"", ""2025-04-13"", ""2025-04-20"", ""2025-04-27"", ""2025-05-04""]",2592,2025-01-05 00:00:00,2025-05-05,2025-05-05,0,130,none,False
Load:B0:2025-05-12,Load,B0,2025-05-12,2,"[""2025-05-11""]",1,2025-05-11 23:50:00,2025-05-12,2025-05-12,0,131,none,False
Load:B1:2025-05-12,Load,B1,2025-05-12,2,"[""2025-05-11""]",144,2025-05-11 00:00:00,2025-05-12,2025-05-12,0,131,none,False
Load:B2:2025-05-12,Load,B2,2025-05-12,2,"[""2025-05-05""]",144,2025-05-05 00:00:00,2025-05-06,2025-05-06,0,131,none,False
Load:B3:2025-05-12,Load,B3,2025-05-12,2,"[""2025-05-05"", ""2025-05-06"", ""2025-05-07"", ""2025-05-08"", ""2025-05-09"", ""2025-05-10"", ""2025-05-11""]",1008,2025-05-05 00:00:00,2025-05-12,2025-05-12,0,131,none,False
Load:B4:2025-05-12,Load,B4,2025-05-12,2,"[""2025-01-06"", ""2025-01-13"", ""2025-01-20"", ""2025-01-27"", ""2025-02-03"", ""2025-02-10"", ""2025-02-17"", ""2025-02-24"", ""2025-03-03"", ""2025-03-10"", ""2025-03-17"", ""2025-03-24"", ""2025-03-31"", ""2025-04-07"", ""2025-04-14"", ""2025-04-21"", ""2025-04-28"", ""2025-05-05""]",2592,2025-01-06 00:00:00,2025-05-06,2025-05-06,0,131,none,False
PV:B0:2025-05-12,PV,B0,2025-05-12,2,"[""2025-05-11""]",1,2025-05-11 23:50:00,2025-05-12,2025-05-12,0,131,none,False
PV:B1:2025-05-12,PV,B1,2025-05-12,2,"[""2025-05-11""]",144,2025-05-11 00:00:00,2025-05-12,2025-05-12,0,131,none,False
PV:B2:2025-05-12,PV,B2,2025-05-12,2,"[""2025-05-05""]",144,2025-05-05 00:00:00,2025-05-06,2025-05-06,0,131,none,False
PV:B3:2025-05-12,PV,B3,2025-05-12,2,"[""2025-05-05"", ""2025-05-06"", ""2025-05-07"", ""2025-05-08"", ""2025-05-09"", ""2025-05-10"", ""2025-05-11""]",1008,2025-05-05 00:00:00,2025-05-12,2025-05-12,0,131,none,False
PV:B4:2025-05-12,PV,B4,2025-05-12,2,"[""2025-01-06"", ""2025-01-13"", ""2025-01-20"", ""2025-01-27"", ""2025-02-03"", ""2025-02-10"", ""2025-02-17"", ""2025-02-24"", ""2025-03-03"", ""2025-03-10"", ""2025-03-17"", ""2025-03-24"", ""2025-03-31"", ""2025-04-07"", ""2025-04-14"", ""2025-04-21"", ""2025-04-28"", ""2025-05-05""]",2592,2025-01-06 00:00:00,2025-05-06,2025-05-06,0,131,none,False
Load:B0:2025-05-13,Load,B0,2025-05-13,2,"[""2025-05-12""]",1,2025-05-12 23:50:00,2025-05-13,2025-05-13,0,132,none,False
Load:B1:2025-05-13,Load,B1,2025-05-13,2,"[""2025-05-12""]",144,2025-05-12 00:00:00,2025-05-13,2025-05-13,0,132,none,False
Load:B2:2025-05-13,Load,B2,2025-05-13,2,"[""2025-05-06""]",144,2025-05-06 00:00:00,2025-05-07,2025-05-07,0,132,none,False
Load:B3:2025-05-13,Load,B3,2025-05-13,2,"[""2025-05-06"", ""2025-05-07"", ""2025-05-08"", ""2025-05-09"", ""2025-05-10"", ""2025-05-11"", ""2025-05-12""]",1008,2025-05-06 00:00:00,2025-05-13,2025-05-13,0,132,none,False
Load:B4:2025-05-13,Load,B4,2025-05-13,2,"[""2025-01-07"", ""2025-01-14"", ""2025-01-21"", ""2025-01-28"", ""2025-02-04"", ""2025-02-11"", ""2025-02-18"", ""2025-02-25"", ""2025-03-04"", ""2025-03-11"", ""2025-03-18"", ""2025-03-25"", ""2025-04-01"", ""2025-04-08"", ""2025-04-15"", ""2025-04-22"", ""2025-04-29"", ""2025-05-06""]",2592,2025-01-07 00:00:00,2025-05-07,2025-05-07,0,132,none,False
PV:B0:2025-05-13,PV,B0,2025-05-13,2,"[""2025-05-12""]",1,2025-05-12 23:50:00,2025-05-13,2025-05-13,0,132,none,False
PV:B1:2025-05-13,PV,B1,2025-05-13,2,"[""2025-05-12""]",144,2025-05-12 00:00:00,2025-05-13,2025-05-13,0,132,none,False
PV:B2:2025-05-13,PV,B2,2025-05-13,2,"[""2025-05-06""]",144,2025-05-06 00:00:00,2025-05-07,2025-05-07,0,132,none,False
PV:B3:2025-05-13,PV,B3,2025-05-13,2,"[""2025-05-06"", ""2025-05-07"", ""2025-05-08"", ""2025-05-09"", ""2025-05-10"", ""2025-05-11"", ""2025-05-12""]",1008,2025-05-06 00:00:00,2025-05-13,2025-05-13,0,132,none,False
PV:B4:2025-05-13,PV,B4,2025-05-13,2,"[""2025-01-07"", ""2025-01-14"", ""2025-01-21"", ""2025-01-28"", ""2025-02-04"", ""2025-02-11"", ""2025-02-18"", ""2025-02-25"", ""2025-03-04"", ""2025-03-11"", ""2025-03-18"", ""2025-03-25"", ""2025-04-01"", ""2025-04-08"", ""2025-04-15"", ""2025-04-22"", ""2025-04-29"", ""2025-05-06""]",2592,2025-01-07 00:00:00,2025-05-07,2025-05-07,0,132,none,False
Load:B0:2025-05-14,Load,B0,2025-05-14,2,"[""2025-05-13""]",1,2025-05-13 23:50:00,2025-05-14,2025-05-14,0,133,none,False
Load:B1:2025-05-14,Load,B1,2025-05-14,2,"[""2025-05-13""]",144,2025-05-13 00:00:00,2025-05-14,2025-05-14,0,133,none,False
Load:B2:2025-05-14,Load,B2,2025-05-14,2,"[""2025-05-07""]",144,2025-05-07 00:00:00,2025-05-08,2025-05-08,0,133,none,False
Load:B3:2025-05-14,Load,B3,2025-05-14,2,"[""2025-05-07"", ""2025-05-08"", ""2025-05-09"", ""2025-05-10"", ""2025-05-11"", ""2025-05-12"", ""2025-05-13""]",1008,2025-05-07 00:00:00,2025-05-14,2025-05-14,0,133,none,False
Load:B4:2025-05-14,Load,B4,2025-05-14,2,"[""2025-01-01"", ""2025-01-08"", ""2025-01-15"", ""2025-01-22"", ""2025-01-29"", ""2025-02-05"", ""2025-02-12"", ""2025-02-19"", ""2025-02-26"", ""2025-03-05"", ""2025-03-12"", ""2025-03-19"", ""2025-03-26"", ""2025-04-02"", ""2025-04-09"", ""2025-04-16"", ""2025-04-23"", ""2025-04-30"", ""2025-05-07""]",2736,2025-01-01 00:00:00,2025-05-08,2025-05-08,0,133,none,False
PV:B0:2025-05-14,PV,B0,2025-05-14,2,"[""2025-05-13""]",1,2025-05-13 23:50:00,2025-05-14,2025-05-14,0,133,none,False
PV:B1:2025-05-14,PV,B1,2025-05-14,2,"[""2025-05-13""]",144,2025-05-13 00:00:00,2025-05-14,2025-05-14,0,133,none,False
PV:B2:2025-05-14,PV,B2,2025-05-14,2,"[""2025-05-07""]",144,2025-05-07 00:00:00,2025-05-08,2025-05-08,0,133,none,False
PV:B3:2025-05-14,PV,B3,2025-05-14,2,"[""2025-05-07"", ""2025-05-08"", ""2025-05-09"", ""2025-05-10"", ""2025-05-11"", ""2025-05-12"", ""2025-05-13""]",1008,2025-05-07 00:00:00,2025-05-14,2025-05-14,0,133,none,False
PV:B4:2025-05-14,PV,B4,2025-05-14,2,"[""2025-01-01"", ""2025-01-08"", ""2025-01-15"", ""2025-01-22"", ""2025-01-29"", ""2025-02-05"", ""2025-02-12"", ""2025-02-19"", ""2025-02-26"", ""2025-03-05"", ""2025-03-12"", ""2025-03-19"", ""2025-03-26"", ""2025-04-02"", ""2025-04-09"", ""2025-04-16"", ""2025-04-23"", ""2025-04-30"", ""2025-05-07""]",2736,2025-01-01 00:00:00,2025-05-08,2025-05-08,0,133,none,False
Load:B0:2025-05-15,Load,B0,2025-05-15,2,"[""2025-05-14""]",1,2025-05-14 23:50:00,2025-05-15,2025-05-15,0,134,none,False
Load:B1:2025-05-15,Load,B1,2025-05-15,2,"[""2025-05-14""]",144,2025-05-14 00:00:00,2025-05-15,2025-05-15,0,134,none,False
Load:B2:2025-05-15,Load,B2,2025-05-15,2,"[""2025-05-08""]",144,2025-05-08 00:00:00,2025-05-09,2025-05-09,0,134,none,False
Load:B3:2025-05-15,Load,B3,2025-05-15,2,"[""2025-05-08"", ""2025-05-09"", ""2025-05-10"", ""2025-05-11"", ""2025-05-12"", ""2025-05-13"", ""2025-05-14""]",1008,2025-05-08 00:00:00,2025-05-15,2025-05-15,0,134,none,False
Load:B4:2025-05-15,Load,B4,2025-05-15,2,"[""2025-01-02"", ""2025-01-09"", ""2025-01-16"", ""2025-01-23"", ""2025-01-30"", ""2025-02-06"", ""2025-02-13"", ""2025-02-20"", ""2025-02-27"", ""2025-03-06"", ""2025-03-13"", ""2025-03-20"", ""2025-03-27"", ""2025-04-03"", ""2025-04-10"", ""2025-04-17"", ""2025-04-24"", ""2025-05-01"", ""2025-05-08""]",2736,2025-01-02 00:00:00,2025-05-09,2025-05-09,0,134,none,False
PV:B0:2025-05-15,PV,B0,2025-05-15,2,"[""2025-05-14""]",1,2025-05-14 23:50:00,2025-05-15,2025-05-15,0,134,none,False
PV:B1:2025-05-15,PV,B1,2025-05-15,2,"[""2025-05-14""]",144,2025-05-14 00:00:00,2025-05-15,2025-05-15,0,134,none,False
PV:B2:2025-05-15,PV,B2,2025-05-15,2,"[""2025-05-08""]",144,2025-05-08 00:00:00,2025-05-09,2025-05-09,0,134,none,False
PV:B3:2025-05-15,PV,B3,2025-05-15,2,"[""2025-05-08"", ""2025-05-09"", ""2025-05-10"", ""2025-05-11"", ""2025-05-12"", ""2025-05-13"", ""2025-05-14""]",1008,2025-05-08 00:00:00,2025-05-15,2025-05-15,0,134,none,False
PV:B4:2025-05-15,PV,B4,2025-05-15,2,"[""2025-01-02"", ""2025-01-09"", ""2025-01-16"", ""2025-01-23"", ""2025-01-30"", ""2025-02-06"", ""2025-02-13"", ""2025-02-20"", ""2025-02-27"", ""2025-03-06"", ""2025-03-13"", ""2025-03-20"", ""2025-03-27"", ""2025-04-03"", ""2025-04-10"", ""2025-04-17"", ""2025-04-24"", ""2025-05-01"", ""2025-05-08""]",2736,2025-01-02 00:00:00,2025-05-09,2025-05-09,0,134,none,False
Load:B0:2025-05-16,Load,B0,2025-05-16,2,"[""2025-05-15""]",1,2025-05-15 23:50:00,2025-05-16,2025-05-16,0,135,none,False
Load:B1:2025-05-16,Load,B1,2025-05-16,2,"[""2025-05-15""]",144,2025-05-15 00:00:00,2025-05-16,2025-05-16,0,135,none,False
Load:B2:2025-05-16,Load,B2,2025-05-16,2,"[""2025-05-09""]",144,2025-05-09 00:00:00,2025-05-10,2025-05-10,0,135,none,False
Load:B3:2025-05-16,Load,B3,2025-05-16,2,"[""2025-05-09"", ""2025-05-10"", ""2025-05-11"", ""2025-05-12"", ""2025-05-13"", ""2025-05-14"", ""2025-05-15""]",1008,2025-05-09 00:00:00,2025-05-16,2025-05-16,0,135,none,False
Load:B4:2025-05-16,Load,B4,2025-05-16,2,"[""2025-01-03"", ""2025-01-10"", ""2025-01-17"", ""2025-01-24"", ""2025-01-31"", ""2025-02-07"", ""2025-02-14"", ""2025-02-21"", ""2025-02-28"", ""2025-03-07"", ""2025-03-14"", ""2025-03-21"", ""2025-03-28"", ""2025-04-04"", ""2025-04-11"", ""2025-04-18"", ""2025-04-25"", ""2025-05-02"", ""2025-05-09""]",2736,2025-01-03 00:00:00,2025-05-10,2025-05-10,0,135,none,False
PV:B0:2025-05-16,PV,B0,2025-05-16,2,"[""2025-05-15""]",1,2025-05-15 23:50:00,2025-05-16,2025-05-16,0,135,none,False
PV:B1:2025-05-16,PV,B1,2025-05-16,2,"[""2025-05-15""]",144,2025-05-15 00:00:00,2025-05-16,2025-05-16,0,135,none,False
PV:B2:2025-05-16,PV,B2,2025-05-16,2,"[""2025-05-09""]",144,2025-05-09 00:00:00,2025-05-10,2025-05-10,0,135,none,False
PV:B3:2025-05-16,PV,B3,2025-05-16,2,"[""2025-05-09"", ""2025-05-10"", ""2025-05-11"", ""2025-05-12"", ""2025-05-13"", ""2025-05-14"", ""2025-05-15""]",1008,2025-05-09 00:00:00,2025-05-16,2025-05-16,0,135,none,False
PV:B4:2025-05-16,PV,B4,2025-05-16,2,"[""2025-01-03"", ""2025-01-10"", ""2025-01-17"", ""2025-01-24"", ""2025-01-31"", ""2025-02-07"", ""2025-02-14"", ""2025-02-21"", ""2025-02-28"", ""2025-03-07"", ""2025-03-14"", ""2025-03-21"", ""2025-03-28"", ""2025-04-04"", ""2025-04-11"", ""2025-04-18"", ""2025-04-25"", ""2025-05-02"", ""2025-05-09""]",2736,2025-01-03 00:00:00,2025-05-10,2025-05-10,0,135,none,False
Load:B0:2025-05-17,Load,B0,2025-05-17,2,"[""2025-05-16""]",1,2025-05-16 23:50:00,2025-05-17,2025-05-17,0,136,none,False
Load:B1:2025-05-17,Load,B1,2025-05-17,2,"[""2025-05-16""]",144,2025-05-16 00:00:00,2025-05-17,2025-05-17,0,136,none,False
Load:B2:2025-05-17,Load,B2,2025-05-17,2,"[""2025-05-10""]",144,2025-05-10 00:00:00,2025-05-11,2025-05-11,0,136,none,False
Load:B3:2025-05-17,Load,B3,2025-05-17,2,"[""2025-05-10"", ""2025-05-11"", ""2025-05-12"", ""2025-05-13"", ""2025-05-14"", ""2025-05-15"", ""2025-05-16""]",1008,2025-05-10 00:00:00,2025-05-17,2025-05-17,0,136,none,False
Load:B4:2025-05-17,Load,B4,2025-05-17,2,"[""2025-01-04"", ""2025-01-11"", ""2025-01-18"", ""2025-01-25"", ""2025-02-01"", ""2025-02-08"", ""2025-02-15"", ""2025-02-22"", ""2025-03-01"", ""2025-03-08"", ""2025-03-15"", ""2025-03-22"", ""2025-03-29"", ""2025-04-05"", ""2025-04-12"", ""2025-04-19"", ""2025-04-26"", ""2025-05-03"", ""2025-05-10""]",2736,2025-01-04 00:00:00,2025-05-11,2025-05-11,0,136,none,False
PV:B0:2025-05-17,PV,B0,2025-05-17,2,"[""2025-05-16""]",1,2025-05-16 23:50:00,2025-05-17,2025-05-17,0,136,none,False
PV:B1:2025-05-17,PV,B1,2025-05-17,2,"[""2025-05-16""]",144,2025-05-16 00:00:00,2025-05-17,2025-05-17,0,136,none,False
PV:B2:2025-05-17,PV,B2,2025-05-17,2,"[""2025-05-10""]",144,2025-05-10 00:00:00,2025-05-11,2025-05-11,0,136,none,False
PV:B3:2025-05-17,PV,B3,2025-05-17,2,"[""2025-05-10"", ""2025-05-11"", ""2025-05-12"", ""2025-05-13"", ""2025-05-14"", ""2025-05-15"", ""2025-05-16""]",1008,2025-05-10 00:00:00,2025-05-17,2025-05-17,0,136,none,False
PV:B4:2025-05-17,PV,B4,2025-05-17,2,"[""2025-01-04"", ""2025-01-11"", ""2025-01-18"", ""2025-01-25"", ""2025-02-01"", ""2025-02-08"", ""2025-02-15"", ""2025-02-22"", ""2025-03-01"", ""2025-03-08"", ""2025-03-15"", ""2025-03-22"", ""2025-03-29"", ""2025-04-05"", ""2025-04-12"", ""2025-04-19"", ""2025-04-26"", ""2025-05-03"", ""2025-05-10""]",2736,2025-01-04 00:00:00,2025-05-11,2025-05-11,0,136,none,False
Load:B0:2025-05-18,Load,B0,2025-05-18,2,"[""2025-05-17""]",1,2025-05-17 23:50:00,2025-05-18,2025-05-18,0,137,none,False
Load:B1:2025-05-18,Load,B1,2025-05-18,2,"[""2025-05-17""]",144,2025-05-17 00:00:00,2025-05-18,2025-05-18,0,137,none,False
Load:B2:2025-05-18,Load,B2,2025-05-18,2,"[""2025-05-11""]",144,2025-05-11 00:00:00,2025-05-12,2025-05-12,0,137,none,False
Load:B3:2025-05-18,Load,B3,2025-05-18,2,"[""2025-05-11"", ""2025-05-12"", ""2025-05-13"", ""2025-05-14"", ""2025-05-15"", ""2025-05-16"", ""2025-05-17""]",1008,2025-05-11 00:00:00,2025-05-18,2025-05-18,0,137,none,False
Load:B4:2025-05-18,Load,B4,2025-05-18,2,"[""2025-01-05"", ""2025-01-12"", ""2025-01-19"", ""2025-01-26"", ""2025-02-02"", ""2025-02-09"", ""2025-02-16"", ""2025-02-23"", ""2025-03-02"", ""2025-03-09"", ""2025-03-16"", ""2025-03-23"", ""2025-03-30"", ""2025-04-06"", ""2025-04-13"", ""2025-04-20"", ""2025-04-27"", ""2025-05-04"", ""2025-05-11""]",2736,2025-01-05 00:00:00,2025-05-12,2025-05-12,0,137,none,False
PV:B0:2025-05-18,PV,B0,2025-05-18,2,"[""2025-05-17""]",1,2025-05-17 23:50:00,2025-05-18,2025-05-18,0,137,none,False
PV:B1:2025-05-18,PV,B1,2025-05-18,2,"[""2025-05-17""]",144,2025-05-17 00:00:00,2025-05-18,2025-05-18,0,137,none,False
PV:B2:2025-05-18,PV,B2,2025-05-18,2,"[""2025-05-11""]",144,2025-05-11 00:00:00,2025-05-12,2025-05-12,0,137,none,False
PV:B3:2025-05-18,PV,B3,2025-05-18,2,"[""2025-05-11"", ""2025-05-12"", ""2025-05-13"", ""2025-05-14"", ""2025-05-15"", ""2025-05-16"", ""2025-05-17""]",1008,2025-05-11 00:00:00,2025-05-18,2025-05-18,0,137,none,False
PV:B4:2025-05-18,PV,B4,2025-05-18,2,"[""2025-01-05"", ""2025-01-12"", ""2025-01-19"", ""2025-01-26"", ""2025-02-02"", ""2025-02-09"", ""2025-02-16"", ""2025-02-23"", ""2025-03-02"", ""2025-03-09"", ""2025-03-16"", ""2025-03-23"", ""2025-03-30"", ""2025-04-06"", ""2025-04-13"", ""2025-04-20"", ""2025-04-27"", ""2025-05-04"", ""2025-05-11""]",2736,2025-01-05 00:00:00,2025-05-12,2025-05-12,0,137,none,False
Load:B0:2025-05-19,Load,B0,2025-05-19,2,"[""2025-05-18""]",1,2025-05-18 23:50:00,2025-05-19,2025-05-19,0,138,none,False
Load:B1:2025-05-19,Load,B1,2025-05-19,2,"[""2025-05-18""]",144,2025-05-18 00:00:00,2025-05-19,2025-05-19,0,138,none,False
Load:B2:2025-05-19,Load,B2,2025-05-19,2,"[""2025-05-12""]",144,2025-05-12 00:00:00,2025-05-13,2025-05-13,0,138,none,False
Load:B3:2025-05-19,Load,B3,2025-05-19,2,"[""2025-05-12"", ""2025-05-13"", ""2025-05-14"", ""2025-05-15"", ""2025-05-16"", ""2025-05-17"", ""2025-05-18""]",1008,2025-05-12 00:00:00,2025-05-19,2025-05-19,0,138,none,False
Load:B4:2025-05-19,Load,B4,2025-05-19,2,"[""2025-01-06"", ""2025-01-13"", ""2025-01-20"", ""2025-01-27"", ""2025-02-03"", ""2025-02-10"", ""2025-02-17"", ""2025-02-24"", ""2025-03-03"", ""2025-03-10"", ""2025-03-17"", ""2025-03-24"", ""2025-03-31"", ""2025-04-07"", ""2025-04-14"", ""2025-04-21"", ""2025-04-28"", ""2025-05-05"", ""2025-05-12""]",2736,2025-01-06 00:00:00,2025-05-13,2025-05-13,0,138,none,False
PV:B0:2025-05-19,PV,B0,2025-05-19,2,"[""2025-05-18""]",1,2025-05-18 23:50:00,2025-05-19,2025-05-19,0,138,none,False
PV:B1:2025-05-19,PV,B1,2025-05-19,2,"[""2025-05-18""]",144,2025-05-18 00:00:00,2025-05-19,2025-05-19,0,138,none,False
PV:B2:2025-05-19,PV,B2,2025-05-19,2,"[""2025-05-12""]",144,2025-05-12 00:00:00,2025-05-13,2025-05-13,0,138,none,False
PV:B3:2025-05-19,PV,B3,2025-05-19,2,"[""2025-05-12"", ""2025-05-13"", ""2025-05-14"", ""2025-05-15"", ""2025-05-16"", ""2025-05-17"", ""2025-05-18""]",1008,2025-05-12 00:00:00,2025-05-19,2025-05-19,0,138,none,False
PV:B4:2025-05-19,PV,B4,2025-05-19,2,"[""2025-01-06"", ""2025-01-13"", ""2025-01-20"", ""2025-01-27"", ""2025-02-03"", ""2025-02-10"", ""2025-02-17"", ""2025-02-24"", ""2025-03-03"", ""2025-03-10"", ""2025-03-17"", ""2025-03-24"", ""2025-03-31"", ""2025-04-07"", ""2025-04-14"", ""2025-04-21"", ""2025-04-28"", ""2025-05-05"", ""2025-05-12""]",2736,2025-01-06 00:00:00,2025-05-13,2025-05-13,0,138,none,False
Load:B0:2025-05-20,Load,B0,2025-05-20,2,"[""2025-05-19""]",1,2025-05-19 23:50:00,2025-05-20,2025-05-20,0,139,none,False
Load:B1:2025-05-20,Load,B1,2025-05-20,2,"[""2025-05-19""]",144,2025-05-19 00:00:00,2025-05-20,2025-05-20,0,139,none,False
Load:B2:2025-05-20,Load,B2,2025-05-20,2,"[""2025-05-13""]",144,2025-05-13 00:00:00,2025-05-14,2025-05-14,0,139,none,False
Load:B3:2025-05-20,Load,B3,2025-05-20,2,"[""2025-05-13"", ""2025-05-14"", ""2025-05-15"", ""2025-05-16"", ""2025-05-17"", ""2025-05-18"", ""2025-05-19""]",1008,2025-05-13 00:00:00,2025-05-20,2025-05-20,0,139,none,False
Load:B4:2025-05-20,Load,B4,2025-05-20,2,"[""2025-01-07"", ""2025-01-14"", ""2025-01-21"", ""2025-01-28"", ""2025-02-04"", ""2025-02-11"", ""2025-02-18"", ""2025-02-25"", ""2025-03-04"", ""2025-03-11"", ""2025-03-18"", ""2025-03-25"", ""2025-04-01"", ""2025-04-08"", ""2025-04-15"", ""2025-04-22"", ""2025-04-29"", ""2025-05-06"", ""2025-05-13""]",2736,2025-01-07 00:00:00,2025-05-14,2025-05-14,0,139,none,False
PV:B0:2025-05-20,PV,B0,2025-05-20,2,"[""2025-05-19""]",1,2025-05-19 23:50:00,2025-05-20,2025-05-20,0,139,none,False
PV:B1:2025-05-20,PV,B1,2025-05-20,2,"[""2025-05-19""]",144,2025-05-19 00:00:00,2025-05-20,2025-05-20,0,139,none,False
PV:B2:2025-05-20,PV,B2,2025-05-20,2,"[""2025-05-13""]",144,2025-05-13 00:00:00,2025-05-14,2025-05-14,0,139,none,False
PV:B3:2025-05-20,PV,B3,2025-05-20,2,"[""2025-05-13"", ""2025-05-14"", ""2025-05-15"", ""2025-05-16"", ""2025-05-17"", ""2025-05-18"", ""2025-05-19""]",1008,2025-05-13 00:00:00,2025-05-20,2025-05-20,0,139,none,False
PV:B4:2025-05-20,PV,B4,2025-05-20,2,"[""2025-01-07"", ""2025-01-14"", ""2025-01-21"", ""2025-01-28"", ""2025-02-04"", ""2025-02-11"", ""2025-02-18"", ""2025-02-25"", ""2025-03-04"", ""2025-03-11"", ""2025-03-18"", ""2025-03-25"", ""2025-04-01"", ""2025-04-08"", ""2025-04-15"", ""2025-04-22"", ""2025-04-29"", ""2025-05-06"", ""2025-05-13""]",2736,2025-01-07 00:00:00,2025-05-14,2025-05-14,0,139,none,False
Load:B0:2025-05-21,Load,B0,2025-05-21,2,"[""2025-05-20""]",1,2025-05-20 23:50:00,2025-05-21,2025-05-21,0,140,none,False
Load:B1:2025-05-21,Load,B1,2025-05-21,2,"[""2025-05-20""]",144,2025-05-20 00:00:00,2025-05-21,2025-05-21,0,140,none,False
Load:B2:2025-05-21,Load,B2,2025-05-21,2,"[""2025-05-14""]",144,2025-05-14 00:00:00,2025-05-15,2025-05-15,0,140,none,False
Load:B3:2025-05-21,Load,B3,2025-05-21,2,"[""2025-05-14"", ""2025-05-15"", ""2025-05-16"", ""2025-05-17"", ""2025-05-18"", ""2025-05-19"", ""2025-05-20""]",1008,2025-05-14 00:00:00,2025-05-21,2025-05-21,0,140,none,False
Load:B4:2025-05-21,Load,B4,2025-05-21,2,"[""2025-01-01"", ""2025-01-08"", ""2025-01-15"", ""2025-01-22"", ""2025-01-29"", ""2025-02-05"", ""2025-02-12"", ""2025-02-19"", ""2025-02-26"", ""2025-03-05"", ""2025-03-12"", ""2025-03-19"", ""2025-03-26"", ""2025-04-02"", ""2025-04-09"", ""2025-04-16"", ""2025-04-23"", ""2025-04-30"", ""2025-05-07"", ""2025-05-14""]",2880,2025-01-01 00:00:00,2025-05-15,2025-05-15,0,140,none,False
PV:B0:2025-05-21,PV,B0,2025-05-21,2,"[""2025-05-20""]",1,2025-05-20 23:50:00,2025-05-21,2025-05-21,0,140,none,False
PV:B1:2025-05-21,PV,B1,2025-05-21,2,"[""2025-05-20""]",144,2025-05-20 00:00:00,2025-05-21,2025-05-21,0,140,none,False
PV:B2:2025-05-21,PV,B2,2025-05-21,2,"[""2025-05-14""]",144,2025-05-14 00:00:00,2025-05-15,2025-05-15,0,140,none,False
PV:B3:2025-05-21,PV,B3,2025-05-21,2,"[""2025-05-14"", ""2025-05-15"", ""2025-05-16"", ""2025-05-17"", ""2025-05-18"", ""2025-05-19"", ""2025-05-20""]",1008,2025-05-14 00:00:00,2025-05-21,2025-05-21,0,140,none,False
PV:B4:2025-05-21,PV,B4,2025-05-21,2,"[""2025-01-01"", ""2025-01-08"", ""2025-01-15"", ""2025-01-22"", ""2025-01-29"", ""2025-02-05"", ""2025-02-12"", ""2025-02-19"", ""2025-02-26"", ""2025-03-05"", ""2025-03-12"", ""2025-03-19"", ""2025-03-26"", ""2025-04-02"", ""2025-04-09"", ""2025-04-16"", ""2025-04-23"", ""2025-04-30"", ""2025-05-07"", ""2025-05-14""]",2880,2025-01-01 00:00:00,2025-05-15,2025-05-15,0,140,none,False
Load:B0:2025-05-22,Load,B0,2025-05-22,2,"[""2025-05-21""]",1,2025-05-21 23:50:00,2025-05-22,2025-05-22,0,141,none,False
Load:B1:2025-05-22,Load,B1,2025-05-22,2,"[""2025-05-21""]",144,2025-05-21 00:00:00,2025-05-22,2025-05-22,0,141,none,False
Load:B2:2025-05-22,Load,B2,2025-05-22,2,"[""2025-05-15""]",144,2025-05-15 00:00:00,2025-05-16,2025-05-16,0,141,none,False
Load:B3:2025-05-22,Load,B3,2025-05-22,2,"[""2025-05-15"", ""2025-05-16"", ""2025-05-17"", ""2025-05-18"", ""2025-05-19"", ""2025-05-20"", ""2025-05-21""]",1008,2025-05-15 00:00:00,2025-05-22,2025-05-22,0,141,none,False
Load:B4:2025-05-22,Load,B4,2025-05-22,2,"[""2025-01-02"", ""2025-01-09"", ""2025-01-16"", ""2025-01-23"", ""2025-01-30"", ""2025-02-06"", ""2025-02-13"", ""2025-02-20"", ""2025-02-27"", ""2025-03-06"", ""2025-03-13"", ""2025-03-20"", ""2025-03-27"", ""2025-04-03"", ""2025-04-10"", ""2025-04-17"", ""2025-04-24"", ""2025-05-01"", ""2025-05-08"", ""2025-05-15""]",2880,2025-01-02 00:00:00,2025-05-16,2025-05-16,0,141,none,False
PV:B0:2025-05-22,PV,B0,2025-05-22,2,"[""2025-05-21""]",1,2025-05-21 23:50:00,2025-05-22,2025-05-22,0,141,none,False
PV:B1:2025-05-22,PV,B1,2025-05-22,2,"[""2025-05-21""]",144,2025-05-21 00:00:00,2025-05-22,2025-05-22,0,141,none,False
PV:B2:2025-05-22,PV,B2,2025-05-22,2,"[""2025-05-15""]",144,2025-05-15 00:00:00,2025-05-16,2025-05-16,0,141,none,False
PV:B3:2025-05-22,PV,B3,2025-05-22,2,"[""2025-05-15"", ""2025-05-16"", ""2025-05-17"", ""2025-05-18"", ""2025-05-19"", ""2025-05-20"", ""2025-05-21""]",1008,2025-05-15 00:00:00,2025-05-22,2025-05-22,0,141,none,False
PV:B4:2025-05-22,PV,B4,2025-05-22,2,"[""2025-01-02"", ""2025-01-09"", ""2025-01-16"", ""2025-01-23"", ""2025-01-30"", ""2025-02-06"", ""2025-02-13"", ""2025-02-20"", ""2025-02-27"", ""2025-03-06"", ""2025-03-13"", ""2025-03-20"", ""2025-03-27"", ""2025-04-03"", ""2025-04-10"", ""2025-04-17"", ""2025-04-24"", ""2025-05-01"", ""2025-05-08"", ""2025-05-15""]",2880,2025-01-02 00:00:00,2025-05-16,2025-05-16,0,141,none,False
Load:B0:2025-05-23,Load,B0,2025-05-23,2,"[""2025-05-22""]",1,2025-05-22 23:50:00,2025-05-23,2025-05-23,0,142,none,False
Load:B1:2025-05-23,Load,B1,2025-05-23,2,"[""2025-05-22""]",144,2025-05-22 00:00:00,2025-05-23,2025-05-23,0,142,none,False
Load:B2:2025-05-23,Load,B2,2025-05-23,2,"[""2025-05-16""]",144,2025-05-16 00:00:00,2025-05-17,2025-05-17,0,142,none,False
Load:B3:2025-05-23,Load,B3,2025-05-23,2,"[""2025-05-16"", ""2025-05-17"", ""2025-05-18"", ""2025-05-19"", ""2025-05-20"", ""2025-05-21"", ""2025-05-22""]",1008,2025-05-16 00:00:00,2025-05-23,2025-05-23,0,142,none,False
Load:B4:2025-05-23,Load,B4,2025-05-23,2,"[""2025-01-03"", ""2025-01-10"", ""2025-01-17"", ""2025-01-24"", ""2025-01-31"", ""2025-02-07"", ""2025-02-14"", ""2025-02-21"", ""2025-02-28"", ""2025-03-07"", ""2025-03-14"", ""2025-03-21"", ""2025-03-28"", ""2025-04-04"", ""2025-04-11"", ""2025-04-18"", ""2025-04-25"", ""2025-05-02"", ""2025-05-09"", ""2025-05-16""]",2880,2025-01-03 00:00:00,2025-05-17,2025-05-17,0,142,none,False
PV:B0:2025-05-23,PV,B0,2025-05-23,2,"[""2025-05-22""]",1,2025-05-22 23:50:00,2025-05-23,2025-05-23,0,142,none,False
PV:B1:2025-05-23,PV,B1,2025-05-23,2,"[""2025-05-22""]",144,2025-05-22 00:00:00,2025-05-23,2025-05-23,0,142,none,False
PV:B2:2025-05-23,PV,B2,2025-05-23,2,"[""2025-05-16""]",144,2025-05-16 00:00:00,2025-05-17,2025-05-17,0,142,none,False
PV:B3:2025-05-23,PV,B3,2025-05-23,2,"[""2025-05-16"", ""2025-05-17"", ""2025-05-18"", ""2025-05-19"", ""2025-05-20"", ""2025-05-21"", ""2025-05-22""]",1008,2025-05-16 00:00:00,2025-05-23,2025-05-23,0,142,none,False
PV:B4:2025-05-23,PV,B4,2025-05-23,2,"[""2025-01-03"", ""2025-01-10"", ""2025-01-17"", ""2025-01-24"", ""2025-01-31"", ""2025-02-07"", ""2025-02-14"", ""2025-02-21"", ""2025-02-28"", ""2025-03-07"", ""2025-03-14"", ""2025-03-21"", ""2025-03-28"", ""2025-04-04"", ""2025-04-11"", ""2025-04-18"", ""2025-04-25"", ""2025-05-02"", ""2025-05-09"", ""2025-05-16""]",2880,2025-01-03 00:00:00,2025-05-17,2025-05-17,0,142,none,False
Load:B0:2025-05-24,Load,B0,2025-05-24,2,"[""2025-05-23""]",1,2025-05-23 23:50:00,2025-05-24,2025-05-24,0,143,none,False
Load:B1:2025-05-24,Load,B1,2025-05-24,2,"[""2025-05-23""]",144,2025-05-23 00:00:00,2025-05-24,2025-05-24,0,143,none,False
Load:B2:2025-05-24,Load,B2,2025-05-24,2,"[""2025-05-17""]",144,2025-05-17 00:00:00,2025-05-18,2025-05-18,0,143,none,False
Load:B3:2025-05-24,Load,B3,2025-05-24,2,"[""2025-05-17"", ""2025-05-18"", ""2025-05-19"", ""2025-05-20"", ""2025-05-21"", ""2025-05-22"", ""2025-05-23""]",1008,2025-05-17 00:00:00,2025-05-24,2025-05-24,0,143,none,False
Load:B4:2025-05-24,Load,B4,2025-05-24,2,"[""2025-01-04"", ""2025-01-11"", ""2025-01-18"", ""2025-01-25"", ""2025-02-01"", ""2025-02-08"", ""2025-02-15"", ""2025-02-22"", ""2025-03-01"", ""2025-03-08"", ""2025-03-15"", ""2025-03-22"", ""2025-03-29"", ""2025-04-05"", ""2025-04-12"", ""2025-04-19"", ""2025-04-26"", ""2025-05-03"", ""2025-05-10"", ""2025-05-17""]",2880,2025-01-04 00:00:00,2025-05-18,2025-05-18,0,143,none,False
PV:B0:2025-05-24,PV,B0,2025-05-24,2,"[""2025-05-23""]",1,2025-05-23 23:50:00,2025-05-24,2025-05-24,0,143,none,False
PV:B1:2025-05-24,PV,B1,2025-05-24,2,"[""2025-05-23""]",144,2025-05-23 00:00:00,2025-05-24,2025-05-24,0,143,none,False
PV:B2:2025-05-24,PV,B2,2025-05-24,2,"[""2025-05-17""]",144,2025-05-17 00:00:00,2025-05-18,2025-05-18,0,143,none,False
PV:B3:2025-05-24,PV,B3,2025-05-24,2,"[""2025-05-17"", ""2025-05-18"", ""2025-05-19"", ""2025-05-20"", ""2025-05-21"", ""2025-05-22"", ""2025-05-23""]",1008,2025-05-17 00:00:00,2025-05-24,2025-05-24,0,143,none,False
PV:B4:2025-05-24,PV,B4,2025-05-24,2,"[""2025-01-04"", ""2025-01-11"", ""2025-01-18"", ""2025-01-25"", ""2025-02-01"", ""2025-02-08"", ""2025-02-15"", ""2025-02-22"", ""2025-03-01"", ""2025-03-08"", ""2025-03-15"", ""2025-03-22"", ""2025-03-29"", ""2025-04-05"", ""2025-04-12"", ""2025-04-19"", ""2025-04-26"", ""2025-05-03"", ""2025-05-10"", ""2025-05-17""]",2880,2025-01-04 00:00:00,2025-05-18,2025-05-18,0,143,none,False
Load:B0:2025-05-25,Load,B0,2025-05-25,2,"[""2025-05-24""]",1,2025-05-24 23:50:00,2025-05-25,2025-05-25,0,144,none,False
Load:B1:2025-05-25,Load,B1,2025-05-25,2,"[""2025-05-24""]",144,2025-05-24 00:00:00,2025-05-25,2025-05-25,0,144,none,False
Load:B2:2025-05-25,Load,B2,2025-05-25,2,"[""2025-05-18""]",144,2025-05-18 00:00:00,2025-05-19,2025-05-19,0,144,none,False
Load:B3:2025-05-25,Load,B3,2025-05-25,2,"[""2025-05-18"", ""2025-05-19"", ""2025-05-20"", ""2025-05-21"", ""2025-05-22"", ""2025-05-23"", ""2025-05-24""]",1008,2025-05-18 00:00:00,2025-05-25,2025-05-25,0,144,none,False
Load:B4:2025-05-25,Load,B4,2025-05-25,2,"[""2025-01-05"", ""2025-01-12"", ""2025-01-19"", ""2025-01-26"", ""2025-02-02"", ""2025-02-09"", ""2025-02-16"", ""2025-02-23"", ""2025-03-02"", ""2025-03-09"", ""2025-03-16"", ""2025-03-23"", ""2025-03-30"", ""2025-04-06"", ""2025-04-13"", ""2025-04-20"", ""2025-04-27"", ""2025-05-04"", ""2025-05-11"", ""2025-05-18""]",2880,2025-01-05 00:00:00,2025-05-19,2025-05-19,0,144,none,False
PV:B0:2025-05-25,PV,B0,2025-05-25,2,"[""2025-05-24""]",1,2025-05-24 23:50:00,2025-05-25,2025-05-25,0,144,none,False
PV:B1:2025-05-25,PV,B1,2025-05-25,2,"[""2025-05-24""]",144,2025-05-24 00:00:00,2025-05-25,2025-05-25,0,144,none,False
PV:B2:2025-05-25,PV,B2,2025-05-25,2,"[""2025-05-18""]",144,2025-05-18 00:00:00,2025-05-19,2025-05-19,0,144,none,False
PV:B3:2025-05-25,PV,B3,2025-05-25,2,"[""2025-05-18"", ""2025-05-19"", ""2025-05-20"", ""2025-05-21"", ""2025-05-22"", ""2025-05-23"", ""2025-05-24""]",1008,2025-05-18 00:00:00,2025-05-25,2025-05-25,0,144,none,False
PV:B4:2025-05-25,PV,B4,2025-05-25,2,"[""2025-01-05"", ""2025-01-12"", ""2025-01-19"", ""2025-01-26"", ""2025-02-02"", ""2025-02-09"", ""2025-02-16"", ""2025-02-23"", ""2025-03-02"", ""2025-03-09"", ""2025-03-16"", ""2025-03-23"", ""2025-03-30"", ""2025-04-06"", ""2025-04-13"", ""2025-04-20"", ""2025-04-27"", ""2025-05-04"", ""2025-05-11"", ""2025-05-18""]",2880,2025-01-05 00:00:00,2025-05-19,2025-05-19,0,144,none,False
Load:B0:2025-05-26,Load,B0,2025-05-26,2,"[""2025-05-25""]",1,2025-05-25 23:50:00,2025-05-26,2025-05-26,0,145,none,False
Load:B1:2025-05-26,Load,B1,2025-05-26,2,"[""2025-05-25""]",144,2025-05-25 00:00:00,2025-05-26,2025-05-26,0,145,none,False
Load:B2:2025-05-26,Load,B2,2025-05-26,2,"[""2025-05-19""]",144,2025-05-19 00:00:00,2025-05-20,2025-05-20,0,145,none,False
Load:B3:2025-05-26,Load,B3,2025-05-26,2,"[""2025-05-19"", ""2025-05-20"", ""2025-05-21"", ""2025-05-22"", ""2025-05-23"", ""2025-05-24"", ""2025-05-25""]",1008,2025-05-19 00:00:00,2025-05-26,2025-05-26,0,145,none,False
Load:B4:2025-05-26,Load,B4,2025-05-26,2,"[""2025-01-06"", ""2025-01-13"", ""2025-01-20"", ""2025-01-27"", ""2025-02-03"", ""2025-02-10"", ""2025-02-17"", ""2025-02-24"", ""2025-03-03"", ""2025-03-10"", ""2025-03-17"", ""2025-03-24"", ""2025-03-31"", ""2025-04-07"", ""2025-04-14"", ""2025-04-21"", ""2025-04-28"", ""2025-05-05"", ""2025-05-12"", ""2025-05-19""]",2880,2025-01-06 00:00:00,2025-05-20,2025-05-20,0,145,none,False
PV:B0:2025-05-26,PV,B0,2025-05-26,2,"[""2025-05-25""]",1,2025-05-25 23:50:00,2025-05-26,2025-05-26,0,145,none,False
PV:B1:2025-05-26,PV,B1,2025-05-26,2,"[""2025-05-25""]",144,2025-05-25 00:00:00,2025-05-26,2025-05-26,0,145,none,False
PV:B2:2025-05-26,PV,B2,2025-05-26,2,"[""2025-05-19""]",144,2025-05-19 00:00:00,2025-05-20,2025-05-20,0,145,none,False
PV:B3:2025-05-26,PV,B3,2025-05-26,2,"[""2025-05-19"", ""2025-05-20"", ""2025-05-21"", ""2025-05-22"", ""2025-05-23"", ""2025-05-24"", ""2025-05-25""]",1008,2025-05-19 00:00:00,2025-05-26,2025-05-26,0,145,none,False
PV:B4:2025-05-26,PV,B4,2025-05-26,2,"[""2025-01-06"", ""2025-01-13"", ""2025-01-20"", ""2025-01-27"", ""2025-02-03"", ""2025-02-10"", ""2025-02-17"", ""2025-02-24"", ""2025-03-03"", ""2025-03-10"", ""2025-03-17"", ""2025-03-24"", ""2025-03-31"", ""2025-04-07"", ""2025-04-14"", ""2025-04-21"", ""2025-04-28"", ""2025-05-05"", ""2025-05-12"", ""2025-05-19""]",2880,2025-01-06 00:00:00,2025-05-20,2025-05-20,0,145,none,False
Load:B0:2025-05-27,Load,B0,2025-05-27,2,"[""2025-05-26""]",1,2025-05-26 23:50:00,2025-05-27,2025-05-27,0,146,none,False
Load:B1:2025-05-27,Load,B1,2025-05-27,2,"[""2025-05-26""]",144,2025-05-26 00:00:00,2025-05-27,2025-05-27,0,146,none,False
Load:B2:2025-05-27,Load,B2,2025-05-27,2,"[""2025-05-20""]",144,2025-05-20 00:00:00,2025-05-21,2025-05-21,0,146,none,False
Load:B3:2025-05-27,Load,B3,2025-05-27,2,"[""2025-05-20"", ""2025-05-21"", ""2025-05-22"", ""2025-05-23"", ""2025-05-24"", ""2025-05-25"", ""2025-05-26""]",1008,2025-05-20 00:00:00,2025-05-27,2025-05-27,0,146,none,False
Load:B4:2025-05-27,Load,B4,2025-05-27,2,"[""2025-01-07"", ""2025-01-14"", ""2025-01-21"", ""2025-01-28"", ""2025-02-04"", ""2025-02-11"", ""2025-02-18"", ""2025-02-25"", ""2025-03-04"", ""2025-03-11"", ""2025-03-18"", ""2025-03-25"", ""2025-04-01"", ""2025-04-08"", ""2025-04-15"", ""2025-04-22"", ""2025-04-29"", ""2025-05-06"", ""2025-05-13"", ""2025-05-20""]",2880,2025-01-07 00:00:00,2025-05-21,2025-05-21,0,146,none,False
PV:B0:2025-05-27,PV,B0,2025-05-27,2,"[""2025-05-26""]",1,2025-05-26 23:50:00,2025-05-27,2025-05-27,0,146,none,False
PV:B1:2025-05-27,PV,B1,2025-05-27,2,"[""2025-05-26""]",144,2025-05-26 00:00:00,2025-05-27,2025-05-27,0,146,none,False
PV:B2:2025-05-27,PV,B2,2025-05-27,2,"[""2025-05-20""]",144,2025-05-20 00:00:00,2025-05-21,2025-05-21,0,146,none,False
PV:B3:2025-05-27,PV,B3,2025-05-27,2,"[""2025-05-20"", ""2025-05-21"", ""2025-05-22"", ""2025-05-23"", ""2025-05-24"", ""2025-05-25"", ""2025-05-26""]",1008,2025-05-20 00:00:00,2025-05-27,2025-05-27,0,146,none,False
PV:B4:2025-05-27,PV,B4,2025-05-27,2,"[""2025-01-07"", ""2025-01-14"", ""2025-01-21"", ""2025-01-28"", ""2025-02-04"", ""2025-02-11"", ""2025-02-18"", ""2025-02-25"", ""2025-03-04"", ""2025-03-11"", ""2025-03-18"", ""2025-03-25"", ""2025-04-01"", ""2025-04-08"", ""2025-04-15"", ""2025-04-22"", ""2025-04-29"", ""2025-05-06"", ""2025-05-13"", ""2025-05-20""]",2880,2025-01-07 00:00:00,2025-05-21,2025-05-21,0,146,none,False
Load:B0:2025-05-28,Load,B0,2025-05-28,2,"[""2025-05-27""]",1,2025-05-27 23:50:00,2025-05-28,2025-05-28,0,147,none,False
Load:B1:2025-05-28,Load,B1,2025-05-28,2,"[""2025-05-27""]",144,2025-05-27 00:00:00,2025-05-28,2025-05-28,0,147,none,False
Load:B2:2025-05-28,Load,B2,2025-05-28,2,"[""2025-05-21""]",144,2025-05-21 00:00:00,2025-05-22,2025-05-22,0,147,none,False
Load:B3:2025-05-28,Load,B3,2025-05-28,2,"[""2025-05-21"", ""2025-05-22"", ""2025-05-23"", ""2025-05-24"", ""2025-05-25"", ""2025-05-26"", ""2025-05-27""]",1008,2025-05-21 00:00:00,2025-05-28,2025-05-28,0,147,none,False
Load:B4:2025-05-28,Load,B4,2025-05-28,2,"[""2025-01-01"", ""2025-01-08"", ""2025-01-15"", ""2025-01-22"", ""2025-01-29"", ""2025-02-05"", ""2025-02-12"", ""2025-02-19"", ""2025-02-26"", ""2025-03-05"", ""2025-03-12"", ""2025-03-19"", ""2025-03-26"", ""2025-04-02"", ""2025-04-09"", ""2025-04-16"", ""2025-04-23"", ""2025-04-30"", ""2025-05-07"", ""2025-05-14"", ""2025-05-21""]",3024,2025-01-01 00:00:00,2025-05-22,2025-05-22,0,147,none,False
PV:B0:2025-05-28,PV,B0,2025-05-28,2,"[""2025-05-27""]",1,2025-05-27 23:50:00,2025-05-28,2025-05-28,0,147,none,False
PV:B1:2025-05-28,PV,B1,2025-05-28,2,"[""2025-05-27""]",144,2025-05-27 00:00:00,2025-05-28,2025-05-28,0,147,none,False
PV:B2:2025-05-28,PV,B2,2025-05-28,2,"[""2025-05-21""]",144,2025-05-21 00:00:00,2025-05-22,2025-05-22,0,147,none,False
PV:B3:2025-05-28,PV,B3,2025-05-28,2,"[""2025-05-21"", ""2025-05-22"", ""2025-05-23"", ""2025-05-24"", ""2025-05-25"", ""2025-05-26"", ""2025-05-27""]",1008,2025-05-21 00:00:00,2025-05-28,2025-05-28,0,147,none,False
PV:B4:2025-05-28,PV,B4,2025-05-28,2,"[""2025-01-01"", ""2025-01-08"", ""2025-01-15"", ""2025-01-22"", ""2025-01-29"", ""2025-02-05"", ""2025-02-12"", ""2025-02-19"", ""2025-02-26"", ""2025-03-05"", ""2025-03-12"", ""2025-03-19"", ""2025-03-26"", ""2025-04-02"", ""2025-04-09"", ""2025-04-16"", ""2025-04-23"", ""2025-04-30"", ""2025-05-07"", ""2025-05-14"", ""2025-05-21""]",3024,2025-01-01 00:00:00,2025-05-22,2025-05-22,0,147,none,False
Load:B0:2025-05-29,Load,B0,2025-05-29,2,"[""2025-05-28""]",1,2025-05-28 23:50:00,2025-05-29,2025-05-29,0,148,none,False
Load:B1:2025-05-29,Load,B1,2025-05-29,2,"[""2025-05-28""]",144,2025-05-28 00:00:00,2025-05-29,2025-05-29,0,148,none,False
Load:B2:2025-05-29,Load,B2,2025-05-29,2,"[""2025-05-22""]",144,2025-05-22 00:00:00,2025-05-23,2025-05-23,0,148,none,False
Load:B3:2025-05-29,Load,B3,2025-05-29,2,"[""2025-05-22"", ""2025-05-23"", ""2025-05-24"", ""2025-05-25"", ""2025-05-26"", ""2025-05-27"", ""2025-05-28""]",1008,2025-05-22 00:00:00,2025-05-29,2025-05-29,0,148,none,False
Load:B4:2025-05-29,Load,B4,2025-05-29,2,"[""2025-01-02"", ""2025-01-09"", ""2025-01-16"", ""2025-01-23"", ""2025-01-30"", ""2025-02-06"", ""2025-02-13"", ""2025-02-20"", ""2025-02-27"", ""2025-03-06"", ""2025-03-13"", ""2025-03-20"", ""2025-03-27"", ""2025-04-03"", ""2025-04-10"", ""2025-04-17"", ""2025-04-24"", ""2025-05-01"", ""2025-05-08"", ""2025-05-15"", ""2025-05-22""]",3024,2025-01-02 00:00:00,2025-05-23,2025-05-23,0,148,none,False
PV:B0:2025-05-29,PV,B0,2025-05-29,2,"[""2025-05-28""]",1,2025-05-28 23:50:00,2025-05-29,2025-05-29,0,148,none,False
PV:B1:2025-05-29,PV,B1,2025-05-29,2,"[""2025-05-28""]",144,2025-05-28 00:00:00,2025-05-29,2025-05-29,0,148,none,False
PV:B2:2025-05-29,PV,B2,2025-05-29,2,"[""2025-05-22""]",144,2025-05-22 00:00:00,2025-05-23,2025-05-23,0,148,none,False
PV:B3:2025-05-29,PV,B3,2025-05-29,2,"[""2025-05-22"", ""2025-05-23"", ""2025-05-24"", ""2025-05-25"", ""2025-05-26"", ""2025-05-27"", ""2025-05-28""]",1008,2025-05-22 00:00:00,2025-05-29,2025-05-29,0,148,none,False
PV:B4:2025-05-29,PV,B4,2025-05-29,2,"[""2025-01-02"", ""2025-01-09"", ""2025-01-16"", ""2025-01-23"", ""2025-01-30"", ""2025-02-06"", ""2025-02-13"", ""2025-02-20"", ""2025-02-27"", ""2025-03-06"", ""2025-03-13"", ""2025-03-20"", ""2025-03-27"", ""2025-04-03"", ""2025-04-10"", ""2025-04-17"", ""2025-04-24"", ""2025-05-01"", ""2025-05-08"", ""2025-05-15"", ""2025-05-22""]",3024,2025-01-02 00:00:00,2025-05-23,2025-05-23,0,148,none,False
Load:B0:2025-05-30,Load,B0,2025-05-30,2,"[""2025-05-29""]",1,2025-05-29 23:50:00,2025-05-30,2025-05-30,0,149,none,False
Load:B1:2025-05-30,Load,B1,2025-05-30,2,"[""2025-05-29""]",144,2025-05-29 00:00:00,2025-05-30,2025-05-30,0,149,none,False
Load:B2:2025-05-30,Load,B2,2025-05-30,2,"[""2025-05-23""]",144,2025-05-23 00:00:00,2025-05-24,2025-05-24,0,149,none,False
Load:B3:2025-05-30,Load,B3,2025-05-30,2,"[""2025-05-23"", ""2025-05-24"", ""2025-05-25"", ""2025-05-26"", ""2025-05-27"", ""2025-05-28"", ""2025-05-29""]",1008,2025-05-23 00:00:00,2025-05-30,2025-05-30,0,149,none,False
Load:B4:2025-05-30,Load,B4,2025-05-30,2,"[""2025-01-03"", ""2025-01-10"", ""2025-01-17"", ""2025-01-24"", ""2025-01-31"", ""2025-02-07"", ""2025-02-14"", ""2025-02-21"", ""2025-02-28"", ""2025-03-07"", ""2025-03-14"", ""2025-03-21"", ""2025-03-28"", ""2025-04-04"", ""2025-04-11"", ""2025-04-18"", ""2025-04-25"", ""2025-05-02"", ""2025-05-09"", ""2025-05-16"", ""2025-05-23""]",3024,2025-01-03 00:00:00,2025-05-24,2025-05-24,0,149,none,False
PV:B0:2025-05-30,PV,B0,2025-05-30,2,"[""2025-05-29""]",1,2025-05-29 23:50:00,2025-05-30,2025-05-30,0,149,none,False
PV:B1:2025-05-30,PV,B1,2025-05-30,2,"[""2025-05-29""]",144,2025-05-29 00:00:00,2025-05-30,2025-05-30,0,149,none,False
PV:B2:2025-05-30,PV,B2,2025-05-30,2,"[""2025-05-23""]",144,2025-05-23 00:00:00,2025-05-24,2025-05-24,0,149,none,False
PV:B3:2025-05-30,PV,B3,2025-05-30,2,"[""2025-05-23"", ""2025-05-24"", ""2025-05-25"", ""2025-05-26"", ""2025-05-27"", ""2025-05-28"", ""2025-05-29""]",1008,2025-05-23 00:00:00,2025-05-30,2025-05-30,0,149,none,False
PV:B4:2025-05-30,PV,B4,2025-05-30,2,"[""2025-01-03"", ""2025-01-10"", ""2025-01-17"", ""2025-01-24"", ""2025-01-31"", ""2025-02-07"", ""2025-02-14"", ""2025-02-21"", ""2025-02-28"", ""2025-03-07"", ""2025-03-14"", ""2025-03-21"", ""2025-03-28"", ""2025-04-04"", ""2025-04-11"", ""2025-04-18"", ""2025-04-25"", ""2025-05-02"", ""2025-05-09"", ""2025-05-16"", ""2025-05-23""]",3024,2025-01-03 00:00:00,2025-05-24,2025-05-24,0,149,none,False
Load:B0:2025-05-31,Load,B0,2025-05-31,2,"[""2025-05-30""]",1,2025-05-30 23:50:00,2025-05-31,2025-05-31,0,150,none,False
Load:B1:2025-05-31,Load,B1,2025-05-31,2,"[""2025-05-30""]",144,2025-05-30 00:00:00,2025-05-31,2025-05-31,0,150,none,False
Load:B2:2025-05-31,Load,B2,2025-05-31,2,"[""2025-05-24""]",144,2025-05-24 00:00:00,2025-05-25,2025-05-25,0,150,none,False
Load:B3:2025-05-31,Load,B3,2025-05-31,2,"[""2025-05-24"", ""2025-05-25"", ""2025-05-26"", ""2025-05-27"", ""2025-05-28"", ""2025-05-29"", ""2025-05-30""]",1008,2025-05-24 00:00:00,2025-05-31,2025-05-31,0,150,none,False
Load:B4:2025-05-31,Load,B4,2025-05-31,2,"[""2025-01-04"", ""2025-01-11"", ""2025-01-18"", ""2025-01-25"", ""2025-02-01"", ""2025-02-08"", ""2025-02-15"", ""2025-02-22"", ""2025-03-01"", ""2025-03-08"", ""2025-03-15"", ""2025-03-22"", ""2025-03-29"", ""2025-04-05"", ""2025-04-12"", ""2025-04-19"", ""2025-04-26"", ""2025-05-03"", ""2025-05-10"", ""2025-05-17"", ""2025-05-24""]",3024,2025-01-04 00:00:00,2025-05-25,2025-05-25,0,150,none,False
PV:B0:2025-05-31,PV,B0,2025-05-31,2,"[""2025-05-30""]",1,2025-05-30 23:50:00,2025-05-31,2025-05-31,0,150,none,False
PV:B1:2025-05-31,PV,B1,2025-05-31,2,"[""2025-05-30""]",144,2025-05-30 00:00:00,2025-05-31,2025-05-31,0,150,none,False
PV:B2:2025-05-31,PV,B2,2025-05-31,2,"[""2025-05-24""]",144,2025-05-24 00:00:00,2025-05-25,2025-05-25,0,150,none,False
PV:B3:2025-05-31,PV,B3,2025-05-31,2,"[""2025-05-24"", ""2025-05-25"", ""2025-05-26"", ""2025-05-27"", ""2025-05-28"", ""2025-05-29"", ""2025-05-30""]",1008,2025-05-24 00:00:00,2025-05-31,2025-05-31,0,150,none,False
PV:B4:2025-05-31,PV,B4,2025-05-31,2,"[""2025-01-04"", ""2025-01-11"", ""2025-01-18"", ""2025-01-25"", ""2025-02-01"", ""2025-02-08"", ""2025-02-15"", ""2025-02-22"", ""2025-03-01"", ""2025-03-08"", ""2025-03-15"", ""2025-03-22"", ""2025-03-29"", ""2025-04-05"", ""2025-04-12"", ""2025-04-19"", ""2025-04-26"", ""2025-05-03"", ""2025-05-10"", ""2025-05-17"", ""2025-05-24""]",3024,2025-01-04 00:00:00,2025-05-25,2025-05-25,0,150,none,False
Load:B0:2025-06-01,Load,B0,2025-06-01,2,"[""2025-05-31""]",1,2025-05-31 23:50:00,2025-06-01,2025-06-01,0,151,none,False
Load:B1:2025-06-01,Load,B1,2025-06-01,2,"[""2025-05-31""]",144,2025-05-31 00:00:00,2025-06-01,2025-06-01,0,151,none,False
Load:B2:2025-06-01,Load,B2,2025-06-01,2,"[""2025-05-25""]",144,2025-05-25 00:00:00,2025-05-26,2025-05-26,0,151,none,False
Load:B3:2025-06-01,Load,B3,2025-06-01,2,"[""2025-05-25"", ""2025-05-26"", ""2025-05-27"", ""2025-05-28"", ""2025-05-29"", ""2025-05-30"", ""2025-05-31""]",1008,2025-05-25 00:00:00,2025-06-01,2025-06-01,0,151,none,False
Load:B4:2025-06-01,Load,B4,2025-06-01,2,"[""2025-01-05"", ""2025-01-12"", ""2025-01-19"", ""2025-01-26"", ""2025-02-02"", ""2025-02-09"", ""2025-02-16"", ""2025-02-23"", ""2025-03-02"", ""2025-03-09"", ""2025-03-16"", ""2025-03-23"", ""2025-03-30"", ""2025-04-06"", ""2025-04-13"", ""2025-04-20"", ""2025-04-27"", ""2025-05-04"", ""2025-05-11"", ""2025-05-18"", ""2025-05-25""]",3024,2025-01-05 00:00:00,2025-05-26,2025-05-26,0,151,none,False
PV:B0:2025-06-01,PV,B0,2025-06-01,2,"[""2025-05-31""]",1,2025-05-31 23:50:00,2025-06-01,2025-06-01,0,151,none,False
PV:B1:2025-06-01,PV,B1,2025-06-01,2,"[""2025-05-31""]",144,2025-05-31 00:00:00,2025-06-01,2025-06-01,0,151,none,False
PV:B2:2025-06-01,PV,B2,2025-06-01,2,"[""2025-05-25""]",144,2025-05-25 00:00:00,2025-05-26,2025-05-26,0,151,none,False
PV:B3:2025-06-01,PV,B3,2025-06-01,2,"[""2025-05-25"", ""2025-05-26"", ""2025-05-27"", ""2025-05-28"", ""2025-05-29"", ""2025-05-30"", ""2025-05-31""]",1008,2025-05-25 00:00:00,2025-06-01,2025-06-01,0,151,none,False
PV:B4:2025-06-01,PV,B4,2025-06-01,2,"[""2025-01-05"", ""2025-01-12"", ""2025-01-19"", ""2025-01-26"", ""2025-02-02"", ""2025-02-09"", ""2025-02-16"", ""2025-02-23"", ""2025-03-02"", ""2025-03-09"", ""2025-03-16"", ""2025-03-23"", ""2025-03-30"", ""2025-04-06"", ""2025-04-13"", ""2025-04-20"", ""2025-04-27"", ""2025-05-04"", ""2025-05-11"", ""2025-05-18"", ""2025-05-25""]",3024,2025-01-05 00:00:00,2025-05-26,2025-05-26,0,151,none,False
Load:B0:2025-06-02,Load,B0,2025-06-02,2,"[""2025-06-01""]",1,2025-06-01 23:50:00,2025-06-02,2025-06-02,0,152,none,False
Load:B1:2025-06-02,Load,B1,2025-06-02,2,"[""2025-06-01""]",144,2025-06-01 00:00:00,2025-06-02,2025-06-02,0,152,none,False
Load:B2:2025-06-02,Load,B2,2025-06-02,2,"[""2025-05-26""]",144,2025-05-26 00:00:00,2025-05-27,2025-05-27,0,152,none,False
Load:B3:2025-06-02,Load,B3,2025-06-02,2,"[""2025-05-26"", ""2025-05-27"", ""2025-05-28"", ""2025-05-29"", ""2025-05-30"", ""2025-05-31"", ""2025-06-01""]",1008,2025-05-26 00:00:00,2025-06-02,2025-06-02,0,152,none,False
Load:B4:2025-06-02,Load,B4,2025-06-02,2,"[""2025-01-06"", ""2025-01-13"", ""2025-01-20"", ""2025-01-27"", ""2025-02-03"", ""2025-02-10"", ""2025-02-17"", ""2025-02-24"", ""2025-03-03"", ""2025-03-10"", ""2025-03-17"", ""2025-03-24"", ""2025-03-31"", ""2025-04-07"", ""2025-04-14"", ""2025-04-21"", ""2025-04-28"", ""2025-05-05"", ""2025-05-12"", ""2025-05-19"", ""2025-05-26""]",3024,2025-01-06 00:00:00,2025-05-27,2025-05-27,0,152,none,False
PV:B0:2025-06-02,PV,B0,2025-06-02,2,"[""2025-06-01""]",1,2025-06-01 23:50:00,2025-06-02,2025-06-02,0,152,none,False
PV:B1:2025-06-02,PV,B1,2025-06-02,2,"[""2025-06-01""]",144,2025-06-01 00:00:00,2025-06-02,2025-06-02,0,152,none,False
PV:B2:2025-06-02,PV,B2,2025-06-02,2,"[""2025-05-26""]",144,2025-05-26 00:00:00,2025-05-27,2025-05-27,0,152,none,False
PV:B3:2025-06-02,PV,B3,2025-06-02,2,"[""2025-05-26"", ""2025-05-27"", ""2025-05-28"", ""2025-05-29"", ""2025-05-30"", ""2025-05-31"", ""2025-06-01""]",1008,2025-05-26 00:00:00,2025-06-02,2025-06-02,0,152,none,False
PV:B4:2025-06-02,PV,B4,2025-06-02,2,"[""2025-01-06"", ""2025-01-13"", ""2025-01-20"", ""2025-01-27"", ""2025-02-03"", ""2025-02-10"", ""2025-02-17"", ""2025-02-24"", ""2025-03-03"", ""2025-03-10"", ""2025-03-17"", ""2025-03-24"", ""2025-03-31"", ""2025-04-07"", ""2025-04-14"", ""2025-04-21"", ""2025-04-28"", ""2025-05-05"", ""2025-05-12"", ""2025-05-19"", ""2025-05-26""]",3024,2025-01-06 00:00:00,2025-05-27,2025-05-27,0,152,none,False
Load:B0:2025-06-03,Load,B0,2025-06-03,2,"[""2025-06-02""]",1,2025-06-02 23:50:00,2025-06-03,2025-06-03,0,153,none,False
Load:B1:2025-06-03,Load,B1,2025-06-03,2,"[""2025-06-02""]",144,2025-06-02 00:00:00,2025-06-03,2025-06-03,0,153,none,False
Load:B2:2025-06-03,Load,B2,2025-06-03,2,"[""2025-05-27""]",144,2025-05-27 00:00:00,2025-05-28,2025-05-28,0,153,none,False
Load:B3:2025-06-03,Load,B3,2025-06-03,2,"[""2025-05-27"", ""2025-05-28"", ""2025-05-29"", ""2025-05-30"", ""2025-05-31"", ""2025-06-01"", ""2025-06-02""]",1008,2025-05-27 00:00:00,2025-06-03,2025-06-03,0,153,none,False
Load:B4:2025-06-03,Load,B4,2025-06-03,2,"[""2025-01-07"", ""2025-01-14"", ""2025-01-21"", ""2025-01-28"", ""2025-02-04"", ""2025-02-11"", ""2025-02-18"", ""2025-02-25"", ""2025-03-04"", ""2025-03-11"", ""2025-03-18"", ""2025-03-25"", ""2025-04-01"", ""2025-04-08"", ""2025-04-15"", ""2025-04-22"", ""2025-04-29"", ""2025-05-06"", ""2025-05-13"", ""2025-05-20"", ""2025-05-27""]",3024,2025-01-07 00:00:00,2025-05-28,2025-05-28,0,153,none,False
PV:B0:2025-06-03,PV,B0,2025-06-03,2,"[""2025-06-02""]",1,2025-06-02 23:50:00,2025-06-03,2025-06-03,0,153,none,False
PV:B1:2025-06-03,PV,B1,2025-06-03,2,"[""2025-06-02""]",144,2025-06-02 00:00:00,2025-06-03,2025-06-03,0,153,none,False
PV:B2:2025-06-03,PV,B2,2025-06-03,2,"[""2025-05-27""]",144,2025-05-27 00:00:00,2025-05-28,2025-05-28,0,153,none,False
PV:B3:2025-06-03,PV,B3,2025-06-03,2,"[""2025-05-27"", ""2025-05-28"", ""2025-05-29"", ""2025-05-30"", ""2025-05-31"", ""2025-06-01"", ""2025-06-02""]",1008,2025-05-27 00:00:00,2025-06-03,2025-06-03,0,153,none,False
PV:B4:2025-06-03,PV,B4,2025-06-03,2,"[""2025-01-07"", ""2025-01-14"", ""2025-01-21"", ""2025-01-28"", ""2025-02-04"", ""2025-02-11"", ""2025-02-18"", ""2025-02-25"", ""2025-03-04"", ""2025-03-11"", ""2025-03-18"", ""2025-03-25"", ""2025-04-01"", ""2025-04-08"", ""2025-04-15"", ""2025-04-22"", ""2025-04-29"", ""2025-05-06"", ""2025-05-13"", ""2025-05-20"", ""2025-05-27""]",3024,2025-01-07 00:00:00,2025-05-28,2025-05-28,0,153,none,False
Load:B0:2025-06-04,Load,B0,2025-06-04,2,"[""2025-06-03""]",1,2025-06-03 23:50:00,2025-06-04,2025-06-04,0,154,none,False
Load:B1:2025-06-04,Load,B1,2025-06-04,2,"[""2025-06-03""]",144,2025-06-03 00:00:00,2025-06-04,2025-06-04,0,154,none,False
Load:B2:2025-06-04,Load,B2,2025-06-04,2,"[""2025-05-28""]",144,2025-05-28 00:00:00,2025-05-29,2025-05-29,0,154,none,False
Load:B3:2025-06-04,Load,B3,2025-06-04,2,"[""2025-05-28"", ""2025-05-29"", ""2025-05-30"", ""2025-05-31"", ""2025-06-01"", ""2025-06-02"", ""2025-06-03""]",1008,2025-05-28 00:00:00,2025-06-04,2025-06-04,0,154,none,False
Load:B4:2025-06-04,Load,B4,2025-06-04,2,"[""2025-01-01"", ""2025-01-08"", ""2025-01-15"", ""2025-01-22"", ""2025-01-29"", ""2025-02-05"", ""2025-02-12"", ""2025-02-19"", ""2025-02-26"", ""2025-03-05"", ""2025-03-12"", ""2025-03-19"", ""2025-03-26"", ""2025-04-02"", ""2025-04-09"", ""2025-04-16"", ""2025-04-23"", ""2025-04-30"", ""2025-05-07"", ""2025-05-14"", ""2025-05-21"", ""2025-05-28""]",3168,2025-01-01 00:00:00,2025-05-29,2025-05-29,0,154,none,False
PV:B0:2025-06-04,PV,B0,2025-06-04,2,"[""2025-06-03""]",1,2025-06-03 23:50:00,2025-06-04,2025-06-04,0,154,none,False
PV:B1:2025-06-04,PV,B1,2025-06-04,2,"[""2025-06-03""]",144,2025-06-03 00:00:00,2025-06-04,2025-06-04,0,154,none,False
PV:B2:2025-06-04,PV,B2,2025-06-04,2,"[""2025-05-28""]",144,2025-05-28 00:00:00,2025-05-29,2025-05-29,0,154,none,False
PV:B3:2025-06-04,PV,B3,2025-06-04,2,"[""2025-05-28"", ""2025-05-29"", ""2025-05-30"", ""2025-05-31"", ""2025-06-01"", ""2025-06-02"", ""2025-06-03""]",1008,2025-05-28 00:00:00,2025-06-04,2025-06-04,0,154,none,False
PV:B4:2025-06-04,PV,B4,2025-06-04,2,"[""2025-01-01"", ""2025-01-08"", ""2025-01-15"", ""2025-01-22"", ""2025-01-29"", ""2025-02-05"", ""2025-02-12"", ""2025-02-19"", ""2025-02-26"", ""2025-03-05"", ""2025-03-12"", ""2025-03-19"", ""2025-03-26"", ""2025-04-02"", ""2025-04-09"", ""2025-04-16"", ""2025-04-23"", ""2025-04-30"", ""2025-05-07"", ""2025-05-14"", ""2025-05-21"", ""2025-05-28""]",3168,2025-01-01 00:00:00,2025-05-29,2025-05-29,0,154,none,False
Load:B0:2025-06-05,Load,B0,2025-06-05,2,"[""2025-06-04""]",1,2025-06-04 23:50:00,2025-06-05,2025-06-05,0,155,none,False
Load:B1:2025-06-05,Load,B1,2025-06-05,2,"[""2025-06-04""]",144,2025-06-04 00:00:00,2025-06-05,2025-06-05,0,155,none,False
Load:B2:2025-06-05,Load,B2,2025-06-05,2,"[""2025-05-29""]",144,2025-05-29 00:00:00,2025-05-30,2025-05-30,0,155,none,False
Load:B3:2025-06-05,Load,B3,2025-06-05,2,"[""2025-05-29"", ""2025-05-30"", ""2025-05-31"", ""2025-06-01"", ""2025-06-02"", ""2025-06-03"", ""2025-06-04""]",1008,2025-05-29 00:00:00,2025-06-05,2025-06-05,0,155,none,False
Load:B4:2025-06-05,Load,B4,2025-06-05,2,"[""2025-01-02"", ""2025-01-09"", ""2025-01-16"", ""2025-01-23"", ""2025-01-30"", ""2025-02-06"", ""2025-02-13"", ""2025-02-20"", ""2025-02-27"", ""2025-03-06"", ""2025-03-13"", ""2025-03-20"", ""2025-03-27"", ""2025-04-03"", ""2025-04-10"", ""2025-04-17"", ""2025-04-24"", ""2025-05-01"", ""2025-05-08"", ""2025-05-15"", ""2025-05-22"", ""2025-05-29""]",3168,2025-01-02 00:00:00,2025-05-30,2025-05-30,0,155,none,False
PV:B0:2025-06-05,PV,B0,2025-06-05,2,"[""2025-06-04""]",1,2025-06-04 23:50:00,2025-06-05,2025-06-05,0,155,none,False
PV:B1:2025-06-05,PV,B1,2025-06-05,2,"[""2025-06-04""]",144,2025-06-04 00:00:00,2025-06-05,2025-06-05,0,155,none,False
PV:B2:2025-06-05,PV,B2,2025-06-05,2,"[""2025-05-29""]",144,2025-05-29 00:00:00,2025-05-30,2025-05-30,0,155,none,False
PV:B3:2025-06-05,PV,B3,2025-06-05,2,"[""2025-05-29"", ""2025-05-30"", ""2025-05-31"", ""2025-06-01"", ""2025-06-02"", ""2025-06-03"", ""2025-06-04""]",1008,2025-05-29 00:00:00,2025-06-05,2025-06-05,0,155,none,False
PV:B4:2025-06-05,PV,B4,2025-06-05,2,"[""2025-01-02"", ""2025-01-09"", ""2025-01-16"", ""2025-01-23"", ""2025-01-30"", ""2025-02-06"", ""2025-02-13"", ""2025-02-20"", ""2025-02-27"", ""2025-03-06"", ""2025-03-13"", ""2025-03-20"", ""2025-03-27"", ""2025-04-03"", ""2025-04-10"", ""2025-04-17"", ""2025-04-24"", ""2025-05-01"", ""2025-05-08"", ""2025-05-15"", ""2025-05-22"", ""2025-05-29""]",3168,2025-01-02 00:00:00,2025-05-30,2025-05-30,0,155,none,False
Load:B0:2025-06-06,Load,B0,2025-06-06,2,"[""2025-06-05""]",1,2025-06-05 23:50:00,2025-06-06,2025-06-06,0,156,none,False
Load:B1:2025-06-06,Load,B1,2025-06-06,2,"[""2025-06-05""]",144,2025-06-05 00:00:00,2025-06-06,2025-06-06,0,156,none,False
Load:B2:2025-06-06,Load,B2,2025-06-06,2,"[""2025-05-30""]",144,2025-05-30 00:00:00,2025-05-31,2025-05-31,0,156,none,False
Load:B3:2025-06-06,Load,B3,2025-06-06,2,"[""2025-05-30"", ""2025-05-31"", ""2025-06-01"", ""2025-06-02"", ""2025-06-03"", ""2025-06-04"", ""2025-06-05""]",1008,2025-05-30 00:00:00,2025-06-06,2025-06-06,0,156,none,False
Load:B4:2025-06-06,Load,B4,2025-06-06,2,"[""2025-01-03"", ""2025-01-10"", ""2025-01-17"", ""2025-01-24"", ""2025-01-31"", ""2025-02-07"", ""2025-02-14"", ""2025-02-21"", ""2025-02-28"", ""2025-03-07"", ""2025-03-14"", ""2025-03-21"", ""2025-03-28"", ""2025-04-04"", ""2025-04-11"", ""2025-04-18"", ""2025-04-25"", ""2025-05-02"", ""2025-05-09"", ""2025-05-16"", ""2025-05-23"", ""2025-05-30""]",3168,2025-01-03 00:00:00,2025-05-31,2025-05-31,0,156,none,False
PV:B0:2025-06-06,PV,B0,2025-06-06,2,"[""2025-06-05""]",1,2025-06-05 23:50:00,2025-06-06,2025-06-06,0,156,none,False
PV:B1:2025-06-06,PV,B1,2025-06-06,2,"[""2025-06-05""]",144,2025-06-05 00:00:00,2025-06-06,2025-06-06,0,156,none,False
PV:B2:2025-06-06,PV,B2,2025-06-06,2,"[""2025-05-30""]",144,2025-05-30 00:00:00,2025-05-31,2025-05-31,0,156,none,False
PV:B3:2025-06-06,PV,B3,2025-06-06,2,"[""2025-05-30"", ""2025-05-31"", ""2025-06-01"", ""2025-06-02"", ""2025-06-03"", ""2025-06-04"", ""2025-06-05""]",1008,2025-05-30 00:00:00,2025-06-06,2025-06-06,0,156,none,False
PV:B4:2025-06-06,PV,B4,2025-06-06,2,"[""2025-01-03"", ""2025-01-10"", ""2025-01-17"", ""2025-01-24"", ""2025-01-31"", ""2025-02-07"", ""2025-02-14"", ""2025-02-21"", ""2025-02-28"", ""2025-03-07"", ""2025-03-14"", ""2025-03-21"", ""2025-03-28"", ""2025-04-04"", ""2025-04-11"", ""2025-04-18"", ""2025-04-25"", ""2025-05-02"", ""2025-05-09"", ""2025-05-16"", ""2025-05-23"", ""2025-05-30""]",3168,2025-01-03 00:00:00,2025-05-31,2025-05-31,0,156,none,False
Load:B0:2025-06-07,Load,B0,2025-06-07,2,"[""2025-06-06""]",1,2025-06-06 23:50:00,2025-06-07,2025-06-07,0,157,none,False
Load:B1:2025-06-07,Load,B1,2025-06-07,2,"[""2025-06-06""]",144,2025-06-06 00:00:00,2025-06-07,2025-06-07,0,157,none,False
Load:B2:2025-06-07,Load,B2,2025-06-07,2,"[""2025-05-31""]",144,2025-05-31 00:00:00,2025-06-01,2025-06-01,0,157,none,False
Load:B3:2025-06-07,Load,B3,2025-06-07,2,"[""2025-05-31"", ""2025-06-01"", ""2025-06-02"", ""2025-06-03"", ""2025-06-04"", ""2025-06-05"", ""2025-06-06""]",1008,2025-05-31 00:00:00,2025-06-07,2025-06-07,0,157,none,False
Load:B4:2025-06-07,Load,B4,2025-06-07,2,"[""2025-01-04"", ""2025-01-11"", ""2025-01-18"", ""2025-01-25"", ""2025-02-01"", ""2025-02-08"", ""2025-02-15"", ""2025-02-22"", ""2025-03-01"", ""2025-03-08"", ""2025-03-15"", ""2025-03-22"", ""2025-03-29"", ""2025-04-05"", ""2025-04-12"", ""2025-04-19"", ""2025-04-26"", ""2025-05-03"", ""2025-05-10"", ""2025-05-17"", ""2025-05-24"", ""2025-05-31""]",3168,2025-01-04 00:00:00,2025-06-01,2025-06-01,0,157,none,False
PV:B0:2025-06-07,PV,B0,2025-06-07,2,"[""2025-06-06""]",1,2025-06-06 23:50:00,2025-06-07,2025-06-07,0,157,none,False
PV:B1:2025-06-07,PV,B1,2025-06-07,2,"[""2025-06-06""]",144,2025-06-06 00:00:00,2025-06-07,2025-06-07,0,157,none,False
PV:B2:2025-06-07,PV,B2,2025-06-07,2,"[""2025-05-31""]",144,2025-05-31 00:00:00,2025-06-01,2025-06-01,0,157,none,False
PV:B3:2025-06-07,PV,B3,2025-06-07,2,"[""2025-05-31"", ""2025-06-01"", ""2025-06-02"", ""2025-06-03"", ""2025-06-04"", ""2025-06-05"", ""2025-06-06""]",1008,2025-05-31 00:00:00,2025-06-07,2025-06-07,0,157,none,False
PV:B4:2025-06-07,PV,B4,2025-06-07,2,"[""2025-01-04"", ""2025-01-11"", ""2025-01-18"", ""2025-01-25"", ""2025-02-01"", ""2025-02-08"", ""2025-02-15"", ""2025-02-22"", ""2025-03-01"", ""2025-03-08"", ""2025-03-15"", ""2025-03-22"", ""2025-03-29"", ""2025-04-05"", ""2025-04-12"", ""2025-04-19"", ""2025-04-26"", ""2025-05-03"", ""2025-05-10"", ""2025-05-17"", ""2025-05-24"", ""2025-05-31""]",3168,2025-01-04 00:00:00,2025-06-01,2025-06-01,0,157,none,False
Load:B0:2025-06-08,Load,B0,2025-06-08,2,"[""2025-06-07""]",1,2025-06-07 23:50:00,2025-06-08,2025-06-08,0,158,none,False
Load:B1:2025-06-08,Load,B1,2025-06-08,2,"[""2025-06-07""]",144,2025-06-07 00:00:00,2025-06-08,2025-06-08,0,158,none,False
Load:B2:2025-06-08,Load,B2,2025-06-08,2,"[""2025-06-01""]",144,2025-06-01 00:00:00,2025-06-02,2025-06-02,0,158,none,False
Load:B3:2025-06-08,Load,B3,2025-06-08,2,"[""2025-06-01"", ""2025-06-02"", ""2025-06-03"", ""2025-06-04"", ""2025-06-05"", ""2025-06-06"", ""2025-06-07""]",1008,2025-06-01 00:00:00,2025-06-08,2025-06-08,0,158,none,False
Load:B4:2025-06-08,Load,B4,2025-06-08,2,"[""2025-01-05"", ""2025-01-12"", ""2025-01-19"", ""2025-01-26"", ""2025-02-02"", ""2025-02-09"", ""2025-02-16"", ""2025-02-23"", ""2025-03-02"", ""2025-03-09"", ""2025-03-16"", ""2025-03-23"", ""2025-03-30"", ""2025-04-06"", ""2025-04-13"", ""2025-04-20"", ""2025-04-27"", ""2025-05-04"", ""2025-05-11"", ""2025-05-18"", ""2025-05-25"", ""2025-06-01""]",3168,2025-01-05 00:00:00,2025-06-02,2025-06-02,0,158,none,False
PV:B0:2025-06-08,PV,B0,2025-06-08,2,"[""2025-06-07""]",1,2025-06-07 23:50:00,2025-06-08,2025-06-08,0,158,none,False
PV:B1:2025-06-08,PV,B1,2025-06-08,2,"[""2025-06-07""]",144,2025-06-07 00:00:00,2025-06-08,2025-06-08,0,158,none,False
PV:B2:2025-06-08,PV,B2,2025-06-08,2,"[""2025-06-01""]",144,2025-06-01 00:00:00,2025-06-02,2025-06-02,0,158,none,False
PV:B3:2025-06-08,PV,B3,2025-06-08,2,"[""2025-06-01"", ""2025-06-02"", ""2025-06-03"", ""2025-06-04"", ""2025-06-05"", ""2025-06-06"", ""2025-06-07""]",1008,2025-06-01 00:00:00,2025-06-08,2025-06-08,0,158,none,False
PV:B4:2025-06-08,PV,B4,2025-06-08,2,"[""2025-01-05"", ""2025-01-12"", ""2025-01-19"", ""2025-01-26"", ""2025-02-02"", ""2025-02-09"", ""2025-02-16"", ""2025-02-23"", ""2025-03-02"", ""2025-03-09"", ""2025-03-16"", ""2025-03-23"", ""2025-03-30"", ""2025-04-06"", ""2025-04-13"", ""2025-04-20"", ""2025-04-27"", ""2025-05-04"", ""2025-05-11"", ""2025-05-18"", ""2025-05-25"", ""2025-06-01""]",3168,2025-01-05 00:00:00,2025-06-02,2025-06-02,0,158,none,False
Load:B0:2025-06-09,Load,B0,2025-06-09,2,"[""2025-06-08""]",1,2025-06-08 23:50:00,2025-06-09,2025-06-09,0,159,none,False
Load:B1:2025-06-09,Load,B1,2025-06-09,2,"[""2025-06-08""]",144,2025-06-08 00:00:00,2025-06-09,2025-06-09,0,159,none,False
Load:B2:2025-06-09,Load,B2,2025-06-09,2,"[""2025-06-02""]",144,2025-06-02 00:00:00,2025-06-03,2025-06-03,0,159,none,False
Load:B3:2025-06-09,Load,B3,2025-06-09,2,"[""2025-06-02"", ""2025-06-03"", ""2025-06-04"", ""2025-06-05"", ""2025-06-06"", ""2025-06-07"", ""2025-06-08""]",1008,2025-06-02 00:00:00,2025-06-09,2025-06-09,0,159,none,False
Load:B4:2025-06-09,Load,B4,2025-06-09,2,"[""2025-01-06"", ""2025-01-13"", ""2025-01-20"", ""2025-01-27"", ""2025-02-03"", ""2025-02-10"", ""2025-02-17"", ""2025-02-24"", ""2025-03-03"", ""2025-03-10"", ""2025-03-17"", ""2025-03-24"", ""2025-03-31"", ""2025-04-07"", ""2025-04-14"", ""2025-04-21"", ""2025-04-28"", ""2025-05-05"", ""2025-05-12"", ""2025-05-19"", ""2025-05-26"", ""2025-06-02""]",3168,2025-01-06 00:00:00,2025-06-03,2025-06-03,0,159,none,False
PV:B0:2025-06-09,PV,B0,2025-06-09,2,"[""2025-06-08""]",1,2025-06-08 23:50:00,2025-06-09,2025-06-09,0,159,none,False
PV:B1:2025-06-09,PV,B1,2025-06-09,2,"[""2025-06-08""]",144,2025-06-08 00:00:00,2025-06-09,2025-06-09,0,159,none,False
PV:B2:2025-06-09,PV,B2,2025-06-09,2,"[""2025-06-02""]",144,2025-06-02 00:00:00,2025-06-03,2025-06-03,0,159,none,False
PV:B3:2025-06-09,PV,B3,2025-06-09,2,"[""2025-06-02"", ""2025-06-03"", ""2025-06-04"", ""2025-06-05"", ""2025-06-06"", ""2025-06-07"", ""2025-06-08""]",1008,2025-06-02 00:00:00,2025-06-09,2025-06-09,0,159,none,False
PV:B4:2025-06-09,PV,B4,2025-06-09,2,"[""2025-01-06"", ""2025-01-13"", ""2025-01-20"", ""2025-01-27"", ""2025-02-03"", ""2025-02-10"", ""2025-02-17"", ""2025-02-24"", ""2025-03-03"", ""2025-03-10"", ""2025-03-17"", ""2025-03-24"", ""2025-03-31"", ""2025-04-07"", ""2025-04-14"", ""2025-04-21"", ""2025-04-28"", ""2025-05-05"", ""2025-05-12"", ""2025-05-19"", ""2025-05-26"", ""2025-06-02""]",3168,2025-01-06 00:00:00,2025-06-03,2025-06-03,0,159,none,False
Load:B0:2025-06-10,Load,B0,2025-06-10,2,"[""2025-06-09""]",1,2025-06-09 23:50:00,2025-06-10,2025-06-10,0,160,none,False
Load:B1:2025-06-10,Load,B1,2025-06-10,2,"[""2025-06-09""]",144,2025-06-09 00:00:00,2025-06-10,2025-06-10,0,160,none,False
Load:B2:2025-06-10,Load,B2,2025-06-10,2,"[""2025-06-03""]",144,2025-06-03 00:00:00,2025-06-04,2025-06-04,0,160,none,False
Load:B3:2025-06-10,Load,B3,2025-06-10,2,"[""2025-06-03"", ""2025-06-04"", ""2025-06-05"", ""2025-06-06"", ""2025-06-07"", ""2025-06-08"", ""2025-06-09""]",1008,2025-06-03 00:00:00,2025-06-10,2025-06-10,0,160,none,False
Load:B4:2025-06-10,Load,B4,2025-06-10,2,"[""2025-01-07"", ""2025-01-14"", ""2025-01-21"", ""2025-01-28"", ""2025-02-04"", ""2025-02-11"", ""2025-02-18"", ""2025-02-25"", ""2025-03-04"", ""2025-03-11"", ""2025-03-18"", ""2025-03-25"", ""2025-04-01"", ""2025-04-08"", ""2025-04-15"", ""2025-04-22"", ""2025-04-29"", ""2025-05-06"", ""2025-05-13"", ""2025-05-20"", ""2025-05-27"", ""2025-06-03""]",3168,2025-01-07 00:00:00,2025-06-04,2025-06-04,0,160,none,False
PV:B0:2025-06-10,PV,B0,2025-06-10,2,"[""2025-06-09""]",1,2025-06-09 23:50:00,2025-06-10,2025-06-10,0,160,none,False
PV:B1:2025-06-10,PV,B1,2025-06-10,2,"[""2025-06-09""]",144,2025-06-09 00:00:00,2025-06-10,2025-06-10,0,160,none,False
PV:B2:2025-06-10,PV,B2,2025-06-10,2,"[""2025-06-03""]",144,2025-06-03 00:00:00,2025-06-04,2025-06-04,0,160,none,False
PV:B3:2025-06-10,PV,B3,2025-06-10,2,"[""2025-06-03"", ""2025-06-04"", ""2025-06-05"", ""2025-06-06"", ""2025-06-07"", ""2025-06-08"", ""2025-06-09""]",1008,2025-06-03 00:00:00,2025-06-10,2025-06-10,0,160,none,False
PV:B4:2025-06-10,PV,B4,2025-06-10,2,"[""2025-01-07"", ""2025-01-14"", ""2025-01-21"", ""2025-01-28"", ""2025-02-04"", ""2025-02-11"", ""2025-02-18"", ""2025-02-25"", ""2025-03-04"", ""2025-03-11"", ""2025-03-18"", ""2025-03-25"", ""2025-04-01"", ""2025-04-08"", ""2025-04-15"", ""2025-04-22"", ""2025-04-29"", ""2025-05-06"", ""2025-05-13"", ""2025-05-20"", ""2025-05-27"", ""2025-06-03""]",3168,2025-01-07 00:00:00,2025-06-04,2025-06-04,0,160,none,False
Load:B0:2025-06-11,Load,B0,2025-06-11,2,"[""2025-06-10""]",1,2025-06-10 23:50:00,2025-06-11,2025-06-11,0,161,none,False
Load:B1:2025-06-11,Load,B1,2025-06-11,2,"[""2025-06-10""]",144,2025-06-10 00:00:00,2025-06-11,2025-06-11,0,161,none,False
Load:B2:2025-06-11,Load,B2,2025-06-11,2,"[""2025-06-04""]",144,2025-06-04 00:00:00,2025-06-05,2025-06-05,0,161,none,False
Load:B3:2025-06-11,Load,B3,2025-06-11,2,"[""2025-06-04"", ""2025-06-05"", ""2025-06-06"", ""2025-06-07"", ""2025-06-08"", ""2025-06-09"", ""2025-06-10""]",1008,2025-06-04 00:00:00,2025-06-11,2025-06-11,0,161,none,False
Load:B4:2025-06-11,Load,B4,2025-06-11,2,"[""2025-01-01"", ""2025-01-08"", ""2025-01-15"", ""2025-01-22"", ""2025-01-29"", ""2025-02-05"", ""2025-02-12"", ""2025-02-19"", ""2025-02-26"", ""2025-03-05"", ""2025-03-12"", ""2025-03-19"", ""2025-03-26"", ""2025-04-02"", ""2025-04-09"", ""2025-04-16"", ""2025-04-23"", ""2025-04-30"", ""2025-05-07"", ""2025-05-14"", ""2025-05-21"", ""2025-05-28"", ""2025-06-04""]",3312,2025-01-01 00:00:00,2025-06-05,2025-06-05,0,161,none,False
PV:B0:2025-06-11,PV,B0,2025-06-11,2,"[""2025-06-10""]",1,2025-06-10 23:50:00,2025-06-11,2025-06-11,0,161,none,False
PV:B1:2025-06-11,PV,B1,2025-06-11,2,"[""2025-06-10""]",144,2025-06-10 00:00:00,2025-06-11,2025-06-11,0,161,none,False
PV:B2:2025-06-11,PV,B2,2025-06-11,2,"[""2025-06-04""]",144,2025-06-04 00:00:00,2025-06-05,2025-06-05,0,161,none,False
PV:B3:2025-06-11,PV,B3,2025-06-11,2,"[""2025-06-04"", ""2025-06-05"", ""2025-06-06"", ""2025-06-07"", ""2025-06-08"", ""2025-06-09"", ""2025-06-10""]",1008,2025-06-04 00:00:00,2025-06-11,2025-06-11,0,161,none,False
PV:B4:2025-06-11,PV,B4,2025-06-11,2,"[""2025-01-01"", ""2025-01-08"", ""2025-01-15"", ""2025-01-22"", ""2025-01-29"", ""2025-02-05"", ""2025-02-12"", ""2025-02-19"", ""2025-02-26"", ""2025-03-05"", ""2025-03-12"", ""2025-03-19"", ""2025-03-26"", ""2025-04-02"", ""2025-04-09"", ""2025-04-16"", ""2025-04-23"", ""2025-04-30"", ""2025-05-07"", ""2025-05-14"", ""2025-05-21"", ""2025-05-28"", ""2025-06-04""]",3312,2025-01-01 00:00:00,2025-06-05,2025-06-05,0,161,none,False
Load:B0:2025-06-12,Load,B0,2025-06-12,2,"[""2025-06-11""]",1,2025-06-11 23:50:00,2025-06-12,2025-06-12,0,162,none,False
Load:B1:2025-06-12,Load,B1,2025-06-12,2,"[""2025-06-11""]",144,2025-06-11 00:00:00,2025-06-12,2025-06-12,0,162,none,False
Load:B2:2025-06-12,Load,B2,2025-06-12,2,"[""2025-06-05""]",144,2025-06-05 00:00:00,2025-06-06,2025-06-06,0,162,none,False
Load:B3:2025-06-12,Load,B3,2025-06-12,2,"[""2025-06-05"", ""2025-06-06"", ""2025-06-07"", ""2025-06-08"", ""2025-06-09"", ""2025-06-10"", ""2025-06-11""]",1008,2025-06-05 00:00:00,2025-06-12,2025-06-12,0,162,none,False
Load:B4:2025-06-12,Load,B4,2025-06-12,2,"[""2025-01-02"", ""2025-01-09"", ""2025-01-16"", ""2025-01-23"", ""2025-01-30"", ""2025-02-06"", ""2025-02-13"", ""2025-02-20"", ""2025-02-27"", ""2025-03-06"", ""2025-03-13"", ""2025-03-20"", ""2025-03-27"", ""2025-04-03"", ""2025-04-10"", ""2025-04-17"", ""2025-04-24"", ""2025-05-01"", ""2025-05-08"", ""2025-05-15"", ""2025-05-22"", ""2025-05-29"", ""2025-06-05""]",3312,2025-01-02 00:00:00,2025-06-06,2025-06-06,0,162,none,False
PV:B0:2025-06-12,PV,B0,2025-06-12,2,"[""2025-06-11""]",1,2025-06-11 23:50:00,2025-06-12,2025-06-12,0,162,none,False
PV:B1:2025-06-12,PV,B1,2025-06-12,2,"[""2025-06-11""]",144,2025-06-11 00:00:00,2025-06-12,2025-06-12,0,162,none,False
PV:B2:2025-06-12,PV,B2,2025-06-12,2,"[""2025-06-05""]",144,2025-06-05 00:00:00,2025-06-06,2025-06-06,0,162,none,False
PV:B3:2025-06-12,PV,B3,2025-06-12,2,"[""2025-06-05"", ""2025-06-06"", ""2025-06-07"", ""2025-06-08"", ""2025-06-09"", ""2025-06-10"", ""2025-06-11""]",1008,2025-06-05 00:00:00,2025-06-12,2025-06-12,0,162,none,False
PV:B4:2025-06-12,PV,B4,2025-06-12,2,"[""2025-01-02"", ""2025-01-09"", ""2025-01-16"", ""2025-01-23"", ""2025-01-30"", ""2025-02-06"", ""2025-02-13"", ""2025-02-20"", ""2025-02-27"", ""2025-03-06"", ""2025-03-13"", ""2025-03-20"", ""2025-03-27"", ""2025-04-03"", ""2025-04-10"", ""2025-04-17"", ""2025-04-24"", ""2025-05-01"", ""2025-05-08"", ""2025-05-15"", ""2025-05-22"", ""2025-05-29"", ""2025-06-05""]",3312,2025-01-02 00:00:00,2025-06-06,2025-06-06,0,162,none,False
Load:B0:2025-06-13,Load,B0,2025-06-13,2,"[""2025-06-12""]",1,2025-06-12 23:50:00,2025-06-13,2025-06-13,0,163,none,False
Load:B1:2025-06-13,Load,B1,2025-06-13,2,"[""2025-06-12""]",144,2025-06-12 00:00:00,2025-06-13,2025-06-13,0,163,none,False
Load:B2:2025-06-13,Load,B2,2025-06-13,2,"[""2025-06-06""]",144,2025-06-06 00:00:00,2025-06-07,2025-06-07,0,163,none,False
Load:B3:2025-06-13,Load,B3,2025-06-13,2,"[""2025-06-06"", ""2025-06-07"", ""2025-06-08"", ""2025-06-09"", ""2025-06-10"", ""2025-06-11"", ""2025-06-12""]",1008,2025-06-06 00:00:00,2025-06-13,2025-06-13,0,163,none,False
Load:B4:2025-06-13,Load,B4,2025-06-13,2,"[""2025-01-03"", ""2025-01-10"", ""2025-01-17"", ""2025-01-24"", ""2025-01-31"", ""2025-02-07"", ""2025-02-14"", ""2025-02-21"", ""2025-02-28"", ""2025-03-07"", ""2025-03-14"", ""2025-03-21"", ""2025-03-28"", ""2025-04-04"", ""2025-04-11"", ""2025-04-18"", ""2025-04-25"", ""2025-05-02"", ""2025-05-09"", ""2025-05-16"", ""2025-05-23"", ""2025-05-30"", ""2025-06-06""]",3312,2025-01-03 00:00:00,2025-06-07,2025-06-07,0,163,none,False
PV:B0:2025-06-13,PV,B0,2025-06-13,2,"[""2025-06-12""]",1,2025-06-12 23:50:00,2025-06-13,2025-06-13,0,163,none,False
PV:B1:2025-06-13,PV,B1,2025-06-13,2,"[""2025-06-12""]",144,2025-06-12 00:00:00,2025-06-13,2025-06-13,0,163,none,False
PV:B2:2025-06-13,PV,B2,2025-06-13,2,"[""2025-06-06""]",144,2025-06-06 00:00:00,2025-06-07,2025-06-07,0,163,none,False
PV:B3:2025-06-13,PV,B3,2025-06-13,2,"[""2025-06-06"", ""2025-06-07"", ""2025-06-08"", ""2025-06-09"", ""2025-06-10"", ""2025-06-11"", ""2025-06-12""]",1008,2025-06-06 00:00:00,2025-06-13,2025-06-13,0,163,none,False
PV:B4:2025-06-13,PV,B4,2025-06-13,2,"[""2025-01-03"", ""2025-01-10"", ""2025-01-17"", ""2025-01-24"", ""2025-01-31"", ""2025-02-07"", ""2025-02-14"", ""2025-02-21"", ""2025-02-28"", ""2025-03-07"", ""2025-03-14"", ""2025-03-21"", ""2025-03-28"", ""2025-04-04"", ""2025-04-11"", ""2025-04-18"", ""2025-04-25"", ""2025-05-02"", ""2025-05-09"", ""2025-05-16"", ""2025-05-23"", ""2025-05-30"", ""2025-06-06""]",3312,2025-01-03 00:00:00,2025-06-07,2025-06-07,0,163,none,False
Load:B0:2025-06-14,Load,B0,2025-06-14,2,"[""2025-06-13""]",1,2025-06-13 23:50:00,2025-06-14,2025-06-14,0,164,none,False
Load:B1:2025-06-14,Load,B1,2025-06-14,2,"[""2025-06-13""]",144,2025-06-13 00:00:00,2025-06-14,2025-06-14,0,164,none,False
Load:B2:2025-06-14,Load,B2,2025-06-14,2,"[""2025-06-07""]",144,2025-06-07 00:00:00,2025-06-08,2025-06-08,0,164,none,False
Load:B3:2025-06-14,Load,B3,2025-06-14,2,"[""2025-06-07"", ""2025-06-08"", ""2025-06-09"", ""2025-06-10"", ""2025-06-11"", ""2025-06-12"", ""2025-06-13""]",1008,2025-06-07 00:00:00,2025-06-14,2025-06-14,0,164,none,False
Load:B4:2025-06-14,Load,B4,2025-06-14,2,"[""2025-01-04"", ""2025-01-11"", ""2025-01-18"", ""2025-01-25"", ""2025-02-01"", ""2025-02-08"", ""2025-02-15"", ""2025-02-22"", ""2025-03-01"", ""2025-03-08"", ""2025-03-15"", ""2025-03-22"", ""2025-03-29"", ""2025-04-05"", ""2025-04-12"", ""2025-04-19"", ""2025-04-26"", ""2025-05-03"", ""2025-05-10"", ""2025-05-17"", ""2025-05-24"", ""2025-05-31"", ""2025-06-07""]",3312,2025-01-04 00:00:00,2025-06-08,2025-06-08,0,164,none,False
PV:B0:2025-06-14,PV,B0,2025-06-14,2,"[""2025-06-13""]",1,2025-06-13 23:50:00,2025-06-14,2025-06-14,0,164,none,False
PV:B1:2025-06-14,PV,B1,2025-06-14,2,"[""2025-06-13""]",144,2025-06-13 00:00:00,2025-06-14,2025-06-14,0,164,none,False
PV:B2:2025-06-14,PV,B2,2025-06-14,2,"[""2025-06-07""]",144,2025-06-07 00:00:00,2025-06-08,2025-06-08,0,164,none,False
PV:B3:2025-06-14,PV,B3,2025-06-14,2,"[""2025-06-07"", ""2025-06-08"", ""2025-06-09"", ""2025-06-10"", ""2025-06-11"", ""2025-06-12"", ""2025-06-13""]",1008,2025-06-07 00:00:00,2025-06-14,2025-06-14,0,164,none,False
PV:B4:2025-06-14,PV,B4,2025-06-14,2,"[""2025-01-04"", ""2025-01-11"", ""2025-01-18"", ""2025-01-25"", ""2025-02-01"", ""2025-02-08"", ""2025-02-15"", ""2025-02-22"", ""2025-03-01"", ""2025-03-08"", ""2025-03-15"", ""2025-03-22"", ""2025-03-29"", ""2025-04-05"", ""2025-04-12"", ""2025-04-19"", ""2025-04-26"", ""2025-05-03"", ""2025-05-10"", ""2025-05-17"", ""2025-05-24"", ""2025-05-31"", ""2025-06-07""]",3312,2025-01-04 00:00:00,2025-06-08,2025-06-08,0,164,none,False
Load:B0:2025-06-15,Load,B0,2025-06-15,2,"[""2025-06-14""]",1,2025-06-14 23:50:00,2025-06-15,2025-06-15,0,165,none,False
Load:B1:2025-06-15,Load,B1,2025-06-15,2,"[""2025-06-14""]",144,2025-06-14 00:00:00,2025-06-15,2025-06-15,0,165,none,False
Load:B2:2025-06-15,Load,B2,2025-06-15,2,"[""2025-06-08""]",144,2025-06-08 00:00:00,2025-06-09,2025-06-09,0,165,none,False
Load:B3:2025-06-15,Load,B3,2025-06-15,2,"[""2025-06-08"", ""2025-06-09"", ""2025-06-10"", ""2025-06-11"", ""2025-06-12"", ""2025-06-13"", ""2025-06-14""]",1008,2025-06-08 00:00:00,2025-06-15,2025-06-15,0,165,none,False
Load:B4:2025-06-15,Load,B4,2025-06-15,2,"[""2025-01-05"", ""2025-01-12"", ""2025-01-19"", ""2025-01-26"", ""2025-02-02"", ""2025-02-09"", ""2025-02-16"", ""2025-02-23"", ""2025-03-02"", ""2025-03-09"", ""2025-03-16"", ""2025-03-23"", ""2025-03-30"", ""2025-04-06"", ""2025-04-13"", ""2025-04-20"", ""2025-04-27"", ""2025-05-04"", ""2025-05-11"", ""2025-05-18"", ""2025-05-25"", ""2025-06-01"", ""2025-06-08""]",3312,2025-01-05 00:00:00,2025-06-09,2025-06-09,0,165,none,False
PV:B0:2025-06-15,PV,B0,2025-06-15,2,"[""2025-06-14""]",1,2025-06-14 23:50:00,2025-06-15,2025-06-15,0,165,none,False
PV:B1:2025-06-15,PV,B1,2025-06-15,2,"[""2025-06-14""]",144,2025-06-14 00:00:00,2025-06-15,2025-06-15,0,165,none,False
PV:B2:2025-06-15,PV,B2,2025-06-15,2,"[""2025-06-08""]",144,2025-06-08 00:00:00,2025-06-09,2025-06-09,0,165,none,False
PV:B3:2025-06-15,PV,B3,2025-06-15,2,"[""2025-06-08"", ""2025-06-09"", ""2025-06-10"", ""2025-06-11"", ""2025-06-12"", ""2025-06-13"", ""2025-06-14""]",1008,2025-06-08 00:00:00,2025-06-15,2025-06-15,0,165,none,False
PV:B4:2025-06-15,PV,B4,2025-06-15,2,"[""2025-01-05"", ""2025-01-12"", ""2025-01-19"", ""2025-01-26"", ""2025-02-02"", ""2025-02-09"", ""2025-02-16"", ""2025-02-23"", ""2025-03-02"", ""2025-03-09"", ""2025-03-16"", ""2025-03-23"", ""2025-03-30"", ""2025-04-06"", ""2025-04-13"", ""2025-04-20"", ""2025-04-27"", ""2025-05-04"", ""2025-05-11"", ""2025-05-18"", ""2025-05-25"", ""2025-06-01"", ""2025-06-08""]",3312,2025-01-05 00:00:00,2025-06-09,2025-06-09,0,165,none,False
Load:B0:2025-06-16,Load,B0,2025-06-16,2,"[""2025-06-15""]",1,2025-06-15 23:50:00,2025-06-16,2025-06-16,0,166,none,False
Load:B1:2025-06-16,Load,B1,2025-06-16,2,"[""2025-06-15""]",144,2025-06-15 00:00:00,2025-06-16,2025-06-16,0,166,none,False
Load:B2:2025-06-16,Load,B2,2025-06-16,2,"[""2025-06-09""]",144,2025-06-09 00:00:00,2025-06-10,2025-06-10,0,166,none,False
Load:B3:2025-06-16,Load,B3,2025-06-16,2,"[""2025-06-09"", ""2025-06-10"", ""2025-06-11"", ""2025-06-12"", ""2025-06-13"", ""2025-06-14"", ""2025-06-15""]",1008,2025-06-09 00:00:00,2025-06-16,2025-06-16,0,166,none,False
Load:B4:2025-06-16,Load,B4,2025-06-16,2,"[""2025-01-06"", ""2025-01-13"", ""2025-01-20"", ""2025-01-27"", ""2025-02-03"", ""2025-02-10"", ""2025-02-17"", ""2025-02-24"", ""2025-03-03"", ""2025-03-10"", ""2025-03-17"", ""2025-03-24"", ""2025-03-31"", ""2025-04-07"", ""2025-04-14"", ""2025-04-21"", ""2025-04-28"", ""2025-05-05"", ""2025-05-12"", ""2025-05-19"", ""2025-05-26"", ""2025-06-02"", ""2025-06-09""]",3312,2025-01-06 00:00:00,2025-06-10,2025-06-10,0,166,none,False
PV:B0:2025-06-16,PV,B0,2025-06-16,2,"[""2025-06-15""]",1,2025-06-15 23:50:00,2025-06-16,2025-06-16,0,166,none,False
PV:B1:2025-06-16,PV,B1,2025-06-16,2,"[""2025-06-15""]",144,2025-06-15 00:00:00,2025-06-16,2025-06-16,0,166,none,False
PV:B2:2025-06-16,PV,B2,2025-06-16,2,"[""2025-06-09""]",144,2025-06-09 00:00:00,2025-06-10,2025-06-10,0,166,none,False
PV:B3:2025-06-16,PV,B3,2025-06-16,2,"[""2025-06-09"", ""2025-06-10"", ""2025-06-11"", ""2025-06-12"", ""2025-06-13"", ""2025-06-14"", ""2025-06-15""]",1008,2025-06-09 00:00:00,2025-06-16,2025-06-16,0,166,none,False
PV:B4:2025-06-16,PV,B4,2025-06-16,2,"[""2025-01-06"", ""2025-01-13"", ""2025-01-20"", ""2025-01-27"", ""2025-02-03"", ""2025-02-10"", ""2025-02-17"", ""2025-02-24"", ""2025-03-03"", ""2025-03-10"", ""2025-03-17"", ""2025-03-24"", ""2025-03-31"", ""2025-04-07"", ""2025-04-14"", ""2025-04-21"", ""2025-04-28"", ""2025-05-05"", ""2025-05-12"", ""2025-05-19"", ""2025-05-26"", ""2025-06-02"", ""2025-06-09""]",3312,2025-01-06 00:00:00,2025-06-10,2025-06-10,0,166,none,False
Load:B0:2025-06-17,Load,B0,2025-06-17,2,"[""2025-06-16""]",1,2025-06-16 23:50:00,2025-06-17,2025-06-17,0,167,none,False
Load:B1:2025-06-17,Load,B1,2025-06-17,2,"[""2025-06-16""]",144,2025-06-16 00:00:00,2025-06-17,2025-06-17,0,167,none,False
Load:B2:2025-06-17,Load,B2,2025-06-17,2,"[""2025-06-10""]",144,2025-06-10 00:00:00,2025-06-11,2025-06-11,0,167,none,False
Load:B3:2025-06-17,Load,B3,2025-06-17,2,"[""2025-06-10"", ""2025-06-11"", ""2025-06-12"", ""2025-06-13"", ""2025-06-14"", ""2025-06-15"", ""2025-06-16""]",1008,2025-06-10 00:00:00,2025-06-17,2025-06-17,0,167,none,False
Load:B4:2025-06-17,Load,B4,2025-06-17,2,"[""2025-01-07"", ""2025-01-14"", ""2025-01-21"", ""2025-01-28"", ""2025-02-04"", ""2025-02-11"", ""2025-02-18"", ""2025-02-25"", ""2025-03-04"", ""2025-03-11"", ""2025-03-18"", ""2025-03-25"", ""2025-04-01"", ""2025-04-08"", ""2025-04-15"", ""2025-04-22"", ""2025-04-29"", ""2025-05-06"", ""2025-05-13"", ""2025-05-20"", ""2025-05-27"", ""2025-06-03"", ""2025-06-10""]",3312,2025-01-07 00:00:00,2025-06-11,2025-06-11,0,167,none,False
PV:B0:2025-06-17,PV,B0,2025-06-17,2,"[""2025-06-16""]",1,2025-06-16 23:50:00,2025-06-17,2025-06-17,0,167,none,False
PV:B1:2025-06-17,PV,B1,2025-06-17,2,"[""2025-06-16""]",144,2025-06-16 00:00:00,2025-06-17,2025-06-17,0,167,none,False
PV:B2:2025-06-17,PV,B2,2025-06-17,2,"[""2025-06-10""]",144,2025-06-10 00:00:00,2025-06-11,2025-06-11,0,167,none,False
PV:B3:2025-06-17,PV,B3,2025-06-17,2,"[""2025-06-10"", ""2025-06-11"", ""2025-06-12"", ""2025-06-13"", ""2025-06-14"", ""2025-06-15"", ""2025-06-16""]",1008,2025-06-10 00:00:00,2025-06-17,2025-06-17,0,167,none,False
PV:B4:2025-06-17,PV,B4,2025-06-17,2,"[""2025-01-07"", ""2025-01-14"", ""2025-01-21"", ""2025-01-28"", ""2025-02-04"", ""2025-02-11"", ""2025-02-18"", ""2025-02-25"", ""2025-03-04"", ""2025-03-11"", ""2025-03-18"", ""2025-03-25"", ""2025-04-01"", ""2025-04-08"", ""2025-04-15"", ""2025-04-22"", ""2025-04-29"", ""2025-05-06"", ""2025-05-13"", ""2025-05-20"", ""2025-05-27"", ""2025-06-03"", ""2025-06-10""]",3312,2025-01-07 00:00:00,2025-06-11,2025-06-11,0,167,none,False
Load:B0:2025-06-18,Load,B0,2025-06-18,2,"[""2025-06-17""]",1,2025-06-17 23:50:00,2025-06-18,2025-06-18,0,168,none,False
Load:B1:2025-06-18,Load,B1,2025-06-18,2,"[""2025-06-17""]",144,2025-06-17 00:00:00,2025-06-18,2025-06-18,0,168,none,False
Load:B2:2025-06-18,Load,B2,2025-06-18,2,"[""2025-06-11""]",144,2025-06-11 00:00:00,2025-06-12,2025-06-12,0,168,none,False
Load:B3:2025-06-18,Load,B3,2025-06-18,2,"[""2025-06-11"", ""2025-06-12"", ""2025-06-13"", ""2025-06-14"", ""2025-06-15"", ""2025-06-16"", ""2025-06-17""]",1008,2025-06-11 00:00:00,2025-06-18,2025-06-18,0,168,none,False
Load:B4:2025-06-18,Load,B4,2025-06-18,2,"[""2025-01-01"", ""2025-01-08"", ""2025-01-15"", ""2025-01-22"", ""2025-01-29"", ""2025-02-05"", ""2025-02-12"", ""2025-02-19"", ""2025-02-26"", ""2025-03-05"", ""2025-03-12"", ""2025-03-19"", ""2025-03-26"", ""2025-04-02"", ""2025-04-09"", ""2025-04-16"", ""2025-04-23"", ""2025-04-30"", ""2025-05-07"", ""2025-05-14"", ""2025-05-21"", ""2025-05-28"", ""2025-06-04"", ""2025-06-11""]",3456,2025-01-01 00:00:00,2025-06-12,2025-06-12,0,168,none,False
PV:B0:2025-06-18,PV,B0,2025-06-18,2,"[""2025-06-17""]",1,2025-06-17 23:50:00,2025-06-18,2025-06-18,0,168,none,False
PV:B1:2025-06-18,PV,B1,2025-06-18,2,"[""2025-06-17""]",144,2025-06-17 00:00:00,2025-06-18,2025-06-18,0,168,none,False
PV:B2:2025-06-18,PV,B2,2025-06-18,2,"[""2025-06-11""]",144,2025-06-11 00:00:00,2025-06-12,2025-06-12,0,168,none,False
PV:B3:2025-06-18,PV,B3,2025-06-18,2,"[""2025-06-11"", ""2025-06-12"", ""2025-06-13"", ""2025-06-14"", ""2025-06-15"", ""2025-06-16"", ""2025-06-17""]",1008,2025-06-11 00:00:00,2025-06-18,2025-06-18,0,168,none,False
PV:B4:2025-06-18,PV,B4,2025-06-18,2,"[""2025-01-01"", ""2025-01-08"", ""2025-01-15"", ""2025-01-22"", ""2025-01-29"", ""2025-02-05"", ""2025-02-12"", ""2025-02-19"", ""2025-02-26"", ""2025-03-05"", ""2025-03-12"", ""2025-03-19"", ""2025-03-26"", ""2025-04-02"", ""2025-04-09"", ""2025-04-16"", ""2025-04-23"", ""2025-04-30"", ""2025-05-07"", ""2025-05-14"", ""2025-05-21"", ""2025-05-28"", ""2025-06-04"", ""2025-06-11""]",3456,2025-01-01 00:00:00,2025-06-12,2025-06-12,0,168,none,False
Load:B0:2025-06-19,Load,B0,2025-06-19,2,"[""2025-06-18""]",1,2025-06-18 23:50:00,2025-06-19,2025-06-19,0,169,none,False
Load:B1:2025-06-19,Load,B1,2025-06-19,2,"[""2025-06-18""]",144,2025-06-18 00:00:00,2025-06-19,2025-06-19,0,169,none,False
Load:B2:2025-06-19,Load,B2,2025-06-19,2,"[""2025-06-12""]",144,2025-06-12 00:00:00,2025-06-13,2025-06-13,0,169,none,False
Load:B3:2025-06-19,Load,B3,2025-06-19,2,"[""2025-06-12"", ""2025-06-13"", ""2025-06-14"", ""2025-06-15"", ""2025-06-16"", ""2025-06-17"", ""2025-06-18""]",1008,2025-06-12 00:00:00,2025-06-19,2025-06-19,0,169,none,False
Load:B4:2025-06-19,Load,B4,2025-06-19,2,"[""2025-01-02"", ""2025-01-09"", ""2025-01-16"", ""2025-01-23"", ""2025-01-30"", ""2025-02-06"", ""2025-02-13"", ""2025-02-20"", ""2025-02-27"", ""2025-03-06"", ""2025-03-13"", ""2025-03-20"", ""2025-03-27"", ""2025-04-03"", ""2025-04-10"", ""2025-04-17"", ""2025-04-24"", ""2025-05-01"", ""2025-05-08"", ""2025-05-15"", ""2025-05-22"", ""2025-05-29"", ""2025-06-05"", ""2025-06-12""]",3456,2025-01-02 00:00:00,2025-06-13,2025-06-13,0,169,none,False
PV:B0:2025-06-19,PV,B0,2025-06-19,2,"[""2025-06-18""]",1,2025-06-18 23:50:00,2025-06-19,2025-06-19,0,169,none,False
PV:B1:2025-06-19,PV,B1,2025-06-19,2,"[""2025-06-18""]",144,2025-06-18 00:00:00,2025-06-19,2025-06-19,0,169,none,False
PV:B2:2025-06-19,PV,B2,2025-06-19,2,"[""2025-06-12""]",144,2025-06-12 00:00:00,2025-06-13,2025-06-13,0,169,none,False
PV:B3:2025-06-19,PV,B3,2025-06-19,2,"[""2025-06-12"", ""2025-06-13"", ""2025-06-14"", ""2025-06-15"", ""2025-06-16"", ""2025-06-17"", ""2025-06-18""]",1008,2025-06-12 00:00:00,2025-06-19,2025-06-19,0,169,none,False
PV:B4:2025-06-19,PV,B4,2025-06-19,2,"[""2025-01-02"", ""2025-01-09"", ""2025-01-16"", ""2025-01-23"", ""2025-01-30"", ""2025-02-06"", ""2025-02-13"", ""2025-02-20"", ""2025-02-27"", ""2025-03-06"", ""2025-03-13"", ""2025-03-20"", ""2025-03-27"", ""2025-04-03"", ""2025-04-10"", ""2025-04-17"", ""2025-04-24"", ""2025-05-01"", ""2025-05-08"", ""2025-05-15"", ""2025-05-22"", ""2025-05-29"", ""2025-06-05"", ""2025-06-12""]",3456,2025-01-02 00:00:00,2025-06-13,2025-06-13,0,169,none,False
Load:B0:2025-06-20,Load,B0,2025-06-20,2,"[""2025-06-19""]",1,2025-06-19 23:50:00,2025-06-20,2025-06-20,0,170,none,False
Load:B1:2025-06-20,Load,B1,2025-06-20,2,"[""2025-06-19""]",144,2025-06-19 00:00:00,2025-06-20,2025-06-20,0,170,none,False
Load:B2:2025-06-20,Load,B2,2025-06-20,2,"[""2025-06-13""]",144,2025-06-13 00:00:00,2025-06-14,2025-06-14,0,170,none,False
Load:B3:2025-06-20,Load,B3,2025-06-20,2,"[""2025-06-13"", ""2025-06-14"", ""2025-06-15"", ""2025-06-16"", ""2025-06-17"", ""2025-06-18"", ""2025-06-19""]",1008,2025-06-13 00:00:00,2025-06-20,2025-06-20,0,170,none,False
Load:B4:2025-06-20,Load,B4,2025-06-20,2,"[""2025-01-03"", ""2025-01-10"", ""2025-01-17"", ""2025-01-24"", ""2025-01-31"", ""2025-02-07"", ""2025-02-14"", ""2025-02-21"", ""2025-02-28"", ""2025-03-07"", ""2025-03-14"", ""2025-03-21"", ""2025-03-28"", ""2025-04-04"", ""2025-04-11"", ""2025-04-18"", ""2025-04-25"", ""2025-05-02"", ""2025-05-09"", ""2025-05-16"", ""2025-05-23"", ""2025-05-30"", ""2025-06-06"", ""2025-06-13""]",3456,2025-01-03 00:00:00,2025-06-14,2025-06-14,0,170,none,False
PV:B0:2025-06-20,PV,B0,2025-06-20,2,"[""2025-06-19""]",1,2025-06-19 23:50:00,2025-06-20,2025-06-20,0,170,none,False
PV:B1:2025-06-20,PV,B1,2025-06-20,2,"[""2025-06-19""]",144,2025-06-19 00:00:00,2025-06-20,2025-06-20,0,170,none,False
PV:B2:2025-06-20,PV,B2,2025-06-20,2,"[""2025-06-13""]",144,2025-06-13 00:00:00,2025-06-14,2025-06-14,0,170,none,False
PV:B3:2025-06-20,PV,B3,2025-06-20,2,"[""2025-06-13"", ""2025-06-14"", ""2025-06-15"", ""2025-06-16"", ""2025-06-17"", ""2025-06-18"", ""2025-06-19""]",1008,2025-06-13 00:00:00,2025-06-20,2025-06-20,0,170,none,False
PV:B4:2025-06-20,PV,B4,2025-06-20,2,"[""2025-01-03"", ""2025-01-10"", ""2025-01-17"", ""2025-01-24"", ""2025-01-31"", ""2025-02-07"", ""2025-02-14"", ""2025-02-21"", ""2025-02-28"", ""2025-03-07"", ""2025-03-14"", ""2025-03-21"", ""2025-03-28"", ""2025-04-04"", ""2025-04-11"", ""2025-04-18"", ""2025-04-25"", ""2025-05-02"", ""2025-05-09"", ""2025-05-16"", ""2025-05-23"", ""2025-05-30"", ""2025-06-06"", ""2025-06-13""]",3456,2025-01-03 00:00:00,2025-06-14,2025-06-14,0,170,none,False
Load:B0:2025-06-21,Load,B0,2025-06-21,2,"[""2025-06-20""]",1,2025-06-20 23:50:00,2025-06-21,2025-06-21,0,171,none,False
Load:B1:2025-06-21,Load,B1,2025-06-21,2,"[""2025-06-20""]",144,2025-06-20 00:00:00,2025-06-21,2025-06-21,0,171,none,False
Load:B2:2025-06-21,Load,B2,2025-06-21,2,"[""2025-06-14""]",144,2025-06-14 00:00:00,2025-06-15,2025-06-15,0,171,none,False
Load:B3:2025-06-21,Load,B3,2025-06-21,2,"[""2025-06-14"", ""2025-06-15"", ""2025-06-16"", ""2025-06-17"", ""2025-06-18"", ""2025-06-19"", ""2025-06-20""]",1008,2025-06-14 00:00:00,2025-06-21,2025-06-21,0,171,none,False
Load:B4:2025-06-21,Load,B4,2025-06-21,2,"[""2025-01-04"", ""2025-01-11"", ""2025-01-18"", ""2025-01-25"", ""2025-02-01"", ""2025-02-08"", ""2025-02-15"", ""2025-02-22"", ""2025-03-01"", ""2025-03-08"", ""2025-03-15"", ""2025-03-22"", ""2025-03-29"", ""2025-04-05"", ""2025-04-12"", ""2025-04-19"", ""2025-04-26"", ""2025-05-03"", ""2025-05-10"", ""2025-05-17"", ""2025-05-24"", ""2025-05-31"", ""2025-06-07"", ""2025-06-14""]",3456,2025-01-04 00:00:00,2025-06-15,2025-06-15,0,171,none,False
PV:B0:2025-06-21,PV,B0,2025-06-21,2,"[""2025-06-20""]",1,2025-06-20 23:50:00,2025-06-21,2025-06-21,0,171,none,False
PV:B1:2025-06-21,PV,B1,2025-06-21,2,"[""2025-06-20""]",144,2025-06-20 00:00:00,2025-06-21,2025-06-21,0,171,none,False
PV:B2:2025-06-21,PV,B2,2025-06-21,2,"[""2025-06-14""]",144,2025-06-14 00:00:00,2025-06-15,2025-06-15,0,171,none,False
PV:B3:2025-06-21,PV,B3,2025-06-21,2,"[""2025-06-14"", ""2025-06-15"", ""2025-06-16"", ""2025-06-17"", ""2025-06-18"", ""2025-06-19"", ""2025-06-20""]",1008,2025-06-14 00:00:00,2025-06-21,2025-06-21,0,171,none,False
PV:B4:2025-06-21,PV,B4,2025-06-21,2,"[""2025-01-04"", ""2025-01-11"", ""2025-01-18"", ""2025-01-25"", ""2025-02-01"", ""2025-02-08"", ""2025-02-15"", ""2025-02-22"", ""2025-03-01"", ""2025-03-08"", ""2025-03-15"", ""2025-03-22"", ""2025-03-29"", ""2025-04-05"", ""2025-04-12"", ""2025-04-19"", ""2025-04-26"", ""2025-05-03"", ""2025-05-10"", ""2025-05-17"", ""2025-05-24"", ""2025-05-31"", ""2025-06-07"", ""2025-06-14""]",3456,2025-01-04 00:00:00,2025-06-15,2025-06-15,0,171,none,False
Load:B0:2025-06-22,Load,B0,2025-06-22,2,"[""2025-06-21""]",1,2025-06-21 23:50:00,2025-06-22,2025-06-22,0,172,none,False
Load:B1:2025-06-22,Load,B1,2025-06-22,2,"[""2025-06-21""]",144,2025-06-21 00:00:00,2025-06-22,2025-06-22,0,172,none,False
Load:B2:2025-06-22,Load,B2,2025-06-22,2,"[""2025-06-15""]",144,2025-06-15 00:00:00,2025-06-16,2025-06-16,0,172,none,False
Load:B3:2025-06-22,Load,B3,2025-06-22,2,"[""2025-06-15"", ""2025-06-16"", ""2025-06-17"", ""2025-06-18"", ""2025-06-19"", ""2025-06-20"", ""2025-06-21""]",1008,2025-06-15 00:00:00,2025-06-22,2025-06-22,0,172,none,False
Load:B4:2025-06-22,Load,B4,2025-06-22,2,"[""2025-01-05"", ""2025-01-12"", ""2025-01-19"", ""2025-01-26"", ""2025-02-02"", ""2025-02-09"", ""2025-02-16"", ""2025-02-23"", ""2025-03-02"", ""2025-03-09"", ""2025-03-16"", ""2025-03-23"", ""2025-03-30"", ""2025-04-06"", ""2025-04-13"", ""2025-04-20"", ""2025-04-27"", ""2025-05-04"", ""2025-05-11"", ""2025-05-18"", ""2025-05-25"", ""2025-06-01"", ""2025-06-08"", ""2025-06-15""]",3456,2025-01-05 00:00:00,2025-06-16,2025-06-16,0,172,none,False
PV:B0:2025-06-22,PV,B0,2025-06-22,2,"[""2025-06-21""]",1,2025-06-21 23:50:00,2025-06-22,2025-06-22,0,172,none,False
PV:B1:2025-06-22,PV,B1,2025-06-22,2,"[""2025-06-21""]",144,2025-06-21 00:00:00,2025-06-22,2025-06-22,0,172,none,False
PV:B2:2025-06-22,PV,B2,2025-06-22,2,"[""2025-06-15""]",144,2025-06-15 00:00:00,2025-06-16,2025-06-16,0,172,none,False
PV:B3:2025-06-22,PV,B3,2025-06-22,2,"[""2025-06-15"", ""2025-06-16"", ""2025-06-17"", ""2025-06-18"", ""2025-06-19"", ""2025-06-20"", ""2025-06-21""]",1008,2025-06-15 00:00:00,2025-06-22,2025-06-22,0,172,none,False
PV:B4:2025-06-22,PV,B4,2025-06-22,2,"[""2025-01-05"", ""2025-01-12"", ""2025-01-19"", ""2025-01-26"", ""2025-02-02"", ""2025-02-09"", ""2025-02-16"", ""2025-02-23"", ""2025-03-02"", ""2025-03-09"", ""2025-03-16"", ""2025-03-23"", ""2025-03-30"", ""2025-04-06"", ""2025-04-13"", ""2025-04-20"", ""2025-04-27"", ""2025-05-04"", ""2025-05-11"", ""2025-05-18"", ""2025-05-25"", ""2025-06-01"", ""2025-06-08"", ""2025-06-15""]",3456,2025-01-05 00:00:00,2025-06-16,2025-06-16,0,172,none,False
Load:B0:2025-06-23,Load,B0,2025-06-23,2,"[""2025-06-22""]",1,2025-06-22 23:50:00,2025-06-23,2025-06-23,0,173,none,False
Load:B1:2025-06-23,Load,B1,2025-06-23,2,"[""2025-06-22""]",144,2025-06-22 00:00:00,2025-06-23,2025-06-23,0,173,none,False
Load:B2:2025-06-23,Load,B2,2025-06-23,2,"[""2025-06-16""]",144,2025-06-16 00:00:00,2025-06-17,2025-06-17,0,173,none,False
Load:B3:2025-06-23,Load,B3,2025-06-23,2,"[""2025-06-16"", ""2025-06-17"", ""2025-06-18"", ""2025-06-19"", ""2025-06-20"", ""2025-06-21"", ""2025-06-22""]",1008,2025-06-16 00:00:00,2025-06-23,2025-06-23,0,173,none,False
Load:B4:2025-06-23,Load,B4,2025-06-23,2,"[""2025-01-06"", ""2025-01-13"", ""2025-01-20"", ""2025-01-27"", ""2025-02-03"", ""2025-02-10"", ""2025-02-17"", ""2025-02-24"", ""2025-03-03"", ""2025-03-10"", ""2025-03-17"", ""2025-03-24"", ""2025-03-31"", ""2025-04-07"", ""2025-04-14"", ""2025-04-21"", ""2025-04-28"", ""2025-05-05"", ""2025-05-12"", ""2025-05-19"", ""2025-05-26"", ""2025-06-02"", ""2025-06-09"", ""2025-06-16""]",3456,2025-01-06 00:00:00,2025-06-17,2025-06-17,0,173,none,False
PV:B0:2025-06-23,PV,B0,2025-06-23,2,"[""2025-06-22""]",1,2025-06-22 23:50:00,2025-06-23,2025-06-23,0,173,none,False
PV:B1:2025-06-23,PV,B1,2025-06-23,2,"[""2025-06-22""]",144,2025-06-22 00:00:00,2025-06-23,2025-06-23,0,173,none,False
PV:B2:2025-06-23,PV,B2,2025-06-23,2,"[""2025-06-16""]",144,2025-06-16 00:00:00,2025-06-17,2025-06-17,0,173,none,False
PV:B3:2025-06-23,PV,B3,2025-06-23,2,"[""2025-06-16"", ""2025-06-17"", ""2025-06-18"", ""2025-06-19"", ""2025-06-20"", ""2025-06-21"", ""2025-06-22""]",1008,2025-06-16 00:00:00,2025-06-23,2025-06-23,0,173,none,False
PV:B4:2025-06-23,PV,B4,2025-06-23,2,"[""2025-01-06"", ""2025-01-13"", ""2025-01-20"", ""2025-01-27"", ""2025-02-03"", ""2025-02-10"", ""2025-02-17"", ""2025-02-24"", ""2025-03-03"", ""2025-03-10"", ""2025-03-17"", ""2025-03-24"", ""2025-03-31"", ""2025-04-07"", ""2025-04-14"", ""2025-04-21"", ""2025-04-28"", ""2025-05-05"", ""2025-05-12"", ""2025-05-19"", ""2025-05-26"", ""2025-06-02"", ""2025-06-09"", ""2025-06-16""]",3456,2025-01-06 00:00:00,2025-06-17,2025-06-17,0,173,none,False
Load:B0:2025-06-24,Load,B0,2025-06-24,2,"[""2025-06-23""]",1,2025-06-23 23:50:00,2025-06-24,2025-06-24,0,174,none,False
Load:B1:2025-06-24,Load,B1,2025-06-24,2,"[""2025-06-23""]",144,2025-06-23 00:00:00,2025-06-24,2025-06-24,0,174,none,False
Load:B2:2025-06-24,Load,B2,2025-06-24,2,"[""2025-06-17""]",144,2025-06-17 00:00:00,2025-06-18,2025-06-18,0,174,none,False
Load:B3:2025-06-24,Load,B3,2025-06-24,2,"[""2025-06-17"", ""2025-06-18"", ""2025-06-19"", ""2025-06-20"", ""2025-06-21"", ""2025-06-22"", ""2025-06-23""]",1008,2025-06-17 00:00:00,2025-06-24,2025-06-24,0,174,none,False
Load:B4:2025-06-24,Load,B4,2025-06-24,2,"[""2025-01-07"", ""2025-01-14"", ""2025-01-21"", ""2025-01-28"", ""2025-02-04"", ""2025-02-11"", ""2025-02-18"", ""2025-02-25"", ""2025-03-04"", ""2025-03-11"", ""2025-03-18"", ""2025-03-25"", ""2025-04-01"", ""2025-04-08"", ""2025-04-15"", ""2025-04-22"", ""2025-04-29"", ""2025-05-06"", ""2025-05-13"", ""2025-05-20"", ""2025-05-27"", ""2025-06-03"", ""2025-06-10"", ""2025-06-17""]",3456,2025-01-07 00:00:00,2025-06-18,2025-06-18,0,174,none,False
PV:B0:2025-06-24,PV,B0,2025-06-24,2,"[""2025-06-23""]",1,2025-06-23 23:50:00,2025-06-24,2025-06-24,0,174,none,False
PV:B1:2025-06-24,PV,B1,2025-06-24,2,"[""2025-06-23""]",144,2025-06-23 00:00:00,2025-06-24,2025-06-24,0,174,none,False
PV:B2:2025-06-24,PV,B2,2025-06-24,2,"[""2025-06-17""]",144,2025-06-17 00:00:00,2025-06-18,2025-06-18,0,174,none,False
PV:B3:2025-06-24,PV,B3,2025-06-24,2,"[""2025-06-17"", ""2025-06-18"", ""2025-06-19"", ""2025-06-20"", ""2025-06-21"", ""2025-06-22"", ""2025-06-23""]",1008,2025-06-17 00:00:00,2025-06-24,2025-06-24,0,174,none,False
PV:B4:2025-06-24,PV,B4,2025-06-24,2,"[""2025-01-07"", ""2025-01-14"", ""2025-01-21"", ""2025-01-28"", ""2025-02-04"", ""2025-02-11"", ""2025-02-18"", ""2025-02-25"", ""2025-03-04"", ""2025-03-11"", ""2025-03-18"", ""2025-03-25"", ""2025-04-01"", ""2025-04-08"", ""2025-04-15"", ""2025-04-22"", ""2025-04-29"", ""2025-05-06"", ""2025-05-13"", ""2025-05-20"", ""2025-05-27"", ""2025-06-03"", ""2025-06-10"", ""2025-06-17""]",3456,2025-01-07 00:00:00,2025-06-18,2025-06-18,0,174,none,False
Load:B0:2025-06-25,Load,B0,2025-06-25,2,"[""2025-06-24""]",1,2025-06-24 23:50:00,2025-06-25,2025-06-25,0,175,none,False
Load:B1:2025-06-25,Load,B1,2025-06-25,2,"[""2025-06-24""]",144,2025-06-24 00:00:00,2025-06-25,2025-06-25,0,175,none,False
Load:B2:2025-06-25,Load,B2,2025-06-25,2,"[""2025-06-18""]",144,2025-06-18 00:00:00,2025-06-19,2025-06-19,0,175,none,False
Load:B3:2025-06-25,Load,B3,2025-06-25,2,"[""2025-06-18"", ""2025-06-19"", ""2025-06-20"", ""2025-06-21"", ""2025-06-22"", ""2025-06-23"", ""2025-06-24""]",1008,2025-06-18 00:00:00,2025-06-25,2025-06-25,0,175,none,False
Load:B4:2025-06-25,Load,B4,2025-06-25,2,"[""2025-01-01"", ""2025-01-08"", ""2025-01-15"", ""2025-01-22"", ""2025-01-29"", ""2025-02-05"", ""2025-02-12"", ""2025-02-19"", ""2025-02-26"", ""2025-03-05"", ""2025-03-12"", ""2025-03-19"", ""2025-03-26"", ""2025-04-02"", ""2025-04-09"", ""2025-04-16"", ""2025-04-23"", ""2025-04-30"", ""2025-05-07"", ""2025-05-14"", ""2025-05-21"", ""2025-05-28"", ""2025-06-04"", ""2025-06-11"", ""2025-06-18""]",3600,2025-01-01 00:00:00,2025-06-19,2025-06-19,0,175,none,False
PV:B0:2025-06-25,PV,B0,2025-06-25,2,"[""2025-06-24""]",1,2025-06-24 23:50:00,2025-06-25,2025-06-25,0,175,none,False
PV:B1:2025-06-25,PV,B1,2025-06-25,2,"[""2025-06-24""]",144,2025-06-24 00:00:00,2025-06-25,2025-06-25,0,175,none,False
PV:B2:2025-06-25,PV,B2,2025-06-25,2,"[""2025-06-18""]",144,2025-06-18 00:00:00,2025-06-19,2025-06-19,0,175,none,False
PV:B3:2025-06-25,PV,B3,2025-06-25,2,"[""2025-06-18"", ""2025-06-19"", ""2025-06-20"", ""2025-06-21"", ""2025-06-22"", ""2025-06-23"", ""2025-06-24""]",1008,2025-06-18 00:00:00,2025-06-25,2025-06-25,0,175,none,False
PV:B4:2025-06-25,PV,B4,2025-06-25,2,"[""2025-01-01"", ""2025-01-08"", ""2025-01-15"", ""2025-01-22"", ""2025-01-29"", ""2025-02-05"", ""2025-02-12"", ""2025-02-19"", ""2025-02-26"", ""2025-03-05"", ""2025-03-12"", ""2025-03-19"", ""2025-03-26"", ""2025-04-02"", ""2025-04-09"", ""2025-04-16"", ""2025-04-23"", ""2025-04-30"", ""2025-05-07"", ""2025-05-14"", ""2025-05-21"", ""2025-05-28"", ""2025-06-04"", ""2025-06-11"", ""2025-06-18""]",3600,2025-01-01 00:00:00,2025-06-19,2025-06-19,0,175,none,False
Load:B0:2025-06-26,Load,B0,2025-06-26,2,"[""2025-06-25""]",1,2025-06-25 23:50:00,2025-06-26,2025-06-26,0,176,none,False
Load:B1:2025-06-26,Load,B1,2025-06-26,2,"[""2025-06-25""]",144,2025-06-25 00:00:00,2025-06-26,2025-06-26,0,176,none,False
Load:B2:2025-06-26,Load,B2,2025-06-26,2,"[""2025-06-19""]",144,2025-06-19 00:00:00,2025-06-20,2025-06-20,0,176,none,False
Load:B3:2025-06-26,Load,B3,2025-06-26,2,"[""2025-06-19"", ""2025-06-20"", ""2025-06-21"", ""2025-06-22"", ""2025-06-23"", ""2025-06-24"", ""2025-06-25""]",1008,2025-06-19 00:00:00,2025-06-26,2025-06-26,0,176,none,False
Load:B4:2025-06-26,Load,B4,2025-06-26,2,"[""2025-01-02"", ""2025-01-09"", ""2025-01-16"", ""2025-01-23"", ""2025-01-30"", ""2025-02-06"", ""2025-02-13"", ""2025-02-20"", ""2025-02-27"", ""2025-03-06"", ""2025-03-13"", ""2025-03-20"", ""2025-03-27"", ""2025-04-03"", ""2025-04-10"", ""2025-04-17"", ""2025-04-24"", ""2025-05-01"", ""2025-05-08"", ""2025-05-15"", ""2025-05-22"", ""2025-05-29"", ""2025-06-05"", ""2025-06-12"", ""2025-06-19""]",3600,2025-01-02 00:00:00,2025-06-20,2025-06-20,0,176,none,False
PV:B0:2025-06-26,PV,B0,2025-06-26,2,"[""2025-06-25""]",1,2025-06-25 23:50:00,2025-06-26,2025-06-26,0,176,none,False
PV:B1:2025-06-26,PV,B1,2025-06-26,2,"[""2025-06-25""]",144,2025-06-25 00:00:00,2025-06-26,2025-06-26,0,176,none,False
PV:B2:2025-06-26,PV,B2,2025-06-26,2,"[""2025-06-19""]",144,2025-06-19 00:00:00,2025-06-20,2025-06-20,0,176,none,False
PV:B3:2025-06-26,PV,B3,2025-06-26,2,"[""2025-06-19"", ""2025-06-20"", ""2025-06-21"", ""2025-06-22"", ""2025-06-23"", ""2025-06-24"", ""2025-06-25""]",1008,2025-06-19 00:00:00,2025-06-26,2025-06-26,0,176,none,False
PV:B4:2025-06-26,PV,B4,2025-06-26,2,"[""2025-01-02"", ""2025-01-09"", ""2025-01-16"", ""2025-01-23"", ""2025-01-30"", ""2025-02-06"", ""2025-02-13"", ""2025-02-20"", ""2025-02-27"", ""2025-03-06"", ""2025-03-13"", ""2025-03-20"", ""2025-03-27"", ""2025-04-03"", ""2025-04-10"", ""2025-04-17"", ""2025-04-24"", ""2025-05-01"", ""2025-05-08"", ""2025-05-15"", ""2025-05-22"", ""2025-05-29"", ""2025-06-05"", ""2025-06-12"", ""2025-06-19""]",3600,2025-01-02 00:00:00,2025-06-20,2025-06-20,0,176,none,False
Load:B0:2025-06-27,Load,B0,2025-06-27,2,"[""2025-06-26""]",1,2025-06-26 23:50:00,2025-06-27,2025-06-27,0,177,none,False
Load:B1:2025-06-27,Load,B1,2025-06-27,2,"[""2025-06-26""]",144,2025-06-26 00:00:00,2025-06-27,2025-06-27,0,177,none,False
Load:B2:2025-06-27,Load,B2,2025-06-27,2,"[""2025-06-20""]",144,2025-06-20 00:00:00,2025-06-21,2025-06-21,0,177,none,False
Load:B3:2025-06-27,Load,B3,2025-06-27,2,"[""2025-06-20"", ""2025-06-21"", ""2025-06-22"", ""2025-06-23"", ""2025-06-24"", ""2025-06-25"", ""2025-06-26""]",1008,2025-06-20 00:00:00,2025-06-27,2025-06-27,0,177,none,False
Load:B4:2025-06-27,Load,B4,2025-06-27,2,"[""2025-01-03"", ""2025-01-10"", ""2025-01-17"", ""2025-01-24"", ""2025-01-31"", ""2025-02-07"", ""2025-02-14"", ""2025-02-21"", ""2025-02-28"", ""2025-03-07"", ""2025-03-14"", ""2025-03-21"", ""2025-03-28"", ""2025-04-04"", ""2025-04-11"", ""2025-04-18"", ""2025-04-25"", ""2025-05-02"", ""2025-05-09"", ""2025-05-16"", ""2025-05-23"", ""2025-05-30"", ""2025-06-06"", ""2025-06-13"", ""2025-06-20""]",3600,2025-01-03 00:00:00,2025-06-21,2025-06-21,0,177,none,False
PV:B0:2025-06-27,PV,B0,2025-06-27,2,"[""2025-06-26""]",1,2025-06-26 23:50:00,2025-06-27,2025-06-27,0,177,none,False
PV:B1:2025-06-27,PV,B1,2025-06-27,2,"[""2025-06-26""]",144,2025-06-26 00:00:00,2025-06-27,2025-06-27,0,177,none,False
PV:B2:2025-06-27,PV,B2,2025-06-27,2,"[""2025-06-20""]",144,2025-06-20 00:00:00,2025-06-21,2025-06-21,0,177,none,False
PV:B3:2025-06-27,PV,B3,2025-06-27,2,"[""2025-06-20"", ""2025-06-21"", ""2025-06-22"", ""2025-06-23"", ""2025-06-24"", ""2025-06-25"", ""2025-06-26""]",1008,2025-06-20 00:00:00,2025-06-27,2025-06-27,0,177,none,False
PV:B4:2025-06-27,PV,B4,2025-06-27,2,"[""2025-01-03"", ""2025-01-10"", ""2025-01-17"", ""2025-01-24"", ""2025-01-31"", ""2025-02-07"", ""2025-02-14"", ""2025-02-21"", ""2025-02-28"", ""2025-03-07"", ""2025-03-14"", ""2025-03-21"", ""2025-03-28"", ""2025-04-04"", ""2025-04-11"", ""2025-04-18"", ""2025-04-25"", ""2025-05-02"", ""2025-05-09"", ""2025-05-16"", ""2025-05-23"", ""2025-05-30"", ""2025-06-06"", ""2025-06-13"", ""2025-06-20""]",3600,2025-01-03 00:00:00,2025-06-21,2025-06-21,0,177,none,False
Load:B0:2025-06-28,Load,B0,2025-06-28,2,"[""2025-06-27""]",1,2025-06-27 23:50:00,2025-06-28,2025-06-28,0,178,none,False
Load:B1:2025-06-28,Load,B1,2025-06-28,2,"[""2025-06-27""]",144,2025-06-27 00:00:00,2025-06-28,2025-06-28,0,178,none,False
Load:B2:2025-06-28,Load,B2,2025-06-28,2,"[""2025-06-21""]",144,2025-06-21 00:00:00,2025-06-22,2025-06-22,0,178,none,False
Load:B3:2025-06-28,Load,B3,2025-06-28,2,"[""2025-06-21"", ""2025-06-22"", ""2025-06-23"", ""2025-06-24"", ""2025-06-25"", ""2025-06-26"", ""2025-06-27""]",1008,2025-06-21 00:00:00,2025-06-28,2025-06-28,0,178,none,False
Load:B4:2025-06-28,Load,B4,2025-06-28,2,"[""2025-01-04"", ""2025-01-11"", ""2025-01-18"", ""2025-01-25"", ""2025-02-01"", ""2025-02-08"", ""2025-02-15"", ""2025-02-22"", ""2025-03-01"", ""2025-03-08"", ""2025-03-15"", ""2025-03-22"", ""2025-03-29"", ""2025-04-05"", ""2025-04-12"", ""2025-04-19"", ""2025-04-26"", ""2025-05-03"", ""2025-05-10"", ""2025-05-17"", ""2025-05-24"", ""2025-05-31"", ""2025-06-07"", ""2025-06-14"", ""2025-06-21""]",3600,2025-01-04 00:00:00,2025-06-22,2025-06-22,0,178,none,False
PV:B0:2025-06-28,PV,B0,2025-06-28,2,"[""2025-06-27""]",1,2025-06-27 23:50:00,2025-06-28,2025-06-28,0,178,none,False
PV:B1:2025-06-28,PV,B1,2025-06-28,2,"[""2025-06-27""]",144,2025-06-27 00:00:00,2025-06-28,2025-06-28,0,178,none,False
PV:B2:2025-06-28,PV,B2,2025-06-28,2,"[""2025-06-21""]",144,2025-06-21 00:00:00,2025-06-22,2025-06-22,0,178,none,False
PV:B3:2025-06-28,PV,B3,2025-06-28,2,"[""2025-06-21"", ""2025-06-22"", ""2025-06-23"", ""2025-06-24"", ""2025-06-25"", ""2025-06-26"", ""2025-06-27""]",1008,2025-06-21 00:00:00,2025-06-28,2025-06-28,0,178,none,False
PV:B4:2025-06-28,PV,B4,2025-06-28,2,"[""2025-01-04"", ""2025-01-11"", ""2025-01-18"", ""2025-01-25"", ""2025-02-01"", ""2025-02-08"", ""2025-02-15"", ""2025-02-22"", ""2025-03-01"", ""2025-03-08"", ""2025-03-15"", ""2025-03-22"", ""2025-03-29"", ""2025-04-05"", ""2025-04-12"", ""2025-04-19"", ""2025-04-26"", ""2025-05-03"", ""2025-05-10"", ""2025-05-17"", ""2025-05-24"", ""2025-05-31"", ""2025-06-07"", ""2025-06-14"", ""2025-06-21""]",3600,2025-01-04 00:00:00,2025-06-22,2025-06-22,0,178,none,False
Load:B0:2025-06-29,Load,B0,2025-06-29,2,"[""2025-06-28""]",1,2025-06-28 23:50:00,2025-06-29,2025-06-29,0,179,none,False
Load:B1:2025-06-29,Load,B1,2025-06-29,2,"[""2025-06-28""]",144,2025-06-28 00:00:00,2025-06-29,2025-06-29,0,179,none,False
Load:B2:2025-06-29,Load,B2,2025-06-29,2,"[""2025-06-22""]",144,2025-06-22 00:00:00,2025-06-23,2025-06-23,0,179,none,False
Load:B3:2025-06-29,Load,B3,2025-06-29,2,"[""2025-06-22"", ""2025-06-23"", ""2025-06-24"", ""2025-06-25"", ""2025-06-26"", ""2025-06-27"", ""2025-06-28""]",1008,2025-06-22 00:00:00,2025-06-29,2025-06-29,0,179,none,False
Load:B4:2025-06-29,Load,B4,2025-06-29,2,"[""2025-01-05"", ""2025-01-12"", ""2025-01-19"", ""2025-01-26"", ""2025-02-02"", ""2025-02-09"", ""2025-02-16"", ""2025-02-23"", ""2025-03-02"", ""2025-03-09"", ""2025-03-16"", ""2025-03-23"", ""2025-03-30"", ""2025-04-06"", ""2025-04-13"", ""2025-04-20"", ""2025-04-27"", ""2025-05-04"", ""2025-05-11"", ""2025-05-18"", ""2025-05-25"", ""2025-06-01"", ""2025-06-08"", ""2025-06-15"", ""2025-06-22""]",3600,2025-01-05 00:00:00,2025-06-23,2025-06-23,0,179,none,False
PV:B0:2025-06-29,PV,B0,2025-06-29,2,"[""2025-06-28""]",1,2025-06-28 23:50:00,2025-06-29,2025-06-29,0,179,none,False
PV:B1:2025-06-29,PV,B1,2025-06-29,2,"[""2025-06-28""]",144,2025-06-28 00:00:00,2025-06-29,2025-06-29,0,179,none,False
PV:B2:2025-06-29,PV,B2,2025-06-29,2,"[""2025-06-22""]",144,2025-06-22 00:00:00,2025-06-23,2025-06-23,0,179,none,False
PV:B3:2025-06-29,PV,B3,2025-06-29,2,"[""2025-06-22"", ""2025-06-23"", ""2025-06-24"", ""2025-06-25"", ""2025-06-26"", ""2025-06-27"", ""2025-06-28""]",1008,2025-06-22 00:00:00,2025-06-29,2025-06-29,0,179,none,False
PV:B4:2025-06-29,PV,B4,2025-06-29,2,"[""2025-01-05"", ""2025-01-12"", ""2025-01-19"", ""2025-01-26"", ""2025-02-02"", ""2025-02-09"", ""2025-02-16"", ""2025-02-23"", ""2025-03-02"", ""2025-03-09"", ""2025-03-16"", ""2025-03-23"", ""2025-03-30"", ""2025-04-06"", ""2025-04-13"", ""2025-04-20"", ""2025-04-27"", ""2025-05-04"", ""2025-05-11"", ""2025-05-18"", ""2025-05-25"", ""2025-06-01"", ""2025-06-08"", ""2025-06-15"", ""2025-06-22""]",3600,2025-01-05 00:00:00,2025-06-23,2025-06-23,0,179,none,False
Load:B0:2025-06-30,Load,B0,2025-06-30,2,"[""2025-06-29""]",1,2025-06-29 23:50:00,2025-06-30,2025-06-30,0,180,none,False
Load:B1:2025-06-30,Load,B1,2025-06-30,2,"[""2025-06-29""]",144,2025-06-29 00:00:00,2025-06-30,2025-06-30,0,180,none,False
Load:B2:2025-06-30,Load,B2,2025-06-30,2,"[""2025-06-23""]",144,2025-06-23 00:00:00,2025-06-24,2025-06-24,0,180,none,False
Load:B3:2025-06-30,Load,B3,2025-06-30,2,"[""2025-06-23"", ""2025-06-24"", ""2025-06-25"", ""2025-06-26"", ""2025-06-27"", ""2025-06-28"", ""2025-06-29""]",1008,2025-06-23 00:00:00,2025-06-30,2025-06-30,0,180,none,False
Load:B4:2025-06-30,Load,B4,2025-06-30,2,"[""2025-01-06"", ""2025-01-13"", ""2025-01-20"", ""2025-01-27"", ""2025-02-03"", ""2025-02-10"", ""2025-02-17"", ""2025-02-24"", ""2025-03-03"", ""2025-03-10"", ""2025-03-17"", ""2025-03-24"", ""2025-03-31"", ""2025-04-07"", ""2025-04-14"", ""2025-04-21"", ""2025-04-28"", ""2025-05-05"", ""2025-05-12"", ""2025-05-19"", ""2025-05-26"", ""2025-06-02"", ""2025-06-09"", ""2025-06-16"", ""2025-06-23""]",3600,2025-01-06 00:00:00,2025-06-24,2025-06-24,0,180,none,False
PV:B0:2025-06-30,PV,B0,2025-06-30,2,"[""2025-06-29""]",1,2025-06-29 23:50:00,2025-06-30,2025-06-30,0,180,none,False
PV:B1:2025-06-30,PV,B1,2025-06-30,2,"[""2025-06-29""]",144,2025-06-29 00:00:00,2025-06-30,2025-06-30,0,180,none,False
PV:B2:2025-06-30,PV,B2,2025-06-30,2,"[""2025-06-23""]",144,2025-06-23 00:00:00,2025-06-24,2025-06-24,0,180,none,False
PV:B3:2025-06-30,PV,B3,2025-06-30,2,"[""2025-06-23"", ""2025-06-24"", ""2025-06-25"", ""2025-06-26"", ""2025-06-27"", ""2025-06-28"", ""2025-06-29""]",1008,2025-06-23 00:00:00,2025-06-30,2025-06-30,0,180,none,False
PV:B4:2025-06-30,PV,B4,2025-06-30,2,"[""2025-01-06"", ""2025-01-13"", ""2025-01-20"", ""2025-01-27"", ""2025-02-03"", ""2025-02-10"", ""2025-02-17"", ""2025-02-24"", ""2025-03-03"", ""2025-03-10"", ""2025-03-17"", ""2025-03-24"", ""2025-03-31"", ""2025-04-07"", ""2025-04-14"", ""2025-04-21"", ""2025-04-28"", ""2025-05-05"", ""2025-05-12"", ""2025-05-19"", ""2025-05-26"", ""2025-06-02"", ""2025-06-09"", ""2025-06-16"", ""2025-06-23""]",3600,2025-01-06 00:00:00,2025-06-24,2025-06-24,0,180,none,False
Load:B0:2025-07-01,Load,B0,2025-07-01,2,"[""2025-06-30""]",1,2025-06-30 23:50:00,2025-07-01,2025-07-01,0,181,none,False
Load:B1:2025-07-01,Load,B1,2025-07-01,2,"[""2025-06-30""]",144,2025-06-30 00:00:00,2025-07-01,2025-07-01,0,181,none,False
Load:B2:2025-07-01,Load,B2,2025-07-01,2,"[""2025-06-24""]",144,2025-06-24 00:00:00,2025-06-25,2025-06-25,0,181,none,False
Load:B3:2025-07-01,Load,B3,2025-07-01,2,"[""2025-06-24"", ""2025-06-25"", ""2025-06-26"", ""2025-06-27"", ""2025-06-28"", ""2025-06-29"", ""2025-06-30""]",1008,2025-06-24 00:00:00,2025-07-01,2025-07-01,0,181,none,False
Load:B4:2025-07-01,Load,B4,2025-07-01,2,"[""2025-01-07"", ""2025-01-14"", ""2025-01-21"", ""2025-01-28"", ""2025-02-04"", ""2025-02-11"", ""2025-02-18"", ""2025-02-25"", ""2025-03-04"", ""2025-03-11"", ""2025-03-18"", ""2025-03-25"", ""2025-04-01"", ""2025-04-08"", ""2025-04-15"", ""2025-04-22"", ""2025-04-29"", ""2025-05-06"", ""2025-05-13"", ""2025-05-20"", ""2025-05-27"", ""2025-06-03"", ""2025-06-10"", ""2025-06-17"", ""2025-06-24""]",3600,2025-01-07 00:00:00,2025-06-25,2025-06-25,0,181,none,False
PV:B0:2025-07-01,PV,B0,2025-07-01,2,"[""2025-06-30""]",1,2025-06-30 23:50:00,2025-07-01,2025-07-01,0,181,none,False
PV:B1:2025-07-01,PV,B1,2025-07-01,2,"[""2025-06-30""]",144,2025-06-30 00:00:00,2025-07-01,2025-07-01,0,181,none,False
PV:B2:2025-07-01,PV,B2,2025-07-01,2,"[""2025-06-24""]",144,2025-06-24 00:00:00,2025-06-25,2025-06-25,0,181,none,False
PV:B3:2025-07-01,PV,B3,2025-07-01,2,"[""2025-06-24"", ""2025-06-25"", ""2025-06-26"", ""2025-06-27"", ""2025-06-28"", ""2025-06-29"", ""2025-06-30""]",1008,2025-06-24 00:00:00,2025-07-01,2025-07-01,0,181,none,False
PV:B4:2025-07-01,PV,B4,2025-07-01,2,"[""2025-01-07"", ""2025-01-14"", ""2025-01-21"", ""2025-01-28"", ""2025-02-04"", ""2025-02-11"", ""2025-02-18"", ""2025-02-25"", ""2025-03-04"", ""2025-03-11"", ""2025-03-18"", ""2025-03-25"", ""2025-04-01"", ""2025-04-08"", ""2025-04-15"", ""2025-04-22"", ""2025-04-29"", ""2025-05-06"", ""2025-05-13"", ""2025-05-20"", ""2025-05-27"", ""2025-06-03"", ""2025-06-10"", ""2025-06-17"", ""2025-06-24""]",3600,2025-01-07 00:00:00,2025-06-25,2025-06-25,0,181,none,False
Load:B0:2025-07-02,Load,B0,2025-07-02,2,"[""2025-07-01""]",1,2025-07-01 23:50:00,2025-07-02,2025-07-02,0,182,none,False
Load:B1:2025-07-02,Load,B1,2025-07-02,2,"[""2025-07-01""]",144,2025-07-01 00:00:00,2025-07-02,2025-07-02,0,182,none,False
Load:B2:2025-07-02,Load,B2,2025-07-02,2,"[""2025-06-25""]",144,2025-06-25 00:00:00,2025-06-26,2025-06-26,0,182,none,False
Load:B3:2025-07-02,Load,B3,2025-07-02,2,"[""2025-06-25"", ""2025-06-26"", ""2025-06-27"", ""2025-06-28"", ""2025-06-29"", ""2025-06-30"", ""2025-07-01""]",1008,2025-06-25 00:00:00,2025-07-02,2025-07-02,0,182,none,False
Load:B4:2025-07-02,Load,B4,2025-07-02,2,"[""2025-01-01"", ""2025-01-08"", ""2025-01-15"", ""2025-01-22"", ""2025-01-29"", ""2025-02-05"", ""2025-02-12"", ""2025-02-19"", ""2025-02-26"", ""2025-03-05"", ""2025-03-12"", ""2025-03-19"", ""2025-03-26"", ""2025-04-02"", ""2025-04-09"", ""2025-04-16"", ""2025-04-23"", ""2025-04-30"", ""2025-05-07"", ""2025-05-14"", ""2025-05-21"", ""2025-05-28"", ""2025-06-04"", ""2025-06-11"", ""2025-06-18"", ""2025-06-25""]",3744,2025-01-01 00:00:00,2025-06-26,2025-06-26,0,182,none,False
PV:B0:2025-07-02,PV,B0,2025-07-02,2,"[""2025-07-01""]",1,2025-07-01 23:50:00,2025-07-02,2025-07-02,0,182,none,False
PV:B1:2025-07-02,PV,B1,2025-07-02,2,"[""2025-07-01""]",144,2025-07-01 00:00:00,2025-07-02,2025-07-02,0,182,none,False
PV:B2:2025-07-02,PV,B2,2025-07-02,2,"[""2025-06-25""]",144,2025-06-25 00:00:00,2025-06-26,2025-06-26,0,182,none,False
PV:B3:2025-07-02,PV,B3,2025-07-02,2,"[""2025-06-25"", ""2025-06-26"", ""2025-06-27"", ""2025-06-28"", ""2025-06-29"", ""2025-06-30"", ""2025-07-01""]",1008,2025-06-25 00:00:00,2025-07-02,2025-07-02,0,182,none,False
PV:B4:2025-07-02,PV,B4,2025-07-02,2,"[""2025-01-01"", ""2025-01-08"", ""2025-01-15"", ""2025-01-22"", ""2025-01-29"", ""2025-02-05"", ""2025-02-12"", ""2025-02-19"", ""2025-02-26"", ""2025-03-05"", ""2025-03-12"", ""2025-03-19"", ""2025-03-26"", ""2025-04-02"", ""2025-04-09"", ""2025-04-16"", ""2025-04-23"", ""2025-04-30"", ""2025-05-07"", ""2025-05-14"", ""2025-05-21"", ""2025-05-28"", ""2025-06-04"", ""2025-06-11"", ""2025-06-18"", ""2025-06-25""]",3744,2025-01-01 00:00:00,2025-06-26,2025-06-26,0,182,none,False
Load:B0:2025-07-03,Load,B0,2025-07-03,2,"[""2025-07-02""]",1,2025-07-02 23:50:00,2025-07-03,2025-07-03,0,183,none,False
Load:B1:2025-07-03,Load,B1,2025-07-03,2,"[""2025-07-02""]",144,2025-07-02 00:00:00,2025-07-03,2025-07-03,0,183,none,False
Load:B2:2025-07-03,Load,B2,2025-07-03,2,"[""2025-06-26""]",144,2025-06-26 00:00:00,2025-06-27,2025-06-27,0,183,none,False
Load:B3:2025-07-03,Load,B3,2025-07-03,2,"[""2025-06-26"", ""2025-06-27"", ""2025-06-28"", ""2025-06-29"", ""2025-06-30"", ""2025-07-01"", ""2025-07-02""]",1008,2025-06-26 00:00:00,2025-07-03,2025-07-03,0,183,none,False
Load:B4:2025-07-03,Load,B4,2025-07-03,2,"[""2025-01-02"", ""2025-01-09"", ""2025-01-16"", ""2025-01-23"", ""2025-01-30"", ""2025-02-06"", ""2025-02-13"", ""2025-02-20"", ""2025-02-27"", ""2025-03-06"", ""2025-03-13"", ""2025-03-20"", ""2025-03-27"", ""2025-04-03"", ""2025-04-10"", ""2025-04-17"", ""2025-04-24"", ""2025-05-01"", ""2025-05-08"", ""2025-05-15"", ""2025-05-22"", ""2025-05-29"", ""2025-06-05"", ""2025-06-12"", ""2025-06-19"", ""2025-06-26""]",3744,2025-01-02 00:00:00,2025-06-27,2025-06-27,0,183,none,False
PV:B0:2025-07-03,PV,B0,2025-07-03,2,"[""2025-07-02""]",1,2025-07-02 23:50:00,2025-07-03,2025-07-03,0,183,none,False
PV:B1:2025-07-03,PV,B1,2025-07-03,2,"[""2025-07-02""]",144,2025-07-02 00:00:00,2025-07-03,2025-07-03,0,183,none,False
PV:B2:2025-07-03,PV,B2,2025-07-03,2,"[""2025-06-26""]",144,2025-06-26 00:00:00,2025-06-27,2025-06-27,0,183,none,False
PV:B3:2025-07-03,PV,B3,2025-07-03,2,"[""2025-06-26"", ""2025-06-27"", ""2025-06-28"", ""2025-06-29"", ""2025-06-30"", ""2025-07-01"", ""2025-07-02""]",1008,2025-06-26 00:00:00,2025-07-03,2025-07-03,0,183,none,False
PV:B4:2025-07-03,PV,B4,2025-07-03,2,"[""2025-01-02"", ""2025-01-09"", ""2025-01-16"", ""2025-01-23"", ""2025-01-30"", ""2025-02-06"", ""2025-02-13"", ""2025-02-20"", ""2025-02-27"", ""2025-03-06"", ""2025-03-13"", ""2025-03-20"", ""2025-03-27"", ""2025-04-03"", ""2025-04-10"", ""2025-04-17"", ""2025-04-24"", ""2025-05-01"", ""2025-05-08"", ""2025-05-15"", ""2025-05-22"", ""2025-05-29"", ""2025-06-05"", ""2025-06-12"", ""2025-06-19"", ""2025-06-26""]",3744,2025-01-02 00:00:00,2025-06-27,2025-06-27,0,183,none,False
Load:B0:2025-07-04,Load,B0,2025-07-04,2,"[""2025-07-03""]",1,2025-07-03 23:50:00,2025-07-04,2025-07-04,0,184,none,False
Load:B1:2025-07-04,Load,B1,2025-07-04,2,"[""2025-07-03""]",144,2025-07-03 00:00:00,2025-07-04,2025-07-04,0,184,none,False
Load:B2:2025-07-04,Load,B2,2025-07-04,2,"[""2025-06-27""]",144,2025-06-27 00:00:00,2025-06-28,2025-06-28,0,184,none,False
Load:B3:2025-07-04,Load,B3,2025-07-04,2,"[""2025-06-27"", ""2025-06-28"", ""2025-06-29"", ""2025-06-30"", ""2025-07-01"", ""2025-07-02"", ""2025-07-03""]",1008,2025-06-27 00:00:00,2025-07-04,2025-07-04,0,184,none,False
Load:B4:2025-07-04,Load,B4,2025-07-04,2,"[""2025-01-03"", ""2025-01-10"", ""2025-01-17"", ""2025-01-24"", ""2025-01-31"", ""2025-02-07"", ""2025-02-14"", ""2025-02-21"", ""2025-02-28"", ""2025-03-07"", ""2025-03-14"", ""2025-03-21"", ""2025-03-28"", ""2025-04-04"", ""2025-04-11"", ""2025-04-18"", ""2025-04-25"", ""2025-05-02"", ""2025-05-09"", ""2025-05-16"", ""2025-05-23"", ""2025-05-30"", ""2025-06-06"", ""2025-06-13"", ""2025-06-20"", ""2025-06-27""]",3744,2025-01-03 00:00:00,2025-06-28,2025-06-28,0,184,none,False
PV:B0:2025-07-04,PV,B0,2025-07-04,2,"[""2025-07-03""]",1,2025-07-03 23:50:00,2025-07-04,2025-07-04,0,184,none,False
PV:B1:2025-07-04,PV,B1,2025-07-04,2,"[""2025-07-03""]",144,2025-07-03 00:00:00,2025-07-04,2025-07-04,0,184,none,False
PV:B2:2025-07-04,PV,B2,2025-07-04,2,"[""2025-06-27""]",144,2025-06-27 00:00:00,2025-06-28,2025-06-28,0,184,none,False
PV:B3:2025-07-04,PV,B3,2025-07-04,2,"[""2025-06-27"", ""2025-06-28"", ""2025-06-29"", ""2025-06-30"", ""2025-07-01"", ""2025-07-02"", ""2025-07-03""]",1008,2025-06-27 00:00:00,2025-07-04,2025-07-04,0,184,none,False
PV:B4:2025-07-04,PV,B4,2025-07-04,2,"[""2025-01-03"", ""2025-01-10"", ""2025-01-17"", ""2025-01-24"", ""2025-01-31"", ""2025-02-07"", ""2025-02-14"", ""2025-02-21"", ""2025-02-28"", ""2025-03-07"", ""2025-03-14"", ""2025-03-21"", ""2025-03-28"", ""2025-04-04"", ""2025-04-11"", ""2025-04-18"", ""2025-04-25"", ""2025-05-02"", ""2025-05-09"", ""2025-05-16"", ""2025-05-23"", ""2025-05-30"", ""2025-06-06"", ""2025-06-13"", ""2025-06-20"", ""2025-06-27""]",3744,2025-01-03 00:00:00,2025-06-28,2025-06-28,0,184,none,False
Load:B0:2025-07-05,Load,B0,2025-07-05,2,"[""2025-07-04""]",1,2025-07-04 23:50:00,2025-07-05,2025-07-05,0,185,none,False
Load:B1:2025-07-05,Load,B1,2025-07-05,2,"[""2025-07-04""]",144,2025-07-04 00:00:00,2025-07-05,2025-07-05,0,185,none,False
Load:B2:2025-07-05,Load,B2,2025-07-05,2,"[""2025-06-28""]",144,2025-06-28 00:00:00,2025-06-29,2025-06-29,0,185,none,False
Load:B3:2025-07-05,Load,B3,2025-07-05,2,"[""2025-06-28"", ""2025-06-29"", ""2025-06-30"", ""2025-07-01"", ""2025-07-02"", ""2025-07-03"", ""2025-07-04""]",1008,2025-06-28 00:00:00,2025-07-05,2025-07-05,0,185,none,False
Load:B4:2025-07-05,Load,B4,2025-07-05,2,"[""2025-01-04"", ""2025-01-11"", ""2025-01-18"", ""2025-01-25"", ""2025-02-01"", ""2025-02-08"", ""2025-02-15"", ""2025-02-22"", ""2025-03-01"", ""2025-03-08"", ""2025-03-15"", ""2025-03-22"", ""2025-03-29"", ""2025-04-05"", ""2025-04-12"", ""2025-04-19"", ""2025-04-26"", ""2025-05-03"", ""2025-05-10"", ""2025-05-17"", ""2025-05-24"", ""2025-05-31"", ""2025-06-07"", ""2025-06-14"", ""2025-06-21"", ""2025-06-28""]",3744,2025-01-04 00:00:00,2025-06-29,2025-06-29,0,185,none,False
PV:B0:2025-07-05,PV,B0,2025-07-05,2,"[""2025-07-04""]",1,2025-07-04 23:50:00,2025-07-05,2025-07-05,0,185,none,False
PV:B1:2025-07-05,PV,B1,2025-07-05,2,"[""2025-07-04""]",144,2025-07-04 00:00:00,2025-07-05,2025-07-05,0,185,none,False
PV:B2:2025-07-05,PV,B2,2025-07-05,2,"[""2025-06-28""]",144,2025-06-28 00:00:00,2025-06-29,2025-06-29,0,185,none,False
PV:B3:2025-07-05,PV,B3,2025-07-05,2,"[""2025-06-28"", ""2025-06-29"", ""2025-06-30"", ""2025-07-01"", ""2025-07-02"", ""2025-07-03"", ""2025-07-04""]",1008,2025-06-28 00:00:00,2025-07-05,2025-07-05,0,185,none,False
PV:B4:2025-07-05,PV,B4,2025-07-05,2,"[""2025-01-04"", ""2025-01-11"", ""2025-01-18"", ""2025-01-25"", ""2025-02-01"", ""2025-02-08"", ""2025-02-15"", ""2025-02-22"", ""2025-03-01"", ""2025-03-08"", ""2025-03-15"", ""2025-03-22"", ""2025-03-29"", ""2025-04-05"", ""2025-04-12"", ""2025-04-19"", ""2025-04-26"", ""2025-05-03"", ""2025-05-10"", ""2025-05-17"", ""2025-05-24"", ""2025-05-31"", ""2025-06-07"", ""2025-06-14"", ""2025-06-21"", ""2025-06-28""]",3744,2025-01-04 00:00:00,2025-06-29,2025-06-29,0,185,none,False
Load:B0:2025-07-06,Load,B0,2025-07-06,2,"[""2025-07-05""]",1,2025-07-05 23:50:00,2025-07-06,2025-07-06,0,186,none,False
Load:B1:2025-07-06,Load,B1,2025-07-06,2,"[""2025-07-05""]",144,2025-07-05 00:00:00,2025-07-06,2025-07-06,0,186,none,False
Load:B2:2025-07-06,Load,B2,2025-07-06,2,"[""2025-06-29""]",144,2025-06-29 00:00:00,2025-06-30,2025-06-30,0,186,none,False
Load:B3:2025-07-06,Load,B3,2025-07-06,2,"[""2025-06-29"", ""2025-06-30"", ""2025-07-01"", ""2025-07-02"", ""2025-07-03"", ""2025-07-04"", ""2025-07-05""]",1008,2025-06-29 00:00:00,2025-07-06,2025-07-06,0,186,none,False
Load:B4:2025-07-06,Load,B4,2025-07-06,2,"[""2025-01-05"", ""2025-01-12"", ""2025-01-19"", ""2025-01-26"", ""2025-02-02"", ""2025-02-09"", ""2025-02-16"", ""2025-02-23"", ""2025-03-02"", ""2025-03-09"", ""2025-03-16"", ""2025-03-23"", ""2025-03-30"", ""2025-04-06"", ""2025-04-13"", ""2025-04-20"", ""2025-04-27"", ""2025-05-04"", ""2025-05-11"", ""2025-05-18"", ""2025-05-25"", ""2025-06-01"", ""2025-06-08"", ""2025-06-15"", ""2025-06-22"", ""2025-06-29""]",3744,2025-01-05 00:00:00,2025-06-30,2025-06-30,0,186,none,False
PV:B0:2025-07-06,PV,B0,2025-07-06,2,"[""2025-07-05""]",1,2025-07-05 23:50:00,2025-07-06,2025-07-06,0,186,none,False
PV:B1:2025-07-06,PV,B1,2025-07-06,2,"[""2025-07-05""]",144,2025-07-05 00:00:00,2025-07-06,2025-07-06,0,186,none,False
PV:B2:2025-07-06,PV,B2,2025-07-06,2,"[""2025-06-29""]",144,2025-06-29 00:00:00,2025-06-30,2025-06-30,0,186,none,False
PV:B3:2025-07-06,PV,B3,2025-07-06,2,"[""2025-06-29"", ""2025-06-30"", ""2025-07-01"", ""2025-07-02"", ""2025-07-03"", ""2025-07-04"", ""2025-07-05""]",1008,2025-06-29 00:00:00,2025-07-06,2025-07-06,0,186,none,False
PV:B4:2025-07-06,PV,B4,2025-07-06,2,"[""2025-01-05"", ""2025-01-12"", ""2025-01-19"", ""2025-01-26"", ""2025-02-02"", ""2025-02-09"", ""2025-02-16"", ""2025-02-23"", ""2025-03-02"", ""2025-03-09"", ""2025-03-16"", ""2025-03-23"", ""2025-03-30"", ""2025-04-06"", ""2025-04-13"", ""2025-04-20"", ""2025-04-27"", ""2025-05-04"", ""2025-05-11"", ""2025-05-18"", ""2025-05-25"", ""2025-06-01"", ""2025-06-08"", ""2025-06-15"", ""2025-06-22"", ""2025-06-29""]",3744,2025-01-05 00:00:00,2025-06-30,2025-06-30,0,186,none,False
Load:B0:2025-07-07,Load,B0,2025-07-07,2,"[""2025-07-06""]",1,2025-07-06 23:50:00,2025-07-07,2025-07-07,0,187,none,False
Load:B1:2025-07-07,Load,B1,2025-07-07,2,"[""2025-07-06""]",144,2025-07-06 00:00:00,2025-07-07,2025-07-07,0,187,none,False
Load:B2:2025-07-07,Load,B2,2025-07-07,2,"[""2025-06-30""]",144,2025-06-30 00:00:00,2025-07-01,2025-07-01,0,187,none,False
Load:B3:2025-07-07,Load,B3,2025-07-07,2,"[""2025-06-30"", ""2025-07-01"", ""2025-07-02"", ""2025-07-03"", ""2025-07-04"", ""2025-07-05"", ""2025-07-06""]",1008,2025-06-30 00:00:00,2025-07-07,2025-07-07,0,187,none,False
Load:B4:2025-07-07,Load,B4,2025-07-07,2,"[""2025-01-06"", ""2025-01-13"", ""2025-01-20"", ""2025-01-27"", ""2025-02-03"", ""2025-02-10"", ""2025-02-17"", ""2025-02-24"", ""2025-03-03"", ""2025-03-10"", ""2025-03-17"", ""2025-03-24"", ""2025-03-31"", ""2025-04-07"", ""2025-04-14"", ""2025-04-21"", ""2025-04-28"", ""2025-05-05"", ""2025-05-12"", ""2025-05-19"", ""2025-05-26"", ""2025-06-02"", ""2025-06-09"", ""2025-06-16"", ""2025-06-23"", ""2025-06-30""]",3744,2025-01-06 00:00:00,2025-07-01,2025-07-01,0,187,none,False
PV:B0:2025-07-07,PV,B0,2025-07-07,2,"[""2025-07-06""]",1,2025-07-06 23:50:00,2025-07-07,2025-07-07,0,187,none,False
PV:B1:2025-07-07,PV,B1,2025-07-07,2,"[""2025-07-06""]",144,2025-07-06 00:00:00,2025-07-07,2025-07-07,0,187,none,False
PV:B2:2025-07-07,PV,B2,2025-07-07,2,"[""2025-06-30""]",144,2025-06-30 00:00:00,2025-07-01,2025-07-01,0,187,none,False
PV:B3:2025-07-07,PV,B3,2025-07-07,2,"[""2025-06-30"", ""2025-07-01"", ""2025-07-02"", ""2025-07-03"", ""2025-07-04"", ""2025-07-05"", ""2025-07-06""]",1008,2025-06-30 00:00:00,2025-07-07,2025-07-07,0,187,none,False
PV:B4:2025-07-07,PV,B4,2025-07-07,2,"[""2025-01-06"", ""2025-01-13"", ""2025-01-20"", ""2025-01-27"", ""2025-02-03"", ""2025-02-10"", ""2025-02-17"", ""2025-02-24"", ""2025-03-03"", ""2025-03-10"", ""2025-03-17"", ""2025-03-24"", ""2025-03-31"", ""2025-04-07"", ""2025-04-14"", ""2025-04-21"", ""2025-04-28"", ""2025-05-05"", ""2025-05-12"", ""2025-05-19"", ""2025-05-26"", ""2025-06-02"", ""2025-06-09"", ""2025-06-16"", ""2025-06-23"", ""2025-06-30""]",3744,2025-01-06 00:00:00,2025-07-01,2025-07-01,0,187,none,False
Load:B0:2025-07-08,Load,B0,2025-07-08,2,"[""2025-07-07""]",1,2025-07-07 23:50:00,2025-07-08,2025-07-08,0,188,none,False
Load:B1:2025-07-08,Load,B1,2025-07-08,2,"[""2025-07-07""]",144,2025-07-07 00:00:00,2025-07-08,2025-07-08,0,188,none,False
Load:B2:2025-07-08,Load,B2,2025-07-08,2,"[""2025-07-01""]",144,2025-07-01 00:00:00,2025-07-02,2025-07-02,0,188,none,False
Load:B3:2025-07-08,Load,B3,2025-07-08,2,"[""2025-07-01"", ""2025-07-02"", ""2025-07-03"", ""2025-07-04"", ""2025-07-05"", ""2025-07-06"", ""2025-07-07""]",1008,2025-07-01 00:00:00,2025-07-08,2025-07-08,0,188,none,False
Load:B4:2025-07-08,Load,B4,2025-07-08,2,"[""2025-01-07"", ""2025-01-14"", ""2025-01-21"", ""2025-01-28"", ""2025-02-04"", ""2025-02-11"", ""2025-02-18"", ""2025-02-25"", ""2025-03-04"", ""2025-03-11"", ""2025-03-18"", ""2025-03-25"", ""2025-04-01"", ""2025-04-08"", ""2025-04-15"", ""2025-04-22"", ""2025-04-29"", ""2025-05-06"", ""2025-05-13"", ""2025-05-20"", ""2025-05-27"", ""2025-06-03"", ""2025-06-10"", ""2025-06-17"", ""2025-06-24"", ""2025-07-01""]",3744,2025-01-07 00:00:00,2025-07-02,2025-07-02,0,188,none,False
PV:B0:2025-07-08,PV,B0,2025-07-08,2,"[""2025-07-07""]",1,2025-07-07 23:50:00,2025-07-08,2025-07-08,0,188,none,False
PV:B1:2025-07-08,PV,B1,2025-07-08,2,"[""2025-07-07""]",144,2025-07-07 00:00:00,2025-07-08,2025-07-08,0,188,none,False
PV:B2:2025-07-08,PV,B2,2025-07-08,2,"[""2025-07-01""]",144,2025-07-01 00:00:00,2025-07-02,2025-07-02,0,188,none,False
PV:B3:2025-07-08,PV,B3,2025-07-08,2,"[""2025-07-01"", ""2025-07-02"", ""2025-07-03"", ""2025-07-04"", ""2025-07-05"", ""2025-07-06"", ""2025-07-07""]",1008,2025-07-01 00:00:00,2025-07-08,2025-07-08,0,188,none,False
PV:B4:2025-07-08,PV,B4,2025-07-08,2,"[""2025-01-07"", ""2025-01-14"", ""2025-01-21"", ""2025-01-28"", ""2025-02-04"", ""2025-02-11"", ""2025-02-18"", ""2025-02-25"", ""2025-03-04"", ""2025-03-11"", ""2025-03-18"", ""2025-03-25"", ""2025-04-01"", ""2025-04-08"", ""2025-04-15"", ""2025-04-22"", ""2025-04-29"", ""2025-05-06"", ""2025-05-13"", ""2025-05-20"", ""2025-05-27"", ""2025-06-03"", ""2025-06-10"", ""2025-06-17"", ""2025-06-24"", ""2025-07-01""]",3744,2025-01-07 00:00:00,2025-07-02,2025-07-02,0,188,none,False
Load:B0:2025-07-09,Load,B0,2025-07-09,2,"[""2025-07-08""]",1,2025-07-08 23:50:00,2025-07-09,2025-07-09,0,189,none,False
Load:B1:2025-07-09,Load,B1,2025-07-09,2,"[""2025-07-08""]",144,2025-07-08 00:00:00,2025-07-09,2025-07-09,0,189,none,False
Load:B2:2025-07-09,Load,B2,2025-07-09,2,"[""2025-07-02""]",144,2025-07-02 00:00:00,2025-07-03,2025-07-03,0,189,none,False
Load:B3:2025-07-09,Load,B3,2025-07-09,2,"[""2025-07-02"", ""2025-07-03"", ""2025-07-04"", ""2025-07-05"", ""2025-07-06"", ""2025-07-07"", ""2025-07-08""]",1008,2025-07-02 00:00:00,2025-07-09,2025-07-09,0,189,none,False
Load:B4:2025-07-09,Load,B4,2025-07-09,2,"[""2025-01-01"", ""2025-01-08"", ""2025-01-15"", ""2025-01-22"", ""2025-01-29"", ""2025-02-05"", ""2025-02-12"", ""2025-02-19"", ""2025-02-26"", ""2025-03-05"", ""2025-03-12"", ""2025-03-19"", ""2025-03-26"", ""2025-04-02"", ""2025-04-09"", ""2025-04-16"", ""2025-04-23"", ""2025-04-30"", ""2025-05-07"", ""2025-05-14"", ""2025-05-21"", ""2025-05-28"", ""2025-06-04"", ""2025-06-11"", ""2025-06-18"", ""2025-06-25"", ""2025-07-02""]",3888,2025-01-01 00:00:00,2025-07-03,2025-07-03,0,189,none,False
PV:B0:2025-07-09,PV,B0,2025-07-09,2,"[""2025-07-08""]",1,2025-07-08 23:50:00,2025-07-09,2025-07-09,0,189,none,False
PV:B1:2025-07-09,PV,B1,2025-07-09,2,"[""2025-07-08""]",144,2025-07-08 00:00:00,2025-07-09,2025-07-09,0,189,none,False
PV:B2:2025-07-09,PV,B2,2025-07-09,2,"[""2025-07-02""]",144,2025-07-02 00:00:00,2025-07-03,2025-07-03,0,189,none,False
PV:B3:2025-07-09,PV,B3,2025-07-09,2,"[""2025-07-02"", ""2025-07-03"", ""2025-07-04"", ""2025-07-05"", ""2025-07-06"", ""2025-07-07"", ""2025-07-08""]",1008,2025-07-02 00:00:00,2025-07-09,2025-07-09,0,189,none,False
PV:B4:2025-07-09,PV,B4,2025-07-09,2,"[""2025-01-01"", ""2025-01-08"", ""2025-01-15"", ""2025-01-22"", ""2025-01-29"", ""2025-02-05"", ""2025-02-12"", ""2025-02-19"", ""2025-02-26"", ""2025-03-05"", ""2025-03-12"", ""2025-03-19"", ""2025-03-26"", ""2025-04-02"", ""2025-04-09"", ""2025-04-16"", ""2025-04-23"", ""2025-04-30"", ""2025-05-07"", ""2025-05-14"", ""2025-05-21"", ""2025-05-28"", ""2025-06-04"", ""2025-06-11"", ""2025-06-18"", ""2025-06-25"", ""2025-07-02""]",3888,2025-01-01 00:00:00,2025-07-03,2025-07-03,0,189,none,False
Load:B0:2025-07-10,Load,B0,2025-07-10,2,"[""2025-07-09""]",1,2025-07-09 23:50:00,2025-07-10,2025-07-10,0,190,none,False
Load:B1:2025-07-10,Load,B1,2025-07-10,2,"[""2025-07-09""]",144,2025-07-09 00:00:00,2025-07-10,2025-07-10,0,190,none,False
Load:B2:2025-07-10,Load,B2,2025-07-10,2,"[""2025-07-03""]",144,2025-07-03 00:00:00,2025-07-04,2025-07-04,0,190,none,False
Load:B3:2025-07-10,Load,B3,2025-07-10,2,"[""2025-07-03"", ""2025-07-04"", ""2025-07-05"", ""2025-07-06"", ""2025-07-07"", ""2025-07-08"", ""2025-07-09""]",1008,2025-07-03 00:00:00,2025-07-10,2025-07-10,0,190,none,False
Load:B4:2025-07-10,Load,B4,2025-07-10,2,"[""2025-01-02"", ""2025-01-09"", ""2025-01-16"", ""2025-01-23"", ""2025-01-30"", ""2025-02-06"", ""2025-02-13"", ""2025-02-20"", ""2025-02-27"", ""2025-03-06"", ""2025-03-13"", ""2025-03-20"", ""2025-03-27"", ""2025-04-03"", ""2025-04-10"", ""2025-04-17"", ""2025-04-24"", ""2025-05-01"", ""2025-05-08"", ""2025-05-15"", ""2025-05-22"", ""2025-05-29"", ""2025-06-05"", ""2025-06-12"", ""2025-06-19"", ""2025-06-26"", ""2025-07-03""]",3888,2025-01-02 00:00:00,2025-07-04,2025-07-04,0,190,none,False
PV:B0:2025-07-10,PV,B0,2025-07-10,2,"[""2025-07-09""]",1,2025-07-09 23:50:00,2025-07-10,2025-07-10,0,190,none,False
PV:B1:2025-07-10,PV,B1,2025-07-10,2,"[""2025-07-09""]",144,2025-07-09 00:00:00,2025-07-10,2025-07-10,0,190,none,False
PV:B2:2025-07-10,PV,B2,2025-07-10,2,"[""2025-07-03""]",144,2025-07-03 00:00:00,2025-07-04,2025-07-04,0,190,none,False
PV:B3:2025-07-10,PV,B3,2025-07-10,2,"[""2025-07-03"", ""2025-07-04"", ""2025-07-05"", ""2025-07-06"", ""2025-07-07"", ""2025-07-08"", ""2025-07-09""]",1008,2025-07-03 00:00:00,2025-07-10,2025-07-10,0,190,none,False
PV:B4:2025-07-10,PV,B4,2025-07-10,2,"[""2025-01-02"", ""2025-01-09"", ""2025-01-16"", ""2025-01-23"", ""2025-01-30"", ""2025-02-06"", ""2025-02-13"", ""2025-02-20"", ""2025-02-27"", ""2025-03-06"", ""2025-03-13"", ""2025-03-20"", ""2025-03-27"", ""2025-04-03"", ""2025-04-10"", ""2025-04-17"", ""2025-04-24"", ""2025-05-01"", ""2025-05-08"", ""2025-05-15"", ""2025-05-22"", ""2025-05-29"", ""2025-06-05"", ""2025-06-12"", ""2025-06-19"", ""2025-06-26"", ""2025-07-03""]",3888,2025-01-02 00:00:00,2025-07-04,2025-07-04,0,190,none,False
Load:B0:2025-07-11,Load,B0,2025-07-11,2,"[""2025-07-10""]",1,2025-07-10 23:50:00,2025-07-11,2025-07-11,0,191,none,False
Load:B1:2025-07-11,Load,B1,2025-07-11,2,"[""2025-07-10""]",144,2025-07-10 00:00:00,2025-07-11,2025-07-11,0,191,none,False
Load:B2:2025-07-11,Load,B2,2025-07-11,2,"[""2025-07-04""]",144,2025-07-04 00:00:00,2025-07-05,2025-07-05,0,191,none,False
Load:B3:2025-07-11,Load,B3,2025-07-11,2,"[""2025-07-04"", ""2025-07-05"", ""2025-07-06"", ""2025-07-07"", ""2025-07-08"", ""2025-07-09"", ""2025-07-10""]",1008,2025-07-04 00:00:00,2025-07-11,2025-07-11,0,191,none,False
Load:B4:2025-07-11,Load,B4,2025-07-11,2,"[""2025-01-03"", ""2025-01-10"", ""2025-01-17"", ""2025-01-24"", ""2025-01-31"", ""2025-02-07"", ""2025-02-14"", ""2025-02-21"", ""2025-02-28"", ""2025-03-07"", ""2025-03-14"", ""2025-03-21"", ""2025-03-28"", ""2025-04-04"", ""2025-04-11"", ""2025-04-18"", ""2025-04-25"", ""2025-05-02"", ""2025-05-09"", ""2025-05-16"", ""2025-05-23"", ""2025-05-30"", ""2025-06-06"", ""2025-06-13"", ""2025-06-20"", ""2025-06-27"", ""2025-07-04""]",3888,2025-01-03 00:00:00,2025-07-05,2025-07-05,0,191,none,False
PV:B0:2025-07-11,PV,B0,2025-07-11,2,"[""2025-07-10""]",1,2025-07-10 23:50:00,2025-07-11,2025-07-11,0,191,none,False
PV:B1:2025-07-11,PV,B1,2025-07-11,2,"[""2025-07-10""]",144,2025-07-10 00:00:00,2025-07-11,2025-07-11,0,191,none,False
PV:B2:2025-07-11,PV,B2,2025-07-11,2,"[""2025-07-04""]",144,2025-07-04 00:00:00,2025-07-05,2025-07-05,0,191,none,False
PV:B3:2025-07-11,PV,B3,2025-07-11,2,"[""2025-07-04"", ""2025-07-05"", ""2025-07-06"", ""2025-07-07"", ""2025-07-08"", ""2025-07-09"", ""2025-07-10""]",1008,2025-07-04 00:00:00,2025-07-11,2025-07-11,0,191,none,False
PV:B4:2025-07-11,PV,B4,2025-07-11,2,"[""2025-01-03"", ""2025-01-10"", ""2025-01-17"", ""2025-01-24"", ""2025-01-31"", ""2025-02-07"", ""2025-02-14"", ""2025-02-21"", ""2025-02-28"", ""2025-03-07"", ""2025-03-14"", ""2025-03-21"", ""2025-03-28"", ""2025-04-04"", ""2025-04-11"", ""2025-04-18"", ""2025-04-25"", ""2025-05-02"", ""2025-05-09"", ""2025-05-16"", ""2025-05-23"", ""2025-05-30"", ""2025-06-06"", ""2025-06-13"", ""2025-06-20"", ""2025-06-27"", ""2025-07-04""]",3888,2025-01-03 00:00:00,2025-07-05,2025-07-05,0,191,none,False
Load:B0:2025-07-12,Load,B0,2025-07-12,2,"[""2025-07-11""]",1,2025-07-11 23:50:00,2025-07-12,2025-07-12,0,192,none,False
Load:B1:2025-07-12,Load,B1,2025-07-12,2,"[""2025-07-11""]",144,2025-07-11 00:00:00,2025-07-12,2025-07-12,0,192,none,False
Load:B2:2025-07-12,Load,B2,2025-07-12,2,"[""2025-07-05""]",144,2025-07-05 00:00:00,2025-07-06,2025-07-06,0,192,none,False
Load:B3:2025-07-12,Load,B3,2025-07-12,2,"[""2025-07-05"", ""2025-07-06"", ""2025-07-07"", ""2025-07-08"", ""2025-07-09"", ""2025-07-10"", ""2025-07-11""]",1008,2025-07-05 00:00:00,2025-07-12,2025-07-12,0,192,none,False
Load:B4:2025-07-12,Load,B4,2025-07-12,2,"[""2025-01-04"", ""2025-01-11"", ""2025-01-18"", ""2025-01-25"", ""2025-02-01"", ""2025-02-08"", ""2025-02-15"", ""2025-02-22"", ""2025-03-01"", ""2025-03-08"", ""2025-03-15"", ""2025-03-22"", ""2025-03-29"", ""2025-04-05"", ""2025-04-12"", ""2025-04-19"", ""2025-04-26"", ""2025-05-03"", ""2025-05-10"", ""2025-05-17"", ""2025-05-24"", ""2025-05-31"", ""2025-06-07"", ""2025-06-14"", ""2025-06-21"", ""2025-06-28"", ""2025-07-05""]",3888,2025-01-04 00:00:00,2025-07-06,2025-07-06,0,192,none,False
PV:B0:2025-07-12,PV,B0,2025-07-12,2,"[""2025-07-11""]",1,2025-07-11 23:50:00,2025-07-12,2025-07-12,0,192,none,False
PV:B1:2025-07-12,PV,B1,2025-07-12,2,"[""2025-07-11""]",144,2025-07-11 00:00:00,2025-07-12,2025-07-12,0,192,none,False
PV:B2:2025-07-12,PV,B2,2025-07-12,2,"[""2025-07-05""]",144,2025-07-05 00:00:00,2025-07-06,2025-07-06,0,192,none,False
PV:B3:2025-07-12,PV,B3,2025-07-12,2,"[""2025-07-05"", ""2025-07-06"", ""2025-07-07"", ""2025-07-08"", ""2025-07-09"", ""2025-07-10"", ""2025-07-11""]",1008,2025-07-05 00:00:00,2025-07-12,2025-07-12,0,192,none,False
PV:B4:2025-07-12,PV,B4,2025-07-12,2,"[""2025-01-04"", ""2025-01-11"", ""2025-01-18"", ""2025-01-25"", ""2025-02-01"", ""2025-02-08"", ""2025-02-15"", ""2025-02-22"", ""2025-03-01"", ""2025-03-08"", ""2025-03-15"", ""2025-03-22"", ""2025-03-29"", ""2025-04-05"", ""2025-04-12"", ""2025-04-19"", ""2025-04-26"", ""2025-05-03"", ""2025-05-10"", ""2025-05-17"", ""2025-05-24"", ""2025-05-31"", ""2025-06-07"", ""2025-06-14"", ""2025-06-21"", ""2025-06-28"", ""2025-07-05""]",3888,2025-01-04 00:00:00,2025-07-06,2025-07-06,0,192,none,False
Load:B0:2025-07-13,Load,B0,2025-07-13,2,"[""2025-07-12""]",1,2025-07-12 23:50:00,2025-07-13,2025-07-13,0,193,none,False
Load:B1:2025-07-13,Load,B1,2025-07-13,2,"[""2025-07-12""]",144,2025-07-12 00:00:00,2025-07-13,2025-07-13,0,193,none,False
Load:B2:2025-07-13,Load,B2,2025-07-13,2,"[""2025-07-06""]",144,2025-07-06 00:00:00,2025-07-07,2025-07-07,0,193,none,False
Load:B3:2025-07-13,Load,B3,2025-07-13,2,"[""2025-07-06"", ""2025-07-07"", ""2025-07-08"", ""2025-07-09"", ""2025-07-10"", ""2025-07-11"", ""2025-07-12""]",1008,2025-07-06 00:00:00,2025-07-13,2025-07-13,0,193,none,False
Load:B4:2025-07-13,Load,B4,2025-07-13,2,"[""2025-01-05"", ""2025-01-12"", ""2025-01-19"", ""2025-01-26"", ""2025-02-02"", ""2025-02-09"", ""2025-02-16"", ""2025-02-23"", ""2025-03-02"", ""2025-03-09"", ""2025-03-16"", ""2025-03-23"", ""2025-03-30"", ""2025-04-06"", ""2025-04-13"", ""2025-04-20"", ""2025-04-27"", ""2025-05-04"", ""2025-05-11"", ""2025-05-18"", ""2025-05-25"", ""2025-06-01"", ""2025-06-08"", ""2025-06-15"", ""2025-06-22"", ""2025-06-29"", ""2025-07-06""]",3888,2025-01-05 00:00:00,2025-07-07,2025-07-07,0,193,none,False
PV:B0:2025-07-13,PV,B0,2025-07-13,2,"[""2025-07-12""]",1,2025-07-12 23:50:00,2025-07-13,2025-07-13,0,193,none,False
PV:B1:2025-07-13,PV,B1,2025-07-13,2,"[""2025-07-12""]",144,2025-07-12 00:00:00,2025-07-13,2025-07-13,0,193,none,False
PV:B2:2025-07-13,PV,B2,2025-07-13,2,"[""2025-07-06""]",144,2025-07-06 00:00:00,2025-07-07,2025-07-07,0,193,none,False
PV:B3:2025-07-13,PV,B3,2025-07-13,2,"[""2025-07-06"", ""2025-07-07"", ""2025-07-08"", ""2025-07-09"", ""2025-07-10"", ""2025-07-11"", ""2025-07-12""]",1008,2025-07-06 00:00:00,2025-07-13,2025-07-13,0,193,none,False
PV:B4:2025-07-13,PV,B4,2025-07-13,2,"[""2025-01-05"", ""2025-01-12"", ""2025-01-19"", ""2025-01-26"", ""2025-02-02"", ""2025-02-09"", ""2025-02-16"", ""2025-02-23"", ""2025-03-02"", ""2025-03-09"", ""2025-03-16"", ""2025-03-23"", ""2025-03-30"", ""2025-04-06"", ""2025-04-13"", ""2025-04-20"", ""2025-04-27"", ""2025-05-04"", ""2025-05-11"", ""2025-05-18"", ""2025-05-25"", ""2025-06-01"", ""2025-06-08"", ""2025-06-15"", ""2025-06-22"", ""2025-06-29"", ""2025-07-06""]",3888,2025-01-05 00:00:00,2025-07-07,2025-07-07,0,193,none,False
Load:B0:2025-07-14,Load,B0,2025-07-14,2,"[""2025-07-13""]",1,2025-07-13 23:50:00,2025-07-14,2025-07-14,0,194,none,False
Load:B1:2025-07-14,Load,B1,2025-07-14,2,"[""2025-07-13""]",144,2025-07-13 00:00:00,2025-07-14,2025-07-14,0,194,none,False
Load:B2:2025-07-14,Load,B2,2025-07-14,2,"[""2025-07-07""]",144,2025-07-07 00:00:00,2025-07-08,2025-07-08,0,194,none,False
Load:B3:2025-07-14,Load,B3,2025-07-14,2,"[""2025-07-07"", ""2025-07-08"", ""2025-07-09"", ""2025-07-10"", ""2025-07-11"", ""2025-07-12"", ""2025-07-13""]",1008,2025-07-07 00:00:00,2025-07-14,2025-07-14,0,194,none,False
Load:B4:2025-07-14,Load,B4,2025-07-14,2,"[""2025-01-06"", ""2025-01-13"", ""2025-01-20"", ""2025-01-27"", ""2025-02-03"", ""2025-02-10"", ""2025-02-17"", ""2025-02-24"", ""2025-03-03"", ""2025-03-10"", ""2025-03-17"", ""2025-03-24"", ""2025-03-31"", ""2025-04-07"", ""2025-04-14"", ""2025-04-21"", ""2025-04-28"", ""2025-05-05"", ""2025-05-12"", ""2025-05-19"", ""2025-05-26"", ""2025-06-02"", ""2025-06-09"", ""2025-06-16"", ""2025-06-23"", ""2025-06-30"", ""2025-07-07""]",3888,2025-01-06 00:00:00,2025-07-08,2025-07-08,0,194,none,False
PV:B0:2025-07-14,PV,B0,2025-07-14,2,"[""2025-07-13""]",1,2025-07-13 23:50:00,2025-07-14,2025-07-14,0,194,none,False
PV:B1:2025-07-14,PV,B1,2025-07-14,2,"[""2025-07-13""]",144,2025-07-13 00:00:00,2025-07-14,2025-07-14,0,194,none,False
PV:B2:2025-07-14,PV,B2,2025-07-14,2,"[""2025-07-07""]",144,2025-07-07 00:00:00,2025-07-08,2025-07-08,0,194,none,False
PV:B3:2025-07-14,PV,B3,2025-07-14,2,"[""2025-07-07"", ""2025-07-08"", ""2025-07-09"", ""2025-07-10"", ""2025-07-11"", ""2025-07-12"", ""2025-07-13""]",1008,2025-07-07 00:00:00,2025-07-14,2025-07-14,0,194,none,False
PV:B4:2025-07-14,PV,B4,2025-07-14,2,"[""2025-01-06"", ""2025-01-13"", ""2025-01-20"", ""2025-01-27"", ""2025-02-03"", ""2025-02-10"", ""2025-02-17"", ""2025-02-24"", ""2025-03-03"", ""2025-03-10"", ""2025-03-17"", ""2025-03-24"", ""2025-03-31"", ""2025-04-07"", ""2025-04-14"", ""2025-04-21"", ""2025-04-28"", ""2025-05-05"", ""2025-05-12"", ""2025-05-19"", ""2025-05-26"", ""2025-06-02"", ""2025-06-09"", ""2025-06-16"", ""2025-06-23"", ""2025-06-30"", ""2025-07-07""]",3888,2025-01-06 00:00:00,2025-07-08,2025-07-08,0,194,none,False
Load:B0:2025-07-15,Load,B0,2025-07-15,2,"[""2025-07-14""]",1,2025-07-14 23:50:00,2025-07-15,2025-07-15,0,195,none,False
Load:B1:2025-07-15,Load,B1,2025-07-15,2,"[""2025-07-14""]",144,2025-07-14 00:00:00,2025-07-15,2025-07-15,0,195,none,False
Load:B2:2025-07-15,Load,B2,2025-07-15,2,"[""2025-07-08""]",144,2025-07-08 00:00:00,2025-07-09,2025-07-09,0,195,none,False
Load:B3:2025-07-15,Load,B3,2025-07-15,2,"[""2025-07-08"", ""2025-07-09"", ""2025-07-10"", ""2025-07-11"", ""2025-07-12"", ""2025-07-13"", ""2025-07-14""]",1008,2025-07-08 00:00:00,2025-07-15,2025-07-15,0,195,none,False
Load:B4:2025-07-15,Load,B4,2025-07-15,2,"[""2025-01-07"", ""2025-01-14"", ""2025-01-21"", ""2025-01-28"", ""2025-02-04"", ""2025-02-11"", ""2025-02-18"", ""2025-02-25"", ""2025-03-04"", ""2025-03-11"", ""2025-03-18"", ""2025-03-25"", ""2025-04-01"", ""2025-04-08"", ""2025-04-15"", ""2025-04-22"", ""2025-04-29"", ""2025-05-06"", ""2025-05-13"", ""2025-05-20"", ""2025-05-27"", ""2025-06-03"", ""2025-06-10"", ""2025-06-17"", ""2025-06-24"", ""2025-07-01"", ""2025-07-08""]",3888,2025-01-07 00:00:00,2025-07-09,2025-07-09,0,195,none,False
PV:B0:2025-07-15,PV,B0,2025-07-15,2,"[""2025-07-14""]",1,2025-07-14 23:50:00,2025-07-15,2025-07-15,0,195,none,False
PV:B1:2025-07-15,PV,B1,2025-07-15,2,"[""2025-07-14""]",144,2025-07-14 00:00:00,2025-07-15,2025-07-15,0,195,none,False
PV:B2:2025-07-15,PV,B2,2025-07-15,2,"[""2025-07-08""]",144,2025-07-08 00:00:00,2025-07-09,2025-07-09,0,195,none,False
PV:B3:2025-07-15,PV,B3,2025-07-15,2,"[""2025-07-08"", ""2025-07-09"", ""2025-07-10"", ""2025-07-11"", ""2025-07-12"", ""2025-07-13"", ""2025-07-14""]",1008,2025-07-08 00:00:00,2025-07-15,2025-07-15,0,195,none,False
PV:B4:2025-07-15,PV,B4,2025-07-15,2,"[""2025-01-07"", ""2025-01-14"", ""2025-01-21"", ""2025-01-28"", ""2025-02-04"", ""2025-02-11"", ""2025-02-18"", ""2025-02-25"", ""2025-03-04"", ""2025-03-11"", ""2025-03-18"", ""2025-03-25"", ""2025-04-01"", ""2025-04-08"", ""2025-04-15"", ""2025-04-22"", ""2025-04-29"", ""2025-05-06"", ""2025-05-13"", ""2025-05-20"", ""2025-05-27"", ""2025-06-03"", ""2025-06-10"", ""2025-06-17"", ""2025-06-24"", ""2025-07-01"", ""2025-07-08""]",3888,2025-01-07 00:00:00,2025-07-09,2025-07-09,0,195,none,False
Load:B0:2025-07-16,Load,B0,2025-07-16,2,"[""2025-07-15""]",1,2025-07-15 23:50:00,2025-07-16,2025-07-16,0,196,none,False
Load:B1:2025-07-16,Load,B1,2025-07-16,2,"[""2025-07-15""]",144,2025-07-15 00:00:00,2025-07-16,2025-07-16,0,196,none,False
Load:B2:2025-07-16,Load,B2,2025-07-16,2,"[""2025-07-09""]",144,2025-07-09 00:00:00,2025-07-10,2025-07-10,0,196,none,False
Load:B3:2025-07-16,Load,B3,2025-07-16,2,"[""2025-07-09"", ""2025-07-10"", ""2025-07-11"", ""2025-07-12"", ""2025-07-13"", ""2025-07-14"", ""2025-07-15""]",1008,2025-07-09 00:00:00,2025-07-16,2025-07-16,0,196,none,False
Load:B4:2025-07-16,Load,B4,2025-07-16,2,"[""2025-01-01"", ""2025-01-08"", ""2025-01-15"", ""2025-01-22"", ""2025-01-29"", ""2025-02-05"", ""2025-02-12"", ""2025-02-19"", ""2025-02-26"", ""2025-03-05"", ""2025-03-12"", ""2025-03-19"", ""2025-03-26"", ""2025-04-02"", ""2025-04-09"", ""2025-04-16"", ""2025-04-23"", ""2025-04-30"", ""2025-05-07"", ""2025-05-14"", ""2025-05-21"", ""2025-05-28"", ""2025-06-04"", ""2025-06-11"", ""2025-06-18"", ""2025-06-25"", ""2025-07-02"", ""2025-07-09""]",4032,2025-01-01 00:00:00,2025-07-10,2025-07-10,0,196,none,False
PV:B0:2025-07-16,PV,B0,2025-07-16,2,"[""2025-07-15""]",1,2025-07-15 23:50:00,2025-07-16,2025-07-16,0,196,none,False
PV:B1:2025-07-16,PV,B1,2025-07-16,2,"[""2025-07-15""]",144,2025-07-15 00:00:00,2025-07-16,2025-07-16,0,196,none,False
PV:B2:2025-07-16,PV,B2,2025-07-16,2,"[""2025-07-09""]",144,2025-07-09 00:00:00,2025-07-10,2025-07-10,0,196,none,False
PV:B3:2025-07-16,PV,B3,2025-07-16,2,"[""2025-07-09"", ""2025-07-10"", ""2025-07-11"", ""2025-07-12"", ""2025-07-13"", ""2025-07-14"", ""2025-07-15""]",1008,2025-07-09 00:00:00,2025-07-16,2025-07-16,0,196,none,False
PV:B4:2025-07-16,PV,B4,2025-07-16,2,"[""2025-01-01"", ""2025-01-08"", ""2025-01-15"", ""2025-01-22"", ""2025-01-29"", ""2025-02-05"", ""2025-02-12"", ""2025-02-19"", ""2025-02-26"", ""2025-03-05"", ""2025-03-12"", ""2025-03-19"", ""2025-03-26"", ""2025-04-02"", ""2025-04-09"", ""2025-04-16"", ""2025-04-23"", ""2025-04-30"", ""2025-05-07"", ""2025-05-14"", ""2025-05-21"", ""2025-05-28"", ""2025-06-04"", ""2025-06-11"", ""2025-06-18"", ""2025-06-25"", ""2025-07-02"", ""2025-07-09""]",4032,2025-01-01 00:00:00,2025-07-10,2025-07-10,0,196,none,False
Load:B0:2025-07-17,Load,B0,2025-07-17,2,"[""2025-07-16""]",1,2025-07-16 23:50:00,2025-07-17,2025-07-17,0,197,none,False
Load:B1:2025-07-17,Load,B1,2025-07-17,2,"[""2025-07-16""]",144,2025-07-16 00:00:00,2025-07-17,2025-07-17,0,197,none,False
Load:B2:2025-07-17,Load,B2,2025-07-17,2,"[""2025-07-10""]",144,2025-07-10 00:00:00,2025-07-11,2025-07-11,0,197,none,False
Load:B3:2025-07-17,Load,B3,2025-07-17,2,"[""2025-07-10"", ""2025-07-11"", ""2025-07-12"", ""2025-07-13"", ""2025-07-14"", ""2025-07-15"", ""2025-07-16""]",1008,2025-07-10 00:00:00,2025-07-17,2025-07-17,0,197,none,False
Load:B4:2025-07-17,Load,B4,2025-07-17,2,"[""2025-01-02"", ""2025-01-09"", ""2025-01-16"", ""2025-01-23"", ""2025-01-30"", ""2025-02-06"", ""2025-02-13"", ""2025-02-20"", ""2025-02-27"", ""2025-03-06"", ""2025-03-13"", ""2025-03-20"", ""2025-03-27"", ""2025-04-03"", ""2025-04-10"", ""2025-04-17"", ""2025-04-24"", ""2025-05-01"", ""2025-05-08"", ""2025-05-15"", ""2025-05-22"", ""2025-05-29"", ""2025-06-05"", ""2025-06-12"", ""2025-06-19"", ""2025-06-26"", ""2025-07-03"", ""2025-07-10""]",4032,2025-01-02 00:00:00,2025-07-11,2025-07-11,0,197,none,False
PV:B0:2025-07-17,PV,B0,2025-07-17,2,"[""2025-07-16""]",1,2025-07-16 23:50:00,2025-07-17,2025-07-17,0,197,none,False
PV:B1:2025-07-17,PV,B1,2025-07-17,2,"[""2025-07-16""]",144,2025-07-16 00:00:00,2025-07-17,2025-07-17,0,197,none,False
PV:B2:2025-07-17,PV,B2,2025-07-17,2,"[""2025-07-10""]",144,2025-07-10 00:00:00,2025-07-11,2025-07-11,0,197,none,False
PV:B3:2025-07-17,PV,B3,2025-07-17,2,"[""2025-07-10"", ""2025-07-11"", ""2025-07-12"", ""2025-07-13"", ""2025-07-14"", ""2025-07-15"", ""2025-07-16""]",1008,2025-07-10 00:00:00,2025-07-17,2025-07-17,0,197,none,False
PV:B4:2025-07-17,PV,B4,2025-07-17,2,"[""2025-01-02"", ""2025-01-09"", ""2025-01-16"", ""2025-01-23"", ""2025-01-30"", ""2025-02-06"", ""2025-02-13"", ""2025-02-20"", ""2025-02-27"", ""2025-03-06"", ""2025-03-13"", ""2025-03-20"", ""2025-03-27"", ""2025-04-03"", ""2025-04-10"", ""2025-04-17"", ""2025-04-24"", ""2025-05-01"", ""2025-05-08"", ""2025-05-15"", ""2025-05-22"", ""2025-05-29"", ""2025-06-05"", ""2025-06-12"", ""2025-06-19"", ""2025-06-26"", ""2025-07-03"", ""2025-07-10""]",4032,2025-01-02 00:00:00,2025-07-11,2025-07-11,0,197,none,False
Load:B0:2025-07-18,Load,B0,2025-07-18,2,"[""2025-07-17""]",1,2025-07-17 23:50:00,2025-07-18,2025-07-18,0,198,none,False
Load:B1:2025-07-18,Load,B1,2025-07-18,2,"[""2025-07-17""]",144,2025-07-17 00:00:00,2025-07-18,2025-07-18,0,198,none,False
Load:B2:2025-07-18,Load,B2,2025-07-18,2,"[""2025-07-11""]",144,2025-07-11 00:00:00,2025-07-12,2025-07-12,0,198,none,False
Load:B3:2025-07-18,Load,B3,2025-07-18,2,"[""2025-07-11"", ""2025-07-12"", ""2025-07-13"", ""2025-07-14"", ""2025-07-15"", ""2025-07-16"", ""2025-07-17""]",1008,2025-07-11 00:00:00,2025-07-18,2025-07-18,0,198,none,False
Load:B4:2025-07-18,Load,B4,2025-07-18,2,"[""2025-01-03"", ""2025-01-10"", ""2025-01-17"", ""2025-01-24"", ""2025-01-31"", ""2025-02-07"", ""2025-02-14"", ""2025-02-21"", ""2025-02-28"", ""2025-03-07"", ""2025-03-14"", ""2025-03-21"", ""2025-03-28"", ""2025-04-04"", ""2025-04-11"", ""2025-04-18"", ""2025-04-25"", ""2025-05-02"", ""2025-05-09"", ""2025-05-16"", ""2025-05-23"", ""2025-05-30"", ""2025-06-06"", ""2025-06-13"", ""2025-06-20"", ""2025-06-27"", ""2025-07-04"", ""2025-07-11""]",4032,2025-01-03 00:00:00,2025-07-12,2025-07-12,0,198,none,False
PV:B0:2025-07-18,PV,B0,2025-07-18,2,"[""2025-07-17""]",1,2025-07-17 23:50:00,2025-07-18,2025-07-18,0,198,none,False
PV:B1:2025-07-18,PV,B1,2025-07-18,2,"[""2025-07-17""]",144,2025-07-17 00:00:00,2025-07-18,2025-07-18,0,198,none,False
PV:B2:2025-07-18,PV,B2,2025-07-18,2,"[""2025-07-11""]",144,2025-07-11 00:00:00,2025-07-12,2025-07-12,0,198,none,False
PV:B3:2025-07-18,PV,B3,2025-07-18,2,"[""2025-07-11"", ""2025-07-12"", ""2025-07-13"", ""2025-07-14"", ""2025-07-15"", ""2025-07-16"", ""2025-07-17""]",1008,2025-07-11 00:00:00,2025-07-18,2025-07-18,0,198,none,False
PV:B4:2025-07-18,PV,B4,2025-07-18,2,"[""2025-01-03"", ""2025-01-10"", ""2025-01-17"", ""2025-01-24"", ""2025-01-31"", ""2025-02-07"", ""2025-02-14"", ""2025-02-21"", ""2025-02-28"", ""2025-03-07"", ""2025-03-14"", ""2025-03-21"", ""2025-03-28"", ""2025-04-04"", ""2025-04-11"", ""2025-04-18"", ""2025-04-25"", ""2025-05-02"", ""2025-05-09"", ""2025-05-16"", ""2025-05-23"", ""2025-05-30"", ""2025-06-06"", ""2025-06-13"", ""2025-06-20"", ""2025-06-27"", ""2025-07-04"", ""2025-07-11""]",4032,2025-01-03 00:00:00,2025-07-12,2025-07-12,0,198,none,False
Load:B0:2025-07-19,Load,B0,2025-07-19,2,"[""2025-07-18""]",1,2025-07-18 23:50:00,2025-07-19,2025-07-19,0,199,none,False
Load:B1:2025-07-19,Load,B1,2025-07-19,2,"[""2025-07-18""]",144,2025-07-18 00:00:00,2025-07-19,2025-07-19,0,199,none,False
Load:B2:2025-07-19,Load,B2,2025-07-19,2,"[""2025-07-12""]",144,2025-07-12 00:00:00,2025-07-13,2025-07-13,0,199,none,False
Load:B3:2025-07-19,Load,B3,2025-07-19,2,"[""2025-07-12"", ""2025-07-13"", ""2025-07-14"", ""2025-07-15"", ""2025-07-16"", ""2025-07-17"", ""2025-07-18""]",1008,2025-07-12 00:00:00,2025-07-19,2025-07-19,0,199,none,False
Load:B4:2025-07-19,Load,B4,2025-07-19,2,"[""2025-01-04"", ""2025-01-11"", ""2025-01-18"", ""2025-01-25"", ""2025-02-01"", ""2025-02-08"", ""2025-02-15"", ""2025-02-22"", ""2025-03-01"", ""2025-03-08"", ""2025-03-15"", ""2025-03-22"", ""2025-03-29"", ""2025-04-05"", ""2025-04-12"", ""2025-04-19"", ""2025-04-26"", ""2025-05-03"", ""2025-05-10"", ""2025-05-17"", ""2025-05-24"", ""2025-05-31"", ""2025-06-07"", ""2025-06-14"", ""2025-06-21"", ""2025-06-28"", ""2025-07-05"", ""2025-07-12""]",4032,2025-01-04 00:00:00,2025-07-13,2025-07-13,0,199,none,False
PV:B0:2025-07-19,PV,B0,2025-07-19,2,"[""2025-07-18""]",1,2025-07-18 23:50:00,2025-07-19,2025-07-19,0,199,none,False
PV:B1:2025-07-19,PV,B1,2025-07-19,2,"[""2025-07-18""]",144,2025-07-18 00:00:00,2025-07-19,2025-07-19,0,199,none,False
PV:B2:2025-07-19,PV,B2,2025-07-19,2,"[""2025-07-12""]",144,2025-07-12 00:00:00,2025-07-13,2025-07-13,0,199,none,False
PV:B3:2025-07-19,PV,B3,2025-07-19,2,"[""2025-07-12"", ""2025-07-13"", ""2025-07-14"", ""2025-07-15"", ""2025-07-16"", ""2025-07-17"", ""2025-07-18""]",1008,2025-07-12 00:00:00,2025-07-19,2025-07-19,0,199,none,False
PV:B4:2025-07-19,PV,B4,2025-07-19,2,"[""2025-01-04"", ""2025-01-11"", ""2025-01-18"", ""2025-01-25"", ""2025-02-01"", ""2025-02-08"", ""2025-02-15"", ""2025-02-22"", ""2025-03-01"", ""2025-03-08"", ""2025-03-15"", ""2025-03-22"", ""2025-03-29"", ""2025-04-05"", ""2025-04-12"", ""2025-04-19"", ""2025-04-26"", ""2025-05-03"", ""2025-05-10"", ""2025-05-17"", ""2025-05-24"", ""2025-05-31"", ""2025-06-07"", ""2025-06-14"", ""2025-06-21"", ""2025-06-28"", ""2025-07-05"", ""2025-07-12""]",4032,2025-01-04 00:00:00,2025-07-13,2025-07-13,0,199,none,False
Load:B0:2025-07-20,Load,B0,2025-07-20,2,"[""2025-07-19""]",1,2025-07-19 23:50:00,2025-07-20,2025-07-20,0,200,none,False
Load:B1:2025-07-20,Load,B1,2025-07-20,2,"[""2025-07-19""]",144,2025-07-19 00:00:00,2025-07-20,2025-07-20,0,200,none,False
Load:B2:2025-07-20,Load,B2,2025-07-20,2,"[""2025-07-13""]",144,2025-07-13 00:00:00,2025-07-14,2025-07-14,0,200,none,False
Load:B3:2025-07-20,Load,B3,2025-07-20,2,"[""2025-07-13"", ""2025-07-14"", ""2025-07-15"", ""2025-07-16"", ""2025-07-17"", ""2025-07-18"", ""2025-07-19""]",1008,2025-07-13 00:00:00,2025-07-20,2025-07-20,0,200,none,False
Load:B4:2025-07-20,Load,B4,2025-07-20,2,"[""2025-01-05"", ""2025-01-12"", ""2025-01-19"", ""2025-01-26"", ""2025-02-02"", ""2025-02-09"", ""2025-02-16"", ""2025-02-23"", ""2025-03-02"", ""2025-03-09"", ""2025-03-16"", ""2025-03-23"", ""2025-03-30"", ""2025-04-06"", ""2025-04-13"", ""2025-04-20"", ""2025-04-27"", ""2025-05-04"", ""2025-05-11"", ""2025-05-18"", ""2025-05-25"", ""2025-06-01"", ""2025-06-08"", ""2025-06-15"", ""2025-06-22"", ""2025-06-29"", ""2025-07-06"", ""2025-07-13""]",4032,2025-01-05 00:00:00,2025-07-14,2025-07-14,0,200,none,False
PV:B0:2025-07-20,PV,B0,2025-07-20,2,"[""2025-07-19""]",1,2025-07-19 23:50:00,2025-07-20,2025-07-20,0,200,none,False
PV:B1:2025-07-20,PV,B1,2025-07-20,2,"[""2025-07-19""]",144,2025-07-19 00:00:00,2025-07-20,2025-07-20,0,200,none,False
PV:B2:2025-07-20,PV,B2,2025-07-20,2,"[""2025-07-13""]",144,2025-07-13 00:00:00,2025-07-14,2025-07-14,0,200,none,False
PV:B3:2025-07-20,PV,B3,2025-07-20,2,"[""2025-07-13"", ""2025-07-14"", ""2025-07-15"", ""2025-07-16"", ""2025-07-17"", ""2025-07-18"", ""2025-07-19""]",1008,2025-07-13 00:00:00,2025-07-20,2025-07-20,0,200,none,False
PV:B4:2025-07-20,PV,B4,2025-07-20,2,"[""2025-01-05"", ""2025-01-12"", ""2025-01-19"", ""2025-01-26"", ""2025-02-02"", ""2025-02-09"", ""2025-02-16"", ""2025-02-23"", ""2025-03-02"", ""2025-03-09"", ""2025-03-16"", ""2025-03-23"", ""2025-03-30"", ""2025-04-06"", ""2025-04-13"", ""2025-04-20"", ""2025-04-27"", ""2025-05-04"", ""2025-05-11"", ""2025-05-18"", ""2025-05-25"", ""2025-06-01"", ""2025-06-08"", ""2025-06-15"", ""2025-06-22"", ""2025-06-29"", ""2025-07-06"", ""2025-07-13""]",4032,2025-01-05 00:00:00,2025-07-14,2025-07-14,0,200,none,False
Load:B0:2025-07-21,Load,B0,2025-07-21,2,"[""2025-07-20""]",1,2025-07-20 23:50:00,2025-07-21,2025-07-21,0,201,none,False
Load:B1:2025-07-21,Load,B1,2025-07-21,2,"[""2025-07-20""]",144,2025-07-20 00:00:00,2025-07-21,2025-07-21,0,201,none,False
Load:B2:2025-07-21,Load,B2,2025-07-21,2,"[""2025-07-14""]",144,2025-07-14 00:00:00,2025-07-15,2025-07-15,0,201,none,False
Load:B3:2025-07-21,Load,B3,2025-07-21,2,"[""2025-07-14"", ""2025-07-15"", ""2025-07-16"", ""2025-07-17"", ""2025-07-18"", ""2025-07-19"", ""2025-07-20""]",1008,2025-07-14 00:00:00,2025-07-21,2025-07-21,0,201,none,False
Load:B4:2025-07-21,Load,B4,2025-07-21,2,"[""2025-01-06"", ""2025-01-13"", ""2025-01-20"", ""2025-01-27"", ""2025-02-03"", ""2025-02-10"", ""2025-02-17"", ""2025-02-24"", ""2025-03-03"", ""2025-03-10"", ""2025-03-17"", ""2025-03-24"", ""2025-03-31"", ""2025-04-07"", ""2025-04-14"", ""2025-04-21"", ""2025-04-28"", ""2025-05-05"", ""2025-05-12"", ""2025-05-19"", ""2025-05-26"", ""2025-06-02"", ""2025-06-09"", ""2025-06-16"", ""2025-06-23"", ""2025-06-30"", ""2025-07-07"", ""2025-07-14""]",4032,2025-01-06 00:00:00,2025-07-15,2025-07-15,0,201,none,False
PV:B0:2025-07-21,PV,B0,2025-07-21,2,"[""2025-07-20""]",1,2025-07-20 23:50:00,2025-07-21,2025-07-21,0,201,none,False
PV:B1:2025-07-21,PV,B1,2025-07-21,2,"[""2025-07-20""]",144,2025-07-20 00:00:00,2025-07-21,2025-07-21,0,201,none,False
PV:B2:2025-07-21,PV,B2,2025-07-21,2,"[""2025-07-14""]",144,2025-07-14 00:00:00,2025-07-15,2025-07-15,0,201,none,False
PV:B3:2025-07-21,PV,B3,2025-07-21,2,"[""2025-07-14"", ""2025-07-15"", ""2025-07-16"", ""2025-07-17"", ""2025-07-18"", ""2025-07-19"", ""2025-07-20""]",1008,2025-07-14 00:00:00,2025-07-21,2025-07-21,0,201,none,False
PV:B4:2025-07-21,PV,B4,2025-07-21,2,"[""2025-01-06"", ""2025-01-13"", ""2025-01-20"", ""2025-01-27"", ""2025-02-03"", ""2025-02-10"", ""2025-02-17"", ""2025-02-24"", ""2025-03-03"", ""2025-03-10"", ""2025-03-17"", ""2025-03-24"", ""2025-03-31"", ""2025-04-07"", ""2025-04-14"", ""2025-04-21"", ""2025-04-28"", ""2025-05-05"", ""2025-05-12"", ""2025-05-19"", ""2025-05-26"", ""2025-06-02"", ""2025-06-09"", ""2025-06-16"", ""2025-06-23"", ""2025-06-30"", ""2025-07-07"", ""2025-07-14""]",4032,2025-01-06 00:00:00,2025-07-15,2025-07-15,0,201,none,False
Load:B0:2025-07-22,Load,B0,2025-07-22,2,"[""2025-07-21""]",1,2025-07-21 23:50:00,2025-07-22,2025-07-22,0,202,none,False
Load:B1:2025-07-22,Load,B1,2025-07-22,2,"[""2025-07-21""]",144,2025-07-21 00:00:00,2025-07-22,2025-07-22,0,202,none,False
Load:B2:2025-07-22,Load,B2,2025-07-22,2,"[""2025-07-15""]",144,2025-07-15 00:00:00,2025-07-16,2025-07-16,0,202,none,False
Load:B3:2025-07-22,Load,B3,2025-07-22,2,"[""2025-07-15"", ""2025-07-16"", ""2025-07-17"", ""2025-07-18"", ""2025-07-19"", ""2025-07-20"", ""2025-07-21""]",1008,2025-07-15 00:00:00,2025-07-22,2025-07-22,0,202,none,False
Load:B4:2025-07-22,Load,B4,2025-07-22,2,"[""2025-01-07"", ""2025-01-14"", ""2025-01-21"", ""2025-01-28"", ""2025-02-04"", ""2025-02-11"", ""2025-02-18"", ""2025-02-25"", ""2025-03-04"", ""2025-03-11"", ""2025-03-18"", ""2025-03-25"", ""2025-04-01"", ""2025-04-08"", ""2025-04-15"", ""2025-04-22"", ""2025-04-29"", ""2025-05-06"", ""2025-05-13"", ""2025-05-20"", ""2025-05-27"", ""2025-06-03"", ""2025-06-10"", ""2025-06-17"", ""2025-06-24"", ""2025-07-01"", ""2025-07-08"", ""2025-07-15""]",4032,2025-01-07 00:00:00,2025-07-16,2025-07-16,0,202,none,False
PV:B0:2025-07-22,PV,B0,2025-07-22,2,"[""2025-07-21""]",1,2025-07-21 23:50:00,2025-07-22,2025-07-22,0,202,none,False
PV:B1:2025-07-22,PV,B1,2025-07-22,2,"[""2025-07-21""]",144,2025-07-21 00:00:00,2025-07-22,2025-07-22,0,202,none,False
PV:B2:2025-07-22,PV,B2,2025-07-22,2,"[""2025-07-15""]",144,2025-07-15 00:00:00,2025-07-16,2025-07-16,0,202,none,False
PV:B3:2025-07-22,PV,B3,2025-07-22,2,"[""2025-07-15"", ""2025-07-16"", ""2025-07-17"", ""2025-07-18"", ""2025-07-19"", ""2025-07-20"", ""2025-07-21""]",1008,2025-07-15 00:00:00,2025-07-22,2025-07-22,0,202,none,False
PV:B4:2025-07-22,PV,B4,2025-07-22,2,"[""2025-01-07"", ""2025-01-14"", ""2025-01-21"", ""2025-01-28"", ""2025-02-04"", ""2025-02-11"", ""2025-02-18"", ""2025-02-25"", ""2025-03-04"", ""2025-03-11"", ""2025-03-18"", ""2025-03-25"", ""2025-04-01"", ""2025-04-08"", ""2025-04-15"", ""2025-04-22"", ""2025-04-29"", ""2025-05-06"", ""2025-05-13"", ""2025-05-20"", ""2025-05-27"", ""2025-06-03"", ""2025-06-10"", ""2025-06-17"", ""2025-06-24"", ""2025-07-01"", ""2025-07-08"", ""2025-07-15""]",4032,2025-01-07 00:00:00,2025-07-16,2025-07-16,0,202,none,False
Load:B0:2025-07-23,Load,B0,2025-07-23,2,"[""2025-07-22""]",1,2025-07-22 23:50:00,2025-07-23,2025-07-23,0,203,none,False
Load:B1:2025-07-23,Load,B1,2025-07-23,2,"[""2025-07-22""]",144,2025-07-22 00:00:00,2025-07-23,2025-07-23,0,203,none,False
Load:B2:2025-07-23,Load,B2,2025-07-23,2,"[""2025-07-16""]",144,2025-07-16 00:00:00,2025-07-17,2025-07-17,0,203,none,False
Load:B3:2025-07-23,Load,B3,2025-07-23,2,"[""2025-07-16"", ""2025-07-17"", ""2025-07-18"", ""2025-07-19"", ""2025-07-20"", ""2025-07-21"", ""2025-07-22""]",1008,2025-07-16 00:00:00,2025-07-23,2025-07-23,0,203,none,False
Load:B4:2025-07-23,Load,B4,2025-07-23,2,"[""2025-01-01"", ""2025-01-08"", ""2025-01-15"", ""2025-01-22"", ""2025-01-29"", ""2025-02-05"", ""2025-02-12"", ""2025-02-19"", ""2025-02-26"", ""2025-03-05"", ""2025-03-12"", ""2025-03-19"", ""2025-03-26"", ""2025-04-02"", ""2025-04-09"", ""2025-04-16"", ""2025-04-23"", ""2025-04-30"", ""2025-05-07"", ""2025-05-14"", ""2025-05-21"", ""2025-05-28"", ""2025-06-04"", ""2025-06-11"", ""2025-06-18"", ""2025-06-25"", ""2025-07-02"", ""2025-07-09"", ""2025-07-16""]",4176,2025-01-01 00:00:00,2025-07-17,2025-07-17,0,203,none,False
PV:B0:2025-07-23,PV,B0,2025-07-23,2,"[""2025-07-22""]",1,2025-07-22 23:50:00,2025-07-23,2025-07-23,0,203,none,False
PV:B1:2025-07-23,PV,B1,2025-07-23,2,"[""2025-07-22""]",144,2025-07-22 00:00:00,2025-07-23,2025-07-23,0,203,none,False
PV:B2:2025-07-23,PV,B2,2025-07-23,2,"[""2025-07-16""]",144,2025-07-16 00:00:00,2025-07-17,2025-07-17,0,203,none,False
PV:B3:2025-07-23,PV,B3,2025-07-23,2,"[""2025-07-16"", ""2025-07-17"", ""2025-07-18"", ""2025-07-19"", ""2025-07-20"", ""2025-07-21"", ""2025-07-22""]",1008,2025-07-16 00:00:00,2025-07-23,2025-07-23,0,203,none,False
PV:B4:2025-07-23,PV,B4,2025-07-23,2,"[""2025-01-01"", ""2025-01-08"", ""2025-01-15"", ""2025-01-22"", ""2025-01-29"", ""2025-02-05"", ""2025-02-12"", ""2025-02-19"", ""2025-02-26"", ""2025-03-05"", ""2025-03-12"", ""2025-03-19"", ""2025-03-26"", ""2025-04-02"", ""2025-04-09"", ""2025-04-16"", ""2025-04-23"", ""2025-04-30"", ""2025-05-07"", ""2025-05-14"", ""2025-05-21"", ""2025-05-28"", ""2025-06-04"", ""2025-06-11"", ""2025-06-18"", ""2025-06-25"", ""2025-07-02"", ""2025-07-09"", ""2025-07-16""]",4176,2025-01-01 00:00:00,2025-07-17,2025-07-17,0,203,none,False
Load:B0:2025-07-24,Load,B0,2025-07-24,2,"[""2025-07-23""]",1,2025-07-23 23:50:00,2025-07-24,2025-07-24,0,204,none,False
Load:B1:2025-07-24,Load,B1,2025-07-24,2,"[""2025-07-23""]",144,2025-07-23 00:00:00,2025-07-24,2025-07-24,0,204,none,False
Load:B2:2025-07-24,Load,B2,2025-07-24,2,"[""2025-07-17""]",144,2025-07-17 00:00:00,2025-07-18,2025-07-18,0,204,none,False
Load:B3:2025-07-24,Load,B3,2025-07-24,2,"[""2025-07-17"", ""2025-07-18"", ""2025-07-19"", ""2025-07-20"", ""2025-07-21"", ""2025-07-22"", ""2025-07-23""]",1008,2025-07-17 00:00:00,2025-07-24,2025-07-24,0,204,none,False
Load:B4:2025-07-24,Load,B4,2025-07-24,2,"[""2025-01-02"", ""2025-01-09"", ""2025-01-16"", ""2025-01-23"", ""2025-01-30"", ""2025-02-06"", ""2025-02-13"", ""2025-02-20"", ""2025-02-27"", ""2025-03-06"", ""2025-03-13"", ""2025-03-20"", ""2025-03-27"", ""2025-04-03"", ""2025-04-10"", ""2025-04-17"", ""2025-04-24"", ""2025-05-01"", ""2025-05-08"", ""2025-05-15"", ""2025-05-22"", ""2025-05-29"", ""2025-06-05"", ""2025-06-12"", ""2025-06-19"", ""2025-06-26"", ""2025-07-03"", ""2025-07-10"", ""2025-07-17""]",4176,2025-01-02 00:00:00,2025-07-18,2025-07-18,0,204,none,False
PV:B0:2025-07-24,PV,B0,2025-07-24,2,"[""2025-07-23""]",1,2025-07-23 23:50:00,2025-07-24,2025-07-24,0,204,none,False
PV:B1:2025-07-24,PV,B1,2025-07-24,2,"[""2025-07-23""]",144,2025-07-23 00:00:00,2025-07-24,2025-07-24,0,204,none,False
PV:B2:2025-07-24,PV,B2,2025-07-24,2,"[""2025-07-17""]",144,2025-07-17 00:00:00,2025-07-18,2025-07-18,0,204,none,False
PV:B3:2025-07-24,PV,B3,2025-07-24,2,"[""2025-07-17"", ""2025-07-18"", ""2025-07-19"", ""2025-07-20"", ""2025-07-21"", ""2025-07-22"", ""2025-07-23""]",1008,2025-07-17 00:00:00,2025-07-24,2025-07-24,0,204,none,False
PV:B4:2025-07-24,PV,B4,2025-07-24,2,"[""2025-01-02"", ""2025-01-09"", ""2025-01-16"", ""2025-01-23"", ""2025-01-30"", ""2025-02-06"", ""2025-02-13"", ""2025-02-20"", ""2025-02-27"", ""2025-03-06"", ""2025-03-13"", ""2025-03-20"", ""2025-03-27"", ""2025-04-03"", ""2025-04-10"", ""2025-04-17"", ""2025-04-24"", ""2025-05-01"", ""2025-05-08"", ""2025-05-15"", ""2025-05-22"", ""2025-05-29"", ""2025-06-05"", ""2025-06-12"", ""2025-06-19"", ""2025-06-26"", ""2025-07-03"", ""2025-07-10"", ""2025-07-17""]",4176,2025-01-02 00:00:00,2025-07-18,2025-07-18,0,204,none,False
Load:B0:2025-07-25,Load,B0,2025-07-25,2,"[""2025-07-24""]",1,2025-07-24 23:50:00,2025-07-25,2025-07-25,0,205,none,False
Load:B1:2025-07-25,Load,B1,2025-07-25,2,"[""2025-07-24""]",144,2025-07-24 00:00:00,2025-07-25,2025-07-25,0,205,none,False
Load:B2:2025-07-25,Load,B2,2025-07-25,2,"[""2025-07-18""]",144,2025-07-18 00:00:00,2025-07-19,2025-07-19,0,205,none,False
Load:B3:2025-07-25,Load,B3,2025-07-25,2,"[""2025-07-18"", ""2025-07-19"", ""2025-07-20"", ""2025-07-21"", ""2025-07-22"", ""2025-07-23"", ""2025-07-24""]",1008,2025-07-18 00:00:00,2025-07-25,2025-07-25,0,205,none,False
Load:B4:2025-07-25,Load,B4,2025-07-25,2,"[""2025-01-03"", ""2025-01-10"", ""2025-01-17"", ""2025-01-24"", ""2025-01-31"", ""2025-02-07"", ""2025-02-14"", ""2025-02-21"", ""2025-02-28"", ""2025-03-07"", ""2025-03-14"", ""2025-03-21"", ""2025-03-28"", ""2025-04-04"", ""2025-04-11"", ""2025-04-18"", ""2025-04-25"", ""2025-05-02"", ""2025-05-09"", ""2025-05-16"", ""2025-05-23"", ""2025-05-30"", ""2025-06-06"", ""2025-06-13"", ""2025-06-20"", ""2025-06-27"", ""2025-07-04"", ""2025-07-11"", ""2025-07-18""]",4176,2025-01-03 00:00:00,2025-07-19,2025-07-19,0,205,none,False
PV:B0:2025-07-25,PV,B0,2025-07-25,2,"[""2025-07-24""]",1,2025-07-24 23:50:00,2025-07-25,2025-07-25,0,205,none,False
PV:B1:2025-07-25,PV,B1,2025-07-25,2,"[""2025-07-24""]",144,2025-07-24 00:00:00,2025-07-25,2025-07-25,0,205,none,False
PV:B2:2025-07-25,PV,B2,2025-07-25,2,"[""2025-07-18""]",144,2025-07-18 00:00:00,2025-07-19,2025-07-19,0,205,none,False
PV:B3:2025-07-25,PV,B3,2025-07-25,2,"[""2025-07-18"", ""2025-07-19"", ""2025-07-20"", ""2025-07-21"", ""2025-07-22"", ""2025-07-23"", ""2025-07-24""]",1008,2025-07-18 00:00:00,2025-07-25,2025-07-25,0,205,none,False
PV:B4:2025-07-25,PV,B4,2025-07-25,2,"[""2025-01-03"", ""2025-01-10"", ""2025-01-17"", ""2025-01-24"", ""2025-01-31"", ""2025-02-07"", ""2025-02-14"", ""2025-02-21"", ""2025-02-28"", ""2025-03-07"", ""2025-03-14"", ""2025-03-21"", ""2025-03-28"", ""2025-04-04"", ""2025-04-11"", ""2025-04-18"", ""2025-04-25"", ""2025-05-02"", ""2025-05-09"", ""2025-05-16"", ""2025-05-23"", ""2025-05-30"", ""2025-06-06"", ""2025-06-13"", ""2025-06-20"", ""2025-06-27"", ""2025-07-04"", ""2025-07-11"", ""2025-07-18""]",4176,2025-01-03 00:00:00,2025-07-19,2025-07-19,0,205,none,False
Load:B0:2025-07-26,Load,B0,2025-07-26,2,"[""2025-07-25""]",1,2025-07-25 23:50:00,2025-07-26,2025-07-26,0,206,none,False
Load:B1:2025-07-26,Load,B1,2025-07-26,2,"[""2025-07-25""]",144,2025-07-25 00:00:00,2025-07-26,2025-07-26,0,206,none,False
Load:B2:2025-07-26,Load,B2,2025-07-26,2,"[""2025-07-19""]",144,2025-07-19 00:00:00,2025-07-20,2025-07-20,0,206,none,False
Load:B3:2025-07-26,Load,B3,2025-07-26,2,"[""2025-07-19"", ""2025-07-20"", ""2025-07-21"", ""2025-07-22"", ""2025-07-23"", ""2025-07-24"", ""2025-07-25""]",1008,2025-07-19 00:00:00,2025-07-26,2025-07-26,0,206,none,False
Load:B4:2025-07-26,Load,B4,2025-07-26,2,"[""2025-01-04"", ""2025-01-11"", ""2025-01-18"", ""2025-01-25"", ""2025-02-01"", ""2025-02-08"", ""2025-02-15"", ""2025-02-22"", ""2025-03-01"", ""2025-03-08"", ""2025-03-15"", ""2025-03-22"", ""2025-03-29"", ""2025-04-05"", ""2025-04-12"", ""2025-04-19"", ""2025-04-26"", ""2025-05-03"", ""2025-05-10"", ""2025-05-17"", ""2025-05-24"", ""2025-05-31"", ""2025-06-07"", ""2025-06-14"", ""2025-06-21"", ""2025-06-28"", ""2025-07-05"", ""2025-07-12"", ""2025-07-19""]",4176,2025-01-04 00:00:00,2025-07-20,2025-07-20,0,206,none,False
PV:B0:2025-07-26,PV,B0,2025-07-26,2,"[""2025-07-25""]",1,2025-07-25 23:50:00,2025-07-26,2025-07-26,0,206,none,False
PV:B1:2025-07-26,PV,B1,2025-07-26,2,"[""2025-07-25""]",144,2025-07-25 00:00:00,2025-07-26,2025-07-26,0,206,none,False
PV:B2:2025-07-26,PV,B2,2025-07-26,2,"[""2025-07-19""]",144,2025-07-19 00:00:00,2025-07-20,2025-07-20,0,206,none,False
PV:B3:2025-07-26,PV,B3,2025-07-26,2,"[""2025-07-19"", ""2025-07-20"", ""2025-07-21"", ""2025-07-22"", ""2025-07-23"", ""2025-07-24"", ""2025-07-25""]",1008,2025-07-19 00:00:00,2025-07-26,2025-07-26,0,206,none,False
PV:B4:2025-07-26,PV,B4,2025-07-26,2,"[""2025-01-04"", ""2025-01-11"", ""2025-01-18"", ""2025-01-25"", ""2025-02-01"", ""2025-02-08"", ""2025-02-15"", ""2025-02-22"", ""2025-03-01"", ""2025-03-08"", ""2025-03-15"", ""2025-03-22"", ""2025-03-29"", ""2025-04-05"", ""2025-04-12"", ""2025-04-19"", ""2025-04-26"", ""2025-05-03"", ""2025-05-10"", ""2025-05-17"", ""2025-05-24"", ""2025-05-31"", ""2025-06-07"", ""2025-06-14"", ""2025-06-21"", ""2025-06-28"", ""2025-07-05"", ""2025-07-12"", ""2025-07-19""]",4176,2025-01-04 00:00:00,2025-07-20,2025-07-20,0,206,none,False
Load:B0:2025-07-27,Load,B0,2025-07-27,2,"[""2025-07-26""]",1,2025-07-26 23:50:00,2025-07-27,2025-07-27,0,207,none,False
Load:B1:2025-07-27,Load,B1,2025-07-27,2,"[""2025-07-26""]",144,2025-07-26 00:00:00,2025-07-27,2025-07-27,0,207,none,False
Load:B2:2025-07-27,Load,B2,2025-07-27,2,"[""2025-07-20""]",144,2025-07-20 00:00:00,2025-07-21,2025-07-21,0,207,none,False
Load:B3:2025-07-27,Load,B3,2025-07-27,2,"[""2025-07-20"", ""2025-07-21"", ""2025-07-22"", ""2025-07-23"", ""2025-07-24"", ""2025-07-25"", ""2025-07-26""]",1008,2025-07-20 00:00:00,2025-07-27,2025-07-27,0,207,none,False
Load:B4:2025-07-27,Load,B4,2025-07-27,2,"[""2025-01-05"", ""2025-01-12"", ""2025-01-19"", ""2025-01-26"", ""2025-02-02"", ""2025-02-09"", ""2025-02-16"", ""2025-02-23"", ""2025-03-02"", ""2025-03-09"", ""2025-03-16"", ""2025-03-23"", ""2025-03-30"", ""2025-04-06"", ""2025-04-13"", ""2025-04-20"", ""2025-04-27"", ""2025-05-04"", ""2025-05-11"", ""2025-05-18"", ""2025-05-25"", ""2025-06-01"", ""2025-06-08"", ""2025-06-15"", ""2025-06-22"", ""2025-06-29"", ""2025-07-06"", ""2025-07-13"", ""2025-07-20""]",4176,2025-01-05 00:00:00,2025-07-21,2025-07-21,0,207,none,False
PV:B0:2025-07-27,PV,B0,2025-07-27,2,"[""2025-07-26""]",1,2025-07-26 23:50:00,2025-07-27,2025-07-27,0,207,none,False
PV:B1:2025-07-27,PV,B1,2025-07-27,2,"[""2025-07-26""]",144,2025-07-26 00:00:00,2025-07-27,2025-07-27,0,207,none,False
PV:B2:2025-07-27,PV,B2,2025-07-27,2,"[""2025-07-20""]",144,2025-07-20 00:00:00,2025-07-21,2025-07-21,0,207,none,False
PV:B3:2025-07-27,PV,B3,2025-07-27,2,"[""2025-07-20"", ""2025-07-21"", ""2025-07-22"", ""2025-07-23"", ""2025-07-24"", ""2025-07-25"", ""2025-07-26""]",1008,2025-07-20 00:00:00,2025-07-27,2025-07-27,0,207,none,False
PV:B4:2025-07-27,PV,B4,2025-07-27,2,"[""2025-01-05"", ""2025-01-12"", ""2025-01-19"", ""2025-01-26"", ""2025-02-02"", ""2025-02-09"", ""2025-02-16"", ""2025-02-23"", ""2025-03-02"", ""2025-03-09"", ""2025-03-16"", ""2025-03-23"", ""2025-03-30"", ""2025-04-06"", ""2025-04-13"", ""2025-04-20"", ""2025-04-27"", ""2025-05-04"", ""2025-05-11"", ""2025-05-18"", ""2025-05-25"", ""2025-06-01"", ""2025-06-08"", ""2025-06-15"", ""2025-06-22"", ""2025-06-29"", ""2025-07-06"", ""2025-07-13"", ""2025-07-20""]",4176,2025-01-05 00:00:00,2025-07-21,2025-07-21,0,207,none,False
Load:B0:2025-07-28,Load,B0,2025-07-28,2,"[""2025-07-27""]",1,2025-07-27 23:50:00,2025-07-28,2025-07-28,0,208,none,False
Load:B1:2025-07-28,Load,B1,2025-07-28,2,"[""2025-07-27""]",144,2025-07-27 00:00:00,2025-07-28,2025-07-28,0,208,none,False
Load:B2:2025-07-28,Load,B2,2025-07-28,2,"[""2025-07-21""]",144,2025-07-21 00:00:00,2025-07-22,2025-07-22,0,208,none,False
Load:B3:2025-07-28,Load,B3,2025-07-28,2,"[""2025-07-21"", ""2025-07-22"", ""2025-07-23"", ""2025-07-24"", ""2025-07-25"", ""2025-07-26"", ""2025-07-27""]",1008,2025-07-21 00:00:00,2025-07-28,2025-07-28,0,208,none,False
Load:B4:2025-07-28,Load,B4,2025-07-28,2,"[""2025-01-06"", ""2025-01-13"", ""2025-01-20"", ""2025-01-27"", ""2025-02-03"", ""2025-02-10"", ""2025-02-17"", ""2025-02-24"", ""2025-03-03"", ""2025-03-10"", ""2025-03-17"", ""2025-03-24"", ""2025-03-31"", ""2025-04-07"", ""2025-04-14"", ""2025-04-21"", ""2025-04-28"", ""2025-05-05"", ""2025-05-12"", ""2025-05-19"", ""2025-05-26"", ""2025-06-02"", ""2025-06-09"", ""2025-06-16"", ""2025-06-23"", ""2025-06-30"", ""2025-07-07"", ""2025-07-14"", ""2025-07-21""]",4176,2025-01-06 00:00:00,2025-07-22,2025-07-22,0,208,none,False
PV:B0:2025-07-28,PV,B0,2025-07-28,2,"[""2025-07-27""]",1,2025-07-27 23:50:00,2025-07-28,2025-07-28,0,208,none,False
PV:B1:2025-07-28,PV,B1,2025-07-28,2,"[""2025-07-27""]",144,2025-07-27 00:00:00,2025-07-28,2025-07-28,0,208,none,False
PV:B2:2025-07-28,PV,B2,2025-07-28,2,"[""2025-07-21""]",144,2025-07-21 00:00:00,2025-07-22,2025-07-22,0,208,none,False
PV:B3:2025-07-28,PV,B3,2025-07-28,2,"[""2025-07-21"", ""2025-07-22"", ""2025-07-23"", ""2025-07-24"", ""2025-07-25"", ""2025-07-26"", ""2025-07-27""]",1008,2025-07-21 00:00:00,2025-07-28,2025-07-28,0,208,none,False
PV:B4:2025-07-28,PV,B4,2025-07-28,2,"[""2025-01-06"", ""2025-01-13"", ""2025-01-20"", ""2025-01-27"", ""2025-02-03"", ""2025-02-10"", ""2025-02-17"", ""2025-02-24"", ""2025-03-03"", ""2025-03-10"", ""2025-03-17"", ""2025-03-24"", ""2025-03-31"", ""2025-04-07"", ""2025-04-14"", ""2025-04-21"", ""2025-04-28"", ""2025-05-05"", ""2025-05-12"", ""2025-05-19"", ""2025-05-26"", ""2025-06-02"", ""2025-06-09"", ""2025-06-16"", ""2025-06-23"", ""2025-06-30"", ""2025-07-07"", ""2025-07-14"", ""2025-07-21""]",4176,2025-01-06 00:00:00,2025-07-22,2025-07-22,0,208,none,False
Load:B0:2025-07-29,Load,B0,2025-07-29,2,"[""2025-07-28""]",1,2025-07-28 23:50:00,2025-07-29,2025-07-29,0,209,none,False
Load:B1:2025-07-29,Load,B1,2025-07-29,2,"[""2025-07-28""]",144,2025-07-28 00:00:00,2025-07-29,2025-07-29,0,209,none,False
Load:B2:2025-07-29,Load,B2,2025-07-29,2,"[""2025-07-22""]",144,2025-07-22 00:00:00,2025-07-23,2025-07-23,0,209,none,False
Load:B3:2025-07-29,Load,B3,2025-07-29,2,"[""2025-07-22"", ""2025-07-23"", ""2025-07-24"", ""2025-07-25"", ""2025-07-26"", ""2025-07-27"", ""2025-07-28""]",1008,2025-07-22 00:00:00,2025-07-29,2025-07-29,0,209,none,False
Load:B4:2025-07-29,Load,B4,2025-07-29,2,"[""2025-01-07"", ""2025-01-14"", ""2025-01-21"", ""2025-01-28"", ""2025-02-04"", ""2025-02-11"", ""2025-02-18"", ""2025-02-25"", ""2025-03-04"", ""2025-03-11"", ""2025-03-18"", ""2025-03-25"", ""2025-04-01"", ""2025-04-08"", ""2025-04-15"", ""2025-04-22"", ""2025-04-29"", ""2025-05-06"", ""2025-05-13"", ""2025-05-20"", ""2025-05-27"", ""2025-06-03"", ""2025-06-10"", ""2025-06-17"", ""2025-06-24"", ""2025-07-01"", ""2025-07-08"", ""2025-07-15"", ""2025-07-22""]",4176,2025-01-07 00:00:00,2025-07-23,2025-07-23,0,209,none,False
PV:B0:2025-07-29,PV,B0,2025-07-29,2,"[""2025-07-28""]",1,2025-07-28 23:50:00,2025-07-29,2025-07-29,0,209,none,False
PV:B1:2025-07-29,PV,B1,2025-07-29,2,"[""2025-07-28""]",144,2025-07-28 00:00:00,2025-07-29,2025-07-29,0,209,none,False
PV:B2:2025-07-29,PV,B2,2025-07-29,2,"[""2025-07-22""]",144,2025-07-22 00:00:00,2025-07-23,2025-07-23,0,209,none,False
PV:B3:2025-07-29,PV,B3,2025-07-29,2,"[""2025-07-22"", ""2025-07-23"", ""2025-07-24"", ""2025-07-25"", ""2025-07-26"", ""2025-07-27"", ""2025-07-28""]",1008,2025-07-22 00:00:00,2025-07-29,2025-07-29,0,209,none,False
PV:B4:2025-07-29,PV,B4,2025-07-29,2,"[""2025-01-07"", ""2025-01-14"", ""2025-01-21"", ""2025-01-28"", ""2025-02-04"", ""2025-02-11"", ""2025-02-18"", ""2025-02-25"", ""2025-03-04"", ""2025-03-11"", ""2025-03-18"", ""2025-03-25"", ""2025-04-01"", ""2025-04-08"", ""2025-04-15"", ""2025-04-22"", ""2025-04-29"", ""2025-05-06"", ""2025-05-13"", ""2025-05-20"", ""2025-05-27"", ""2025-06-03"", ""2025-06-10"", ""2025-06-17"", ""2025-06-24"", ""2025-07-01"", ""2025-07-08"", ""2025-07-15"", ""2025-07-22""]",4176,2025-01-07 00:00:00,2025-07-23,2025-07-23,0,209,none,False
Load:B0:2025-07-30,Load,B0,2025-07-30,2,"[""2025-07-29""]",1,2025-07-29 23:50:00,2025-07-30,2025-07-30,0,210,none,False
Load:B1:2025-07-30,Load,B1,2025-07-30,2,"[""2025-07-29""]",144,2025-07-29 00:00:00,2025-07-30,2025-07-30,0,210,none,False
Load:B2:2025-07-30,Load,B2,2025-07-30,2,"[""2025-07-23""]",144,2025-07-23 00:00:00,2025-07-24,2025-07-24,0,210,none,False
Load:B3:2025-07-30,Load,B3,2025-07-30,2,"[""2025-07-23"", ""2025-07-24"", ""2025-07-25"", ""2025-07-26"", ""2025-07-27"", ""2025-07-28"", ""2025-07-29""]",1008,2025-07-23 00:00:00,2025-07-30,2025-07-30,0,210,none,False
Load:B4:2025-07-30,Load,B4,2025-07-30,2,"[""2025-01-01"", ""2025-01-08"", ""2025-01-15"", ""2025-01-22"", ""2025-01-29"", ""2025-02-05"", ""2025-02-12"", ""2025-02-19"", ""2025-02-26"", ""2025-03-05"", ""2025-03-12"", ""2025-03-19"", ""2025-03-26"", ""2025-04-02"", ""2025-04-09"", ""2025-04-16"", ""2025-04-23"", ""2025-04-30"", ""2025-05-07"", ""2025-05-14"", ""2025-05-21"", ""2025-05-28"", ""2025-06-04"", ""2025-06-11"", ""2025-06-18"", ""2025-06-25"", ""2025-07-02"", ""2025-07-09"", ""2025-07-16"", ""2025-07-23""]",4320,2025-01-01 00:00:00,2025-07-24,2025-07-24,0,210,none,False
PV:B0:2025-07-30,PV,B0,2025-07-30,2,"[""2025-07-29""]",1,2025-07-29 23:50:00,2025-07-30,2025-07-30,0,210,none,False
PV:B1:2025-07-30,PV,B1,2025-07-30,2,"[""2025-07-29""]",144,2025-07-29 00:00:00,2025-07-30,2025-07-30,0,210,none,False
PV:B2:2025-07-30,PV,B2,2025-07-30,2,"[""2025-07-23""]",144,2025-07-23 00:00:00,2025-07-24,2025-07-24,0,210,none,False
PV:B3:2025-07-30,PV,B3,2025-07-30,2,"[""2025-07-23"", ""2025-07-24"", ""2025-07-25"", ""2025-07-26"", ""2025-07-27"", ""2025-07-28"", ""2025-07-29""]",1008,2025-07-23 00:00:00,2025-07-30,2025-07-30,0,210,none,False
PV:B4:2025-07-30,PV,B4,2025-07-30,2,"[""2025-01-01"", ""2025-01-08"", ""2025-01-15"", ""2025-01-22"", ""2025-01-29"", ""2025-02-05"", ""2025-02-12"", ""2025-02-19"", ""2025-02-26"", ""2025-03-05"", ""2025-03-12"", ""2025-03-19"", ""2025-03-26"", ""2025-04-02"", ""2025-04-09"", ""2025-04-16"", ""2025-04-23"", ""2025-04-30"", ""2025-05-07"", ""2025-05-14"", ""2025-05-21"", ""2025-05-28"", ""2025-06-04"", ""2025-06-11"", ""2025-06-18"", ""2025-06-25"", ""2025-07-02"", ""2025-07-09"", ""2025-07-16"", ""2025-07-23""]",4320,2025-01-01 00:00:00,2025-07-24,2025-07-24,0,210,none,False
Load:B0:2025-07-31,Load,B0,2025-07-31,2,"[""2025-07-30""]",1,2025-07-30 23:50:00,2025-07-31,2025-07-31,0,211,none,False
Load:B1:2025-07-31,Load,B1,2025-07-31,2,"[""2025-07-30""]",144,2025-07-30 00:00:00,2025-07-31,2025-07-31,0,211,none,False
Load:B2:2025-07-31,Load,B2,2025-07-31,2,"[""2025-07-24""]",144,2025-07-24 00:00:00,2025-07-25,2025-07-25,0,211,none,False
Load:B3:2025-07-31,Load,B3,2025-07-31,2,"[""2025-07-24"", ""2025-07-25"", ""2025-07-26"", ""2025-07-27"", ""2025-07-28"", ""2025-07-29"", ""2025-07-30""]",1008,2025-07-24 00:00:00,2025-07-31,2025-07-31,0,211,none,False
Load:B4:2025-07-31,Load,B4,2025-07-31,2,"[""2025-01-02"", ""2025-01-09"", ""2025-01-16"", ""2025-01-23"", ""2025-01-30"", ""2025-02-06"", ""2025-02-13"", ""2025-02-20"", ""2025-02-27"", ""2025-03-06"", ""2025-03-13"", ""2025-03-20"", ""2025-03-27"", ""2025-04-03"", ""2025-04-10"", ""2025-04-17"", ""2025-04-24"", ""2025-05-01"", ""2025-05-08"", ""2025-05-15"", ""2025-05-22"", ""2025-05-29"", ""2025-06-05"", ""2025-06-12"", ""2025-06-19"", ""2025-06-26"", ""2025-07-03"", ""2025-07-10"", ""2025-07-17"", ""2025-07-24""]",4320,2025-01-02 00:00:00,2025-07-25,2025-07-25,0,211,none,False
PV:B0:2025-07-31,PV,B0,2025-07-31,2,"[""2025-07-30""]",1,2025-07-30 23:50:00,2025-07-31,2025-07-31,0,211,none,False
PV:B1:2025-07-31,PV,B1,2025-07-31,2,"[""2025-07-30""]",144,2025-07-30 00:00:00,2025-07-31,2025-07-31,0,211,none,False
PV:B2:2025-07-31,PV,B2,2025-07-31,2,"[""2025-07-24""]",144,2025-07-24 00:00:00,2025-07-25,2025-07-25,0,211,none,False
PV:B3:2025-07-31,PV,B3,2025-07-31,2,"[""2025-07-24"", ""2025-07-25"", ""2025-07-26"", ""2025-07-27"", ""2025-07-28"", ""2025-07-29"", ""2025-07-30""]",1008,2025-07-24 00:00:00,2025-07-31,2025-07-31,0,211,none,False
PV:B4:2025-07-31,PV,B4,2025-07-31,2,"[""2025-01-02"", ""2025-01-09"", ""2025-01-16"", ""2025-01-23"", ""2025-01-30"", ""2025-02-06"", ""2025-02-13"", ""2025-02-20"", ""2025-02-27"", ""2025-03-06"", ""2025-03-13"", ""2025-03-20"", ""2025-03-27"", ""2025-04-03"", ""2025-04-10"", ""2025-04-17"", ""2025-04-24"", ""2025-05-01"", ""2025-05-08"", ""2025-05-15"", ""2025-05-22"", ""2025-05-29"", ""2025-06-05"", ""2025-06-12"", ""2025-06-19"", ""2025-06-26"", ""2025-07-03"", ""2025-07-10"", ""2025-07-17"", ""2025-07-24""]",4320,2025-01-02 00:00:00,2025-07-25,2025-07-25,0,211,none,False
Load:B0:2025-08-01,Load,B0,2025-08-01,2,"[""2025-07-31""]",1,2025-07-31 23:50:00,2025-08-01,2025-08-01,0,212,none,False
Load:B1:2025-08-01,Load,B1,2025-08-01,2,"[""2025-07-31""]",144,2025-07-31 00:00:00,2025-08-01,2025-08-01,0,212,none,False
Load:B2:2025-08-01,Load,B2,2025-08-01,2,"[""2025-07-25""]",144,2025-07-25 00:00:00,2025-07-26,2025-07-26,0,212,none,False
Load:B3:2025-08-01,Load,B3,2025-08-01,2,"[""2025-07-25"", ""2025-07-26"", ""2025-07-27"", ""2025-07-28"", ""2025-07-29"", ""2025-07-30"", ""2025-07-31""]",1008,2025-07-25 00:00:00,2025-08-01,2025-08-01,0,212,none,False
Load:B4:2025-08-01,Load,B4,2025-08-01,2,"[""2025-01-03"", ""2025-01-10"", ""2025-01-17"", ""2025-01-24"", ""2025-01-31"", ""2025-02-07"", ""2025-02-14"", ""2025-02-21"", ""2025-02-28"", ""2025-03-07"", ""2025-03-14"", ""2025-03-21"", ""2025-03-28"", ""2025-04-04"", ""2025-04-11"", ""2025-04-18"", ""2025-04-25"", ""2025-05-02"", ""2025-05-09"", ""2025-05-16"", ""2025-05-23"", ""2025-05-30"", ""2025-06-06"", ""2025-06-13"", ""2025-06-20"", ""2025-06-27"", ""2025-07-04"", ""2025-07-11"", ""2025-07-18"", ""2025-07-25""]",4320,2025-01-03 00:00:00,2025-07-26,2025-07-26,0,212,none,False
PV:B0:2025-08-01,PV,B0,2025-08-01,2,"[""2025-07-31""]",1,2025-07-31 23:50:00,2025-08-01,2025-08-01,0,212,none,False
PV:B1:2025-08-01,PV,B1,2025-08-01,2,"[""2025-07-31""]",144,2025-07-31 00:00:00,2025-08-01,2025-08-01,0,212,none,False
PV:B2:2025-08-01,PV,B2,2025-08-01,2,"[""2025-07-25""]",144,2025-07-25 00:00:00,2025-07-26,2025-07-26,0,212,none,False
PV:B3:2025-08-01,PV,B3,2025-08-01,2,"[""2025-07-25"", ""2025-07-26"", ""2025-07-27"", ""2025-07-28"", ""2025-07-29"", ""2025-07-30"", ""2025-07-31""]",1008,2025-07-25 00:00:00,2025-08-01,2025-08-01,0,212,none,False
PV:B4:2025-08-01,PV,B4,2025-08-01,2,"[""2025-01-03"", ""2025-01-10"", ""2025-01-17"", ""2025-01-24"", ""2025-01-31"", ""2025-02-07"", ""2025-02-14"", ""2025-02-21"", ""2025-02-28"", ""2025-03-07"", ""2025-03-14"", ""2025-03-21"", ""2025-03-28"", ""2025-04-04"", ""2025-04-11"", ""2025-04-18"", ""2025-04-25"", ""2025-05-02"", ""2025-05-09"", ""2025-05-16"", ""2025-05-23"", ""2025-05-30"", ""2025-06-06"", ""2025-06-13"", ""2025-06-20"", ""2025-06-27"", ""2025-07-04"", ""2025-07-11"", ""2025-07-18"", ""2025-07-25""]",4320,2025-01-03 00:00:00,2025-07-26,2025-07-26,0,212,none,False
Load:B0:2025-08-02,Load,B0,2025-08-02,2,"[""2025-08-01""]",1,2025-08-01 23:50:00,2025-08-02,2025-08-02,0,213,none,False
Load:B1:2025-08-02,Load,B1,2025-08-02,2,"[""2025-08-01""]",144,2025-08-01 00:00:00,2025-08-02,2025-08-02,0,213,none,False
Load:B2:2025-08-02,Load,B2,2025-08-02,2,"[""2025-07-26""]",144,2025-07-26 00:00:00,2025-07-27,2025-07-27,0,213,none,False
Load:B3:2025-08-02,Load,B3,2025-08-02,2,"[""2025-07-26"", ""2025-07-27"", ""2025-07-28"", ""2025-07-29"", ""2025-07-30"", ""2025-07-31"", ""2025-08-01""]",1008,2025-07-26 00:00:00,2025-08-02,2025-08-02,0,213,none,False
Load:B4:2025-08-02,Load,B4,2025-08-02,2,"[""2025-01-04"", ""2025-01-11"", ""2025-01-18"", ""2025-01-25"", ""2025-02-01"", ""2025-02-08"", ""2025-02-15"", ""2025-02-22"", ""2025-03-01"", ""2025-03-08"", ""2025-03-15"", ""2025-03-22"", ""2025-03-29"", ""2025-04-05"", ""2025-04-12"", ""2025-04-19"", ""2025-04-26"", ""2025-05-03"", ""2025-05-10"", ""2025-05-17"", ""2025-05-24"", ""2025-05-31"", ""2025-06-07"", ""2025-06-14"", ""2025-06-21"", ""2025-06-28"", ""2025-07-05"", ""2025-07-12"", ""2025-07-19"", ""2025-07-26""]",4320,2025-01-04 00:00:00,2025-07-27,2025-07-27,0,213,none,False
PV:B0:2025-08-02,PV,B0,2025-08-02,2,"[""2025-08-01""]",1,2025-08-01 23:50:00,2025-08-02,2025-08-02,0,213,none,False
PV:B1:2025-08-02,PV,B1,2025-08-02,2,"[""2025-08-01""]",144,2025-08-01 00:00:00,2025-08-02,2025-08-02,0,213,none,False
PV:B2:2025-08-02,PV,B2,2025-08-02,2,"[""2025-07-26""]",144,2025-07-26 00:00:00,2025-07-27,2025-07-27,0,213,none,False
PV:B3:2025-08-02,PV,B3,2025-08-02,2,"[""2025-07-26"", ""2025-07-27"", ""2025-07-28"", ""2025-07-29"", ""2025-07-30"", ""2025-07-31"", ""2025-08-01""]",1008,2025-07-26 00:00:00,2025-08-02,2025-08-02,0,213,none,False
PV:B4:2025-08-02,PV,B4,2025-08-02,2,"[""2025-01-04"", ""2025-01-11"", ""2025-01-18"", ""2025-01-25"", ""2025-02-01"", ""2025-02-08"", ""2025-02-15"", ""2025-02-22"", ""2025-03-01"", ""2025-03-08"", ""2025-03-15"", ""2025-03-22"", ""2025-03-29"", ""2025-04-05"", ""2025-04-12"", ""2025-04-19"", ""2025-04-26"", ""2025-05-03"", ""2025-05-10"", ""2025-05-17"", ""2025-05-24"", ""2025-05-31"", ""2025-06-07"", ""2025-06-14"", ""2025-06-21"", ""2025-06-28"", ""2025-07-05"", ""2025-07-12"", ""2025-07-19"", ""2025-07-26""]",4320,2025-01-04 00:00:00,2025-07-27,2025-07-27,0,213,none,False
Load:B0:2025-08-03,Load,B0,2025-08-03,2,"[""2025-08-02""]",1,2025-08-02 23:50:00,2025-08-03,2025-08-03,0,214,none,False
Load:B1:2025-08-03,Load,B1,2025-08-03,2,"[""2025-08-02""]",144,2025-08-02 00:00:00,2025-08-03,2025-08-03,0,214,none,False
Load:B2:2025-08-03,Load,B2,2025-08-03,2,"[""2025-07-27""]",144,2025-07-27 00:00:00,2025-07-28,2025-07-28,0,214,none,False
Load:B3:2025-08-03,Load,B3,2025-08-03,2,"[""2025-07-27"", ""2025-07-28"", ""2025-07-29"", ""2025-07-30"", ""2025-07-31"", ""2025-08-01"", ""2025-08-02""]",1008,2025-07-27 00:00:00,2025-08-03,2025-08-03,0,214,none,False
Load:B4:2025-08-03,Load,B4,2025-08-03,2,"[""2025-01-05"", ""2025-01-12"", ""2025-01-19"", ""2025-01-26"", ""2025-02-02"", ""2025-02-09"", ""2025-02-16"", ""2025-02-23"", ""2025-03-02"", ""2025-03-09"", ""2025-03-16"", ""2025-03-23"", ""2025-03-30"", ""2025-04-06"", ""2025-04-13"", ""2025-04-20"", ""2025-04-27"", ""2025-05-04"", ""2025-05-11"", ""2025-05-18"", ""2025-05-25"", ""2025-06-01"", ""2025-06-08"", ""2025-06-15"", ""2025-06-22"", ""2025-06-29"", ""2025-07-06"", ""2025-07-13"", ""2025-07-20"", ""2025-07-27""]",4320,2025-01-05 00:00:00,2025-07-28,2025-07-28,0,214,none,False
PV:B0:2025-08-03,PV,B0,2025-08-03,2,"[""2025-08-02""]",1,2025-08-02 23:50:00,2025-08-03,2025-08-03,0,214,none,False
PV:B1:2025-08-03,PV,B1,2025-08-03,2,"[""2025-08-02""]",144,2025-08-02 00:00:00,2025-08-03,2025-08-03,0,214,none,False
PV:B2:2025-08-03,PV,B2,2025-08-03,2,"[""2025-07-27""]",144,2025-07-27 00:00:00,2025-07-28,2025-07-28,0,214,none,False
PV:B3:2025-08-03,PV,B3,2025-08-03,2,"[""2025-07-27"", ""2025-07-28"", ""2025-07-29"", ""2025-07-30"", ""2025-07-31"", ""2025-08-01"", ""2025-08-02""]",1008,2025-07-27 00:00:00,2025-08-03,2025-08-03,0,214,none,False
PV:B4:2025-08-03,PV,B4,2025-08-03,2,"[""2025-01-05"", ""2025-01-12"", ""2025-01-19"", ""2025-01-26"", ""2025-02-02"", ""2025-02-09"", ""2025-02-16"", ""2025-02-23"", ""2025-03-02"", ""2025-03-09"", ""2025-03-16"", ""2025-03-23"", ""2025-03-30"", ""2025-04-06"", ""2025-04-13"", ""2025-04-20"", ""2025-04-27"", ""2025-05-04"", ""2025-05-11"", ""2025-05-18"", ""2025-05-25"", ""2025-06-01"", ""2025-06-08"", ""2025-06-15"", ""2025-06-22"", ""2025-06-29"", ""2025-07-06"", ""2025-07-13"", ""2025-07-20"", ""2025-07-27""]",4320,2025-01-05 00:00:00,2025-07-28,2025-07-28,0,214,none,False
Load:B0:2025-08-04,Load,B0,2025-08-04,2,"[""2025-08-03""]",1,2025-08-03 23:50:00,2025-08-04,2025-08-04,0,215,none,False
Load:B1:2025-08-04,Load,B1,2025-08-04,2,"[""2025-08-03""]",144,2025-08-03 00:00:00,2025-08-04,2025-08-04,0,215,none,False
Load:B2:2025-08-04,Load,B2,2025-08-04,2,"[""2025-07-28""]",144,2025-07-28 00:00:00,2025-07-29,2025-07-29,0,215,none,False
Load:B3:2025-08-04,Load,B3,2025-08-04,2,"[""2025-07-28"", ""2025-07-29"", ""2025-07-30"", ""2025-07-31"", ""2025-08-01"", ""2025-08-02"", ""2025-08-03""]",1008,2025-07-28 00:00:00,2025-08-04,2025-08-04,0,215,none,False
Load:B4:2025-08-04,Load,B4,2025-08-04,2,"[""2025-01-06"", ""2025-01-13"", ""2025-01-20"", ""2025-01-27"", ""2025-02-03"", ""2025-02-10"", ""2025-02-17"", ""2025-02-24"", ""2025-03-03"", ""2025-03-10"", ""2025-03-17"", ""2025-03-24"", ""2025-03-31"", ""2025-04-07"", ""2025-04-14"", ""2025-04-21"", ""2025-04-28"", ""2025-05-05"", ""2025-05-12"", ""2025-05-19"", ""2025-05-26"", ""2025-06-02"", ""2025-06-09"", ""2025-06-16"", ""2025-06-23"", ""2025-06-30"", ""2025-07-07"", ""2025-07-14"", ""2025-07-21"", ""2025-07-28""]",4320,2025-01-06 00:00:00,2025-07-29,2025-07-29,0,215,none,False
PV:B0:2025-08-04,PV,B0,2025-08-04,2,"[""2025-08-03""]",1,2025-08-03 23:50:00,2025-08-04,2025-08-04,0,215,none,False
PV:B1:2025-08-04,PV,B1,2025-08-04,2,"[""2025-08-03""]",144,2025-08-03 00:00:00,2025-08-04,2025-08-04,0,215,none,False
PV:B2:2025-08-04,PV,B2,2025-08-04,2,"[""2025-07-28""]",144,2025-07-28 00:00:00,2025-07-29,2025-07-29,0,215,none,False
PV:B3:2025-08-04,PV,B3,2025-08-04,2,"[""2025-07-28"", ""2025-07-29"", ""2025-07-30"", ""2025-07-31"", ""2025-08-01"", ""2025-08-02"", ""2025-08-03""]",1008,2025-07-28 00:00:00,2025-08-04,2025-08-04,0,215,none,False
PV:B4:2025-08-04,PV,B4,2025-08-04,2,"[""2025-01-06"", ""2025-01-13"", ""2025-01-20"", ""2025-01-27"", ""2025-02-03"", ""2025-02-10"", ""2025-02-17"", ""2025-02-24"", ""2025-03-03"", ""2025-03-10"", ""2025-03-17"", ""2025-03-24"", ""2025-03-31"", ""2025-04-07"", ""2025-04-14"", ""2025-04-21"", ""2025-04-28"", ""2025-05-05"", ""2025-05-12"", ""2025-05-19"", ""2025-05-26"", ""2025-06-02"", ""2025-06-09"", ""2025-06-16"", ""2025-06-23"", ""2025-06-30"", ""2025-07-07"", ""2025-07-14"", ""2025-07-21"", ""2025-07-28""]",4320,2025-01-06 00:00:00,2025-07-29,2025-07-29,0,215,none,False
Load:B0:2025-08-05,Load,B0,2025-08-05,2,"[""2025-08-04""]",1,2025-08-04 23:50:00,2025-08-05,2025-08-05,0,216,none,False
Load:B1:2025-08-05,Load,B1,2025-08-05,2,"[""2025-08-04""]",144,2025-08-04 00:00:00,2025-08-05,2025-08-05,0,216,none,False
Load:B2:2025-08-05,Load,B2,2025-08-05,2,"[""2025-07-29""]",144,2025-07-29 00:00:00,2025-07-30,2025-07-30,0,216,none,False
Load:B3:2025-08-05,Load,B3,2025-08-05,2,"[""2025-07-29"", ""2025-07-30"", ""2025-07-31"", ""2025-08-01"", ""2025-08-02"", ""2025-08-03"", ""2025-08-04""]",1008,2025-07-29 00:00:00,2025-08-05,2025-08-05,0,216,none,False
Load:B4:2025-08-05,Load,B4,2025-08-05,2,"[""2025-01-07"", ""2025-01-14"", ""2025-01-21"", ""2025-01-28"", ""2025-02-04"", ""2025-02-11"", ""2025-02-18"", ""2025-02-25"", ""2025-03-04"", ""2025-03-11"", ""2025-03-18"", ""2025-03-25"", ""2025-04-01"", ""2025-04-08"", ""2025-04-15"", ""2025-04-22"", ""2025-04-29"", ""2025-05-06"", ""2025-05-13"", ""2025-05-20"", ""2025-05-27"", ""2025-06-03"", ""2025-06-10"", ""2025-06-17"", ""2025-06-24"", ""2025-07-01"", ""2025-07-08"", ""2025-07-15"", ""2025-07-22"", ""2025-07-29""]",4320,2025-01-07 00:00:00,2025-07-30,2025-07-30,0,216,none,False
PV:B0:2025-08-05,PV,B0,2025-08-05,2,"[""2025-08-04""]",1,2025-08-04 23:50:00,2025-08-05,2025-08-05,0,216,none,False
PV:B1:2025-08-05,PV,B1,2025-08-05,2,"[""2025-08-04""]",144,2025-08-04 00:00:00,2025-08-05,2025-08-05,0,216,none,False
PV:B2:2025-08-05,PV,B2,2025-08-05,2,"[""2025-07-29""]",144,2025-07-29 00:00:00,2025-07-30,2025-07-30,0,216,none,False
PV:B3:2025-08-05,PV,B3,2025-08-05,2,"[""2025-07-29"", ""2025-07-30"", ""2025-07-31"", ""2025-08-01"", ""2025-08-02"", ""2025-08-03"", ""2025-08-04""]",1008,2025-07-29 00:00:00,2025-08-05,2025-08-05,0,216,none,False
PV:B4:2025-08-05,PV,B4,2025-08-05,2,"[""2025-01-07"", ""2025-01-14"", ""2025-01-21"", ""2025-01-28"", ""2025-02-04"", ""2025-02-11"", ""2025-02-18"", ""2025-02-25"", ""2025-03-04"", ""2025-03-11"", ""2025-03-18"", ""2025-03-25"", ""2025-04-01"", ""2025-04-08"", ""2025-04-15"", ""2025-04-22"", ""2025-04-29"", ""2025-05-06"", ""2025-05-13"", ""2025-05-20"", ""2025-05-27"", ""2025-06-03"", ""2025-06-10"", ""2025-06-17"", ""2025-06-24"", ""2025-07-01"", ""2025-07-08"", ""2025-07-15"", ""2025-07-22"", ""2025-07-29""]",4320,2025-01-07 00:00:00,2025-07-30,2025-07-30,0,216,none,False
Load:B0:2025-08-06,Load,B0,2025-08-06,2,"[""2025-08-05""]",1,2025-08-05 23:50:00,2025-08-06,2025-08-06,0,217,none,False
Load:B1:2025-08-06,Load,B1,2025-08-06,2,"[""2025-08-05""]",144,2025-08-05 00:00:00,2025-08-06,2025-08-06,0,217,none,False
Load:B2:2025-08-06,Load,B2,2025-08-06,2,"[""2025-07-30""]",144,2025-07-30 00:00:00,2025-07-31,2025-07-31,0,217,none,False
Load:B3:2025-08-06,Load,B3,2025-08-06,2,"[""2025-07-30"", ""2025-07-31"", ""2025-08-01"", ""2025-08-02"", ""2025-08-03"", ""2025-08-04"", ""2025-08-05""]",1008,2025-07-30 00:00:00,2025-08-06,2025-08-06,0,217,none,False
Load:B4:2025-08-06,Load,B4,2025-08-06,2,"[""2025-01-01"", ""2025-01-08"", ""2025-01-15"", ""2025-01-22"", ""2025-01-29"", ""2025-02-05"", ""2025-02-12"", ""2025-02-19"", ""2025-02-26"", ""2025-03-05"", ""2025-03-12"", ""2025-03-19"", ""2025-03-26"", ""2025-04-02"", ""2025-04-09"", ""2025-04-16"", ""2025-04-23"", ""2025-04-30"", ""2025-05-07"", ""2025-05-14"", ""2025-05-21"", ""2025-05-28"", ""2025-06-04"", ""2025-06-11"", ""2025-06-18"", ""2025-06-25"", ""2025-07-02"", ""2025-07-09"", ""2025-07-16"", ""2025-07-23"", ""2025-07-30""]",4464,2025-01-01 00:00:00,2025-07-31,2025-07-31,0,217,none,False
PV:B0:2025-08-06,PV,B0,2025-08-06,2,"[""2025-08-05""]",1,2025-08-05 23:50:00,2025-08-06,2025-08-06,0,217,none,False
PV:B1:2025-08-06,PV,B1,2025-08-06,2,"[""2025-08-05""]",144,2025-08-05 00:00:00,2025-08-06,2025-08-06,0,217,none,False
PV:B2:2025-08-06,PV,B2,2025-08-06,2,"[""2025-07-30""]",144,2025-07-30 00:00:00,2025-07-31,2025-07-31,0,217,none,False
PV:B3:2025-08-06,PV,B3,2025-08-06,2,"[""2025-07-30"", ""2025-07-31"", ""2025-08-01"", ""2025-08-02"", ""2025-08-03"", ""2025-08-04"", ""2025-08-05""]",1008,2025-07-30 00:00:00,2025-08-06,2025-08-06,0,217,none,False
PV:B4:2025-08-06,PV,B4,2025-08-06,2,"[""2025-01-01"", ""2025-01-08"", ""2025-01-15"", ""2025-01-22"", ""2025-01-29"", ""2025-02-05"", ""2025-02-12"", ""2025-02-19"", ""2025-02-26"", ""2025-03-05"", ""2025-03-12"", ""2025-03-19"", ""2025-03-26"", ""2025-04-02"", ""2025-04-09"", ""2025-04-16"", ""2025-04-23"", ""2025-04-30"", ""2025-05-07"", ""2025-05-14"", ""2025-05-21"", ""2025-05-28"", ""2025-06-04"", ""2025-06-11"", ""2025-06-18"", ""2025-06-25"", ""2025-07-02"", ""2025-07-09"", ""2025-07-16"", ""2025-07-23"", ""2025-07-30""]",4464,2025-01-01 00:00:00,2025-07-31,2025-07-31,0,217,none,False
Load:B0:2025-08-07,Load,B0,2025-08-07,2,"[""2025-08-06""]",1,2025-08-06 23:50:00,2025-08-07,2025-08-07,0,218,none,False
Load:B1:2025-08-07,Load,B1,2025-08-07,2,"[""2025-08-06""]",144,2025-08-06 00:00:00,2025-08-07,2025-08-07,0,218,none,False
Load:B2:2025-08-07,Load,B2,2025-08-07,2,"[""2025-07-31""]",144,2025-07-31 00:00:00,2025-08-01,2025-08-01,0,218,none,False
Load:B3:2025-08-07,Load,B3,2025-08-07,2,"[""2025-07-31"", ""2025-08-01"", ""2025-08-02"", ""2025-08-03"", ""2025-08-04"", ""2025-08-05"", ""2025-08-06""]",1008,2025-07-31 00:00:00,2025-08-07,2025-08-07,0,218,none,False
Load:B4:2025-08-07,Load,B4,2025-08-07,2,"[""2025-01-02"", ""2025-01-09"", ""2025-01-16"", ""2025-01-23"", ""2025-01-30"", ""2025-02-06"", ""2025-02-13"", ""2025-02-20"", ""2025-02-27"", ""2025-03-06"", ""2025-03-13"", ""2025-03-20"", ""2025-03-27"", ""2025-04-03"", ""2025-04-10"", ""2025-04-17"", ""2025-04-24"", ""2025-05-01"", ""2025-05-08"", ""2025-05-15"", ""2025-05-22"", ""2025-05-29"", ""2025-06-05"", ""2025-06-12"", ""2025-06-19"", ""2025-06-26"", ""2025-07-03"", ""2025-07-10"", ""2025-07-17"", ""2025-07-24"", ""2025-07-31""]",4464,2025-01-02 00:00:00,2025-08-01,2025-08-01,0,218,none,False
PV:B0:2025-08-07,PV,B0,2025-08-07,2,"[""2025-08-06""]",1,2025-08-06 23:50:00,2025-08-07,2025-08-07,0,218,none,False
PV:B1:2025-08-07,PV,B1,2025-08-07,2,"[""2025-08-06""]",144,2025-08-06 00:00:00,2025-08-07,2025-08-07,0,218,none,False
PV:B2:2025-08-07,PV,B2,2025-08-07,2,"[""2025-07-31""]",144,2025-07-31 00:00:00,2025-08-01,2025-08-01,0,218,none,False
PV:B3:2025-08-07,PV,B3,2025-08-07,2,"[""2025-07-31"", ""2025-08-01"", ""2025-08-02"", ""2025-08-03"", ""2025-08-04"", ""2025-08-05"", ""2025-08-06""]",1008,2025-07-31 00:00:00,2025-08-07,2025-08-07,0,218,none,False
PV:B4:2025-08-07,PV,B4,2025-08-07,2,"[""2025-01-02"", ""2025-01-09"", ""2025-01-16"", ""2025-01-23"", ""2025-01-30"", ""2025-02-06"", ""2025-02-13"", ""2025-02-20"", ""2025-02-27"", ""2025-03-06"", ""2025-03-13"", ""2025-03-20"", ""2025-03-27"", ""2025-04-03"", ""2025-04-10"", ""2025-04-17"", ""2025-04-24"", ""2025-05-01"", ""2025-05-08"", ""2025-05-15"", ""2025-05-22"", ""2025-05-29"", ""2025-06-05"", ""2025-06-12"", ""2025-06-19"", ""2025-06-26"", ""2025-07-03"", ""2025-07-10"", ""2025-07-17"", ""2025-07-24"", ""2025-07-31""]",4464,2025-01-02 00:00:00,2025-08-01,2025-08-01,0,218,none,False
Load:B0:2025-08-08,Load,B0,2025-08-08,2,"[""2025-08-07""]",1,2025-08-07 23:50:00,2025-08-08,2025-08-08,0,219,none,False
Load:B1:2025-08-08,Load,B1,2025-08-08,2,"[""2025-08-07""]",144,2025-08-07 00:00:00,2025-08-08,2025-08-08,0,219,none,False
Load:B2:2025-08-08,Load,B2,2025-08-08,2,"[""2025-08-01""]",144,2025-08-01 00:00:00,2025-08-02,2025-08-02,0,219,none,False
Load:B3:2025-08-08,Load,B3,2025-08-08,2,"[""2025-08-01"", ""2025-08-02"", ""2025-08-03"", ""2025-08-04"", ""2025-08-05"", ""2025-08-06"", ""2025-08-07""]",1008,2025-08-01 00:00:00,2025-08-08,2025-08-08,0,219,none,False
Load:B4:2025-08-08,Load,B4,2025-08-08,2,"[""2025-01-03"", ""2025-01-10"", ""2025-01-17"", ""2025-01-24"", ""2025-01-31"", ""2025-02-07"", ""2025-02-14"", ""2025-02-21"", ""2025-02-28"", ""2025-03-07"", ""2025-03-14"", ""2025-03-21"", ""2025-03-28"", ""2025-04-04"", ""2025-04-11"", ""2025-04-18"", ""2025-04-25"", ""2025-05-02"", ""2025-05-09"", ""2025-05-16"", ""2025-05-23"", ""2025-05-30"", ""2025-06-06"", ""2025-06-13"", ""2025-06-20"", ""2025-06-27"", ""2025-07-04"", ""2025-07-11"", ""2025-07-18"", ""2025-07-25"", ""2025-08-01""]",4464,2025-01-03 00:00:00,2025-08-02,2025-08-02,0,219,none,False
PV:B0:2025-08-08,PV,B0,2025-08-08,2,"[""2025-08-07""]",1,2025-08-07 23:50:00,2025-08-08,2025-08-08,0,219,none,False
PV:B1:2025-08-08,PV,B1,2025-08-08,2,"[""2025-08-07""]",144,2025-08-07 00:00:00,2025-08-08,2025-08-08,0,219,none,False
PV:B2:2025-08-08,PV,B2,2025-08-08,2,"[""2025-08-01""]",144,2025-08-01 00:00:00,2025-08-02,2025-08-02,0,219,none,False
PV:B3:2025-08-08,PV,B3,2025-08-08,2,"[""2025-08-01"", ""2025-08-02"", ""2025-08-03"", ""2025-08-04"", ""2025-08-05"", ""2025-08-06"", ""2025-08-07""]",1008,2025-08-01 00:00:00,2025-08-08,2025-08-08,0,219,none,False
PV:B4:2025-08-08,PV,B4,2025-08-08,2,"[""2025-01-03"", ""2025-01-10"", ""2025-01-17"", ""2025-01-24"", ""2025-01-31"", ""2025-02-07"", ""2025-02-14"", ""2025-02-21"", ""2025-02-28"", ""2025-03-07"", ""2025-03-14"", ""2025-03-21"", ""2025-03-28"", ""2025-04-04"", ""2025-04-11"", ""2025-04-18"", ""2025-04-25"", ""2025-05-02"", ""2025-05-09"", ""2025-05-16"", ""2025-05-23"", ""2025-05-30"", ""2025-06-06"", ""2025-06-13"", ""2025-06-20"", ""2025-06-27"", ""2025-07-04"", ""2025-07-11"", ""2025-07-18"", ""2025-07-25"", ""2025-08-01""]",4464,2025-01-03 00:00:00,2025-08-02,2025-08-02,0,219,none,False
Load:B0:2025-08-09,Load,B0,2025-08-09,2,"[""2025-08-08""]",1,2025-08-08 23:50:00,2025-08-09,2025-08-09,0,220,none,False
Load:B1:2025-08-09,Load,B1,2025-08-09,2,"[""2025-08-08""]",144,2025-08-08 00:00:00,2025-08-09,2025-08-09,0,220,none,False
Load:B2:2025-08-09,Load,B2,2025-08-09,2,"[""2025-08-02""]",144,2025-08-02 00:00:00,2025-08-03,2025-08-03,0,220,none,False
Load:B3:2025-08-09,Load,B3,2025-08-09,2,"[""2025-08-02"", ""2025-08-03"", ""2025-08-04"", ""2025-08-05"", ""2025-08-06"", ""2025-08-07"", ""2025-08-08""]",1008,2025-08-02 00:00:00,2025-08-09,2025-08-09,0,220,none,False
Load:B4:2025-08-09,Load,B4,2025-08-09,2,"[""2025-01-04"", ""2025-01-11"", ""2025-01-18"", ""2025-01-25"", ""2025-02-01"", ""2025-02-08"", ""2025-02-15"", ""2025-02-22"", ""2025-03-01"", ""2025-03-08"", ""2025-03-15"", ""2025-03-22"", ""2025-03-29"", ""2025-04-05"", ""2025-04-12"", ""2025-04-19"", ""2025-04-26"", ""2025-05-03"", ""2025-05-10"", ""2025-05-17"", ""2025-05-24"", ""2025-05-31"", ""2025-06-07"", ""2025-06-14"", ""2025-06-21"", ""2025-06-28"", ""2025-07-05"", ""2025-07-12"", ""2025-07-19"", ""2025-07-26"", ""2025-08-02""]",4464,2025-01-04 00:00:00,2025-08-03,2025-08-03,0,220,none,False
PV:B0:2025-08-09,PV,B0,2025-08-09,2,"[""2025-08-08""]",1,2025-08-08 23:50:00,2025-08-09,2025-08-09,0,220,none,False
PV:B1:2025-08-09,PV,B1,2025-08-09,2,"[""2025-08-08""]",144,2025-08-08 00:00:00,2025-08-09,2025-08-09,0,220,none,False
PV:B2:2025-08-09,PV,B2,2025-08-09,2,"[""2025-08-02""]",144,2025-08-02 00:00:00,2025-08-03,2025-08-03,0,220,none,False
PV:B3:2025-08-09,PV,B3,2025-08-09,2,"[""2025-08-02"", ""2025-08-03"", ""2025-08-04"", ""2025-08-05"", ""2025-08-06"", ""2025-08-07"", ""2025-08-08""]",1008,2025-08-02 00:00:00,2025-08-09,2025-08-09,0,220,none,False
PV:B4:2025-08-09,PV,B4,2025-08-09,2,"[""2025-01-04"", ""2025-01-11"", ""2025-01-18"", ""2025-01-25"", ""2025-02-01"", ""2025-02-08"", ""2025-02-15"", ""2025-02-22"", ""2025-03-01"", ""2025-03-08"", ""2025-03-15"", ""2025-03-22"", ""2025-03-29"", ""2025-04-05"", ""2025-04-12"", ""2025-04-19"", ""2025-04-26"", ""2025-05-03"", ""2025-05-10"", ""2025-05-17"", ""2025-05-24"", ""2025-05-31"", ""2025-06-07"", ""2025-06-14"", ""2025-06-21"", ""2025-06-28"", ""2025-07-05"", ""2025-07-12"", ""2025-07-19"", ""2025-07-26"", ""2025-08-02""]",4464,2025-01-04 00:00:00,2025-08-03,2025-08-03,0,220,none,False
Load:B0:2025-08-10,Load,B0,2025-08-10,2,"[""2025-08-09""]",1,2025-08-09 23:50:00,2025-08-10,2025-08-10,0,221,none,False
Load:B1:2025-08-10,Load,B1,2025-08-10,2,"[""2025-08-09""]",144,2025-08-09 00:00:00,2025-08-10,2025-08-10,0,221,none,False
Load:B2:2025-08-10,Load,B2,2025-08-10,2,"[""2025-08-03""]",144,2025-08-03 00:00:00,2025-08-04,2025-08-04,0,221,none,False
Load:B3:2025-08-10,Load,B3,2025-08-10,2,"[""2025-08-03"", ""2025-08-04"", ""2025-08-05"", ""2025-08-06"", ""2025-08-07"", ""2025-08-08"", ""2025-08-09""]",1008,2025-08-03 00:00:00,2025-08-10,2025-08-10,0,221,none,False
Load:B4:2025-08-10,Load,B4,2025-08-10,2,"[""2025-01-05"", ""2025-01-12"", ""2025-01-19"", ""2025-01-26"", ""2025-02-02"", ""2025-02-09"", ""2025-02-16"", ""2025-02-23"", ""2025-03-02"", ""2025-03-09"", ""2025-03-16"", ""2025-03-23"", ""2025-03-30"", ""2025-04-06"", ""2025-04-13"", ""2025-04-20"", ""2025-04-27"", ""2025-05-04"", ""2025-05-11"", ""2025-05-18"", ""2025-05-25"", ""2025-06-01"", ""2025-06-08"", ""2025-06-15"", ""2025-06-22"", ""2025-06-29"", ""2025-07-06"", ""2025-07-13"", ""2025-07-20"", ""2025-07-27"", ""2025-08-03""]",4464,2025-01-05 00:00:00,2025-08-04,2025-08-04,0,221,none,False
PV:B0:2025-08-10,PV,B0,2025-08-10,2,"[""2025-08-09""]",1,2025-08-09 23:50:00,2025-08-10,2025-08-10,0,221,none,False
PV:B1:2025-08-10,PV,B1,2025-08-10,2,"[""2025-08-09""]",144,2025-08-09 00:00:00,2025-08-10,2025-08-10,0,221,none,False
PV:B2:2025-08-10,PV,B2,2025-08-10,2,"[""2025-08-03""]",144,2025-08-03 00:00:00,2025-08-04,2025-08-04,0,221,none,False
PV:B3:2025-08-10,PV,B3,2025-08-10,2,"[""2025-08-03"", ""2025-08-04"", ""2025-08-05"", ""2025-08-06"", ""2025-08-07"", ""2025-08-08"", ""2025-08-09""]",1008,2025-08-03 00:00:00,2025-08-10,2025-08-10,0,221,none,False
PV:B4:2025-08-10,PV,B4,2025-08-10,2,"[""2025-01-05"", ""2025-01-12"", ""2025-01-19"", ""2025-01-26"", ""2025-02-02"", ""2025-02-09"", ""2025-02-16"", ""2025-02-23"", ""2025-03-02"", ""2025-03-09"", ""2025-03-16"", ""2025-03-23"", ""2025-03-30"", ""2025-04-06"", ""2025-04-13"", ""2025-04-20"", ""2025-04-27"", ""2025-05-04"", ""2025-05-11"", ""2025-05-18"", ""2025-05-25"", ""2025-06-01"", ""2025-06-08"", ""2025-06-15"", ""2025-06-22"", ""2025-06-29"", ""2025-07-06"", ""2025-07-13"", ""2025-07-20"", ""2025-07-27"", ""2025-08-03""]",4464,2025-01-05 00:00:00,2025-08-04,2025-08-04,0,221,none,False
Load:B0:2025-08-11,Load,B0,2025-08-11,2,"[""2025-08-10""]",1,2025-08-10 23:50:00,2025-08-11,2025-08-11,0,222,none,False
Load:B1:2025-08-11,Load,B1,2025-08-11,2,"[""2025-08-10""]",144,2025-08-10 00:00:00,2025-08-11,2025-08-11,0,222,none,False
Load:B2:2025-08-11,Load,B2,2025-08-11,2,"[""2025-08-04""]",144,2025-08-04 00:00:00,2025-08-05,2025-08-05,0,222,none,False
Load:B3:2025-08-11,Load,B3,2025-08-11,2,"[""2025-08-04"", ""2025-08-05"", ""2025-08-06"", ""2025-08-07"", ""2025-08-08"", ""2025-08-09"", ""2025-08-10""]",1008,2025-08-04 00:00:00,2025-08-11,2025-08-11,0,222,none,False
Load:B4:2025-08-11,Load,B4,2025-08-11,2,"[""2025-01-06"", ""2025-01-13"", ""2025-01-20"", ""2025-01-27"", ""2025-02-03"", ""2025-02-10"", ""2025-02-17"", ""2025-02-24"", ""2025-03-03"", ""2025-03-10"", ""2025-03-17"", ""2025-03-24"", ""2025-03-31"", ""2025-04-07"", ""2025-04-14"", ""2025-04-21"", ""2025-04-28"", ""2025-05-05"", ""2025-05-12"", ""2025-05-19"", ""2025-05-26"", ""2025-06-02"", ""2025-06-09"", ""2025-06-16"", ""2025-06-23"", ""2025-06-30"", ""2025-07-07"", ""2025-07-14"", ""2025-07-21"", ""2025-07-28"", ""2025-08-04""]",4464,2025-01-06 00:00:00,2025-08-05,2025-08-05,0,222,none,False
PV:B0:2025-08-11,PV,B0,2025-08-11,2,"[""2025-08-10""]",1,2025-08-10 23:50:00,2025-08-11,2025-08-11,0,222,none,False
PV:B1:2025-08-11,PV,B1,2025-08-11,2,"[""2025-08-10""]",144,2025-08-10 00:00:00,2025-08-11,2025-08-11,0,222,none,False
PV:B2:2025-08-11,PV,B2,2025-08-11,2,"[""2025-08-04""]",144,2025-08-04 00:00:00,2025-08-05,2025-08-05,0,222,none,False
PV:B3:2025-08-11,PV,B3,2025-08-11,2,"[""2025-08-04"", ""2025-08-05"", ""2025-08-06"", ""2025-08-07"", ""2025-08-08"", ""2025-08-09"", ""2025-08-10""]",1008,2025-08-04 00:00:00,2025-08-11,2025-08-11,0,222,none,False
PV:B4:2025-08-11,PV,B4,2025-08-11,2,"[""2025-01-06"", ""2025-01-13"", ""2025-01-20"", ""2025-01-27"", ""2025-02-03"", ""2025-02-10"", ""2025-02-17"", ""2025-02-24"", ""2025-03-03"", ""2025-03-10"", ""2025-03-17"", ""2025-03-24"", ""2025-03-31"", ""2025-04-07"", ""2025-04-14"", ""2025-04-21"", ""2025-04-28"", ""2025-05-05"", ""2025-05-12"", ""2025-05-19"", ""2025-05-26"", ""2025-06-02"", ""2025-06-09"", ""2025-06-16"", ""2025-06-23"", ""2025-06-30"", ""2025-07-07"", ""2025-07-14"", ""2025-07-21"", ""2025-07-28"", ""2025-08-04""]",4464,2025-01-06 00:00:00,2025-08-05,2025-08-05,0,222,none,False
Load:B0:2025-08-12,Load,B0,2025-08-12,2,"[""2025-08-11""]",1,2025-08-11 23:50:00,2025-08-12,2025-08-12,0,223,none,False
Load:B1:2025-08-12,Load,B1,2025-08-12,2,"[""2025-08-11""]",144,2025-08-11 00:00:00,2025-08-12,2025-08-12,0,223,none,False
Load:B2:2025-08-12,Load,B2,2025-08-12,2,"[""2025-08-05""]",144,2025-08-05 00:00:00,2025-08-06,2025-08-06,0,223,none,False
Load:B3:2025-08-12,Load,B3,2025-08-12,2,"[""2025-08-05"", ""2025-08-06"", ""2025-08-07"", ""2025-08-08"", ""2025-08-09"", ""2025-08-10"", ""2025-08-11""]",1008,2025-08-05 00:00:00,2025-08-12,2025-08-12,0,223,none,False
Load:B4:2025-08-12,Load,B4,2025-08-12,2,"[""2025-01-07"", ""2025-01-14"", ""2025-01-21"", ""2025-01-28"", ""2025-02-04"", ""2025-02-11"", ""2025-02-18"", ""2025-02-25"", ""2025-03-04"", ""2025-03-11"", ""2025-03-18"", ""2025-03-25"", ""2025-04-01"", ""2025-04-08"", ""2025-04-15"", ""2025-04-22"", ""2025-04-29"", ""2025-05-06"", ""2025-05-13"", ""2025-05-20"", ""2025-05-27"", ""2025-06-03"", ""2025-06-10"", ""2025-06-17"", ""2025-06-24"", ""2025-07-01"", ""2025-07-08"", ""2025-07-15"", ""2025-07-22"", ""2025-07-29"", ""2025-08-05""]",4464,2025-01-07 00:00:00,2025-08-06,2025-08-06,0,223,none,False
PV:B0:2025-08-12,PV,B0,2025-08-12,2,"[""2025-08-11""]",1,2025-08-11 23:50:00,2025-08-12,2025-08-12,0,223,none,False
PV:B1:2025-08-12,PV,B1,2025-08-12,2,"[""2025-08-11""]",144,2025-08-11 00:00:00,2025-08-12,2025-08-12,0,223,none,False
PV:B2:2025-08-12,PV,B2,2025-08-12,2,"[""2025-08-05""]",144,2025-08-05 00:00:00,2025-08-06,2025-08-06,0,223,none,False
PV:B3:2025-08-12,PV,B3,2025-08-12,2,"[""2025-08-05"", ""2025-08-06"", ""2025-08-07"", ""2025-08-08"", ""2025-08-09"", ""2025-08-10"", ""2025-08-11""]",1008,2025-08-05 00:00:00,2025-08-12,2025-08-12,0,223,none,False
PV:B4:2025-08-12,PV,B4,2025-08-12,2,"[""2025-01-07"", ""2025-01-14"", ""2025-01-21"", ""2025-01-28"", ""2025-02-04"", ""2025-02-11"", ""2025-02-18"", ""2025-02-25"", ""2025-03-04"", ""2025-03-11"", ""2025-03-18"", ""2025-03-25"", ""2025-04-01"", ""2025-04-08"", ""2025-04-15"", ""2025-04-22"", ""2025-04-29"", ""2025-05-06"", ""2025-05-13"", ""2025-05-20"", ""2025-05-27"", ""2025-06-03"", ""2025-06-10"", ""2025-06-17"", ""2025-06-24"", ""2025-07-01"", ""2025-07-08"", ""2025-07-15"", ""2025-07-22"", ""2025-07-29"", ""2025-08-05""]",4464,2025-01-07 00:00:00,2025-08-06,2025-08-06,0,223,none,False
Load:B0:2025-08-13,Load,B0,2025-08-13,2,"[""2025-08-12""]",1,2025-08-12 23:50:00,2025-08-13,2025-08-13,0,224,none,False
Load:B1:2025-08-13,Load,B1,2025-08-13,2,"[""2025-08-12""]",144,2025-08-12 00:00:00,2025-08-13,2025-08-13,0,224,none,False
Load:B2:2025-08-13,Load,B2,2025-08-13,2,"[""2025-08-06""]",144,2025-08-06 00:00:00,2025-08-07,2025-08-07,0,224,none,False
Load:B3:2025-08-13,Load,B3,2025-08-13,2,"[""2025-08-06"", ""2025-08-07"", ""2025-08-08"", ""2025-08-09"", ""2025-08-10"", ""2025-08-11"", ""2025-08-12""]",1008,2025-08-06 00:00:00,2025-08-13,2025-08-13,0,224,none,False
Load:B4:2025-08-13,Load,B4,2025-08-13,2,"[""2025-01-01"", ""2025-01-08"", ""2025-01-15"", ""2025-01-22"", ""2025-01-29"", ""2025-02-05"", ""2025-02-12"", ""2025-02-19"", ""2025-02-26"", ""2025-03-05"", ""2025-03-12"", ""2025-03-19"", ""2025-03-26"", ""2025-04-02"", ""2025-04-09"", ""2025-04-16"", ""2025-04-23"", ""2025-04-30"", ""2025-05-07"", ""2025-05-14"", ""2025-05-21"", ""2025-05-28"", ""2025-06-04"", ""2025-06-11"", ""2025-06-18"", ""2025-06-25"", ""2025-07-02"", ""2025-07-09"", ""2025-07-16"", ""2025-07-23"", ""2025-07-30"", ""2025-08-06""]",4608,2025-01-01 00:00:00,2025-08-07,2025-08-07,0,224,none,False
PV:B0:2025-08-13,PV,B0,2025-08-13,2,"[""2025-08-12""]",1,2025-08-12 23:50:00,2025-08-13,2025-08-13,0,224,none,False
PV:B1:2025-08-13,PV,B1,2025-08-13,2,"[""2025-08-12""]",144,2025-08-12 00:00:00,2025-08-13,2025-08-13,0,224,none,False
PV:B2:2025-08-13,PV,B2,2025-08-13,2,"[""2025-08-06""]",144,2025-08-06 00:00:00,2025-08-07,2025-08-07,0,224,none,False
PV:B3:2025-08-13,PV,B3,2025-08-13,2,"[""2025-08-06"", ""2025-08-07"", ""2025-08-08"", ""2025-08-09"", ""2025-08-10"", ""2025-08-11"", ""2025-08-12""]",1008,2025-08-06 00:00:00,2025-08-13,2025-08-13,0,224,none,False
PV:B4:2025-08-13,PV,B4,2025-08-13,2,"[""2025-01-01"", ""2025-01-08"", ""2025-01-15"", ""2025-01-22"", ""2025-01-29"", ""2025-02-05"", ""2025-02-12"", ""2025-02-19"", ""2025-02-26"", ""2025-03-05"", ""2025-03-12"", ""2025-03-19"", ""2025-03-26"", ""2025-04-02"", ""2025-04-09"", ""2025-04-16"", ""2025-04-23"", ""2025-04-30"", ""2025-05-07"", ""2025-05-14"", ""2025-05-21"", ""2025-05-28"", ""2025-06-04"", ""2025-06-11"", ""2025-06-18"", ""2025-06-25"", ""2025-07-02"", ""2025-07-09"", ""2025-07-16"", ""2025-07-23"", ""2025-07-30"", ""2025-08-06""]",4608,2025-01-01 00:00:00,2025-08-07,2025-08-07,0,224,none,False
Load:B0:2025-08-14,Load,B0,2025-08-14,2,"[""2025-08-13""]",1,2025-08-13 23:50:00,2025-08-14,2025-08-14,0,225,none,False
Load:B1:2025-08-14,Load,B1,2025-08-14,2,"[""2025-08-13""]",144,2025-08-13 00:00:00,2025-08-14,2025-08-14,0,225,none,False
Load:B2:2025-08-14,Load,B2,2025-08-14,2,"[""2025-08-07""]",144,2025-08-07 00:00:00,2025-08-08,2025-08-08,0,225,none,False
Load:B3:2025-08-14,Load,B3,2025-08-14,2,"[""2025-08-07"", ""2025-08-08"", ""2025-08-09"", ""2025-08-10"", ""2025-08-11"", ""2025-08-12"", ""2025-08-13""]",1008,2025-08-07 00:00:00,2025-08-14,2025-08-14,0,225,none,False
Load:B4:2025-08-14,Load,B4,2025-08-14,2,"[""2025-01-02"", ""2025-01-09"", ""2025-01-16"", ""2025-01-23"", ""2025-01-30"", ""2025-02-06"", ""2025-02-13"", ""2025-02-20"", ""2025-02-27"", ""2025-03-06"", ""2025-03-13"", ""2025-03-20"", ""2025-03-27"", ""2025-04-03"", ""2025-04-10"", ""2025-04-17"", ""2025-04-24"", ""2025-05-01"", ""2025-05-08"", ""2025-05-15"", ""2025-05-22"", ""2025-05-29"", ""2025-06-05"", ""2025-06-12"", ""2025-06-19"", ""2025-06-26"", ""2025-07-03"", ""2025-07-10"", ""2025-07-17"", ""2025-07-24"", ""2025-07-31"", ""2025-08-07""]",4608,2025-01-02 00:00:00,2025-08-08,2025-08-08,0,225,none,False
PV:B0:2025-08-14,PV,B0,2025-08-14,2,"[""2025-08-13""]",1,2025-08-13 23:50:00,2025-08-14,2025-08-14,0,225,none,False
PV:B1:2025-08-14,PV,B1,2025-08-14,2,"[""2025-08-13""]",144,2025-08-13 00:00:00,2025-08-14,2025-08-14,0,225,none,False
PV:B2:2025-08-14,PV,B2,2025-08-14,2,"[""2025-08-07""]",144,2025-08-07 00:00:00,2025-08-08,2025-08-08,0,225,none,False
PV:B3:2025-08-14,PV,B3,2025-08-14,2,"[""2025-08-07"", ""2025-08-08"", ""2025-08-09"", ""2025-08-10"", ""2025-08-11"", ""2025-08-12"", ""2025-08-13""]",1008,2025-08-07 00:00:00,2025-08-14,2025-08-14,0,225,none,False
PV:B4:2025-08-14,PV,B4,2025-08-14,2,"[""2025-01-02"", ""2025-01-09"", ""2025-01-16"", ""2025-01-23"", ""2025-01-30"", ""2025-02-06"", ""2025-02-13"", ""2025-02-20"", ""2025-02-27"", ""2025-03-06"", ""2025-03-13"", ""2025-03-20"", ""2025-03-27"", ""2025-04-03"", ""2025-04-10"", ""2025-04-17"", ""2025-04-24"", ""2025-05-01"", ""2025-05-08"", ""2025-05-15"", ""2025-05-22"", ""2025-05-29"", ""2025-06-05"", ""2025-06-12"", ""2025-06-19"", ""2025-06-26"", ""2025-07-03"", ""2025-07-10"", ""2025-07-17"", ""2025-07-24"", ""2025-07-31"", ""2025-08-07""]",4608,2025-01-02 00:00:00,2025-08-08,2025-08-08,0,225,none,False
Load:B0:2025-08-15,Load,B0,2025-08-15,2,"[""2025-08-14""]",1,2025-08-14 23:50:00,2025-08-15,2025-08-15,0,226,none,False
Load:B1:2025-08-15,Load,B1,2025-08-15,2,"[""2025-08-14""]",144,2025-08-14 00:00:00,2025-08-15,2025-08-15,0,226,none,False
Load:B2:2025-08-15,Load,B2,2025-08-15,2,"[""2025-08-08""]",144,2025-08-08 00:00:00,2025-08-09,2025-08-09,0,226,none,False
Load:B3:2025-08-15,Load,B3,2025-08-15,2,"[""2025-08-08"", ""2025-08-09"", ""2025-08-10"", ""2025-08-11"", ""2025-08-12"", ""2025-08-13"", ""2025-08-14""]",1008,2025-08-08 00:00:00,2025-08-15,2025-08-15,0,226,none,False
Load:B4:2025-08-15,Load,B4,2025-08-15,2,"[""2025-01-03"", ""2025-01-10"", ""2025-01-17"", ""2025-01-24"", ""2025-01-31"", ""2025-02-07"", ""2025-02-14"", ""2025-02-21"", ""2025-02-28"", ""2025-03-07"", ""2025-03-14"", ""2025-03-21"", ""2025-03-28"", ""2025-04-04"", ""2025-04-11"", ""2025-04-18"", ""2025-04-25"", ""2025-05-02"", ""2025-05-09"", ""2025-05-16"", ""2025-05-23"", ""2025-05-30"", ""2025-06-06"", ""2025-06-13"", ""2025-06-20"", ""2025-06-27"", ""2025-07-04"", ""2025-07-11"", ""2025-07-18"", ""2025-07-25"", ""2025-08-01"", ""2025-08-08""]",4608,2025-01-03 00:00:00,2025-08-09,2025-08-09,0,226,none,False
PV:B0:2025-08-15,PV,B0,2025-08-15,2,"[""2025-08-14""]",1,2025-08-14 23:50:00,2025-08-15,2025-08-15,0,226,none,False
PV:B1:2025-08-15,PV,B1,2025-08-15,2,"[""2025-08-14""]",144,2025-08-14 00:00:00,2025-08-15,2025-08-15,0,226,none,False
PV:B2:2025-08-15,PV,B2,2025-08-15,2,"[""2025-08-08""]",144,2025-08-08 00:00:00,2025-08-09,2025-08-09,0,226,none,False
PV:B3:2025-08-15,PV,B3,2025-08-15,2,"[""2025-08-08"", ""2025-08-09"", ""2025-08-10"", ""2025-08-11"", ""2025-08-12"", ""2025-08-13"", ""2025-08-14""]",1008,2025-08-08 00:00:00,2025-08-15,2025-08-15,0,226,none,False
PV:B4:2025-08-15,PV,B4,2025-08-15,2,"[""2025-01-03"", ""2025-01-10"", ""2025-01-17"", ""2025-01-24"", ""2025-01-31"", ""2025-02-07"", ""2025-02-14"", ""2025-02-21"", ""2025-02-28"", ""2025-03-07"", ""2025-03-14"", ""2025-03-21"", ""2025-03-28"", ""2025-04-04"", ""2025-04-11"", ""2025-04-18"", ""2025-04-25"", ""2025-05-02"", ""2025-05-09"", ""2025-05-16"", ""2025-05-23"", ""2025-05-30"", ""2025-06-06"", ""2025-06-13"", ""2025-06-20"", ""2025-06-27"", ""2025-07-04"", ""2025-07-11"", ""2025-07-18"", ""2025-07-25"", ""2025-08-01"", ""2025-08-08""]",4608,2025-01-03 00:00:00,2025-08-09,2025-08-09,0,226,none,False
Load:B0:2025-08-16,Load,B0,2025-08-16,2,"[""2025-08-15""]",1,2025-08-15 23:50:00,2025-08-16,2025-08-16,0,227,none,False
Load:B1:2025-08-16,Load,B1,2025-08-16,2,"[""2025-08-15""]",144,2025-08-15 00:00:00,2025-08-16,2025-08-16,0,227,none,False
Load:B2:2025-08-16,Load,B2,2025-08-16,2,"[""2025-08-09""]",144,2025-08-09 00:00:00,2025-08-10,2025-08-10,0,227,none,False
Load:B3:2025-08-16,Load,B3,2025-08-16,2,"[""2025-08-09"", ""2025-08-10"", ""2025-08-11"", ""2025-08-12"", ""2025-08-13"", ""2025-08-14"", ""2025-08-15""]",1008,2025-08-09 00:00:00,2025-08-16,2025-08-16,0,227,none,False
Load:B4:2025-08-16,Load,B4,2025-08-16,2,"[""2025-01-04"", ""2025-01-11"", ""2025-01-18"", ""2025-01-25"", ""2025-02-01"", ""2025-02-08"", ""2025-02-15"", ""2025-02-22"", ""2025-03-01"", ""2025-03-08"", ""2025-03-15"", ""2025-03-22"", ""2025-03-29"", ""2025-04-05"", ""2025-04-12"", ""2025-04-19"", ""2025-04-26"", ""2025-05-03"", ""2025-05-10"", ""2025-05-17"", ""2025-05-24"", ""2025-05-31"", ""2025-06-07"", ""2025-06-14"", ""2025-06-21"", ""2025-06-28"", ""2025-07-05"", ""2025-07-12"", ""2025-07-19"", ""2025-07-26"", ""2025-08-02"", ""2025-08-09""]",4608,2025-01-04 00:00:00,2025-08-10,2025-08-10,0,227,none,False
PV:B0:2025-08-16,PV,B0,2025-08-16,2,"[""2025-08-15""]",1,2025-08-15 23:50:00,2025-08-16,2025-08-16,0,227,none,False
PV:B1:2025-08-16,PV,B1,2025-08-16,2,"[""2025-08-15""]",144,2025-08-15 00:00:00,2025-08-16,2025-08-16,0,227,none,False
PV:B2:2025-08-16,PV,B2,2025-08-16,2,"[""2025-08-09""]",144,2025-08-09 00:00:00,2025-08-10,2025-08-10,0,227,none,False
PV:B3:2025-08-16,PV,B3,2025-08-16,2,"[""2025-08-09"", ""2025-08-10"", ""2025-08-11"", ""2025-08-12"", ""2025-08-13"", ""2025-08-14"", ""2025-08-15""]",1008,2025-08-09 00:00:00,2025-08-16,2025-08-16,0,227,none,False
PV:B4:2025-08-16,PV,B4,2025-08-16,2,"[""2025-01-04"", ""2025-01-11"", ""2025-01-18"", ""2025-01-25"", ""2025-02-01"", ""2025-02-08"", ""2025-02-15"", ""2025-02-22"", ""2025-03-01"", ""2025-03-08"", ""2025-03-15"", ""2025-03-22"", ""2025-03-29"", ""2025-04-05"", ""2025-04-12"", ""2025-04-19"", ""2025-04-26"", ""2025-05-03"", ""2025-05-10"", ""2025-05-17"", ""2025-05-24"", ""2025-05-31"", ""2025-06-07"", ""2025-06-14"", ""2025-06-21"", ""2025-06-28"", ""2025-07-05"", ""2025-07-12"", ""2025-07-19"", ""2025-07-26"", ""2025-08-02"", ""2025-08-09""]",4608,2025-01-04 00:00:00,2025-08-10,2025-08-10,0,227,none,False
Load:B0:2025-08-17,Load,B0,2025-08-17,2,"[""2025-08-16""]",1,2025-08-16 23:50:00,2025-08-17,2025-08-17,0,228,none,False
Load:B1:2025-08-17,Load,B1,2025-08-17,2,"[""2025-08-16""]",144,2025-08-16 00:00:00,2025-08-17,2025-08-17,0,228,none,False
Load:B2:2025-08-17,Load,B2,2025-08-17,2,"[""2025-08-10""]",144,2025-08-10 00:00:00,2025-08-11,2025-08-11,0,228,none,False
Load:B3:2025-08-17,Load,B3,2025-08-17,2,"[""2025-08-10"", ""2025-08-11"", ""2025-08-12"", ""2025-08-13"", ""2025-08-14"", ""2025-08-15"", ""2025-08-16""]",1008,2025-08-10 00:00:00,2025-08-17,2025-08-17,0,228,none,False
Load:B4:2025-08-17,Load,B4,2025-08-17,2,"[""2025-01-05"", ""2025-01-12"", ""2025-01-19"", ""2025-01-26"", ""2025-02-02"", ""2025-02-09"", ""2025-02-16"", ""2025-02-23"", ""2025-03-02"", ""2025-03-09"", ""2025-03-16"", ""2025-03-23"", ""2025-03-30"", ""2025-04-06"", ""2025-04-13"", ""2025-04-20"", ""2025-04-27"", ""2025-05-04"", ""2025-05-11"", ""2025-05-18"", ""2025-05-25"", ""2025-06-01"", ""2025-06-08"", ""2025-06-15"", ""2025-06-22"", ""2025-06-29"", ""2025-07-06"", ""2025-07-13"", ""2025-07-20"", ""2025-07-27"", ""2025-08-03"", ""2025-08-10""]",4608,2025-01-05 00:00:00,2025-08-11,2025-08-11,0,228,none,False
PV:B0:2025-08-17,PV,B0,2025-08-17,2,"[""2025-08-16""]",1,2025-08-16 23:50:00,2025-08-17,2025-08-17,0,228,none,False
PV:B1:2025-08-17,PV,B1,2025-08-17,2,"[""2025-08-16""]",144,2025-08-16 00:00:00,2025-08-17,2025-08-17,0,228,none,False
PV:B2:2025-08-17,PV,B2,2025-08-17,2,"[""2025-08-10""]",144,2025-08-10 00:00:00,2025-08-11,2025-08-11,0,228,none,False
PV:B3:2025-08-17,PV,B3,2025-08-17,2,"[""2025-08-10"", ""2025-08-11"", ""2025-08-12"", ""2025-08-13"", ""2025-08-14"", ""2025-08-15"", ""2025-08-16""]",1008,2025-08-10 00:00:00,2025-08-17,2025-08-17,0,228,none,False
PV:B4:2025-08-17,PV,B4,2025-08-17,2,"[""2025-01-05"", ""2025-01-12"", ""2025-01-19"", ""2025-01-26"", ""2025-02-02"", ""2025-02-09"", ""2025-02-16"", ""2025-02-23"", ""2025-03-02"", ""2025-03-09"", ""2025-03-16"", ""2025-03-23"", ""2025-03-30"", ""2025-04-06"", ""2025-04-13"", ""2025-04-20"", ""2025-04-27"", ""2025-05-04"", ""2025-05-11"", ""2025-05-18"", ""2025-05-25"", ""2025-06-01"", ""2025-06-08"", ""2025-06-15"", ""2025-06-22"", ""2025-06-29"", ""2025-07-06"", ""2025-07-13"", ""2025-07-20"", ""2025-07-27"", ""2025-08-03"", ""2025-08-10""]",4608,2025-01-05 00:00:00,2025-08-11,2025-08-11,0,228,none,False
Load:B0:2025-08-18,Load,B0,2025-08-18,2,"[""2025-08-17""]",1,2025-08-17 23:50:00,2025-08-18,2025-08-18,0,229,none,False
Load:B1:2025-08-18,Load,B1,2025-08-18,2,"[""2025-08-17""]",144,2025-08-17 00:00:00,2025-08-18,2025-08-18,0,229,none,False
Load:B2:2025-08-18,Load,B2,2025-08-18,2,"[""2025-08-11""]",144,2025-08-11 00:00:00,2025-08-12,2025-08-12,0,229,none,False
Load:B3:2025-08-18,Load,B3,2025-08-18,2,"[""2025-08-11"", ""2025-08-12"", ""2025-08-13"", ""2025-08-14"", ""2025-08-15"", ""2025-08-16"", ""2025-08-17""]",1008,2025-08-11 00:00:00,2025-08-18,2025-08-18,0,229,none,False
Load:B4:2025-08-18,Load,B4,2025-08-18,2,"[""2025-01-06"", ""2025-01-13"", ""2025-01-20"", ""2025-01-27"", ""2025-02-03"", ""2025-02-10"", ""2025-02-17"", ""2025-02-24"", ""2025-03-03"", ""2025-03-10"", ""2025-03-17"", ""2025-03-24"", ""2025-03-31"", ""2025-04-07"", ""2025-04-14"", ""2025-04-21"", ""2025-04-28"", ""2025-05-05"", ""2025-05-12"", ""2025-05-19"", ""2025-05-26"", ""2025-06-02"", ""2025-06-09"", ""2025-06-16"", ""2025-06-23"", ""2025-06-30"", ""2025-07-07"", ""2025-07-14"", ""2025-07-21"", ""2025-07-28"", ""2025-08-04"", ""2025-08-11""]",4608,2025-01-06 00:00:00,2025-08-12,2025-08-12,0,229,none,False
PV:B0:2025-08-18,PV,B0,2025-08-18,2,"[""2025-08-17""]",1,2025-08-17 23:50:00,2025-08-18,2025-08-18,0,229,none,False
PV:B1:2025-08-18,PV,B1,2025-08-18,2,"[""2025-08-17""]",144,2025-08-17 00:00:00,2025-08-18,2025-08-18,0,229,none,False
PV:B2:2025-08-18,PV,B2,2025-08-18,2,"[""2025-08-11""]",144,2025-08-11 00:00:00,2025-08-12,2025-08-12,0,229,none,False
PV:B3:2025-08-18,PV,B3,2025-08-18,2,"[""2025-08-11"", ""2025-08-12"", ""2025-08-13"", ""2025-08-14"", ""2025-08-15"", ""2025-08-16"", ""2025-08-17""]",1008,2025-08-11 00:00:00,2025-08-18,2025-08-18,0,229,none,False
PV:B4:2025-08-18,PV,B4,2025-08-18,2,"[""2025-01-06"", ""2025-01-13"", ""2025-01-20"", ""2025-01-27"", ""2025-02-03"", ""2025-02-10"", ""2025-02-17"", ""2025-02-24"", ""2025-03-03"", ""2025-03-10"", ""2025-03-17"", ""2025-03-24"", ""2025-03-31"", ""2025-04-07"", ""2025-04-14"", ""2025-04-21"", ""2025-04-28"", ""2025-05-05"", ""2025-05-12"", ""2025-05-19"", ""2025-05-26"", ""2025-06-02"", ""2025-06-09"", ""2025-06-16"", ""2025-06-23"", ""2025-06-30"", ""2025-07-07"", ""2025-07-14"", ""2025-07-21"", ""2025-07-28"", ""2025-08-04"", ""2025-08-11""]",4608,2025-01-06 00:00:00,2025-08-12,2025-08-12,0,229,none,False
Load:B0:2025-08-19,Load,B0,2025-08-19,2,"[""2025-08-18""]",1,2025-08-18 23:50:00,2025-08-19,2025-08-19,0,230,none,False
Load:B1:2025-08-19,Load,B1,2025-08-19,2,"[""2025-08-18""]",144,2025-08-18 00:00:00,2025-08-19,2025-08-19,0,230,none,False
Load:B2:2025-08-19,Load,B2,2025-08-19,2,"[""2025-08-12""]",144,2025-08-12 00:00:00,2025-08-13,2025-08-13,0,230,none,False
Load:B3:2025-08-19,Load,B3,2025-08-19,2,"[""2025-08-12"", ""2025-08-13"", ""2025-08-14"", ""2025-08-15"", ""2025-08-16"", ""2025-08-17"", ""2025-08-18""]",1008,2025-08-12 00:00:00,2025-08-19,2025-08-19,0,230,none,False
Load:B4:2025-08-19,Load,B4,2025-08-19,2,"[""2025-01-07"", ""2025-01-14"", ""2025-01-21"", ""2025-01-28"", ""2025-02-04"", ""2025-02-11"", ""2025-02-18"", ""2025-02-25"", ""2025-03-04"", ""2025-03-11"", ""2025-03-18"", ""2025-03-25"", ""2025-04-01"", ""2025-04-08"", ""2025-04-15"", ""2025-04-22"", ""2025-04-29"", ""2025-05-06"", ""2025-05-13"", ""2025-05-20"", ""2025-05-27"", ""2025-06-03"", ""2025-06-10"", ""2025-06-17"", ""2025-06-24"", ""2025-07-01"", ""2025-07-08"", ""2025-07-15"", ""2025-07-22"", ""2025-07-29"", ""2025-08-05"", ""2025-08-12""]",4608,2025-01-07 00:00:00,2025-08-13,2025-08-13,0,230,none,False
PV:B0:2025-08-19,PV,B0,2025-08-19,2,"[""2025-08-18""]",1,2025-08-18 23:50:00,2025-08-19,2025-08-19,0,230,none,False
PV:B1:2025-08-19,PV,B1,2025-08-19,2,"[""2025-08-18""]",144,2025-08-18 00:00:00,2025-08-19,2025-08-19,0,230,none,False
PV:B2:2025-08-19,PV,B2,2025-08-19,2,"[""2025-08-12""]",144,2025-08-12 00:00:00,2025-08-13,2025-08-13,0,230,none,False
PV:B3:2025-08-19,PV,B3,2025-08-19,2,"[""2025-08-12"", ""2025-08-13"", ""2025-08-14"", ""2025-08-15"", ""2025-08-16"", ""2025-08-17"", ""2025-08-18""]",1008,2025-08-12 00:00:00,2025-08-19,2025-08-19,0,230,none,False
PV:B4:2025-08-19,PV,B4,2025-08-19,2,"[""2025-01-07"", ""2025-01-14"", ""2025-01-21"", ""2025-01-28"", ""2025-02-04"", ""2025-02-11"", ""2025-02-18"", ""2025-02-25"", ""2025-03-04"", ""2025-03-11"", ""2025-03-18"", ""2025-03-25"", ""2025-04-01"", ""2025-04-08"", ""2025-04-15"", ""2025-04-22"", ""2025-04-29"", ""2025-05-06"", ""2025-05-13"", ""2025-05-20"", ""2025-05-27"", ""2025-06-03"", ""2025-06-10"", ""2025-06-17"", ""2025-06-24"", ""2025-07-01"", ""2025-07-08"", ""2025-07-15"", ""2025-07-22"", ""2025-07-29"", ""2025-08-05"", ""2025-08-12""]",4608,2025-01-07 00:00:00,2025-08-13,2025-08-13,0,230,none,False
Load:B0:2025-08-20,Load,B0,2025-08-20,2,"[""2025-08-19""]",1,2025-08-19 23:50:00,2025-08-20,2025-08-20,0,231,none,False
Load:B1:2025-08-20,Load,B1,2025-08-20,2,"[""2025-08-19""]",144,2025-08-19 00:00:00,2025-08-20,2025-08-20,0,231,none,False
Load:B2:2025-08-20,Load,B2,2025-08-20,2,"[""2025-08-13""]",144,2025-08-13 00:00:00,2025-08-14,2025-08-14,0,231,none,False
Load:B3:2025-08-20,Load,B3,2025-08-20,2,"[""2025-08-13"", ""2025-08-14"", ""2025-08-15"", ""2025-08-16"", ""2025-08-17"", ""2025-08-18"", ""2025-08-19""]",1008,2025-08-13 00:00:00,2025-08-20,2025-08-20,0,231,none,False
Load:B4:2025-08-20,Load,B4,2025-08-20,2,"[""2025-01-01"", ""2025-01-08"", ""2025-01-15"", ""2025-01-22"", ""2025-01-29"", ""2025-02-05"", ""2025-02-12"", ""2025-02-19"", ""2025-02-26"", ""2025-03-05"", ""2025-03-12"", ""2025-03-19"", ""2025-03-26"", ""2025-04-02"", ""2025-04-09"", ""2025-04-16"", ""2025-04-23"", ""2025-04-30"", ""2025-05-07"", ""2025-05-14"", ""2025-05-21"", ""2025-05-28"", ""2025-06-04"", ""2025-06-11"", ""2025-06-18"", ""2025-06-25"", ""2025-07-02"", ""2025-07-09"", ""2025-07-16"", ""2025-07-23"", ""2025-07-30"", ""2025-08-06"", ""2025-08-13""]",4752,2025-01-01 00:00:00,2025-08-14,2025-08-14,0,231,none,False
PV:B0:2025-08-20,PV,B0,2025-08-20,2,"[""2025-08-19""]",1,2025-08-19 23:50:00,2025-08-20,2025-08-20,0,231,none,False
PV:B1:2025-08-20,PV,B1,2025-08-20,2,"[""2025-08-19""]",144,2025-08-19 00:00:00,2025-08-20,2025-08-20,0,231,none,False
PV:B2:2025-08-20,PV,B2,2025-08-20,2,"[""2025-08-13""]",144,2025-08-13 00:00:00,2025-08-14,2025-08-14,0,231,none,False
PV:B3:2025-08-20,PV,B3,2025-08-20,2,"[""2025-08-13"", ""2025-08-14"", ""2025-08-15"", ""2025-08-16"", ""2025-08-17"", ""2025-08-18"", ""2025-08-19""]",1008,2025-08-13 00:00:00,2025-08-20,2025-08-20,0,231,none,False
PV:B4:2025-08-20,PV,B4,2025-08-20,2,"[""2025-01-01"", ""2025-01-08"", ""2025-01-15"", ""2025-01-22"", ""2025-01-29"", ""2025-02-05"", ""2025-02-12"", ""2025-02-19"", ""2025-02-26"", ""2025-03-05"", ""2025-03-12"", ""2025-03-19"", ""2025-03-26"", ""2025-04-02"", ""2025-04-09"", ""2025-04-16"", ""2025-04-23"", ""2025-04-30"", ""2025-05-07"", ""2025-05-14"", ""2025-05-21"", ""2025-05-28"", ""2025-06-04"", ""2025-06-11"", ""2025-06-18"", ""2025-06-25"", ""2025-07-02"", ""2025-07-09"", ""2025-07-16"", ""2025-07-23"", ""2025-07-30"", ""2025-08-06"", ""2025-08-13""]",4752,2025-01-01 00:00:00,2025-08-14,2025-08-14,0,231,none,False
Load:B0:2025-08-21,Load,B0,2025-08-21,2,"[""2025-08-20""]",1,2025-08-20 23:50:00,2025-08-21,2025-08-21,0,232,none,False
Load:B1:2025-08-21,Load,B1,2025-08-21,2,"[""2025-08-20""]",144,2025-08-20 00:00:00,2025-08-21,2025-08-21,0,232,none,False
Load:B2:2025-08-21,Load,B2,2025-08-21,2,"[""2025-08-14""]",144,2025-08-14 00:00:00,2025-08-15,2025-08-15,0,232,none,False
Load:B3:2025-08-21,Load,B3,2025-08-21,2,"[""2025-08-14"", ""2025-08-15"", ""2025-08-16"", ""2025-08-17"", ""2025-08-18"", ""2025-08-19"", ""2025-08-20""]",1008,2025-08-14 00:00:00,2025-08-21,2025-08-21,0,232,none,False
Load:B4:2025-08-21,Load,B4,2025-08-21,2,"[""2025-01-02"", ""2025-01-09"", ""2025-01-16"", ""2025-01-23"", ""2025-01-30"", ""2025-02-06"", ""2025-02-13"", ""2025-02-20"", ""2025-02-27"", ""2025-03-06"", ""2025-03-13"", ""2025-03-20"", ""2025-03-27"", ""2025-04-03"", ""2025-04-10"", ""2025-04-17"", ""2025-04-24"", ""2025-05-01"", ""2025-05-08"", ""2025-05-15"", ""2025-05-22"", ""2025-05-29"", ""2025-06-05"", ""2025-06-12"", ""2025-06-19"", ""2025-06-26"", ""2025-07-03"", ""2025-07-10"", ""2025-07-17"", ""2025-07-24"", ""2025-07-31"", ""2025-08-07"", ""2025-08-14""]",4752,2025-01-02 00:00:00,2025-08-15,2025-08-15,0,232,none,False
PV:B0:2025-08-21,PV,B0,2025-08-21,2,"[""2025-08-20""]",1,2025-08-20 23:50:00,2025-08-21,2025-08-21,0,232,none,False
PV:B1:2025-08-21,PV,B1,2025-08-21,2,"[""2025-08-20""]",144,2025-08-20 00:00:00,2025-08-21,2025-08-21,0,232,none,False
PV:B2:2025-08-21,PV,B2,2025-08-21,2,"[""2025-08-14""]",144,2025-08-14 00:00:00,2025-08-15,2025-08-15,0,232,none,False
PV:B3:2025-08-21,PV,B3,2025-08-21,2,"[""2025-08-14"", ""2025-08-15"", ""2025-08-16"", ""2025-08-17"", ""2025-08-18"", ""2025-08-19"", ""2025-08-20""]",1008,2025-08-14 00:00:00,2025-08-21,2025-08-21,0,232,none,False
PV:B4:2025-08-21,PV,B4,2025-08-21,2,"[""2025-01-02"", ""2025-01-09"", ""2025-01-16"", ""2025-01-23"", ""2025-01-30"", ""2025-02-06"", ""2025-02-13"", ""2025-02-20"", ""2025-02-27"", ""2025-03-06"", ""2025-03-13"", ""2025-03-20"", ""2025-03-27"", ""2025-04-03"", ""2025-04-10"", ""2025-04-17"", ""2025-04-24"", ""2025-05-01"", ""2025-05-08"", ""2025-05-15"", ""2025-05-22"", ""2025-05-29"", ""2025-06-05"", ""2025-06-12"", ""2025-06-19"", ""2025-06-26"", ""2025-07-03"", ""2025-07-10"", ""2025-07-17"", ""2025-07-24"", ""2025-07-31"", ""2025-08-07"", ""2025-08-14""]",4752,2025-01-02 00:00:00,2025-08-15,2025-08-15,0,232,none,False
Load:B0:2025-08-22,Load,B0,2025-08-22,2,"[""2025-08-21""]",1,2025-08-21 23:50:00,2025-08-22,2025-08-22,0,233,none,False
Load:B1:2025-08-22,Load,B1,2025-08-22,2,"[""2025-08-21""]",144,2025-08-21 00:00:00,2025-08-22,2025-08-22,0,233,none,False
Load:B2:2025-08-22,Load,B2,2025-08-22,2,"[""2025-08-15""]",144,2025-08-15 00:00:00,2025-08-16,2025-08-16,0,233,none,False
Load:B3:2025-08-22,Load,B3,2025-08-22,2,"[""2025-08-15"", ""2025-08-16"", ""2025-08-17"", ""2025-08-18"", ""2025-08-19"", ""2025-08-20"", ""2025-08-21""]",1008,2025-08-15 00:00:00,2025-08-22,2025-08-22,0,233,none,False
Load:B4:2025-08-22,Load,B4,2025-08-22,2,"[""2025-01-03"", ""2025-01-10"", ""2025-01-17"", ""2025-01-24"", ""2025-01-31"", ""2025-02-07"", ""2025-02-14"", ""2025-02-21"", ""2025-02-28"", ""2025-03-07"", ""2025-03-14"", ""2025-03-21"", ""2025-03-28"", ""2025-04-04"", ""2025-04-11"", ""2025-04-18"", ""2025-04-25"", ""2025-05-02"", ""2025-05-09"", ""2025-05-16"", ""2025-05-23"", ""2025-05-30"", ""2025-06-06"", ""2025-06-13"", ""2025-06-20"", ""2025-06-27"", ""2025-07-04"", ""2025-07-11"", ""2025-07-18"", ""2025-07-25"", ""2025-08-01"", ""2025-08-08"", ""2025-08-15""]",4752,2025-01-03 00:00:00,2025-08-16,2025-08-16,0,233,none,False
PV:B0:2025-08-22,PV,B0,2025-08-22,2,"[""2025-08-21""]",1,2025-08-21 23:50:00,2025-08-22,2025-08-22,0,233,none,False
PV:B1:2025-08-22,PV,B1,2025-08-22,2,"[""2025-08-21""]",144,2025-08-21 00:00:00,2025-08-22,2025-08-22,0,233,none,False
PV:B2:2025-08-22,PV,B2,2025-08-22,2,"[""2025-08-15""]",144,2025-08-15 00:00:00,2025-08-16,2025-08-16,0,233,none,False
PV:B3:2025-08-22,PV,B3,2025-08-22,2,"[""2025-08-15"", ""2025-08-16"", ""2025-08-17"", ""2025-08-18"", ""2025-08-19"", ""2025-08-20"", ""2025-08-21""]",1008,2025-08-15 00:00:00,2025-08-22,2025-08-22,0,233,none,False
PV:B4:2025-08-22,PV,B4,2025-08-22,2,"[""2025-01-03"", ""2025-01-10"", ""2025-01-17"", ""2025-01-24"", ""2025-01-31"", ""2025-02-07"", ""2025-02-14"", ""2025-02-21"", ""2025-02-28"", ""2025-03-07"", ""2025-03-14"", ""2025-03-21"", ""2025-03-28"", ""2025-04-04"", ""2025-04-11"", ""2025-04-18"", ""2025-04-25"", ""2025-05-02"", ""2025-05-09"", ""2025-05-16"", ""2025-05-23"", ""2025-05-30"", ""2025-06-06"", ""2025-06-13"", ""2025-06-20"", ""2025-06-27"", ""2025-07-04"", ""2025-07-11"", ""2025-07-18"", ""2025-07-25"", ""2025-08-01"", ""2025-08-08"", ""2025-08-15""]",4752,2025-01-03 00:00:00,2025-08-16,2025-08-16,0,233,none,False
Load:B0:2025-08-23,Load,B0,2025-08-23,2,"[""2025-08-22""]",1,2025-08-22 23:50:00,2025-08-23,2025-08-23,0,234,none,False
Load:B1:2025-08-23,Load,B1,2025-08-23,2,"[""2025-08-22""]",144,2025-08-22 00:00:00,2025-08-23,2025-08-23,0,234,none,False
Load:B2:2025-08-23,Load,B2,2025-08-23,2,"[""2025-08-16""]",144,2025-08-16 00:00:00,2025-08-17,2025-08-17,0,234,none,False
Load:B3:2025-08-23,Load,B3,2025-08-23,2,"[""2025-08-16"", ""2025-08-17"", ""2025-08-18"", ""2025-08-19"", ""2025-08-20"", ""2025-08-21"", ""2025-08-22""]",1008,2025-08-16 00:00:00,2025-08-23,2025-08-23,0,234,none,False
Load:B4:2025-08-23,Load,B4,2025-08-23,2,"[""2025-01-04"", ""2025-01-11"", ""2025-01-18"", ""2025-01-25"", ""2025-02-01"", ""2025-02-08"", ""2025-02-15"", ""2025-02-22"", ""2025-03-01"", ""2025-03-08"", ""2025-03-15"", ""2025-03-22"", ""2025-03-29"", ""2025-04-05"", ""2025-04-12"", ""2025-04-19"", ""2025-04-26"", ""2025-05-03"", ""2025-05-10"", ""2025-05-17"", ""2025-05-24"", ""2025-05-31"", ""2025-06-07"", ""2025-06-14"", ""2025-06-21"", ""2025-06-28"", ""2025-07-05"", ""2025-07-12"", ""2025-07-19"", ""2025-07-26"", ""2025-08-02"", ""2025-08-09"", ""2025-08-16""]",4752,2025-01-04 00:00:00,2025-08-17,2025-08-17,0,234,none,False
PV:B0:2025-08-23,PV,B0,2025-08-23,2,"[""2025-08-22""]",1,2025-08-22 23:50:00,2025-08-23,2025-08-23,0,234,none,False
PV:B1:2025-08-23,PV,B1,2025-08-23,2,"[""2025-08-22""]",144,2025-08-22 00:00:00,2025-08-23,2025-08-23,0,234,none,False
PV:B2:2025-08-23,PV,B2,2025-08-23,2,"[""2025-08-16""]",144,2025-08-16 00:00:00,2025-08-17,2025-08-17,0,234,none,False
PV:B3:2025-08-23,PV,B3,2025-08-23,2,"[""2025-08-16"", ""2025-08-17"", ""2025-08-18"", ""2025-08-19"", ""2025-08-20"", ""2025-08-21"", ""2025-08-22""]",1008,2025-08-16 00:00:00,2025-08-23,2025-08-23,0,234,none,False
PV:B4:2025-08-23,PV,B4,2025-08-23,2,"[""2025-01-04"", ""2025-01-11"", ""2025-01-18"", ""2025-01-25"", ""2025-02-01"", ""2025-02-08"", ""2025-02-15"", ""2025-02-22"", ""2025-03-01"", ""2025-03-08"", ""2025-03-15"", ""2025-03-22"", ""2025-03-29"", ""2025-04-05"", ""2025-04-12"", ""2025-04-19"", ""2025-04-26"", ""2025-05-03"", ""2025-05-10"", ""2025-05-17"", ""2025-05-24"", ""2025-05-31"", ""2025-06-07"", ""2025-06-14"", ""2025-06-21"", ""2025-06-28"", ""2025-07-05"", ""2025-07-12"", ""2025-07-19"", ""2025-07-26"", ""2025-08-02"", ""2025-08-09"", ""2025-08-16""]",4752,2025-01-04 00:00:00,2025-08-17,2025-08-17,0,234,none,False
Load:B0:2025-08-24,Load,B0,2025-08-24,2,"[""2025-08-23""]",1,2025-08-23 23:50:00,2025-08-24,2025-08-24,0,235,none,False
Load:B1:2025-08-24,Load,B1,2025-08-24,2,"[""2025-08-23""]",144,2025-08-23 00:00:00,2025-08-24,2025-08-24,0,235,none,False
Load:B2:2025-08-24,Load,B2,2025-08-24,2,"[""2025-08-17""]",144,2025-08-17 00:00:00,2025-08-18,2025-08-18,0,235,none,False
Load:B3:2025-08-24,Load,B3,2025-08-24,2,"[""2025-08-17"", ""2025-08-18"", ""2025-08-19"", ""2025-08-20"", ""2025-08-21"", ""2025-08-22"", ""2025-08-23""]",1008,2025-08-17 00:00:00,2025-08-24,2025-08-24,0,235,none,False
Load:B4:2025-08-24,Load,B4,2025-08-24,2,"[""2025-01-05"", ""2025-01-12"", ""2025-01-19"", ""2025-01-26"", ""2025-02-02"", ""2025-02-09"", ""2025-02-16"", ""2025-02-23"", ""2025-03-02"", ""2025-03-09"", ""2025-03-16"", ""2025-03-23"", ""2025-03-30"", ""2025-04-06"", ""2025-04-13"", ""2025-04-20"", ""2025-04-27"", ""2025-05-04"", ""2025-05-11"", ""2025-05-18"", ""2025-05-25"", ""2025-06-01"", ""2025-06-08"", ""2025-06-15"", ""2025-06-22"", ""2025-06-29"", ""2025-07-06"", ""2025-07-13"", ""2025-07-20"", ""2025-07-27"", ""2025-08-03"", ""2025-08-10"", ""2025-08-17""]",4752,2025-01-05 00:00:00,2025-08-18,2025-08-18,0,235,none,False
PV:B0:2025-08-24,PV,B0,2025-08-24,2,"[""2025-08-23""]",1,2025-08-23 23:50:00,2025-08-24,2025-08-24,0,235,none,False
PV:B1:2025-08-24,PV,B1,2025-08-24,2,"[""2025-08-23""]",144,2025-08-23 00:00:00,2025-08-24,2025-08-24,0,235,none,False
PV:B2:2025-08-24,PV,B2,2025-08-24,2,"[""2025-08-17""]",144,2025-08-17 00:00:00,2025-08-18,2025-08-18,0,235,none,False
PV:B3:2025-08-24,PV,B3,2025-08-24,2,"[""2025-08-17"", ""2025-08-18"", ""2025-08-19"", ""2025-08-20"", ""2025-08-21"", ""2025-08-22"", ""2025-08-23""]",1008,2025-08-17 00:00:00,2025-08-24,2025-08-24,0,235,none,False
PV:B4:2025-08-24,PV,B4,2025-08-24,2,"[""2025-01-05"", ""2025-01-12"", ""2025-01-19"", ""2025-01-26"", ""2025-02-02"", ""2025-02-09"", ""2025-02-16"", ""2025-02-23"", ""2025-03-02"", ""2025-03-09"", ""2025-03-16"", ""2025-03-23"", ""2025-03-30"", ""2025-04-06"", ""2025-04-13"", ""2025-04-20"", ""2025-04-27"", ""2025-05-04"", ""2025-05-11"", ""2025-05-18"", ""2025-05-25"", ""2025-06-01"", ""2025-06-08"", ""2025-06-15"", ""2025-06-22"", ""2025-06-29"", ""2025-07-06"", ""2025-07-13"", ""2025-07-20"", ""2025-07-27"", ""2025-08-03"", ""2025-08-10"", ""2025-08-17""]",4752,2025-01-05 00:00:00,2025-08-18,2025-08-18,0,235,none,False
Load:B0:2025-08-25,Load,B0,2025-08-25,2,"[""2025-08-24""]",1,2025-08-24 23:50:00,2025-08-25,2025-08-25,0,236,none,False
Load:B1:2025-08-25,Load,B1,2025-08-25,2,"[""2025-08-24""]",144,2025-08-24 00:00:00,2025-08-25,2025-08-25,0,236,none,False
Load:B2:2025-08-25,Load,B2,2025-08-25,2,"[""2025-08-18""]",144,2025-08-18 00:00:00,2025-08-19,2025-08-19,0,236,none,False
Load:B3:2025-08-25,Load,B3,2025-08-25,2,"[""2025-08-18"", ""2025-08-19"", ""2025-08-20"", ""2025-08-21"", ""2025-08-22"", ""2025-08-23"", ""2025-08-24""]",1008,2025-08-18 00:00:00,2025-08-25,2025-08-25,0,236,none,False
Load:B4:2025-08-25,Load,B4,2025-08-25,2,"[""2025-01-06"", ""2025-01-13"", ""2025-01-20"", ""2025-01-27"", ""2025-02-03"", ""2025-02-10"", ""2025-02-17"", ""2025-02-24"", ""2025-03-03"", ""2025-03-10"", ""2025-03-17"", ""2025-03-24"", ""2025-03-31"", ""2025-04-07"", ""2025-04-14"", ""2025-04-21"", ""2025-04-28"", ""2025-05-05"", ""2025-05-12"", ""2025-05-19"", ""2025-05-26"", ""2025-06-02"", ""2025-06-09"", ""2025-06-16"", ""2025-06-23"", ""2025-06-30"", ""2025-07-07"", ""2025-07-14"", ""2025-07-21"", ""2025-07-28"", ""2025-08-04"", ""2025-08-11"", ""2025-08-18""]",4752,2025-01-06 00:00:00,2025-08-19,2025-08-19,0,236,none,False
PV:B0:2025-08-25,PV,B0,2025-08-25,2,"[""2025-08-24""]",1,2025-08-24 23:50:00,2025-08-25,2025-08-25,0,236,none,False
PV:B1:2025-08-25,PV,B1,2025-08-25,2,"[""2025-08-24""]",144,2025-08-24 00:00:00,2025-08-25,2025-08-25,0,236,none,False
PV:B2:2025-08-25,PV,B2,2025-08-25,2,"[""2025-08-18""]",144,2025-08-18 00:00:00,2025-08-19,2025-08-19,0,236,none,False
PV:B3:2025-08-25,PV,B3,2025-08-25,2,"[""2025-08-18"", ""2025-08-19"", ""2025-08-20"", ""2025-08-21"", ""2025-08-22"", ""2025-08-23"", ""2025-08-24""]",1008,2025-08-18 00:00:00,2025-08-25,2025-08-25,0,236,none,False
PV:B4:2025-08-25,PV,B4,2025-08-25,2,"[""2025-01-06"", ""2025-01-13"", ""2025-01-20"", ""2025-01-27"", ""2025-02-03"", ""2025-02-10"", ""2025-02-17"", ""2025-02-24"", ""2025-03-03"", ""2025-03-10"", ""2025-03-17"", ""2025-03-24"", ""2025-03-31"", ""2025-04-07"", ""2025-04-14"", ""2025-04-21"", ""2025-04-28"", ""2025-05-05"", ""2025-05-12"", ""2025-05-19"", ""2025-05-26"", ""2025-06-02"", ""2025-06-09"", ""2025-06-16"", ""2025-06-23"", ""2025-06-30"", ""2025-07-07"", ""2025-07-14"", ""2025-07-21"", ""2025-07-28"", ""2025-08-04"", ""2025-08-11"", ""2025-08-18""]",4752,2025-01-06 00:00:00,2025-08-19,2025-08-19,0,236,none,False
Load:B0:2025-08-26,Load,B0,2025-08-26,2,"[""2025-08-25""]",1,2025-08-25 23:50:00,2025-08-26,2025-08-26,0,237,none,False
Load:B1:2025-08-26,Load,B1,2025-08-26,2,"[""2025-08-25""]",144,2025-08-25 00:00:00,2025-08-26,2025-08-26,0,237,none,False
Load:B2:2025-08-26,Load,B2,2025-08-26,2,"[""2025-08-19""]",144,2025-08-19 00:00:00,2025-08-20,2025-08-20,0,237,none,False
Load:B3:2025-08-26,Load,B3,2025-08-26,2,"[""2025-08-19"", ""2025-08-20"", ""2025-08-21"", ""2025-08-22"", ""2025-08-23"", ""2025-08-24"", ""2025-08-25""]",1008,2025-08-19 00:00:00,2025-08-26,2025-08-26,0,237,none,False
Load:B4:2025-08-26,Load,B4,2025-08-26,2,"[""2025-01-07"", ""2025-01-14"", ""2025-01-21"", ""2025-01-28"", ""2025-02-04"", ""2025-02-11"", ""2025-02-18"", ""2025-02-25"", ""2025-03-04"", ""2025-03-11"", ""2025-03-18"", ""2025-03-25"", ""2025-04-01"", ""2025-04-08"", ""2025-04-15"", ""2025-04-22"", ""2025-04-29"", ""2025-05-06"", ""2025-05-13"", ""2025-05-20"", ""2025-05-27"", ""2025-06-03"", ""2025-06-10"", ""2025-06-17"", ""2025-06-24"", ""2025-07-01"", ""2025-07-08"", ""2025-07-15"", ""2025-07-22"", ""2025-07-29"", ""2025-08-05"", ""2025-08-12"", ""2025-08-19""]",4752,2025-01-07 00:00:00,2025-08-20,2025-08-20,0,237,none,False
PV:B0:2025-08-26,PV,B0,2025-08-26,2,"[""2025-08-25""]",1,2025-08-25 23:50:00,2025-08-26,2025-08-26,0,237,none,False
PV:B1:2025-08-26,PV,B1,2025-08-26,2,"[""2025-08-25""]",144,2025-08-25 00:00:00,2025-08-26,2025-08-26,0,237,none,False
PV:B2:2025-08-26,PV,B2,2025-08-26,2,"[""2025-08-19""]",144,2025-08-19 00:00:00,2025-08-20,2025-08-20,0,237,none,False
PV:B3:2025-08-26,PV,B3,2025-08-26,2,"[""2025-08-19"", ""2025-08-20"", ""2025-08-21"", ""2025-08-22"", ""2025-08-23"", ""2025-08-24"", ""2025-08-25""]",1008,2025-08-19 00:00:00,2025-08-26,2025-08-26,0,237,none,False
PV:B4:2025-08-26,PV,B4,2025-08-26,2,"[""2025-01-07"", ""2025-01-14"", ""2025-01-21"", ""2025-01-28"", ""2025-02-04"", ""2025-02-11"", ""2025-02-18"", ""2025-02-25"", ""2025-03-04"", ""2025-03-11"", ""2025-03-18"", ""2025-03-25"", ""2025-04-01"", ""2025-04-08"", ""2025-04-15"", ""2025-04-22"", ""2025-04-29"", ""2025-05-06"", ""2025-05-13"", ""2025-05-20"", ""2025-05-27"", ""2025-06-03"", ""2025-06-10"", ""2025-06-17"", ""2025-06-24"", ""2025-07-01"", ""2025-07-08"", ""2025-07-15"", ""2025-07-22"", ""2025-07-29"", ""2025-08-05"", ""2025-08-12"", ""2025-08-19""]",4752,2025-01-07 00:00:00,2025-08-20,2025-08-20,0,237,none,False
Load:B0:2025-08-27,Load,B0,2025-08-27,2,"[""2025-08-26""]",1,2025-08-26 23:50:00,2025-08-27,2025-08-27,0,238,none,False
Load:B1:2025-08-27,Load,B1,2025-08-27,2,"[""2025-08-26""]",144,2025-08-26 00:00:00,2025-08-27,2025-08-27,0,238,none,False
Load:B2:2025-08-27,Load,B2,2025-08-27,2,"[""2025-08-20""]",144,2025-08-20 00:00:00,2025-08-21,2025-08-21,0,238,none,False
Load:B3:2025-08-27,Load,B3,2025-08-27,2,"[""2025-08-20"", ""2025-08-21"", ""2025-08-22"", ""2025-08-23"", ""2025-08-24"", ""2025-08-25"", ""2025-08-26""]",1008,2025-08-20 00:00:00,2025-08-27,2025-08-27,0,238,none,False
Load:B4:2025-08-27,Load,B4,2025-08-27,2,"[""2025-01-01"", ""2025-01-08"", ""2025-01-15"", ""2025-01-22"", ""2025-01-29"", ""2025-02-05"", ""2025-02-12"", ""2025-02-19"", ""2025-02-26"", ""2025-03-05"", ""2025-03-12"", ""2025-03-19"", ""2025-03-26"", ""2025-04-02"", ""2025-04-09"", ""2025-04-16"", ""2025-04-23"", ""2025-04-30"", ""2025-05-07"", ""2025-05-14"", ""2025-05-21"", ""2025-05-28"", ""2025-06-04"", ""2025-06-11"", ""2025-06-18"", ""2025-06-25"", ""2025-07-02"", ""2025-07-09"", ""2025-07-16"", ""2025-07-23"", ""2025-07-30"", ""2025-08-06"", ""2025-08-13"", ""2025-08-20""]",4896,2025-01-01 00:00:00,2025-08-21,2025-08-21,0,238,none,False
PV:B0:2025-08-27,PV,B0,2025-08-27,2,"[""2025-08-26""]",1,2025-08-26 23:50:00,2025-08-27,2025-08-27,0,238,none,False
PV:B1:2025-08-27,PV,B1,2025-08-27,2,"[""2025-08-26""]",144,2025-08-26 00:00:00,2025-08-27,2025-08-27,0,238,none,False
PV:B2:2025-08-27,PV,B2,2025-08-27,2,"[""2025-08-20""]",144,2025-08-20 00:00:00,2025-08-21,2025-08-21,0,238,none,False
PV:B3:2025-08-27,PV,B3,2025-08-27,2,"[""2025-08-20"", ""2025-08-21"", ""2025-08-22"", ""2025-08-23"", ""2025-08-24"", ""2025-08-25"", ""2025-08-26""]",1008,2025-08-20 00:00:00,2025-08-27,2025-08-27,0,238,none,False
PV:B4:2025-08-27,PV,B4,2025-08-27,2,"[""2025-01-01"", ""2025-01-08"", ""2025-01-15"", ""2025-01-22"", ""2025-01-29"", ""2025-02-05"", ""2025-02-12"", ""2025-02-19"", ""2025-02-26"", ""2025-03-05"", ""2025-03-12"", ""2025-03-19"", ""2025-03-26"", ""2025-04-02"", ""2025-04-09"", ""2025-04-16"", ""2025-04-23"", ""2025-04-30"", ""2025-05-07"", ""2025-05-14"", ""2025-05-21"", ""2025-05-28"", ""2025-06-04"", ""2025-06-11"", ""2025-06-18"", ""2025-06-25"", ""2025-07-02"", ""2025-07-09"", ""2025-07-16"", ""2025-07-23"", ""2025-07-30"", ""2025-08-06"", ""2025-08-13"", ""2025-08-20""]",4896,2025-01-01 00:00:00,2025-08-21,2025-08-21,0,238,none,False
Load:B0:2025-08-28,Load,B0,2025-08-28,2,"[""2025-08-27""]",1,2025-08-27 23:50:00,2025-08-28,2025-08-28,0,239,none,False
Load:B1:2025-08-28,Load,B1,2025-08-28,2,"[""2025-08-27""]",144,2025-08-27 00:00:00,2025-08-28,2025-08-28,0,239,none,False
Load:B2:2025-08-28,Load,B2,2025-08-28,2,"[""2025-08-21""]",144,2025-08-21 00:00:00,2025-08-22,2025-08-22,0,239,none,False
Load:B3:2025-08-28,Load,B3,2025-08-28,2,"[""2025-08-21"", ""2025-08-22"", ""2025-08-23"", ""2025-08-24"", ""2025-08-25"", ""2025-08-26"", ""2025-08-27""]",1008,2025-08-21 00:00:00,2025-08-28,2025-08-28,0,239,none,False
Load:B4:2025-08-28,Load,B4,2025-08-28,2,"[""2025-01-02"", ""2025-01-09"", ""2025-01-16"", ""2025-01-23"", ""2025-01-30"", ""2025-02-06"", ""2025-02-13"", ""2025-02-20"", ""2025-02-27"", ""2025-03-06"", ""2025-03-13"", ""2025-03-20"", ""2025-03-27"", ""2025-04-03"", ""2025-04-10"", ""2025-04-17"", ""2025-04-24"", ""2025-05-01"", ""2025-05-08"", ""2025-05-15"", ""2025-05-22"", ""2025-05-29"", ""2025-06-05"", ""2025-06-12"", ""2025-06-19"", ""2025-06-26"", ""2025-07-03"", ""2025-07-10"", ""2025-07-17"", ""2025-07-24"", ""2025-07-31"", ""2025-08-07"", ""2025-08-14"", ""2025-08-21""]",4896,2025-01-02 00:00:00,2025-08-22,2025-08-22,0,239,none,False
PV:B0:2025-08-28,PV,B0,2025-08-28,2,"[""2025-08-27""]",1,2025-08-27 23:50:00,2025-08-28,2025-08-28,0,239,none,False
PV:B1:2025-08-28,PV,B1,2025-08-28,2,"[""2025-08-27""]",144,2025-08-27 00:00:00,2025-08-28,2025-08-28,0,239,none,False
PV:B2:2025-08-28,PV,B2,2025-08-28,2,"[""2025-08-21""]",144,2025-08-21 00:00:00,2025-08-22,2025-08-22,0,239,none,False
PV:B3:2025-08-28,PV,B3,2025-08-28,2,"[""2025-08-21"", ""2025-08-22"", ""2025-08-23"", ""2025-08-24"", ""2025-08-25"", ""2025-08-26"", ""2025-08-27""]",1008,2025-08-21 00:00:00,2025-08-28,2025-08-28,0,239,none,False
PV:B4:2025-08-28,PV,B4,2025-08-28,2,"[""2025-01-02"", ""2025-01-09"", ""2025-01-16"", ""2025-01-23"", ""2025-01-30"", ""2025-02-06"", ""2025-02-13"", ""2025-02-20"", ""2025-02-27"", ""2025-03-06"", ""2025-03-13"", ""2025-03-20"", ""2025-03-27"", ""2025-04-03"", ""2025-04-10"", ""2025-04-17"", ""2025-04-24"", ""2025-05-01"", ""2025-05-08"", ""2025-05-15"", ""2025-05-22"", ""2025-05-29"", ""2025-06-05"", ""2025-06-12"", ""2025-06-19"", ""2025-06-26"", ""2025-07-03"", ""2025-07-10"", ""2025-07-17"", ""2025-07-24"", ""2025-07-31"", ""2025-08-07"", ""2025-08-14"", ""2025-08-21""]",4896,2025-01-02 00:00:00,2025-08-22,2025-08-22,0,239,none,False
Load:B0:2025-08-29,Load,B0,2025-08-29,2,"[""2025-08-28""]",1,2025-08-28 23:50:00,2025-08-29,2025-08-29,0,240,none,False
Load:B1:2025-08-29,Load,B1,2025-08-29,2,"[""2025-08-28""]",144,2025-08-28 00:00:00,2025-08-29,2025-08-29,0,240,none,False
Load:B2:2025-08-29,Load,B2,2025-08-29,2,"[""2025-08-22""]",144,2025-08-22 00:00:00,2025-08-23,2025-08-23,0,240,none,False
Load:B3:2025-08-29,Load,B3,2025-08-29,2,"[""2025-08-22"", ""2025-08-23"", ""2025-08-24"", ""2025-08-25"", ""2025-08-26"", ""2025-08-27"", ""2025-08-28""]",1008,2025-08-22 00:00:00,2025-08-29,2025-08-29,0,240,none,False
Load:B4:2025-08-29,Load,B4,2025-08-29,2,"[""2025-01-03"", ""2025-01-10"", ""2025-01-17"", ""2025-01-24"", ""2025-01-31"", ""2025-02-07"", ""2025-02-14"", ""2025-02-21"", ""2025-02-28"", ""2025-03-07"", ""2025-03-14"", ""2025-03-21"", ""2025-03-28"", ""2025-04-04"", ""2025-04-11"", ""2025-04-18"", ""2025-04-25"", ""2025-05-02"", ""2025-05-09"", ""2025-05-16"", ""2025-05-23"", ""2025-05-30"", ""2025-06-06"", ""2025-06-13"", ""2025-06-20"", ""2025-06-27"", ""2025-07-04"", ""2025-07-11"", ""2025-07-18"", ""2025-07-25"", ""2025-08-01"", ""2025-08-08"", ""2025-08-15"", ""2025-08-22""]",4896,2025-01-03 00:00:00,2025-08-23,2025-08-23,0,240,none,False
PV:B0:2025-08-29,PV,B0,2025-08-29,2,"[""2025-08-28""]",1,2025-08-28 23:50:00,2025-08-29,2025-08-29,0,240,none,False
PV:B1:2025-08-29,PV,B1,2025-08-29,2,"[""2025-08-28""]",144,2025-08-28 00:00:00,2025-08-29,2025-08-29,0,240,none,False
PV:B2:2025-08-29,PV,B2,2025-08-29,2,"[""2025-08-22""]",144,2025-08-22 00:00:00,2025-08-23,2025-08-23,0,240,none,False
PV:B3:2025-08-29,PV,B3,2025-08-29,2,"[""2025-08-22"", ""2025-08-23"", ""2025-08-24"", ""2025-08-25"", ""2025-08-26"", ""2025-08-27"", ""2025-08-28""]",1008,2025-08-22 00:00:00,2025-08-29,2025-08-29,0,240,none,False
PV:B4:2025-08-29,PV,B4,2025-08-29,2,"[""2025-01-03"", ""2025-01-10"", ""2025-01-17"", ""2025-01-24"", ""2025-01-31"", ""2025-02-07"", ""2025-02-14"", ""2025-02-21"", ""2025-02-28"", ""2025-03-07"", ""2025-03-14"", ""2025-03-21"", ""2025-03-28"", ""2025-04-04"", ""2025-04-11"", ""2025-04-18"", ""2025-04-25"", ""2025-05-02"", ""2025-05-09"", ""2025-05-16"", ""2025-05-23"", ""2025-05-30"", ""2025-06-06"", ""2025-06-13"", ""2025-06-20"", ""2025-06-27"", ""2025-07-04"", ""2025-07-11"", ""2025-07-18"", ""2025-07-25"", ""2025-08-01"", ""2025-08-08"", ""2025-08-15"", ""2025-08-22""]",4896,2025-01-03 00:00:00,2025-08-23,2025-08-23,0,240,none,False
Load:B0:2025-08-30,Load,B0,2025-08-30,2,"[""2025-08-29""]",1,2025-08-29 23:50:00,2025-08-30,2025-08-30,0,241,none,False
Load:B1:2025-08-30,Load,B1,2025-08-30,2,"[""2025-08-29""]",144,2025-08-29 00:00:00,2025-08-30,2025-08-30,0,241,none,False
Load:B2:2025-08-30,Load,B2,2025-08-30,2,"[""2025-08-23""]",144,2025-08-23 00:00:00,2025-08-24,2025-08-24,0,241,none,False
Load:B3:2025-08-30,Load,B3,2025-08-30,2,"[""2025-08-23"", ""2025-08-24"", ""2025-08-25"", ""2025-08-26"", ""2025-08-27"", ""2025-08-28"", ""2025-08-29""]",1008,2025-08-23 00:00:00,2025-08-30,2025-08-30,0,241,none,False
Load:B4:2025-08-30,Load,B4,2025-08-30,2,"[""2025-01-04"", ""2025-01-11"", ""2025-01-18"", ""2025-01-25"", ""2025-02-01"", ""2025-02-08"", ""2025-02-15"", ""2025-02-22"", ""2025-03-01"", ""2025-03-08"", ""2025-03-15"", ""2025-03-22"", ""2025-03-29"", ""2025-04-05"", ""2025-04-12"", ""2025-04-19"", ""2025-04-26"", ""2025-05-03"", ""2025-05-10"", ""2025-05-17"", ""2025-05-24"", ""2025-05-31"", ""2025-06-07"", ""2025-06-14"", ""2025-06-21"", ""2025-06-28"", ""2025-07-05"", ""2025-07-12"", ""2025-07-19"", ""2025-07-26"", ""2025-08-02"", ""2025-08-09"", ""2025-08-16"", ""2025-08-23""]",4896,2025-01-04 00:00:00,2025-08-24,2025-08-24,0,241,none,False
PV:B0:2025-08-30,PV,B0,2025-08-30,2,"[""2025-08-29""]",1,2025-08-29 23:50:00,2025-08-30,2025-08-30,0,241,none,False
PV:B1:2025-08-30,PV,B1,2025-08-30,2,"[""2025-08-29""]",144,2025-08-29 00:00:00,2025-08-30,2025-08-30,0,241,none,False
PV:B2:2025-08-30,PV,B2,2025-08-30,2,"[""2025-08-23""]",144,2025-08-23 00:00:00,2025-08-24,2025-08-24,0,241,none,False
PV:B3:2025-08-30,PV,B3,2025-08-30,2,"[""2025-08-23"", ""2025-08-24"", ""2025-08-25"", ""2025-08-26"", ""2025-08-27"", ""2025-08-28"", ""2025-08-29""]",1008,2025-08-23 00:00:00,2025-08-30,2025-08-30,0,241,none,False
PV:B4:2025-08-30,PV,B4,2025-08-30,2,"[""2025-01-04"", ""2025-01-11"", ""2025-01-18"", ""2025-01-25"", ""2025-02-01"", ""2025-02-08"", ""2025-02-15"", ""2025-02-22"", ""2025-03-01"", ""2025-03-08"", ""2025-03-15"", ""2025-03-22"", ""2025-03-29"", ""2025-04-05"", ""2025-04-12"", ""2025-04-19"", ""2025-04-26"", ""2025-05-03"", ""2025-05-10"", ""2025-05-17"", ""2025-05-24"", ""2025-05-31"", ""2025-06-07"", ""2025-06-14"", ""2025-06-21"", ""2025-06-28"", ""2025-07-05"", ""2025-07-12"", ""2025-07-19"", ""2025-07-26"", ""2025-08-02"", ""2025-08-09"", ""2025-08-16"", ""2025-08-23""]",4896,2025-01-04 00:00:00,2025-08-24,2025-08-24,0,241,none,False
Load:B0:2025-08-31,Load,B0,2025-08-31,2,"[""2025-08-30""]",1,2025-08-30 23:50:00,2025-08-31,2025-08-31,0,242,none,False
Load:B1:2025-08-31,Load,B1,2025-08-31,2,"[""2025-08-30""]",144,2025-08-30 00:00:00,2025-08-31,2025-08-31,0,242,none,False
Load:B2:2025-08-31,Load,B2,2025-08-31,2,"[""2025-08-24""]",144,2025-08-24 00:00:00,2025-08-25,2025-08-25,0,242,none,False
Load:B3:2025-08-31,Load,B3,2025-08-31,2,"[""2025-08-24"", ""2025-08-25"", ""2025-08-26"", ""2025-08-27"", ""2025-08-28"", ""2025-08-29"", ""2025-08-30""]",1008,2025-08-24 00:00:00,2025-08-31,2025-08-31,0,242,none,False
Load:B4:2025-08-31,Load,B4,2025-08-31,2,"[""2025-01-05"", ""2025-01-12"", ""2025-01-19"", ""2025-01-26"", ""2025-02-02"", ""2025-02-09"", ""2025-02-16"", ""2025-02-23"", ""2025-03-02"", ""2025-03-09"", ""2025-03-16"", ""2025-03-23"", ""2025-03-30"", ""2025-04-06"", ""2025-04-13"", ""2025-04-20"", ""2025-04-27"", ""2025-05-04"", ""2025-05-11"", ""2025-05-18"", ""2025-05-25"", ""2025-06-01"", ""2025-06-08"", ""2025-06-15"", ""2025-06-22"", ""2025-06-29"", ""2025-07-06"", ""2025-07-13"", ""2025-07-20"", ""2025-07-27"", ""2025-08-03"", ""2025-08-10"", ""2025-08-17"", ""2025-08-24""]",4896,2025-01-05 00:00:00,2025-08-25,2025-08-25,0,242,none,False
PV:B0:2025-08-31,PV,B0,2025-08-31,2,"[""2025-08-30""]",1,2025-08-30 23:50:00,2025-08-31,2025-08-31,0,242,none,False
PV:B1:2025-08-31,PV,B1,2025-08-31,2,"[""2025-08-30""]",144,2025-08-30 00:00:00,2025-08-31,2025-08-31,0,242,none,False
PV:B2:2025-08-31,PV,B2,2025-08-31,2,"[""2025-08-24""]",144,2025-08-24 00:00:00,2025-08-25,2025-08-25,0,242,none,False
PV:B3:2025-08-31,PV,B3,2025-08-31,2,"[""2025-08-24"", ""2025-08-25"", ""2025-08-26"", ""2025-08-27"", ""2025-08-28"", ""2025-08-29"", ""2025-08-30""]",1008,2025-08-24 00:00:00,2025-08-31,2025-08-31,0,242,none,False
PV:B4:2025-08-31,PV,B4,2025-08-31,2,"[""2025-01-05"", ""2025-01-12"", ""2025-01-19"", ""2025-01-26"", ""2025-02-02"", ""2025-02-09"", ""2025-02-16"", ""2025-02-23"", ""2025-03-02"", ""2025-03-09"", ""2025-03-16"", ""2025-03-23"", ""2025-03-30"", ""2025-04-06"", ""2025-04-13"", ""2025-04-20"", ""2025-04-27"", ""2025-05-04"", ""2025-05-11"", ""2025-05-18"", ""2025-05-25"", ""2025-06-01"", ""2025-06-08"", ""2025-06-15"", ""2025-06-22"", ""2025-06-29"", ""2025-07-06"", ""2025-07-13"", ""2025-07-20"", ""2025-07-27"", ""2025-08-03"", ""2025-08-10"", ""2025-08-17"", ""2025-08-24""]",4896,2025-01-05 00:00:00,2025-08-25,2025-08-25,0,242,none,False
Load:B0:2025-09-01,Load,B0,2025-09-01,2,"[""2025-08-31""]",1,2025-08-31 23:50:00,2025-09-01,2025-09-01,0,243,none,False
Load:B1:2025-09-01,Load,B1,2025-09-01,2,"[""2025-08-31""]",144,2025-08-31 00:00:00,2025-09-01,2025-09-01,0,243,none,False
Load:B2:2025-09-01,Load,B2,2025-09-01,2,"[""2025-08-25""]",144,2025-08-25 00:00:00,2025-08-26,2025-08-26,0,243,none,False
Load:B3:2025-09-01,Load,B3,2025-09-01,2,"[""2025-08-25"", ""2025-08-26"", ""2025-08-27"", ""2025-08-28"", ""2025-08-29"", ""2025-08-30"", ""2025-08-31""]",1008,2025-08-25 00:00:00,2025-09-01,2025-09-01,0,243,none,False
Load:B4:2025-09-01,Load,B4,2025-09-01,2,"[""2025-01-06"", ""2025-01-13"", ""2025-01-20"", ""2025-01-27"", ""2025-02-03"", ""2025-02-10"", ""2025-02-17"", ""2025-02-24"", ""2025-03-03"", ""2025-03-10"", ""2025-03-17"", ""2025-03-24"", ""2025-03-31"", ""2025-04-07"", ""2025-04-14"", ""2025-04-21"", ""2025-04-28"", ""2025-05-05"", ""2025-05-12"", ""2025-05-19"", ""2025-05-26"", ""2025-06-02"", ""2025-06-09"", ""2025-06-16"", ""2025-06-23"", ""2025-06-30"", ""2025-07-07"", ""2025-07-14"", ""2025-07-21"", ""2025-07-28"", ""2025-08-04"", ""2025-08-11"", ""2025-08-18"", ""2025-08-25""]",4896,2025-01-06 00:00:00,2025-08-26,2025-08-26,0,243,none,False
PV:B0:2025-09-01,PV,B0,2025-09-01,2,"[""2025-08-31""]",1,2025-08-31 23:50:00,2025-09-01,2025-09-01,0,243,none,False
PV:B1:2025-09-01,PV,B1,2025-09-01,2,"[""2025-08-31""]",144,2025-08-31 00:00:00,2025-09-01,2025-09-01,0,243,none,False
PV:B2:2025-09-01,PV,B2,2025-09-01,2,"[""2025-08-25""]",144,2025-08-25 00:00:00,2025-08-26,2025-08-26,0,243,none,False
PV:B3:2025-09-01,PV,B3,2025-09-01,2,"[""2025-08-25"", ""2025-08-26"", ""2025-08-27"", ""2025-08-28"", ""2025-08-29"", ""2025-08-30"", ""2025-08-31""]",1008,2025-08-25 00:00:00,2025-09-01,2025-09-01,0,243,none,False
PV:B4:2025-09-01,PV,B4,2025-09-01,2,"[""2025-01-06"", ""2025-01-13"", ""2025-01-20"", ""2025-01-27"", ""2025-02-03"", ""2025-02-10"", ""2025-02-17"", ""2025-02-24"", ""2025-03-03"", ""2025-03-10"", ""2025-03-17"", ""2025-03-24"", ""2025-03-31"", ""2025-04-07"", ""2025-04-14"", ""2025-04-21"", ""2025-04-28"", ""2025-05-05"", ""2025-05-12"", ""2025-05-19"", ""2025-05-26"", ""2025-06-02"", ""2025-06-09"", ""2025-06-16"", ""2025-06-23"", ""2025-06-30"", ""2025-07-07"", ""2025-07-14"", ""2025-07-21"", ""2025-07-28"", ""2025-08-04"", ""2025-08-11"", ""2025-08-18"", ""2025-08-25""]",4896,2025-01-06 00:00:00,2025-08-26,2025-08-26,0,243,none,False
Load:B0:2025-09-02,Load,B0,2025-09-02,2,"[""2025-09-01""]",1,2025-09-01 23:50:00,2025-09-02,2025-09-02,0,244,none,False
Load:B1:2025-09-02,Load,B1,2025-09-02,2,"[""2025-09-01""]",144,2025-09-01 00:00:00,2025-09-02,2025-09-02,0,244,none,False
Load:B2:2025-09-02,Load,B2,2025-09-02,2,"[""2025-08-26""]",144,2025-08-26 00:00:00,2025-08-27,2025-08-27,0,244,none,False
Load:B3:2025-09-02,Load,B3,2025-09-02,2,"[""2025-08-26"", ""2025-08-27"", ""2025-08-28"", ""2025-08-29"", ""2025-08-30"", ""2025-08-31"", ""2025-09-01""]",1008,2025-08-26 00:00:00,2025-09-02,2025-09-02,0,244,none,False
Load:B4:2025-09-02,Load,B4,2025-09-02,2,"[""2025-01-07"", ""2025-01-14"", ""2025-01-21"", ""2025-01-28"", ""2025-02-04"", ""2025-02-11"", ""2025-02-18"", ""2025-02-25"", ""2025-03-04"", ""2025-03-11"", ""2025-03-18"", ""2025-03-25"", ""2025-04-01"", ""2025-04-08"", ""2025-04-15"", ""2025-04-22"", ""2025-04-29"", ""2025-05-06"", ""2025-05-13"", ""2025-05-20"", ""2025-05-27"", ""2025-06-03"", ""2025-06-10"", ""2025-06-17"", ""2025-06-24"", ""2025-07-01"", ""2025-07-08"", ""2025-07-15"", ""2025-07-22"", ""2025-07-29"", ""2025-08-05"", ""2025-08-12"", ""2025-08-19"", ""2025-08-26""]",4896,2025-01-07 00:00:00,2025-08-27,2025-08-27,0,244,none,False
PV:B0:2025-09-02,PV,B0,2025-09-02,2,"[""2025-09-01""]",1,2025-09-01 23:50:00,2025-09-02,2025-09-02,0,244,none,False
PV:B1:2025-09-02,PV,B1,2025-09-02,2,"[""2025-09-01""]",144,2025-09-01 00:00:00,2025-09-02,2025-09-02,0,244,none,False
PV:B2:2025-09-02,PV,B2,2025-09-02,2,"[""2025-08-26""]",144,2025-08-26 00:00:00,2025-08-27,2025-08-27,0,244,none,False
PV:B3:2025-09-02,PV,B3,2025-09-02,2,"[""2025-08-26"", ""2025-08-27"", ""2025-08-28"", ""2025-08-29"", ""2025-08-30"", ""2025-08-31"", ""2025-09-01""]",1008,2025-08-26 00:00:00,2025-09-02,2025-09-02,0,244,none,False
PV:B4:2025-09-02,PV,B4,2025-09-02,2,"[""2025-01-07"", ""2025-01-14"", ""2025-01-21"", ""2025-01-28"", ""2025-02-04"", ""2025-02-11"", ""2025-02-18"", ""2025-02-25"", ""2025-03-04"", ""2025-03-11"", ""2025-03-18"", ""2025-03-25"", ""2025-04-01"", ""2025-04-08"", ""2025-04-15"", ""2025-04-22"", ""2025-04-29"", ""2025-05-06"", ""2025-05-13"", ""2025-05-20"", ""2025-05-27"", ""2025-06-03"", ""2025-06-10"", ""2025-06-17"", ""2025-06-24"", ""2025-07-01"", ""2025-07-08"", ""2025-07-15"", ""2025-07-22"", ""2025-07-29"", ""2025-08-05"", ""2025-08-12"", ""2025-08-19"", ""2025-08-26""]",4896,2025-01-07 00:00:00,2025-08-27,2025-08-27,0,244,none,False
Load:B0:2025-09-03,Load,B0,2025-09-03,2,"[""2025-09-02""]",1,2025-09-02 23:50:00,2025-09-03,2025-09-03,0,245,none,False
Load:B1:2025-09-03,Load,B1,2025-09-03,2,"[""2025-09-02""]",144,2025-09-02 00:00:00,2025-09-03,2025-09-03,0,245,none,False
Load:B2:2025-09-03,Load,B2,2025-09-03,2,"[""2025-08-27""]",144,2025-08-27 00:00:00,2025-08-28,2025-08-28,0,245,none,False
Load:B3:2025-09-03,Load,B3,2025-09-03,2,"[""2025-08-27"", ""2025-08-28"", ""2025-08-29"", ""2025-08-30"", ""2025-08-31"", ""2025-09-01"", ""2025-09-02""]",1008,2025-08-27 00:00:00,2025-09-03,2025-09-03,0,245,none,False
Load:B4:2025-09-03,Load,B4,2025-09-03,2,"[""2025-01-01"", ""2025-01-08"", ""2025-01-15"", ""2025-01-22"", ""2025-01-29"", ""2025-02-05"", ""2025-02-12"", ""2025-02-19"", ""2025-02-26"", ""2025-03-05"", ""2025-03-12"", ""2025-03-19"", ""2025-03-26"", ""2025-04-02"", ""2025-04-09"", ""2025-04-16"", ""2025-04-23"", ""2025-04-30"", ""2025-05-07"", ""2025-05-14"", ""2025-05-21"", ""2025-05-28"", ""2025-06-04"", ""2025-06-11"", ""2025-06-18"", ""2025-06-25"", ""2025-07-02"", ""2025-07-09"", ""2025-07-16"", ""2025-07-23"", ""2025-07-30"", ""2025-08-06"", ""2025-08-13"", ""2025-08-20"", ""2025-08-27""]",5040,2025-01-01 00:00:00,2025-08-28,2025-08-28,0,245,none,False
PV:B0:2025-09-03,PV,B0,2025-09-03,2,"[""2025-09-02""]",1,2025-09-02 23:50:00,2025-09-03,2025-09-03,0,245,none,False
PV:B1:2025-09-03,PV,B1,2025-09-03,2,"[""2025-09-02""]",144,2025-09-02 00:00:00,2025-09-03,2025-09-03,0,245,none,False
PV:B2:2025-09-03,PV,B2,2025-09-03,2,"[""2025-08-27""]",144,2025-08-27 00:00:00,2025-08-28,2025-08-28,0,245,none,False
PV:B3:2025-09-03,PV,B3,2025-09-03,2,"[""2025-08-27"", ""2025-08-28"", ""2025-08-29"", ""2025-08-30"", ""2025-08-31"", ""2025-09-01"", ""2025-09-02""]",1008,2025-08-27 00:00:00,2025-09-03,2025-09-03,0,245,none,False
PV:B4:2025-09-03,PV,B4,2025-09-03,2,"[""2025-01-01"", ""2025-01-08"", ""2025-01-15"", ""2025-01-22"", ""2025-01-29"", ""2025-02-05"", ""2025-02-12"", ""2025-02-19"", ""2025-02-26"", ""2025-03-05"", ""2025-03-12"", ""2025-03-19"", ""2025-03-26"", ""2025-04-02"", ""2025-04-09"", ""2025-04-16"", ""2025-04-23"", ""2025-04-30"", ""2025-05-07"", ""2025-05-14"", ""2025-05-21"", ""2025-05-28"", ""2025-06-04"", ""2025-06-11"", ""2025-06-18"", ""2025-06-25"", ""2025-07-02"", ""2025-07-09"", ""2025-07-16"", ""2025-07-23"", ""2025-07-30"", ""2025-08-06"", ""2025-08-13"", ""2025-08-20"", ""2025-08-27""]",5040,2025-01-01 00:00:00,2025-08-28,2025-08-28,0,245,none,False
Load:B0:2025-09-04,Load,B0,2025-09-04,2,"[""2025-09-03""]",1,2025-09-03 23:50:00,2025-09-04,2025-09-04,0,246,none,False
Load:B1:2025-09-04,Load,B1,2025-09-04,2,"[""2025-09-03""]",144,2025-09-03 00:00:00,2025-09-04,2025-09-04,0,246,none,False
Load:B2:2025-09-04,Load,B2,2025-09-04,2,"[""2025-08-28""]",144,2025-08-28 00:00:00,2025-08-29,2025-08-29,0,246,none,False
Load:B3:2025-09-04,Load,B3,2025-09-04,2,"[""2025-08-28"", ""2025-08-29"", ""2025-08-30"", ""2025-08-31"", ""2025-09-01"", ""2025-09-02"", ""2025-09-03""]",1008,2025-08-28 00:00:00,2025-09-04,2025-09-04,0,246,none,False
Load:B4:2025-09-04,Load,B4,2025-09-04,2,"[""2025-01-02"", ""2025-01-09"", ""2025-01-16"", ""2025-01-23"", ""2025-01-30"", ""2025-02-06"", ""2025-02-13"", ""2025-02-20"", ""2025-02-27"", ""2025-03-06"", ""2025-03-13"", ""2025-03-20"", ""2025-03-27"", ""2025-04-03"", ""2025-04-10"", ""2025-04-17"", ""2025-04-24"", ""2025-05-01"", ""2025-05-08"", ""2025-05-15"", ""2025-05-22"", ""2025-05-29"", ""2025-06-05"", ""2025-06-12"", ""2025-06-19"", ""2025-06-26"", ""2025-07-03"", ""2025-07-10"", ""2025-07-17"", ""2025-07-24"", ""2025-07-31"", ""2025-08-07"", ""2025-08-14"", ""2025-08-21"", ""2025-08-28""]",5040,2025-01-02 00:00:00,2025-08-29,2025-08-29,0,246,none,False
PV:B0:2025-09-04,PV,B0,2025-09-04,2,"[""2025-09-03""]",1,2025-09-03 23:50:00,2025-09-04,2025-09-04,0,246,none,False
PV:B1:2025-09-04,PV,B1,2025-09-04,2,"[""2025-09-03""]",144,2025-09-03 00:00:00,2025-09-04,2025-09-04,0,246,none,False
PV:B2:2025-09-04,PV,B2,2025-09-04,2,"[""2025-08-28""]",144,2025-08-28 00:00:00,2025-08-29,2025-08-29,0,246,none,False
PV:B3:2025-09-04,PV,B3,2025-09-04,2,"[""2025-08-28"", ""2025-08-29"", ""2025-08-30"", ""2025-08-31"", ""2025-09-01"", ""2025-09-02"", ""2025-09-03""]",1008,2025-08-28 00:00:00,2025-09-04,2025-09-04,0,246,none,False
PV:B4:2025-09-04,PV,B4,2025-09-04,2,"[""2025-01-02"", ""2025-01-09"", ""2025-01-16"", ""2025-01-23"", ""2025-01-30"", ""2025-02-06"", ""2025-02-13"", ""2025-02-20"", ""2025-02-27"", ""2025-03-06"", ""2025-03-13"", ""2025-03-20"", ""2025-03-27"", ""2025-04-03"", ""2025-04-10"", ""2025-04-17"", ""2025-04-24"", ""2025-05-01"", ""2025-05-08"", ""2025-05-15"", ""2025-05-22"", ""2025-05-29"", ""2025-06-05"", ""2025-06-12"", ""2025-06-19"", ""2025-06-26"", ""2025-07-03"", ""2025-07-10"", ""2025-07-17"", ""2025-07-24"", ""2025-07-31"", ""2025-08-07"", ""2025-08-14"", ""2025-08-21"", ""2025-08-28""]",5040,2025-01-02 00:00:00,2025-08-29,2025-08-29,0,246,none,False
Load:B0:2025-09-05,Load,B0,2025-09-05,2,"[""2025-09-04""]",1,2025-09-04 23:50:00,2025-09-05,2025-09-05,0,247,none,False
Load:B1:2025-09-05,Load,B1,2025-09-05,2,"[""2025-09-04""]",144,2025-09-04 00:00:00,2025-09-05,2025-09-05,0,247,none,False
Load:B2:2025-09-05,Load,B2,2025-09-05,2,"[""2025-08-29""]",144,2025-08-29 00:00:00,2025-08-30,2025-08-30,0,247,none,False
Load:B3:2025-09-05,Load,B3,2025-09-05,2,"[""2025-08-29"", ""2025-08-30"", ""2025-08-31"", ""2025-09-01"", ""2025-09-02"", ""2025-09-03"", ""2025-09-04""]",1008,2025-08-29 00:00:00,2025-09-05,2025-09-05,0,247,none,False
Load:B4:2025-09-05,Load,B4,2025-09-05,2,"[""2025-01-03"", ""2025-01-10"", ""2025-01-17"", ""2025-01-24"", ""2025-01-31"", ""2025-02-07"", ""2025-02-14"", ""2025-02-21"", ""2025-02-28"", ""2025-03-07"", ""2025-03-14"", ""2025-03-21"", ""2025-03-28"", ""2025-04-04"", ""2025-04-11"", ""2025-04-18"", ""2025-04-25"", ""2025-05-02"", ""2025-05-09"", ""2025-05-16"", ""2025-05-23"", ""2025-05-30"", ""2025-06-06"", ""2025-06-13"", ""2025-06-20"", ""2025-06-27"", ""2025-07-04"", ""2025-07-11"", ""2025-07-18"", ""2025-07-25"", ""2025-08-01"", ""2025-08-08"", ""2025-08-15"", ""2025-08-22"", ""2025-08-29""]",5040,2025-01-03 00:00:00,2025-08-30,2025-08-30,0,247,none,False
PV:B0:2025-09-05,PV,B0,2025-09-05,2,"[""2025-09-04""]",1,2025-09-04 23:50:00,2025-09-05,2025-09-05,0,247,none,False
PV:B1:2025-09-05,PV,B1,2025-09-05,2,"[""2025-09-04""]",144,2025-09-04 00:00:00,2025-09-05,2025-09-05,0,247,none,False
PV:B2:2025-09-05,PV,B2,2025-09-05,2,"[""2025-08-29""]",144,2025-08-29 00:00:00,2025-08-30,2025-08-30,0,247,none,False
PV:B3:2025-09-05,PV,B3,2025-09-05,2,"[""2025-08-29"", ""2025-08-30"", ""2025-08-31"", ""2025-09-01"", ""2025-09-02"", ""2025-09-03"", ""2025-09-04""]",1008,2025-08-29 00:00:00,2025-09-05,2025-09-05,0,247,none,False
PV:B4:2025-09-05,PV,B4,2025-09-05,2,"[""2025-01-03"", ""2025-01-10"", ""2025-01-17"", ""2025-01-24"", ""2025-01-31"", ""2025-02-07"", ""2025-02-14"", ""2025-02-21"", ""2025-02-28"", ""2025-03-07"", ""2025-03-14"", ""2025-03-21"", ""2025-03-28"", ""2025-04-04"", ""2025-04-11"", ""2025-04-18"", ""2025-04-25"", ""2025-05-02"", ""2025-05-09"", ""2025-05-16"", ""2025-05-23"", ""2025-05-30"", ""2025-06-06"", ""2025-06-13"", ""2025-06-20"", ""2025-06-27"", ""2025-07-04"", ""2025-07-11"", ""2025-07-18"", ""2025-07-25"", ""2025-08-01"", ""2025-08-08"", ""2025-08-15"", ""2025-08-22"", ""2025-08-29""]",5040,2025-01-03 00:00:00,2025-08-30,2025-08-30,0,247,none,False
Load:B0:2025-09-06,Load,B0,2025-09-06,2,"[""2025-09-05""]",1,2025-09-05 23:50:00,2025-09-06,2025-09-06,0,248,none,False
Load:B1:2025-09-06,Load,B1,2025-09-06,2,"[""2025-09-05""]",144,2025-09-05 00:00:00,2025-09-06,2025-09-06,0,248,none,False
Load:B2:2025-09-06,Load,B2,2025-09-06,2,"[""2025-08-30""]",144,2025-08-30 00:00:00,2025-08-31,2025-08-31,0,248,none,False
Load:B3:2025-09-06,Load,B3,2025-09-06,2,"[""2025-08-30"", ""2025-08-31"", ""2025-09-01"", ""2025-09-02"", ""2025-09-03"", ""2025-09-04"", ""2025-09-05""]",1008,2025-08-30 00:00:00,2025-09-06,2025-09-06,0,248,none,False
Load:B4:2025-09-06,Load,B4,2025-09-06,2,"[""2025-01-04"", ""2025-01-11"", ""2025-01-18"", ""2025-01-25"", ""2025-02-01"", ""2025-02-08"", ""2025-02-15"", ""2025-02-22"", ""2025-03-01"", ""2025-03-08"", ""2025-03-15"", ""2025-03-22"", ""2025-03-29"", ""2025-04-05"", ""2025-04-12"", ""2025-04-19"", ""2025-04-26"", ""2025-05-03"", ""2025-05-10"", ""2025-05-17"", ""2025-05-24"", ""2025-05-31"", ""2025-06-07"", ""2025-06-14"", ""2025-06-21"", ""2025-06-28"", ""2025-07-05"", ""2025-07-12"", ""2025-07-19"", ""2025-07-26"", ""2025-08-02"", ""2025-08-09"", ""2025-08-16"", ""2025-08-23"", ""2025-08-30""]",5040,2025-01-04 00:00:00,2025-08-31,2025-08-31,0,248,none,False
PV:B0:2025-09-06,PV,B0,2025-09-06,2,"[""2025-09-05""]",1,2025-09-05 23:50:00,2025-09-06,2025-09-06,0,248,none,False
PV:B1:2025-09-06,PV,B1,2025-09-06,2,"[""2025-09-05""]",144,2025-09-05 00:00:00,2025-09-06,2025-09-06,0,248,none,False
PV:B2:2025-09-06,PV,B2,2025-09-06,2,"[""2025-08-30""]",144,2025-08-30 00:00:00,2025-08-31,2025-08-31,0,248,none,False
PV:B3:2025-09-06,PV,B3,2025-09-06,2,"[""2025-08-30"", ""2025-08-31"", ""2025-09-01"", ""2025-09-02"", ""2025-09-03"", ""2025-09-04"", ""2025-09-05""]",1008,2025-08-30 00:00:00,2025-09-06,2025-09-06,0,248,none,False
PV:B4:2025-09-06,PV,B4,2025-09-06,2,"[""2025-01-04"", ""2025-01-11"", ""2025-01-18"", ""2025-01-25"", ""2025-02-01"", ""2025-02-08"", ""2025-02-15"", ""2025-02-22"", ""2025-03-01"", ""2025-03-08"", ""2025-03-15"", ""2025-03-22"", ""2025-03-29"", ""2025-04-05"", ""2025-04-12"", ""2025-04-19"", ""2025-04-26"", ""2025-05-03"", ""2025-05-10"", ""2025-05-17"", ""2025-05-24"", ""2025-05-31"", ""2025-06-07"", ""2025-06-14"", ""2025-06-21"", ""2025-06-28"", ""2025-07-05"", ""2025-07-12"", ""2025-07-19"", ""2025-07-26"", ""2025-08-02"", ""2025-08-09"", ""2025-08-16"", ""2025-08-23"", ""2025-08-30""]",5040,2025-01-04 00:00:00,2025-08-31,2025-08-31,0,248,none,False
Load:B0:2025-09-07,Load,B0,2025-09-07,2,"[""2025-09-06""]",1,2025-09-06 23:50:00,2025-09-07,2025-09-07,0,249,none,False
Load:B1:2025-09-07,Load,B1,2025-09-07,2,"[""2025-09-06""]",144,2025-09-06 00:00:00,2025-09-07,2025-09-07,0,249,none,False
Load:B2:2025-09-07,Load,B2,2025-09-07,2,"[""2025-08-31""]",144,2025-08-31 00:00:00,2025-09-01,2025-09-01,0,249,none,False
Load:B3:2025-09-07,Load,B3,2025-09-07,2,"[""2025-08-31"", ""2025-09-01"", ""2025-09-02"", ""2025-09-03"", ""2025-09-04"", ""2025-09-05"", ""2025-09-06""]",1008,2025-08-31 00:00:00,2025-09-07,2025-09-07,0,249,none,False
Load:B4:2025-09-07,Load,B4,2025-09-07,2,"[""2025-01-05"", ""2025-01-12"", ""2025-01-19"", ""2025-01-26"", ""2025-02-02"", ""2025-02-09"", ""2025-02-16"", ""2025-02-23"", ""2025-03-02"", ""2025-03-09"", ""2025-03-16"", ""2025-03-23"", ""2025-03-30"", ""2025-04-06"", ""2025-04-13"", ""2025-04-20"", ""2025-04-27"", ""2025-05-04"", ""2025-05-11"", ""2025-05-18"", ""2025-05-25"", ""2025-06-01"", ""2025-06-08"", ""2025-06-15"", ""2025-06-22"", ""2025-06-29"", ""2025-07-06"", ""2025-07-13"", ""2025-07-20"", ""2025-07-27"", ""2025-08-03"", ""2025-08-10"", ""2025-08-17"", ""2025-08-24"", ""2025-08-31""]",5040,2025-01-05 00:00:00,2025-09-01,2025-09-01,0,249,none,False
PV:B0:2025-09-07,PV,B0,2025-09-07,2,"[""2025-09-06""]",1,2025-09-06 23:50:00,2025-09-07,2025-09-07,0,249,none,False
PV:B1:2025-09-07,PV,B1,2025-09-07,2,"[""2025-09-06""]",144,2025-09-06 00:00:00,2025-09-07,2025-09-07,0,249,none,False
PV:B2:2025-09-07,PV,B2,2025-09-07,2,"[""2025-08-31""]",144,2025-08-31 00:00:00,2025-09-01,2025-09-01,0,249,none,False
PV:B3:2025-09-07,PV,B3,2025-09-07,2,"[""2025-08-31"", ""2025-09-01"", ""2025-09-02"", ""2025-09-03"", ""2025-09-04"", ""2025-09-05"", ""2025-09-06""]",1008,2025-08-31 00:00:00,2025-09-07,2025-09-07,0,249,none,False
PV:B4:2025-09-07,PV,B4,2025-09-07,2,"[""2025-01-05"", ""2025-01-12"", ""2025-01-19"", ""2025-01-26"", ""2025-02-02"", ""2025-02-09"", ""2025-02-16"", ""2025-02-23"", ""2025-03-02"", ""2025-03-09"", ""2025-03-16"", ""2025-03-23"", ""2025-03-30"", ""2025-04-06"", ""2025-04-13"", ""2025-04-20"", ""2025-04-27"", ""2025-05-04"", ""2025-05-11"", ""2025-05-18"", ""2025-05-25"", ""2025-06-01"", ""2025-06-08"", ""2025-06-15"", ""2025-06-22"", ""2025-06-29"", ""2025-07-06"", ""2025-07-13"", ""2025-07-20"", ""2025-07-27"", ""2025-08-03"", ""2025-08-10"", ""2025-08-17"", ""2025-08-24"", ""2025-08-31""]",5040,2025-01-05 00:00:00,2025-09-01,2025-09-01,0,249,none,False
Load:B0:2025-09-08,Load,B0,2025-09-08,2,"[""2025-09-07""]",1,2025-09-07 23:50:00,2025-09-08,2025-09-08,0,250,none,False
Load:B1:2025-09-08,Load,B1,2025-09-08,2,"[""2025-09-07""]",144,2025-09-07 00:00:00,2025-09-08,2025-09-08,0,250,none,False
Load:B2:2025-09-08,Load,B2,2025-09-08,2,"[""2025-09-01""]",144,2025-09-01 00:00:00,2025-09-02,2025-09-02,0,250,none,False
Load:B3:2025-09-08,Load,B3,2025-09-08,2,"[""2025-09-01"", ""2025-09-02"", ""2025-09-03"", ""2025-09-04"", ""2025-09-05"", ""2025-09-06"", ""2025-09-07""]",1008,2025-09-01 00:00:00,2025-09-08,2025-09-08,0,250,none,False
Load:B4:2025-09-08,Load,B4,2025-09-08,2,"[""2025-01-06"", ""2025-01-13"", ""2025-01-20"", ""2025-01-27"", ""2025-02-03"", ""2025-02-10"", ""2025-02-17"", ""2025-02-24"", ""2025-03-03"", ""2025-03-10"", ""2025-03-17"", ""2025-03-24"", ""2025-03-31"", ""2025-04-07"", ""2025-04-14"", ""2025-04-21"", ""2025-04-28"", ""2025-05-05"", ""2025-05-12"", ""2025-05-19"", ""2025-05-26"", ""2025-06-02"", ""2025-06-09"", ""2025-06-16"", ""2025-06-23"", ""2025-06-30"", ""2025-07-07"", ""2025-07-14"", ""2025-07-21"", ""2025-07-28"", ""2025-08-04"", ""2025-08-11"", ""2025-08-18"", ""2025-08-25"", ""2025-09-01""]",5040,2025-01-06 00:00:00,2025-09-02,2025-09-02,0,250,none,False
PV:B0:2025-09-08,PV,B0,2025-09-08,2,"[""2025-09-07""]",1,2025-09-07 23:50:00,2025-09-08,2025-09-08,0,250,none,False
PV:B1:2025-09-08,PV,B1,2025-09-08,2,"[""2025-09-07""]",144,2025-09-07 00:00:00,2025-09-08,2025-09-08,0,250,none,False
PV:B2:2025-09-08,PV,B2,2025-09-08,2,"[""2025-09-01""]",144,2025-09-01 00:00:00,2025-09-02,2025-09-02,0,250,none,False
PV:B3:2025-09-08,PV,B3,2025-09-08,2,"[""2025-09-01"", ""2025-09-02"", ""2025-09-03"", ""2025-09-04"", ""2025-09-05"", ""2025-09-06"", ""2025-09-07""]",1008,2025-09-01 00:00:00,2025-09-08,2025-09-08,0,250,none,False
PV:B4:2025-09-08,PV,B4,2025-09-08,2,"[""2025-01-06"", ""2025-01-13"", ""2025-01-20"", ""2025-01-27"", ""2025-02-03"", ""2025-02-10"", ""2025-02-17"", ""2025-02-24"", ""2025-03-03"", ""2025-03-10"", ""2025-03-17"", ""2025-03-24"", ""2025-03-31"", ""2025-04-07"", ""2025-04-14"", ""2025-04-21"", ""2025-04-28"", ""2025-05-05"", ""2025-05-12"", ""2025-05-19"", ""2025-05-26"", ""2025-06-02"", ""2025-06-09"", ""2025-06-16"", ""2025-06-23"", ""2025-06-30"", ""2025-07-07"", ""2025-07-14"", ""2025-07-21"", ""2025-07-28"", ""2025-08-04"", ""2025-08-11"", ""2025-08-18"", ""2025-08-25"", ""2025-09-01""]",5040,2025-01-06 00:00:00,2025-09-02,2025-09-02,0,250,none,False
Load:B0:2025-09-09,Load,B0,2025-09-09,2,"[""2025-09-08""]",1,2025-09-08 23:50:00,2025-09-09,2025-09-09,0,251,none,False
Load:B1:2025-09-09,Load,B1,2025-09-09,2,"[""2025-09-08""]",144,2025-09-08 00:00:00,2025-09-09,2025-09-09,0,251,none,False
Load:B2:2025-09-09,Load,B2,2025-09-09,2,"[""2025-09-02""]",144,2025-09-02 00:00:00,2025-09-03,2025-09-03,0,251,none,False
Load:B3:2025-09-09,Load,B3,2025-09-09,2,"[""2025-09-02"", ""2025-09-03"", ""2025-09-04"", ""2025-09-05"", ""2025-09-06"", ""2025-09-07"", ""2025-09-08""]",1008,2025-09-02 00:00:00,2025-09-09,2025-09-09,0,251,none,False
Load:B4:2025-09-09,Load,B4,2025-09-09,2,"[""2025-01-07"", ""2025-01-14"", ""2025-01-21"", ""2025-01-28"", ""2025-02-04"", ""2025-02-11"", ""2025-02-18"", ""2025-02-25"", ""2025-03-04"", ""2025-03-11"", ""2025-03-18"", ""2025-03-25"", ""2025-04-01"", ""2025-04-08"", ""2025-04-15"", ""2025-04-22"", ""2025-04-29"", ""2025-05-06"", ""2025-05-13"", ""2025-05-20"", ""2025-05-27"", ""2025-06-03"", ""2025-06-10"", ""2025-06-17"", ""2025-06-24"", ""2025-07-01"", ""2025-07-08"", ""2025-07-15"", ""2025-07-22"", ""2025-07-29"", ""2025-08-05"", ""2025-08-12"", ""2025-08-19"", ""2025-08-26"", ""2025-09-02""]",5040,2025-01-07 00:00:00,2025-09-03,2025-09-03,0,251,none,False
PV:B0:2025-09-09,PV,B0,2025-09-09,2,"[""2025-09-08""]",1,2025-09-08 23:50:00,2025-09-09,2025-09-09,0,251,none,False
PV:B1:2025-09-09,PV,B1,2025-09-09,2,"[""2025-09-08""]",144,2025-09-08 00:00:00,2025-09-09,2025-09-09,0,251,none,False
PV:B2:2025-09-09,PV,B2,2025-09-09,2,"[""2025-09-02""]",144,2025-09-02 00:00:00,2025-09-03,2025-09-03,0,251,none,False
PV:B3:2025-09-09,PV,B3,2025-09-09,2,"[""2025-09-02"", ""2025-09-03"", ""2025-09-04"", ""2025-09-05"", ""2025-09-06"", ""2025-09-07"", ""2025-09-08""]",1008,2025-09-02 00:00:00,2025-09-09,2025-09-09,0,251,none,False
PV:B4:2025-09-09,PV,B4,2025-09-09,2,"[""2025-01-07"", ""2025-01-14"", ""2025-01-21"", ""2025-01-28"", ""2025-02-04"", ""2025-02-11"", ""2025-02-18"", ""2025-02-25"", ""2025-03-04"", ""2025-03-11"", ""2025-03-18"", ""2025-03-25"", ""2025-04-01"", ""2025-04-08"", ""2025-04-15"", ""2025-04-22"", ""2025-04-29"", ""2025-05-06"", ""2025-05-13"", ""2025-05-20"", ""2025-05-27"", ""2025-06-03"", ""2025-06-10"", ""2025-06-17"", ""2025-06-24"", ""2025-07-01"", ""2025-07-08"", ""2025-07-15"", ""2025-07-22"", ""2025-07-29"", ""2025-08-05"", ""2025-08-12"", ""2025-08-19"", ""2025-08-26"", ""2025-09-02""]",5040,2025-01-07 00:00:00,2025-09-03,2025-09-03,0,251,none,False
Load:B0:2025-09-10,Load,B0,2025-09-10,2,"[""2025-09-09""]",1,2025-09-09 23:50:00,2025-09-10,2025-09-10,0,252,none,False
Load:B1:2025-09-10,Load,B1,2025-09-10,2,"[""2025-09-09""]",144,2025-09-09 00:00:00,2025-09-10,2025-09-10,0,252,none,False
Load:B2:2025-09-10,Load,B2,2025-09-10,2,"[""2025-09-03""]",144,2025-09-03 00:00:00,2025-09-04,2025-09-04,0,252,none,False
Load:B3:2025-09-10,Load,B3,2025-09-10,2,"[""2025-09-03"", ""2025-09-04"", ""2025-09-05"", ""2025-09-06"", ""2025-09-07"", ""2025-09-08"", ""2025-09-09""]",1008,2025-09-03 00:00:00,2025-09-10,2025-09-10,0,252,none,False
Load:B4:2025-09-10,Load,B4,2025-09-10,2,"[""2025-01-01"", ""2025-01-08"", ""2025-01-15"", ""2025-01-22"", ""2025-01-29"", ""2025-02-05"", ""2025-02-12"", ""2025-02-19"", ""2025-02-26"", ""2025-03-05"", ""2025-03-12"", ""2025-03-19"", ""2025-03-26"", ""2025-04-02"", ""2025-04-09"", ""2025-04-16"", ""2025-04-23"", ""2025-04-30"", ""2025-05-07"", ""2025-05-14"", ""2025-05-21"", ""2025-05-28"", ""2025-06-04"", ""2025-06-11"", ""2025-06-18"", ""2025-06-25"", ""2025-07-02"", ""2025-07-09"", ""2025-07-16"", ""2025-07-23"", ""2025-07-30"", ""2025-08-06"", ""2025-08-13"", ""2025-08-20"", ""2025-08-27"", ""2025-09-03""]",5184,2025-01-01 00:00:00,2025-09-04,2025-09-04,0,252,none,False
PV:B0:2025-09-10,PV,B0,2025-09-10,2,"[""2025-09-09""]",1,2025-09-09 23:50:00,2025-09-10,2025-09-10,0,252,none,False
PV:B1:2025-09-10,PV,B1,2025-09-10,2,"[""2025-09-09""]",144,2025-09-09 00:00:00,2025-09-10,2025-09-10,0,252,none,False
PV:B2:2025-09-10,PV,B2,2025-09-10,2,"[""2025-09-03""]",144,2025-09-03 00:00:00,2025-09-04,2025-09-04,0,252,none,False
PV:B3:2025-09-10,PV,B3,2025-09-10,2,"[""2025-09-03"", ""2025-09-04"", ""2025-09-05"", ""2025-09-06"", ""2025-09-07"", ""2025-09-08"", ""2025-09-09""]",1008,2025-09-03 00:00:00,2025-09-10,2025-09-10,0,252,none,False
PV:B4:2025-09-10,PV,B4,2025-09-10,2,"[""2025-01-01"", ""2025-01-08"", ""2025-01-15"", ""2025-01-22"", ""2025-01-29"", ""2025-02-05"", ""2025-02-12"", ""2025-02-19"", ""2025-02-26"", ""2025-03-05"", ""2025-03-12"", ""2025-03-19"", ""2025-03-26"", ""2025-04-02"", ""2025-04-09"", ""2025-04-16"", ""2025-04-23"", ""2025-04-30"", ""2025-05-07"", ""2025-05-14"", ""2025-05-21"", ""2025-05-28"", ""2025-06-04"", ""2025-06-11"", ""2025-06-18"", ""2025-06-25"", ""2025-07-02"", ""2025-07-09"", ""2025-07-16"", ""2025-07-23"", ""2025-07-30"", ""2025-08-06"", ""2025-08-13"", ""2025-08-20"", ""2025-08-27"", ""2025-09-03""]",5184,2025-01-01 00:00:00,2025-09-04,2025-09-04,0,252,none,False
Load:B0:2025-09-11,Load,B0,2025-09-11,2,"[""2025-09-10""]",1,2025-09-10 23:50:00,2025-09-11,2025-09-11,0,253,none,False
Load:B1:2025-09-11,Load,B1,2025-09-11,2,"[""2025-09-10""]",144,2025-09-10 00:00:00,2025-09-11,2025-09-11,0,253,none,False
Load:B2:2025-09-11,Load,B2,2025-09-11,2,"[""2025-09-04""]",144,2025-09-04 00:00:00,2025-09-05,2025-09-05,0,253,none,False
Load:B3:2025-09-11,Load,B3,2025-09-11,2,"[""2025-09-04"", ""2025-09-05"", ""2025-09-06"", ""2025-09-07"", ""2025-09-08"", ""2025-09-09"", ""2025-09-10""]",1008,2025-09-04 00:00:00,2025-09-11,2025-09-11,0,253,none,False
Load:B4:2025-09-11,Load,B4,2025-09-11,2,"[""2025-01-02"", ""2025-01-09"", ""2025-01-16"", ""2025-01-23"", ""2025-01-30"", ""2025-02-06"", ""2025-02-13"", ""2025-02-20"", ""2025-02-27"", ""2025-03-06"", ""2025-03-13"", ""2025-03-20"", ""2025-03-27"", ""2025-04-03"", ""2025-04-10"", ""2025-04-17"", ""2025-04-24"", ""2025-05-01"", ""2025-05-08"", ""2025-05-15"", ""2025-05-22"", ""2025-05-29"", ""2025-06-05"", ""2025-06-12"", ""2025-06-19"", ""2025-06-26"", ""2025-07-03"", ""2025-07-10"", ""2025-07-17"", ""2025-07-24"", ""2025-07-31"", ""2025-08-07"", ""2025-08-14"", ""2025-08-21"", ""2025-08-28"", ""2025-09-04""]",5184,2025-01-02 00:00:00,2025-09-05,2025-09-05,0,253,none,False
PV:B0:2025-09-11,PV,B0,2025-09-11,2,"[""2025-09-10""]",1,2025-09-10 23:50:00,2025-09-11,2025-09-11,0,253,none,False
PV:B1:2025-09-11,PV,B1,2025-09-11,2,"[""2025-09-10""]",144,2025-09-10 00:00:00,2025-09-11,2025-09-11,0,253,none,False
PV:B2:2025-09-11,PV,B2,2025-09-11,2,"[""2025-09-04""]",144,2025-09-04 00:00:00,2025-09-05,2025-09-05,0,253,none,False
PV:B3:2025-09-11,PV,B3,2025-09-11,2,"[""2025-09-04"", ""2025-09-05"", ""2025-09-06"", ""2025-09-07"", ""2025-09-08"", ""2025-09-09"", ""2025-09-10""]",1008,2025-09-04 00:00:00,2025-09-11,2025-09-11,0,253,none,False
PV:B4:2025-09-11,PV,B4,2025-09-11,2,"[""2025-01-02"", ""2025-01-09"", ""2025-01-16"", ""2025-01-23"", ""2025-01-30"", ""2025-02-06"", ""2025-02-13"", ""2025-02-20"", ""2025-02-27"", ""2025-03-06"", ""2025-03-13"", ""2025-03-20"", ""2025-03-27"", ""2025-04-03"", ""2025-04-10"", ""2025-04-17"", ""2025-04-24"", ""2025-05-01"", ""2025-05-08"", ""2025-05-15"", ""2025-05-22"", ""2025-05-29"", ""2025-06-05"", ""2025-06-12"", ""2025-06-19"", ""2025-06-26"", ""2025-07-03"", ""2025-07-10"", ""2025-07-17"", ""2025-07-24"", ""2025-07-31"", ""2025-08-07"", ""2025-08-14"", ""2025-08-21"", ""2025-08-28"", ""2025-09-04""]",5184,2025-01-02 00:00:00,2025-09-05,2025-09-05,0,253,none,False
Load:B0:2025-09-12,Load,B0,2025-09-12,2,"[""2025-09-11""]",1,2025-09-11 23:50:00,2025-09-12,2025-09-12,0,254,none,False
Load:B1:2025-09-12,Load,B1,2025-09-12,2,"[""2025-09-11""]",144,2025-09-11 00:00:00,2025-09-12,2025-09-12,0,254,none,False
Load:B2:2025-09-12,Load,B2,2025-09-12,2,"[""2025-09-05""]",144,2025-09-05 00:00:00,2025-09-06,2025-09-06,0,254,none,False
Load:B3:2025-09-12,Load,B3,2025-09-12,2,"[""2025-09-05"", ""2025-09-06"", ""2025-09-07"", ""2025-09-08"", ""2025-09-09"", ""2025-09-10"", ""2025-09-11""]",1008,2025-09-05 00:00:00,2025-09-12,2025-09-12,0,254,none,False
Load:B4:2025-09-12,Load,B4,2025-09-12,2,"[""2025-01-03"", ""2025-01-10"", ""2025-01-17"", ""2025-01-24"", ""2025-01-31"", ""2025-02-07"", ""2025-02-14"", ""2025-02-21"", ""2025-02-28"", ""2025-03-07"", ""2025-03-14"", ""2025-03-21"", ""2025-03-28"", ""2025-04-04"", ""2025-04-11"", ""2025-04-18"", ""2025-04-25"", ""2025-05-02"", ""2025-05-09"", ""2025-05-16"", ""2025-05-23"", ""2025-05-30"", ""2025-06-06"", ""2025-06-13"", ""2025-06-20"", ""2025-06-27"", ""2025-07-04"", ""2025-07-11"", ""2025-07-18"", ""2025-07-25"", ""2025-08-01"", ""2025-08-08"", ""2025-08-15"", ""2025-08-22"", ""2025-08-29"", ""2025-09-05""]",5184,2025-01-03 00:00:00,2025-09-06,2025-09-06,0,254,none,False
PV:B0:2025-09-12,PV,B0,2025-09-12,2,"[""2025-09-11""]",1,2025-09-11 23:50:00,2025-09-12,2025-09-12,0,254,none,False
PV:B1:2025-09-12,PV,B1,2025-09-12,2,"[""2025-09-11""]",144,2025-09-11 00:00:00,2025-09-12,2025-09-12,0,254,none,False
PV:B2:2025-09-12,PV,B2,2025-09-12,2,"[""2025-09-05""]",144,2025-09-05 00:00:00,2025-09-06,2025-09-06,0,254,none,False
PV:B3:2025-09-12,PV,B3,2025-09-12,2,"[""2025-09-05"", ""2025-09-06"", ""2025-09-07"", ""2025-09-08"", ""2025-09-09"", ""2025-09-10"", ""2025-09-11""]",1008,2025-09-05 00:00:00,2025-09-12,2025-09-12,0,254,none,False
PV:B4:2025-09-12,PV,B4,2025-09-12,2,"[""2025-01-03"", ""2025-01-10"", ""2025-01-17"", ""2025-01-24"", ""2025-01-31"", ""2025-02-07"", ""2025-02-14"", ""2025-02-21"", ""2025-02-28"", ""2025-03-07"", ""2025-03-14"", ""2025-03-21"", ""2025-03-28"", ""2025-04-04"", ""2025-04-11"", ""2025-04-18"", ""2025-04-25"", ""2025-05-02"", ""2025-05-09"", ""2025-05-16"", ""2025-05-23"", ""2025-05-30"", ""2025-06-06"", ""2025-06-13"", ""2025-06-20"", ""2025-06-27"", ""2025-07-04"", ""2025-07-11"", ""2025-07-18"", ""2025-07-25"", ""2025-08-01"", ""2025-08-08"", ""2025-08-15"", ""2025-08-22"", ""2025-08-29"", ""2025-09-05""]",5184,2025-01-03 00:00:00,2025-09-06,2025-09-06,0,254,none,False
Load:B0:2025-09-13,Load,B0,2025-09-13,2,"[""2025-09-12""]",1,2025-09-12 23:50:00,2025-09-13,2025-09-13,0,255,none,False
Load:B1:2025-09-13,Load,B1,2025-09-13,2,"[""2025-09-12""]",144,2025-09-12 00:00:00,2025-09-13,2025-09-13,0,255,none,False
Load:B2:2025-09-13,Load,B2,2025-09-13,2,"[""2025-09-06""]",144,2025-09-06 00:00:00,2025-09-07,2025-09-07,0,255,none,False
Load:B3:2025-09-13,Load,B3,2025-09-13,2,"[""2025-09-06"", ""2025-09-07"", ""2025-09-08"", ""2025-09-09"", ""2025-09-10"", ""2025-09-11"", ""2025-09-12""]",1008,2025-09-06 00:00:00,2025-09-13,2025-09-13,0,255,none,False
Load:B4:2025-09-13,Load,B4,2025-09-13,2,"[""2025-01-04"", ""2025-01-11"", ""2025-01-18"", ""2025-01-25"", ""2025-02-01"", ""2025-02-08"", ""2025-02-15"", ""2025-02-22"", ""2025-03-01"", ""2025-03-08"", ""2025-03-15"", ""2025-03-22"", ""2025-03-29"", ""2025-04-05"", ""2025-04-12"", ""2025-04-19"", ""2025-04-26"", ""2025-05-03"", ""2025-05-10"", ""2025-05-17"", ""2025-05-24"", ""2025-05-31"", ""2025-06-07"", ""2025-06-14"", ""2025-06-21"", ""2025-06-28"", ""2025-07-05"", ""2025-07-12"", ""2025-07-19"", ""2025-07-26"", ""2025-08-02"", ""2025-08-09"", ""2025-08-16"", ""2025-08-23"", ""2025-08-30"", ""2025-09-06""]",5184,2025-01-04 00:00:00,2025-09-07,2025-09-07,0,255,none,False
PV:B0:2025-09-13,PV,B0,2025-09-13,2,"[""2025-09-12""]",1,2025-09-12 23:50:00,2025-09-13,2025-09-13,0,255,none,False
PV:B1:2025-09-13,PV,B1,2025-09-13,2,"[""2025-09-12""]",144,2025-09-12 00:00:00,2025-09-13,2025-09-13,0,255,none,False
PV:B2:2025-09-13,PV,B2,2025-09-13,2,"[""2025-09-06""]",144,2025-09-06 00:00:00,2025-09-07,2025-09-07,0,255,none,False
PV:B3:2025-09-13,PV,B3,2025-09-13,2,"[""2025-09-06"", ""2025-09-07"", ""2025-09-08"", ""2025-09-09"", ""2025-09-10"", ""2025-09-11"", ""2025-09-12""]",1008,2025-09-06 00:00:00,2025-09-13,2025-09-13,0,255,none,False
PV:B4:2025-09-13,PV,B4,2025-09-13,2,"[""2025-01-04"", ""2025-01-11"", ""2025-01-18"", ""2025-01-25"", ""2025-02-01"", ""2025-02-08"", ""2025-02-15"", ""2025-02-22"", ""2025-03-01"", ""2025-03-08"", ""2025-03-15"", ""2025-03-22"", ""2025-03-29"", ""2025-04-05"", ""2025-04-12"", ""2025-04-19"", ""2025-04-26"", ""2025-05-03"", ""2025-05-10"", ""2025-05-17"", ""2025-05-24"", ""2025-05-31"", ""2025-06-07"", ""2025-06-14"", ""2025-06-21"", ""2025-06-28"", ""2025-07-05"", ""2025-07-12"", ""2025-07-19"", ""2025-07-26"", ""2025-08-02"", ""2025-08-09"", ""2025-08-16"", ""2025-08-23"", ""2025-08-30"", ""2025-09-06""]",5184,2025-01-04 00:00:00,2025-09-07,2025-09-07,0,255,none,False
Load:B0:2025-09-14,Load,B0,2025-09-14,2,"[""2025-09-13""]",1,2025-09-13 23:50:00,2025-09-14,2025-09-14,0,256,none,False
Load:B1:2025-09-14,Load,B1,2025-09-14,2,"[""2025-09-13""]",144,2025-09-13 00:00:00,2025-09-14,2025-09-14,0,256,none,False
Load:B2:2025-09-14,Load,B2,2025-09-14,2,"[""2025-09-07""]",144,2025-09-07 00:00:00,2025-09-08,2025-09-08,0,256,none,False
Load:B3:2025-09-14,Load,B3,2025-09-14,2,"[""2025-09-07"", ""2025-09-08"", ""2025-09-09"", ""2025-09-10"", ""2025-09-11"", ""2025-09-12"", ""2025-09-13""]",1008,2025-09-07 00:00:00,2025-09-14,2025-09-14,0,256,none,False
Load:B4:2025-09-14,Load,B4,2025-09-14,2,"[""2025-01-05"", ""2025-01-12"", ""2025-01-19"", ""2025-01-26"", ""2025-02-02"", ""2025-02-09"", ""2025-02-16"", ""2025-02-23"", ""2025-03-02"", ""2025-03-09"", ""2025-03-16"", ""2025-03-23"", ""2025-03-30"", ""2025-04-06"", ""2025-04-13"", ""2025-04-20"", ""2025-04-27"", ""2025-05-04"", ""2025-05-11"", ""2025-05-18"", ""2025-05-25"", ""2025-06-01"", ""2025-06-08"", ""2025-06-15"", ""2025-06-22"", ""2025-06-29"", ""2025-07-06"", ""2025-07-13"", ""2025-07-20"", ""2025-07-27"", ""2025-08-03"", ""2025-08-10"", ""2025-08-17"", ""2025-08-24"", ""2025-08-31"", ""2025-09-07""]",5184,2025-01-05 00:00:00,2025-09-08,2025-09-08,0,256,none,False
PV:B0:2025-09-14,PV,B0,2025-09-14,2,"[""2025-09-13""]",1,2025-09-13 23:50:00,2025-09-14,2025-09-14,0,256,none,False
PV:B1:2025-09-14,PV,B1,2025-09-14,2,"[""2025-09-13""]",144,2025-09-13 00:00:00,2025-09-14,2025-09-14,0,256,none,False
PV:B2:2025-09-14,PV,B2,2025-09-14,2,"[""2025-09-07""]",144,2025-09-07 00:00:00,2025-09-08,2025-09-08,0,256,none,False
PV:B3:2025-09-14,PV,B3,2025-09-14,2,"[""2025-09-07"", ""2025-09-08"", ""2025-09-09"", ""2025-09-10"", ""2025-09-11"", ""2025-09-12"", ""2025-09-13""]",1008,2025-09-07 00:00:00,2025-09-14,2025-09-14,0,256,none,False
PV:B4:2025-09-14,PV,B4,2025-09-14,2,"[""2025-01-05"", ""2025-01-12"", ""2025-01-19"", ""2025-01-26"", ""2025-02-02"", ""2025-02-09"", ""2025-02-16"", ""2025-02-23"", ""2025-03-02"", ""2025-03-09"", ""2025-03-16"", ""2025-03-23"", ""2025-03-30"", ""2025-04-06"", ""2025-04-13"", ""2025-04-20"", ""2025-04-27"", ""2025-05-04"", ""2025-05-11"", ""2025-05-18"", ""2025-05-25"", ""2025-06-01"", ""2025-06-08"", ""2025-06-15"", ""2025-06-22"", ""2025-06-29"", ""2025-07-06"", ""2025-07-13"", ""2025-07-20"", ""2025-07-27"", ""2025-08-03"", ""2025-08-10"", ""2025-08-17"", ""2025-08-24"", ""2025-08-31"", ""2025-09-07""]",5184,2025-01-05 00:00:00,2025-09-08,2025-09-08,0,256,none,False
Load:B0:2025-09-15,Load,B0,2025-09-15,2,"[""2025-09-14""]",1,2025-09-14 23:50:00,2025-09-15,2025-09-15,0,257,none,False
Load:B1:2025-09-15,Load,B1,2025-09-15,2,"[""2025-09-14""]",144,2025-09-14 00:00:00,2025-09-15,2025-09-15,0,257,none,False
Load:B2:2025-09-15,Load,B2,2025-09-15,2,"[""2025-09-08""]",144,2025-09-08 00:00:00,2025-09-09,2025-09-09,0,257,none,False
Load:B3:2025-09-15,Load,B3,2025-09-15,2,"[""2025-09-08"", ""2025-09-09"", ""2025-09-10"", ""2025-09-11"", ""2025-09-12"", ""2025-09-13"", ""2025-09-14""]",1008,2025-09-08 00:00:00,2025-09-15,2025-09-15,0,257,none,False
Load:B4:2025-09-15,Load,B4,2025-09-15,2,"[""2025-01-06"", ""2025-01-13"", ""2025-01-20"", ""2025-01-27"", ""2025-02-03"", ""2025-02-10"", ""2025-02-17"", ""2025-02-24"", ""2025-03-03"", ""2025-03-10"", ""2025-03-17"", ""2025-03-24"", ""2025-03-31"", ""2025-04-07"", ""2025-04-14"", ""2025-04-21"", ""2025-04-28"", ""2025-05-05"", ""2025-05-12"", ""2025-05-19"", ""2025-05-26"", ""2025-06-02"", ""2025-06-09"", ""2025-06-16"", ""2025-06-23"", ""2025-06-30"", ""2025-07-07"", ""2025-07-14"", ""2025-07-21"", ""2025-07-28"", ""2025-08-04"", ""2025-08-11"", ""2025-08-18"", ""2025-08-25"", ""2025-09-01"", ""2025-09-08""]",5184,2025-01-06 00:00:00,2025-09-09,2025-09-09,0,257,none,False
PV:B0:2025-09-15,PV,B0,2025-09-15,2,"[""2025-09-14""]",1,2025-09-14 23:50:00,2025-09-15,2025-09-15,0,257,none,False
PV:B1:2025-09-15,PV,B1,2025-09-15,2,"[""2025-09-14""]",144,2025-09-14 00:00:00,2025-09-15,2025-09-15,0,257,none,False
PV:B2:2025-09-15,PV,B2,2025-09-15,2,"[""2025-09-08""]",144,2025-09-08 00:00:00,2025-09-09,2025-09-09,0,257,none,False
PV:B3:2025-09-15,PV,B3,2025-09-15,2,"[""2025-09-08"", ""2025-09-09"", ""2025-09-10"", ""2025-09-11"", ""2025-09-12"", ""2025-09-13"", ""2025-09-14""]",1008,2025-09-08 00:00:00,2025-09-15,2025-09-15,0,257,none,False
PV:B4:2025-09-15,PV,B4,2025-09-15,2,"[""2025-01-06"", ""2025-01-13"", ""2025-01-20"", ""2025-01-27"", ""2025-02-03"", ""2025-02-10"", ""2025-02-17"", ""2025-02-24"", ""2025-03-03"", ""2025-03-10"", ""2025-03-17"", ""2025-03-24"", ""2025-03-31"", ""2025-04-07"", ""2025-04-14"", ""2025-04-21"", ""2025-04-28"", ""2025-05-05"", ""2025-05-12"", ""2025-05-19"", ""2025-05-26"", ""2025-06-02"", ""2025-06-09"", ""2025-06-16"", ""2025-06-23"", ""2025-06-30"", ""2025-07-07"", ""2025-07-14"", ""2025-07-21"", ""2025-07-28"", ""2025-08-04"", ""2025-08-11"", ""2025-08-18"", ""2025-08-25"", ""2025-09-01"", ""2025-09-08""]",5184,2025-01-06 00:00:00,2025-09-09,2025-09-09,0,257,none,False
Load:B0:2025-09-16,Load,B0,2025-09-16,2,"[""2025-09-15""]",1,2025-09-15 23:50:00,2025-09-16,2025-09-16,0,258,none,False
Load:B1:2025-09-16,Load,B1,2025-09-16,2,"[""2025-09-15""]",144,2025-09-15 00:00:00,2025-09-16,2025-09-16,0,258,none,False
Load:B2:2025-09-16,Load,B2,2025-09-16,2,"[""2025-09-09""]",144,2025-09-09 00:00:00,2025-09-10,2025-09-10,0,258,none,False
Load:B3:2025-09-16,Load,B3,2025-09-16,2,"[""2025-09-09"", ""2025-09-10"", ""2025-09-11"", ""2025-09-12"", ""2025-09-13"", ""2025-09-14"", ""2025-09-15""]",1008,2025-09-09 00:00:00,2025-09-16,2025-09-16,0,258,none,False
Load:B4:2025-09-16,Load,B4,2025-09-16,2,"[""2025-01-07"", ""2025-01-14"", ""2025-01-21"", ""2025-01-28"", ""2025-02-04"", ""2025-02-11"", ""2025-02-18"", ""2025-02-25"", ""2025-03-04"", ""2025-03-11"", ""2025-03-18"", ""2025-03-25"", ""2025-04-01"", ""2025-04-08"", ""2025-04-15"", ""2025-04-22"", ""2025-04-29"", ""2025-05-06"", ""2025-05-13"", ""2025-05-20"", ""2025-05-27"", ""2025-06-03"", ""2025-06-10"", ""2025-06-17"", ""2025-06-24"", ""2025-07-01"", ""2025-07-08"", ""2025-07-15"", ""2025-07-22"", ""2025-07-29"", ""2025-08-05"", ""2025-08-12"", ""2025-08-19"", ""2025-08-26"", ""2025-09-02"", ""2025-09-09""]",5184,2025-01-07 00:00:00,2025-09-10,2025-09-10,0,258,none,False
PV:B0:2025-09-16,PV,B0,2025-09-16,2,"[""2025-09-15""]",1,2025-09-15 23:50:00,2025-09-16,2025-09-16,0,258,none,False
PV:B1:2025-09-16,PV,B1,2025-09-16,2,"[""2025-09-15""]",144,2025-09-15 00:00:00,2025-09-16,2025-09-16,0,258,none,False
PV:B2:2025-09-16,PV,B2,2025-09-16,2,"[""2025-09-09""]",144,2025-09-09 00:00:00,2025-09-10,2025-09-10,0,258,none,False
PV:B3:2025-09-16,PV,B3,2025-09-16,2,"[""2025-09-09"", ""2025-09-10"", ""2025-09-11"", ""2025-09-12"", ""2025-09-13"", ""2025-09-14"", ""2025-09-15""]",1008,2025-09-09 00:00:00,2025-09-16,2025-09-16,0,258,none,False
PV:B4:2025-09-16,PV,B4,2025-09-16,2,"[""2025-01-07"", ""2025-01-14"", ""2025-01-21"", ""2025-01-28"", ""2025-02-04"", ""2025-02-11"", ""2025-02-18"", ""2025-02-25"", ""2025-03-04"", ""2025-03-11"", ""2025-03-18"", ""2025-03-25"", ""2025-04-01"", ""2025-04-08"", ""2025-04-15"", ""2025-04-22"", ""2025-04-29"", ""2025-05-06"", ""2025-05-13"", ""2025-05-20"", ""2025-05-27"", ""2025-06-03"", ""2025-06-10"", ""2025-06-17"", ""2025-06-24"", ""2025-07-01"", ""2025-07-08"", ""2025-07-15"", ""2025-07-22"", ""2025-07-29"", ""2025-08-05"", ""2025-08-12"", ""2025-08-19"", ""2025-08-26"", ""2025-09-02"", ""2025-09-09""]",5184,2025-01-07 00:00:00,2025-09-10,2025-09-10,0,258,none,False
Load:B0:2025-09-17,Load,B0,2025-09-17,2,"[""2025-09-16""]",1,2025-09-16 23:50:00,2025-09-17,2025-09-17,0,259,none,False
Load:B1:2025-09-17,Load,B1,2025-09-17,2,"[""2025-09-16""]",144,2025-09-16 00:00:00,2025-09-17,2025-09-17,0,259,none,False
Load:B2:2025-09-17,Load,B2,2025-09-17,2,"[""2025-09-10""]",144,2025-09-10 00:00:00,2025-09-11,2025-09-11,0,259,none,False
Load:B3:2025-09-17,Load,B3,2025-09-17,2,"[""2025-09-10"", ""2025-09-11"", ""2025-09-12"", ""2025-09-13"", ""2025-09-14"", ""2025-09-15"", ""2025-09-16""]",1008,2025-09-10 00:00:00,2025-09-17,2025-09-17,0,259,none,False
Load:B4:2025-09-17,Load,B4,2025-09-17,2,"[""2025-01-01"", ""2025-01-08"", ""2025-01-15"", ""2025-01-22"", ""2025-01-29"", ""2025-02-05"", ""2025-02-12"", ""2025-02-19"", ""2025-02-26"", ""2025-03-05"", ""2025-03-12"", ""2025-03-19"", ""2025-03-26"", ""2025-04-02"", ""2025-04-09"", ""2025-04-16"", ""2025-04-23"", ""2025-04-30"", ""2025-05-07"", ""2025-05-14"", ""2025-05-21"", ""2025-05-28"", ""2025-06-04"", ""2025-06-11"", ""2025-06-18"", ""2025-06-25"", ""2025-07-02"", ""2025-07-09"", ""2025-07-16"", ""2025-07-23"", ""2025-07-30"", ""2025-08-06"", ""2025-08-13"", ""2025-08-20"", ""2025-08-27"", ""2025-09-03"", ""2025-09-10""]",5328,2025-01-01 00:00:00,2025-09-11,2025-09-11,0,259,none,False
PV:B0:2025-09-17,PV,B0,2025-09-17,2,"[""2025-09-16""]",1,2025-09-16 23:50:00,2025-09-17,2025-09-17,0,259,none,False
PV:B1:2025-09-17,PV,B1,2025-09-17,2,"[""2025-09-16""]",144,2025-09-16 00:00:00,2025-09-17,2025-09-17,0,259,none,False
PV:B2:2025-09-17,PV,B2,2025-09-17,2,"[""2025-09-10""]",144,2025-09-10 00:00:00,2025-09-11,2025-09-11,0,259,none,False
PV:B3:2025-09-17,PV,B3,2025-09-17,2,"[""2025-09-10"", ""2025-09-11"", ""2025-09-12"", ""2025-09-13"", ""2025-09-14"", ""2025-09-15"", ""2025-09-16""]",1008,2025-09-10 00:00:00,2025-09-17,2025-09-17,0,259,none,False
PV:B4:2025-09-17,PV,B4,2025-09-17,2,"[""2025-01-01"", ""2025-01-08"", ""2025-01-15"", ""2025-01-22"", ""2025-01-29"", ""2025-02-05"", ""2025-02-12"", ""2025-02-19"", ""2025-02-26"", ""2025-03-05"", ""2025-03-12"", ""2025-03-19"", ""2025-03-26"", ""2025-04-02"", ""2025-04-09"", ""2025-04-16"", ""2025-04-23"", ""2025-04-30"", ""2025-05-07"", ""2025-05-14"", ""2025-05-21"", ""2025-05-28"", ""2025-06-04"", ""2025-06-11"", ""2025-06-18"", ""2025-06-25"", ""2025-07-02"", ""2025-07-09"", ""2025-07-16"", ""2025-07-23"", ""2025-07-30"", ""2025-08-06"", ""2025-08-13"", ""2025-08-20"", ""2025-08-27"", ""2025-09-03"", ""2025-09-10""]",5328,2025-01-01 00:00:00,2025-09-11,2025-09-11,0,259,none,False
Load:B0:2025-09-18,Load,B0,2025-09-18,2,"[""2025-09-17""]",1,2025-09-17 23:50:00,2025-09-18,2025-09-18,0,260,none,False
Load:B1:2025-09-18,Load,B1,2025-09-18,2,"[""2025-09-17""]",144,2025-09-17 00:00:00,2025-09-18,2025-09-18,0,260,none,False
Load:B2:2025-09-18,Load,B2,2025-09-18,2,"[""2025-09-11""]",144,2025-09-11 00:00:00,2025-09-12,2025-09-12,0,260,none,False
Load:B3:2025-09-18,Load,B3,2025-09-18,2,"[""2025-09-11"", ""2025-09-12"", ""2025-09-13"", ""2025-09-14"", ""2025-09-15"", ""2025-09-16"", ""2025-09-17""]",1008,2025-09-11 00:00:00,2025-09-18,2025-09-18,0,260,none,False
Load:B4:2025-09-18,Load,B4,2025-09-18,2,"[""2025-01-02"", ""2025-01-09"", ""2025-01-16"", ""2025-01-23"", ""2025-01-30"", ""2025-02-06"", ""2025-02-13"", ""2025-02-20"", ""2025-02-27"", ""2025-03-06"", ""2025-03-13"", ""2025-03-20"", ""2025-03-27"", ""2025-04-03"", ""2025-04-10"", ""2025-04-17"", ""2025-04-24"", ""2025-05-01"", ""2025-05-08"", ""2025-05-15"", ""2025-05-22"", ""2025-05-29"", ""2025-06-05"", ""2025-06-12"", ""2025-06-19"", ""2025-06-26"", ""2025-07-03"", ""2025-07-10"", ""2025-07-17"", ""2025-07-24"", ""2025-07-31"", ""2025-08-07"", ""2025-08-14"", ""2025-08-21"", ""2025-08-28"", ""2025-09-04"", ""2025-09-11""]",5328,2025-01-02 00:00:00,2025-09-12,2025-09-12,0,260,none,False
PV:B0:2025-09-18,PV,B0,2025-09-18,2,"[""2025-09-17""]",1,2025-09-17 23:50:00,2025-09-18,2025-09-18,0,260,none,False
PV:B1:2025-09-18,PV,B1,2025-09-18,2,"[""2025-09-17""]",144,2025-09-17 00:00:00,2025-09-18,2025-09-18,0,260,none,False
PV:B2:2025-09-18,PV,B2,2025-09-18,2,"[""2025-09-11""]",144,2025-09-11 00:00:00,2025-09-12,2025-09-12,0,260,none,False
PV:B3:2025-09-18,PV,B3,2025-09-18,2,"[""2025-09-11"", ""2025-09-12"", ""2025-09-13"", ""2025-09-14"", ""2025-09-15"", ""2025-09-16"", ""2025-09-17""]",1008,2025-09-11 00:00:00,2025-09-18,2025-09-18,0,260,none,False
PV:B4:2025-09-18,PV,B4,2025-09-18,2,"[""2025-01-02"", ""2025-01-09"", ""2025-01-16"", ""2025-01-23"", ""2025-01-30"", ""2025-02-06"", ""2025-02-13"", ""2025-02-20"", ""2025-02-27"", ""2025-03-06"", ""2025-03-13"", ""2025-03-20"", ""2025-03-27"", ""2025-04-03"", ""2025-04-10"", ""2025-04-17"", ""2025-04-24"", ""2025-05-01"", ""2025-05-08"", ""2025-05-15"", ""2025-05-22"", ""2025-05-29"", ""2025-06-05"", ""2025-06-12"", ""2025-06-19"", ""2025-06-26"", ""2025-07-03"", ""2025-07-10"", ""2025-07-17"", ""2025-07-24"", ""2025-07-31"", ""2025-08-07"", ""2025-08-14"", ""2025-08-21"", ""2025-08-28"", ""2025-09-04"", ""2025-09-11""]",5328,2025-01-02 00:00:00,2025-09-12,2025-09-12,0,260,none,False
Load:B0:2025-09-19,Load,B0,2025-09-19,2,"[""2025-09-18""]",1,2025-09-18 23:50:00,2025-09-19,2025-09-19,0,261,none,False
Load:B1:2025-09-19,Load,B1,2025-09-19,2,"[""2025-09-18""]",144,2025-09-18 00:00:00,2025-09-19,2025-09-19,0,261,none,False
Load:B2:2025-09-19,Load,B2,2025-09-19,2,"[""2025-09-12""]",144,2025-09-12 00:00:00,2025-09-13,2025-09-13,0,261,none,False
Load:B3:2025-09-19,Load,B3,2025-09-19,2,"[""2025-09-12"", ""2025-09-13"", ""2025-09-14"", ""2025-09-15"", ""2025-09-16"", ""2025-09-17"", ""2025-09-18""]",1008,2025-09-12 00:00:00,2025-09-19,2025-09-19,0,261,none,False
Load:B4:2025-09-19,Load,B4,2025-09-19,2,"[""2025-01-03"", ""2025-01-10"", ""2025-01-17"", ""2025-01-24"", ""2025-01-31"", ""2025-02-07"", ""2025-02-14"", ""2025-02-21"", ""2025-02-28"", ""2025-03-07"", ""2025-03-14"", ""2025-03-21"", ""2025-03-28"", ""2025-04-04"", ""2025-04-11"", ""2025-04-18"", ""2025-04-25"", ""2025-05-02"", ""2025-05-09"", ""2025-05-16"", ""2025-05-23"", ""2025-05-30"", ""2025-06-06"", ""2025-06-13"", ""2025-06-20"", ""2025-06-27"", ""2025-07-04"", ""2025-07-11"", ""2025-07-18"", ""2025-07-25"", ""2025-08-01"", ""2025-08-08"", ""2025-08-15"", ""2025-08-22"", ""2025-08-29"", ""2025-09-05"", ""2025-09-12""]",5328,2025-01-03 00:00:00,2025-09-13,2025-09-13,0,261,none,False
PV:B0:2025-09-19,PV,B0,2025-09-19,2,"[""2025-09-18""]",1,2025-09-18 23:50:00,2025-09-19,2025-09-19,0,261,none,False
PV:B1:2025-09-19,PV,B1,2025-09-19,2,"[""2025-09-18""]",144,2025-09-18 00:00:00,2025-09-19,2025-09-19,0,261,none,False
PV:B2:2025-09-19,PV,B2,2025-09-19,2,"[""2025-09-12""]",144,2025-09-12 00:00:00,2025-09-13,2025-09-13,0,261,none,False
PV:B3:2025-09-19,PV,B3,2025-09-19,2,"[""2025-09-12"", ""2025-09-13"", ""2025-09-14"", ""2025-09-15"", ""2025-09-16"", ""2025-09-17"", ""2025-09-18""]",1008,2025-09-12 00:00:00,2025-09-19,2025-09-19,0,261,none,False
PV:B4:2025-09-19,PV,B4,2025-09-19,2,"[""2025-01-03"", ""2025-01-10"", ""2025-01-17"", ""2025-01-24"", ""2025-01-31"", ""2025-02-07"", ""2025-02-14"", ""2025-02-21"", ""2025-02-28"", ""2025-03-07"", ""2025-03-14"", ""2025-03-21"", ""2025-03-28"", ""2025-04-04"", ""2025-04-11"", ""2025-04-18"", ""2025-04-25"", ""2025-05-02"", ""2025-05-09"", ""2025-05-16"", ""2025-05-23"", ""2025-05-30"", ""2025-06-06"", ""2025-06-13"", ""2025-06-20"", ""2025-06-27"", ""2025-07-04"", ""2025-07-11"", ""2025-07-18"", ""2025-07-25"", ""2025-08-01"", ""2025-08-08"", ""2025-08-15"", ""2025-08-22"", ""2025-08-29"", ""2025-09-05"", ""2025-09-12""]",5328,2025-01-03 00:00:00,2025-09-13,2025-09-13,0,261,none,False
Load:B0:2025-09-20,Load,B0,2025-09-20,2,"[""2025-09-19""]",1,2025-09-19 23:50:00,2025-09-20,2025-09-20,0,262,none,False
Load:B1:2025-09-20,Load,B1,2025-09-20,2,"[""2025-09-19""]",144,2025-09-19 00:00:00,2025-09-20,2025-09-20,0,262,none,False
Load:B2:2025-09-20,Load,B2,2025-09-20,2,"[""2025-09-13""]",144,2025-09-13 00:00:00,2025-09-14,2025-09-14,0,262,none,False
Load:B3:2025-09-20,Load,B3,2025-09-20,2,"[""2025-09-13"", ""2025-09-14"", ""2025-09-15"", ""2025-09-16"", ""2025-09-17"", ""2025-09-18"", ""2025-09-19""]",1008,2025-09-13 00:00:00,2025-09-20,2025-09-20,0,262,none,False
Load:B4:2025-09-20,Load,B4,2025-09-20,2,"[""2025-01-04"", ""2025-01-11"", ""2025-01-18"", ""2025-01-25"", ""2025-02-01"", ""2025-02-08"", ""2025-02-15"", ""2025-02-22"", ""2025-03-01"", ""2025-03-08"", ""2025-03-15"", ""2025-03-22"", ""2025-03-29"", ""2025-04-05"", ""2025-04-12"", ""2025-04-19"", ""2025-04-26"", ""2025-05-03"", ""2025-05-10"", ""2025-05-17"", ""2025-05-24"", ""2025-05-31"", ""2025-06-07"", ""2025-06-14"", ""2025-06-21"", ""2025-06-28"", ""2025-07-05"", ""2025-07-12"", ""2025-07-19"", ""2025-07-26"", ""2025-08-02"", ""2025-08-09"", ""2025-08-16"", ""2025-08-23"", ""2025-08-30"", ""2025-09-06"", ""2025-09-13""]",5328,2025-01-04 00:00:00,2025-09-14,2025-09-14,0,262,none,False
PV:B0:2025-09-20,PV,B0,2025-09-20,2,"[""2025-09-19""]",1,2025-09-19 23:50:00,2025-09-20,2025-09-20,0,262,none,False
PV:B1:2025-09-20,PV,B1,2025-09-20,2,"[""2025-09-19""]",144,2025-09-19 00:00:00,2025-09-20,2025-09-20,0,262,none,False
PV:B2:2025-09-20,PV,B2,2025-09-20,2,"[""2025-09-13""]",144,2025-09-13 00:00:00,2025-09-14,2025-09-14,0,262,none,False
PV:B3:2025-09-20,PV,B3,2025-09-20,2,"[""2025-09-13"", ""2025-09-14"", ""2025-09-15"", ""2025-09-16"", ""2025-09-17"", ""2025-09-18"", ""2025-09-19""]",1008,2025-09-13 00:00:00,2025-09-20,2025-09-20,0,262,none,False
PV:B4:2025-09-20,PV,B4,2025-09-20,2,"[""2025-01-04"", ""2025-01-11"", ""2025-01-18"", ""2025-01-25"", ""2025-02-01"", ""2025-02-08"", ""2025-02-15"", ""2025-02-22"", ""2025-03-01"", ""2025-03-08"", ""2025-03-15"", ""2025-03-22"", ""2025-03-29"", ""2025-04-05"", ""2025-04-12"", ""2025-04-19"", ""2025-04-26"", ""2025-05-03"", ""2025-05-10"", ""2025-05-17"", ""2025-05-24"", ""2025-05-31"", ""2025-06-07"", ""2025-06-14"", ""2025-06-21"", ""2025-06-28"", ""2025-07-05"", ""2025-07-12"", ""2025-07-19"", ""2025-07-26"", ""2025-08-02"", ""2025-08-09"", ""2025-08-16"", ""2025-08-23"", ""2025-08-30"", ""2025-09-06"", ""2025-09-13""]",5328,2025-01-04 00:00:00,2025-09-14,2025-09-14,0,262,none,False
Load:B0:2025-09-21,Load,B0,2025-09-21,2,"[""2025-09-20""]",1,2025-09-20 23:50:00,2025-09-21,2025-09-21,0,263,none,False
Load:B1:2025-09-21,Load,B1,2025-09-21,2,"[""2025-09-20""]",144,2025-09-20 00:00:00,2025-09-21,2025-09-21,0,263,none,False
Load:B2:2025-09-21,Load,B2,2025-09-21,2,"[""2025-09-14""]",144,2025-09-14 00:00:00,2025-09-15,2025-09-15,0,263,none,False
Load:B3:2025-09-21,Load,B3,2025-09-21,2,"[""2025-09-14"", ""2025-09-15"", ""2025-09-16"", ""2025-09-17"", ""2025-09-18"", ""2025-09-19"", ""2025-09-20""]",1008,2025-09-14 00:00:00,2025-09-21,2025-09-21,0,263,none,False
Load:B4:2025-09-21,Load,B4,2025-09-21,2,"[""2025-01-05"", ""2025-01-12"", ""2025-01-19"", ""2025-01-26"", ""2025-02-02"", ""2025-02-09"", ""2025-02-16"", ""2025-02-23"", ""2025-03-02"", ""2025-03-09"", ""2025-03-16"", ""2025-03-23"", ""2025-03-30"", ""2025-04-06"", ""2025-04-13"", ""2025-04-20"", ""2025-04-27"", ""2025-05-04"", ""2025-05-11"", ""2025-05-18"", ""2025-05-25"", ""2025-06-01"", ""2025-06-08"", ""2025-06-15"", ""2025-06-22"", ""2025-06-29"", ""2025-07-06"", ""2025-07-13"", ""2025-07-20"", ""2025-07-27"", ""2025-08-03"", ""2025-08-10"", ""2025-08-17"", ""2025-08-24"", ""2025-08-31"", ""2025-09-07"", ""2025-09-14""]",5328,2025-01-05 00:00:00,2025-09-15,2025-09-15,0,263,none,False
PV:B0:2025-09-21,PV,B0,2025-09-21,2,"[""2025-09-20""]",1,2025-09-20 23:50:00,2025-09-21,2025-09-21,0,263,none,False
PV:B1:2025-09-21,PV,B1,2025-09-21,2,"[""2025-09-20""]",144,2025-09-20 00:00:00,2025-09-21,2025-09-21,0,263,none,False
PV:B2:2025-09-21,PV,B2,2025-09-21,2,"[""2025-09-14""]",144,2025-09-14 00:00:00,2025-09-15,2025-09-15,0,263,none,False
PV:B3:2025-09-21,PV,B3,2025-09-21,2,"[""2025-09-14"", ""2025-09-15"", ""2025-09-16"", ""2025-09-17"", ""2025-09-18"", ""2025-09-19"", ""2025-09-20""]",1008,2025-09-14 00:00:00,2025-09-21,2025-09-21,0,263,none,False
PV:B4:2025-09-21,PV,B4,2025-09-21,2,"[""2025-01-05"", ""2025-01-12"", ""2025-01-19"", ""2025-01-26"", ""2025-02-02"", ""2025-02-09"", ""2025-02-16"", ""2025-02-23"", ""2025-03-02"", ""2025-03-09"", ""2025-03-16"", ""2025-03-23"", ""2025-03-30"", ""2025-04-06"", ""2025-04-13"", ""2025-04-20"", ""2025-04-27"", ""2025-05-04"", ""2025-05-11"", ""2025-05-18"", ""2025-05-25"", ""2025-06-01"", ""2025-06-08"", ""2025-06-15"", ""2025-06-22"", ""2025-06-29"", ""2025-07-06"", ""2025-07-13"", ""2025-07-20"", ""2025-07-27"", ""2025-08-03"", ""2025-08-10"", ""2025-08-17"", ""2025-08-24"", ""2025-08-31"", ""2025-09-07"", ""2025-09-14""]",5328,2025-01-05 00:00:00,2025-09-15,2025-09-15,0,263,none,False
Load:B0:2025-09-22,Load,B0,2025-09-22,2,"[""2025-09-21""]",1,2025-09-21 23:50:00,2025-09-22,2025-09-22,0,264,none,False
Load:B1:2025-09-22,Load,B1,2025-09-22,2,"[""2025-09-21""]",144,2025-09-21 00:00:00,2025-09-22,2025-09-22,0,264,none,False
Load:B2:2025-09-22,Load,B2,2025-09-22,2,"[""2025-09-15""]",144,2025-09-15 00:00:00,2025-09-16,2025-09-16,0,264,none,False
Load:B3:2025-09-22,Load,B3,2025-09-22,2,"[""2025-09-15"", ""2025-09-16"", ""2025-09-17"", ""2025-09-18"", ""2025-09-19"", ""2025-09-20"", ""2025-09-21""]",1008,2025-09-15 00:00:00,2025-09-22,2025-09-22,0,264,none,False
Load:B4:2025-09-22,Load,B4,2025-09-22,2,"[""2025-01-06"", ""2025-01-13"", ""2025-01-20"", ""2025-01-27"", ""2025-02-03"", ""2025-02-10"", ""2025-02-17"", ""2025-02-24"", ""2025-03-03"", ""2025-03-10"", ""2025-03-17"", ""2025-03-24"", ""2025-03-31"", ""2025-04-07"", ""2025-04-14"", ""2025-04-21"", ""2025-04-28"", ""2025-05-05"", ""2025-05-12"", ""2025-05-19"", ""2025-05-26"", ""2025-06-02"", ""2025-06-09"", ""2025-06-16"", ""2025-06-23"", ""2025-06-30"", ""2025-07-07"", ""2025-07-14"", ""2025-07-21"", ""2025-07-28"", ""2025-08-04"", ""2025-08-11"", ""2025-08-18"", ""2025-08-25"", ""2025-09-01"", ""2025-09-08"", ""2025-09-15""]",5328,2025-01-06 00:00:00,2025-09-16,2025-09-16,0,264,none,False
PV:B0:2025-09-22,PV,B0,2025-09-22,2,"[""2025-09-21""]",1,2025-09-21 23:50:00,2025-09-22,2025-09-22,0,264,none,False
PV:B1:2025-09-22,PV,B1,2025-09-22,2,"[""2025-09-21""]",144,2025-09-21 00:00:00,2025-09-22,2025-09-22,0,264,none,False
PV:B2:2025-09-22,PV,B2,2025-09-22,2,"[""2025-09-15""]",144,2025-09-15 00:00:00,2025-09-16,2025-09-16,0,264,none,False
PV:B3:2025-09-22,PV,B3,2025-09-22,2,"[""2025-09-15"", ""2025-09-16"", ""2025-09-17"", ""2025-09-18"", ""2025-09-19"", ""2025-09-20"", ""2025-09-21""]",1008,2025-09-15 00:00:00,2025-09-22,2025-09-22,0,264,none,False
PV:B4:2025-09-22,PV,B4,2025-09-22,2,"[""2025-01-06"", ""2025-01-13"", ""2025-01-20"", ""2025-01-27"", ""2025-02-03"", ""2025-02-10"", ""2025-02-17"", ""2025-02-24"", ""2025-03-03"", ""2025-03-10"", ""2025-03-17"", ""2025-03-24"", ""2025-03-31"", ""2025-04-07"", ""2025-04-14"", ""2025-04-21"", ""2025-04-28"", ""2025-05-05"", ""2025-05-12"", ""2025-05-19"", ""2025-05-26"", ""2025-06-02"", ""2025-06-09"", ""2025-06-16"", ""2025-06-23"", ""2025-06-30"", ""2025-07-07"", ""2025-07-14"", ""2025-07-21"", ""2025-07-28"", ""2025-08-04"", ""2025-08-11"", ""2025-08-18"", ""2025-08-25"", ""2025-09-01"", ""2025-09-08"", ""2025-09-15""]",5328,2025-01-06 00:00:00,2025-09-16,2025-09-16,0,264,none,False
Load:B0:2025-09-23,Load,B0,2025-09-23,2,"[""2025-09-22""]",1,2025-09-22 23:50:00,2025-09-23,2025-09-23,0,265,none,False
Load:B1:2025-09-23,Load,B1,2025-09-23,2,"[""2025-09-22""]",144,2025-09-22 00:00:00,2025-09-23,2025-09-23,0,265,none,False
Load:B2:2025-09-23,Load,B2,2025-09-23,2,"[""2025-09-16""]",144,2025-09-16 00:00:00,2025-09-17,2025-09-17,0,265,none,False
Load:B3:2025-09-23,Load,B3,2025-09-23,2,"[""2025-09-16"", ""2025-09-17"", ""2025-09-18"", ""2025-09-19"", ""2025-09-20"", ""2025-09-21"", ""2025-09-22""]",1008,2025-09-16 00:00:00,2025-09-23,2025-09-23,0,265,none,False
Load:B4:2025-09-23,Load,B4,2025-09-23,2,"[""2025-01-07"", ""2025-01-14"", ""2025-01-21"", ""2025-01-28"", ""2025-02-04"", ""2025-02-11"", ""2025-02-18"", ""2025-02-25"", ""2025-03-04"", ""2025-03-11"", ""2025-03-18"", ""2025-03-25"", ""2025-04-01"", ""2025-04-08"", ""2025-04-15"", ""2025-04-22"", ""2025-04-29"", ""2025-05-06"", ""2025-05-13"", ""2025-05-20"", ""2025-05-27"", ""2025-06-03"", ""2025-06-10"", ""2025-06-17"", ""2025-06-24"", ""2025-07-01"", ""2025-07-08"", ""2025-07-15"", ""2025-07-22"", ""2025-07-29"", ""2025-08-05"", ""2025-08-12"", ""2025-08-19"", ""2025-08-26"", ""2025-09-02"", ""2025-09-09"", ""2025-09-16""]",5328,2025-01-07 00:00:00,2025-09-17,2025-09-17,0,265,none,False
PV:B0:2025-09-23,PV,B0,2025-09-23,2,"[""2025-09-22""]",1,2025-09-22 23:50:00,2025-09-23,2025-09-23,0,265,none,False
PV:B1:2025-09-23,PV,B1,2025-09-23,2,"[""2025-09-22""]",144,2025-09-22 00:00:00,2025-09-23,2025-09-23,0,265,none,False
PV:B2:2025-09-23,PV,B2,2025-09-23,2,"[""2025-09-16""]",144,2025-09-16 00:00:00,2025-09-17,2025-09-17,0,265,none,False
PV:B3:2025-09-23,PV,B3,2025-09-23,2,"[""2025-09-16"", ""2025-09-17"", ""2025-09-18"", ""2025-09-19"", ""2025-09-20"", ""2025-09-21"", ""2025-09-22""]",1008,2025-09-16 00:00:00,2025-09-23,2025-09-23,0,265,none,False
PV:B4:2025-09-23,PV,B4,2025-09-23,2,"[""2025-01-07"", ""2025-01-14"", ""2025-01-21"", ""2025-01-28"", ""2025-02-04"", ""2025-02-11"", ""2025-02-18"", ""2025-02-25"", ""2025-03-04"", ""2025-03-11"", ""2025-03-18"", ""2025-03-25"", ""2025-04-01"", ""2025-04-08"", ""2025-04-15"", ""2025-04-22"", ""2025-04-29"", ""2025-05-06"", ""2025-05-13"", ""2025-05-20"", ""2025-05-27"", ""2025-06-03"", ""2025-06-10"", ""2025-06-17"", ""2025-06-24"", ""2025-07-01"", ""2025-07-08"", ""2025-07-15"", ""2025-07-22"", ""2025-07-29"", ""2025-08-05"", ""2025-08-12"", ""2025-08-19"", ""2025-08-26"", ""2025-09-02"", ""2025-09-09"", ""2025-09-16""]",5328,2025-01-07 00:00:00,2025-09-17,2025-09-17,0,265,none,False
Load:B0:2025-09-24,Load,B0,2025-09-24,2,"[""2025-09-23""]",1,2025-09-23 23:50:00,2025-09-24,2025-09-24,0,266,none,False
Load:B1:2025-09-24,Load,B1,2025-09-24,2,"[""2025-09-23""]",144,2025-09-23 00:00:00,2025-09-24,2025-09-24,0,266,none,False
Load:B2:2025-09-24,Load,B2,2025-09-24,2,"[""2025-09-17""]",144,2025-09-17 00:00:00,2025-09-18,2025-09-18,0,266,none,False
Load:B3:2025-09-24,Load,B3,2025-09-24,2,"[""2025-09-17"", ""2025-09-18"", ""2025-09-19"", ""2025-09-20"", ""2025-09-21"", ""2025-09-22"", ""2025-09-23""]",1008,2025-09-17 00:00:00,2025-09-24,2025-09-24,0,266,none,False
Load:B4:2025-09-24,Load,B4,2025-09-24,2,"[""2025-01-01"", ""2025-01-08"", ""2025-01-15"", ""2025-01-22"", ""2025-01-29"", ""2025-02-05"", ""2025-02-12"", ""2025-02-19"", ""2025-02-26"", ""2025-03-05"", ""2025-03-12"", ""2025-03-19"", ""2025-03-26"", ""2025-04-02"", ""2025-04-09"", ""2025-04-16"", ""2025-04-23"", ""2025-04-30"", ""2025-05-07"", ""2025-05-14"", ""2025-05-21"", ""2025-05-28"", ""2025-06-04"", ""2025-06-11"", ""2025-06-18"", ""2025-06-25"", ""2025-07-02"", ""2025-07-09"", ""2025-07-16"", ""2025-07-23"", ""2025-07-30"", ""2025-08-06"", ""2025-08-13"", ""2025-08-20"", ""2025-08-27"", ""2025-09-03"", ""2025-09-10"", ""2025-09-17""]",5472,2025-01-01 00:00:00,2025-09-18,2025-09-18,0,266,none,False
PV:B0:2025-09-24,PV,B0,2025-09-24,2,"[""2025-09-23""]",1,2025-09-23 23:50:00,2025-09-24,2025-09-24,0,266,none,False
PV:B1:2025-09-24,PV,B1,2025-09-24,2,"[""2025-09-23""]",144,2025-09-23 00:00:00,2025-09-24,2025-09-24,0,266,none,False
PV:B2:2025-09-24,PV,B2,2025-09-24,2,"[""2025-09-17""]",144,2025-09-17 00:00:00,2025-09-18,2025-09-18,0,266,none,False
PV:B3:2025-09-24,PV,B3,2025-09-24,2,"[""2025-09-17"", ""2025-09-18"", ""2025-09-19"", ""2025-09-20"", ""2025-09-21"", ""2025-09-22"", ""2025-09-23""]",1008,2025-09-17 00:00:00,2025-09-24,2025-09-24,0,266,none,False
PV:B4:2025-09-24,PV,B4,2025-09-24,2,"[""2025-01-01"", ""2025-01-08"", ""2025-01-15"", ""2025-01-22"", ""2025-01-29"", ""2025-02-05"", ""2025-02-12"", ""2025-02-19"", ""2025-02-26"", ""2025-03-05"", ""2025-03-12"", ""2025-03-19"", ""2025-03-26"", ""2025-04-02"", ""2025-04-09"", ""2025-04-16"", ""2025-04-23"", ""2025-04-30"", ""2025-05-07"", ""2025-05-14"", ""2025-05-21"", ""2025-05-28"", ""2025-06-04"", ""2025-06-11"", ""2025-06-18"", ""2025-06-25"", ""2025-07-02"", ""2025-07-09"", ""2025-07-16"", ""2025-07-23"", ""2025-07-30"", ""2025-08-06"", ""2025-08-13"", ""2025-08-20"", ""2025-08-27"", ""2025-09-03"", ""2025-09-10"", ""2025-09-17""]",5472,2025-01-01 00:00:00,2025-09-18,2025-09-18,0,266,none,False
Load:B0:2025-09-25,Load,B0,2025-09-25,2,"[""2025-09-24""]",1,2025-09-24 23:50:00,2025-09-25,2025-09-25,0,267,none,False
Load:B1:2025-09-25,Load,B1,2025-09-25,2,"[""2025-09-24""]",144,2025-09-24 00:00:00,2025-09-25,2025-09-25,0,267,none,False
Load:B2:2025-09-25,Load,B2,2025-09-25,2,"[""2025-09-18""]",144,2025-09-18 00:00:00,2025-09-19,2025-09-19,0,267,none,False
Load:B3:2025-09-25,Load,B3,2025-09-25,2,"[""2025-09-18"", ""2025-09-19"", ""2025-09-20"", ""2025-09-21"", ""2025-09-22"", ""2025-09-23"", ""2025-09-24""]",1008,2025-09-18 00:00:00,2025-09-25,2025-09-25,0,267,none,False
Load:B4:2025-09-25,Load,B4,2025-09-25,2,"[""2025-01-02"", ""2025-01-09"", ""2025-01-16"", ""2025-01-23"", ""2025-01-30"", ""2025-02-06"", ""2025-02-13"", ""2025-02-20"", ""2025-02-27"", ""2025-03-06"", ""2025-03-13"", ""2025-03-20"", ""2025-03-27"", ""2025-04-03"", ""2025-04-10"", ""2025-04-17"", ""2025-04-24"", ""2025-05-01"", ""2025-05-08"", ""2025-05-15"", ""2025-05-22"", ""2025-05-29"", ""2025-06-05"", ""2025-06-12"", ""2025-06-19"", ""2025-06-26"", ""2025-07-03"", ""2025-07-10"", ""2025-07-17"", ""2025-07-24"", ""2025-07-31"", ""2025-08-07"", ""2025-08-14"", ""2025-08-21"", ""2025-08-28"", ""2025-09-04"", ""2025-09-11"", ""2025-09-18""]",5472,2025-01-02 00:00:00,2025-09-19,2025-09-19,0,267,none,False
PV:B0:2025-09-25,PV,B0,2025-09-25,2,"[""2025-09-24""]",1,2025-09-24 23:50:00,2025-09-25,2025-09-25,0,267,none,False
PV:B1:2025-09-25,PV,B1,2025-09-25,2,"[""2025-09-24""]",144,2025-09-24 00:00:00,2025-09-25,2025-09-25,0,267,none,False
PV:B2:2025-09-25,PV,B2,2025-09-25,2,"[""2025-09-18""]",144,2025-09-18 00:00:00,2025-09-19,2025-09-19,0,267,none,False
PV:B3:2025-09-25,PV,B3,2025-09-25,2,"[""2025-09-18"", ""2025-09-19"", ""2025-09-20"", ""2025-09-21"", ""2025-09-22"", ""2025-09-23"", ""2025-09-24""]",1008,2025-09-18 00:00:00,2025-09-25,2025-09-25,0,267,none,False
PV:B4:2025-09-25,PV,B4,2025-09-25,2,"[""2025-01-02"", ""2025-01-09"", ""2025-01-16"", ""2025-01-23"", ""2025-01-30"", ""2025-02-06"", ""2025-02-13"", ""2025-02-20"", ""2025-02-27"", ""2025-03-06"", ""2025-03-13"", ""2025-03-20"", ""2025-03-27"", ""2025-04-03"", ""2025-04-10"", ""2025-04-17"", ""2025-04-24"", ""2025-05-01"", ""2025-05-08"", ""2025-05-15"", ""2025-05-22"", ""2025-05-29"", ""2025-06-05"", ""2025-06-12"", ""2025-06-19"", ""2025-06-26"", ""2025-07-03"", ""2025-07-10"", ""2025-07-17"", ""2025-07-24"", ""2025-07-31"", ""2025-08-07"", ""2025-08-14"", ""2025-08-21"", ""2025-08-28"", ""2025-09-04"", ""2025-09-11"", ""2025-09-18""]",5472,2025-01-02 00:00:00,2025-09-19,2025-09-19,0,267,none,False
Load:B0:2025-09-26,Load,B0,2025-09-26,2,"[""2025-09-25""]",1,2025-09-25 23:50:00,2025-09-26,2025-09-26,0,268,none,False
Load:B1:2025-09-26,Load,B1,2025-09-26,2,"[""2025-09-25""]",144,2025-09-25 00:00:00,2025-09-26,2025-09-26,0,268,none,False
Load:B2:2025-09-26,Load,B2,2025-09-26,2,"[""2025-09-19""]",144,2025-09-19 00:00:00,2025-09-20,2025-09-20,0,268,none,False
Load:B3:2025-09-26,Load,B3,2025-09-26,2,"[""2025-09-19"", ""2025-09-20"", ""2025-09-21"", ""2025-09-22"", ""2025-09-23"", ""2025-09-24"", ""2025-09-25""]",1008,2025-09-19 00:00:00,2025-09-26,2025-09-26,0,268,none,False
Load:B4:2025-09-26,Load,B4,2025-09-26,2,"[""2025-01-03"", ""2025-01-10"", ""2025-01-17"", ""2025-01-24"", ""2025-01-31"", ""2025-02-07"", ""2025-02-14"", ""2025-02-21"", ""2025-02-28"", ""2025-03-07"", ""2025-03-14"", ""2025-03-21"", ""2025-03-28"", ""2025-04-04"", ""2025-04-11"", ""2025-04-18"", ""2025-04-25"", ""2025-05-02"", ""2025-05-09"", ""2025-05-16"", ""2025-05-23"", ""2025-05-30"", ""2025-06-06"", ""2025-06-13"", ""2025-06-20"", ""2025-06-27"", ""2025-07-04"", ""2025-07-11"", ""2025-07-18"", ""2025-07-25"", ""2025-08-01"", ""2025-08-08"", ""2025-08-15"", ""2025-08-22"", ""2025-08-29"", ""2025-09-05"", ""2025-09-12"", ""2025-09-19""]",5472,2025-01-03 00:00:00,2025-09-20,2025-09-20,0,268,none,False
PV:B0:2025-09-26,PV,B0,2025-09-26,2,"[""2025-09-25""]",1,2025-09-25 23:50:00,2025-09-26,2025-09-26,0,268,none,False
PV:B1:2025-09-26,PV,B1,2025-09-26,2,"[""2025-09-25""]",144,2025-09-25 00:00:00,2025-09-26,2025-09-26,0,268,none,False
PV:B2:2025-09-26,PV,B2,2025-09-26,2,"[""2025-09-19""]",144,2025-09-19 00:00:00,2025-09-20,2025-09-20,0,268,none,False
PV:B3:2025-09-26,PV,B3,2025-09-26,2,"[""2025-09-19"", ""2025-09-20"", ""2025-09-21"", ""2025-09-22"", ""2025-09-23"", ""2025-09-24"", ""2025-09-25""]",1008,2025-09-19 00:00:00,2025-09-26,2025-09-26,0,268,none,False
PV:B4:2025-09-26,PV,B4,2025-09-26,2,"[""2025-01-03"", ""2025-01-10"", ""2025-01-17"", ""2025-01-24"", ""2025-01-31"", ""2025-02-07"", ""2025-02-14"", ""2025-02-21"", ""2025-02-28"", ""2025-03-07"", ""2025-03-14"", ""2025-03-21"", ""2025-03-28"", ""2025-04-04"", ""2025-04-11"", ""2025-04-18"", ""2025-04-25"", ""2025-05-02"", ""2025-05-09"", ""2025-05-16"", ""2025-05-23"", ""2025-05-30"", ""2025-06-06"", ""2025-06-13"", ""2025-06-20"", ""2025-06-27"", ""2025-07-04"", ""2025-07-11"", ""2025-07-18"", ""2025-07-25"", ""2025-08-01"", ""2025-08-08"", ""2025-08-15"", ""2025-08-22"", ""2025-08-29"", ""2025-09-05"", ""2025-09-12"", ""2025-09-19""]",5472,2025-01-03 00:00:00,2025-09-20,2025-09-20,0,268,none,False
Load:B0:2025-09-27,Load,B0,2025-09-27,2,"[""2025-09-26""]",1,2025-09-26 23:50:00,2025-09-27,2025-09-27,0,269,none,False
Load:B1:2025-09-27,Load,B1,2025-09-27,2,"[""2025-09-26""]",144,2025-09-26 00:00:00,2025-09-27,2025-09-27,0,269,none,False
Load:B2:2025-09-27,Load,B2,2025-09-27,2,"[""2025-09-20""]",144,2025-09-20 00:00:00,2025-09-21,2025-09-21,0,269,none,False
Load:B3:2025-09-27,Load,B3,2025-09-27,2,"[""2025-09-20"", ""2025-09-21"", ""2025-09-22"", ""2025-09-23"", ""2025-09-24"", ""2025-09-25"", ""2025-09-26""]",1008,2025-09-20 00:00:00,2025-09-27,2025-09-27,0,269,none,False
Load:B4:2025-09-27,Load,B4,2025-09-27,2,"[""2025-01-04"", ""2025-01-11"", ""2025-01-18"", ""2025-01-25"", ""2025-02-01"", ""2025-02-08"", ""2025-02-15"", ""2025-02-22"", ""2025-03-01"", ""2025-03-08"", ""2025-03-15"", ""2025-03-22"", ""2025-03-29"", ""2025-04-05"", ""2025-04-12"", ""2025-04-19"", ""2025-04-26"", ""2025-05-03"", ""2025-05-10"", ""2025-05-17"", ""2025-05-24"", ""2025-05-31"", ""2025-06-07"", ""2025-06-14"", ""2025-06-21"", ""2025-06-28"", ""2025-07-05"", ""2025-07-12"", ""2025-07-19"", ""2025-07-26"", ""2025-08-02"", ""2025-08-09"", ""2025-08-16"", ""2025-08-23"", ""2025-08-30"", ""2025-09-06"", ""2025-09-13"", ""2025-09-20""]",5472,2025-01-04 00:00:00,2025-09-21,2025-09-21,0,269,none,False
PV:B0:2025-09-27,PV,B0,2025-09-27,2,"[""2025-09-26""]",1,2025-09-26 23:50:00,2025-09-27,2025-09-27,0,269,none,False
PV:B1:2025-09-27,PV,B1,2025-09-27,2,"[""2025-09-26""]",144,2025-09-26 00:00:00,2025-09-27,2025-09-27,0,269,none,False
PV:B2:2025-09-27,PV,B2,2025-09-27,2,"[""2025-09-20""]",144,2025-09-20 00:00:00,2025-09-21,2025-09-21,0,269,none,False
PV:B3:2025-09-27,PV,B3,2025-09-27,2,"[""2025-09-20"", ""2025-09-21"", ""2025-09-22"", ""2025-09-23"", ""2025-09-24"", ""2025-09-25"", ""2025-09-26""]",1008,2025-09-20 00:00:00,2025-09-27,2025-09-27,0,269,none,False
PV:B4:2025-09-27,PV,B4,2025-09-27,2,"[""2025-01-04"", ""2025-01-11"", ""2025-01-18"", ""2025-01-25"", ""2025-02-01"", ""2025-02-08"", ""2025-02-15"", ""2025-02-22"", ""2025-03-01"", ""2025-03-08"", ""2025-03-15"", ""2025-03-22"", ""2025-03-29"", ""2025-04-05"", ""2025-04-12"", ""2025-04-19"", ""2025-04-26"", ""2025-05-03"", ""2025-05-10"", ""2025-05-17"", ""2025-05-24"", ""2025-05-31"", ""2025-06-07"", ""2025-06-14"", ""2025-06-21"", ""2025-06-28"", ""2025-07-05"", ""2025-07-12"", ""2025-07-19"", ""2025-07-26"", ""2025-08-02"", ""2025-08-09"", ""2025-08-16"", ""2025-08-23"", ""2025-08-30"", ""2025-09-06"", ""2025-09-13"", ""2025-09-20""]",5472,2025-01-04 00:00:00,2025-09-21,2025-09-21,0,269,none,False
Load:B0:2025-09-28,Load,B0,2025-09-28,2,"[""2025-09-27""]",1,2025-09-27 23:50:00,2025-09-28,2025-09-28,0,270,none,False
Load:B1:2025-09-28,Load,B1,2025-09-28,2,"[""2025-09-27""]",144,2025-09-27 00:00:00,2025-09-28,2025-09-28,0,270,none,False
Load:B2:2025-09-28,Load,B2,2025-09-28,2,"[""2025-09-21""]",144,2025-09-21 00:00:00,2025-09-22,2025-09-22,0,270,none,False
Load:B3:2025-09-28,Load,B3,2025-09-28,2,"[""2025-09-21"", ""2025-09-22"", ""2025-09-23"", ""2025-09-24"", ""2025-09-25"", ""2025-09-26"", ""2025-09-27""]",1008,2025-09-21 00:00:00,2025-09-28,2025-09-28,0,270,none,False
Load:B4:2025-09-28,Load,B4,2025-09-28,2,"[""2025-01-05"", ""2025-01-12"", ""2025-01-19"", ""2025-01-26"", ""2025-02-02"", ""2025-02-09"", ""2025-02-16"", ""2025-02-23"", ""2025-03-02"", ""2025-03-09"", ""2025-03-16"", ""2025-03-23"", ""2025-03-30"", ""2025-04-06"", ""2025-04-13"", ""2025-04-20"", ""2025-04-27"", ""2025-05-04"", ""2025-05-11"", ""2025-05-18"", ""2025-05-25"", ""2025-06-01"", ""2025-06-08"", ""2025-06-15"", ""2025-06-22"", ""2025-06-29"", ""2025-07-06"", ""2025-07-13"", ""2025-07-20"", ""2025-07-27"", ""2025-08-03"", ""2025-08-10"", ""2025-08-17"", ""2025-08-24"", ""2025-08-31"", ""2025-09-07"", ""2025-09-14"", ""2025-09-21""]",5472,2025-01-05 00:00:00,2025-09-22,2025-09-22,0,270,none,False
PV:B0:2025-09-28,PV,B0,2025-09-28,2,"[""2025-09-27""]",1,2025-09-27 23:50:00,2025-09-28,2025-09-28,0,270,none,False
PV:B1:2025-09-28,PV,B1,2025-09-28,2,"[""2025-09-27""]",144,2025-09-27 00:00:00,2025-09-28,2025-09-28,0,270,none,False
PV:B2:2025-09-28,PV,B2,2025-09-28,2,"[""2025-09-21""]",144,2025-09-21 00:00:00,2025-09-22,2025-09-22,0,270,none,False
PV:B3:2025-09-28,PV,B3,2025-09-28,2,"[""2025-09-21"", ""2025-09-22"", ""2025-09-23"", ""2025-09-24"", ""2025-09-25"", ""2025-09-26"", ""2025-09-27""]",1008,2025-09-21 00:00:00,2025-09-28,2025-09-28,0,270,none,False
PV:B4:2025-09-28,PV,B4,2025-09-28,2,"[""2025-01-05"", ""2025-01-12"", ""2025-01-19"", ""2025-01-26"", ""2025-02-02"", ""2025-02-09"", ""2025-02-16"", ""2025-02-23"", ""2025-03-02"", ""2025-03-09"", ""2025-03-16"", ""2025-03-23"", ""2025-03-30"", ""2025-04-06"", ""2025-04-13"", ""2025-04-20"", ""2025-04-27"", ""2025-05-04"", ""2025-05-11"", ""2025-05-18"", ""2025-05-25"", ""2025-06-01"", ""2025-06-08"", ""2025-06-15"", ""2025-06-22"", ""2025-06-29"", ""2025-07-06"", ""2025-07-13"", ""2025-07-20"", ""2025-07-27"", ""2025-08-03"", ""2025-08-10"", ""2025-08-17"", ""2025-08-24"", ""2025-08-31"", ""2025-09-07"", ""2025-09-14"", ""2025-09-21""]",5472,2025-01-05 00:00:00,2025-09-22,2025-09-22,0,270,none,False
Load:B0:2025-09-29,Load,B0,2025-09-29,2,"[""2025-09-28""]",1,2025-09-28 23:50:00,2025-09-29,2025-09-29,0,271,none,False
Load:B1:2025-09-29,Load,B1,2025-09-29,2,"[""2025-09-28""]",144,2025-09-28 00:00:00,2025-09-29,2025-09-29,0,271,none,False
Load:B2:2025-09-29,Load,B2,2025-09-29,2,"[""2025-09-22""]",144,2025-09-22 00:00:00,2025-09-23,2025-09-23,0,271,none,False
Load:B3:2025-09-29,Load,B3,2025-09-29,2,"[""2025-09-22"", ""2025-09-23"", ""2025-09-24"", ""2025-09-25"", ""2025-09-26"", ""2025-09-27"", ""2025-09-28""]",1008,2025-09-22 00:00:00,2025-09-29,2025-09-29,0,271,none,False
Load:B4:2025-09-29,Load,B4,2025-09-29,2,"[""2025-01-06"", ""2025-01-13"", ""2025-01-20"", ""2025-01-27"", ""2025-02-03"", ""2025-02-10"", ""2025-02-17"", ""2025-02-24"", ""2025-03-03"", ""2025-03-10"", ""2025-03-17"", ""2025-03-24"", ""2025-03-31"", ""2025-04-07"", ""2025-04-14"", ""2025-04-21"", ""2025-04-28"", ""2025-05-05"", ""2025-05-12"", ""2025-05-19"", ""2025-05-26"", ""2025-06-02"", ""2025-06-09"", ""2025-06-16"", ""2025-06-23"", ""2025-06-30"", ""2025-07-07"", ""2025-07-14"", ""2025-07-21"", ""2025-07-28"", ""2025-08-04"", ""2025-08-11"", ""2025-08-18"", ""2025-08-25"", ""2025-09-01"", ""2025-09-08"", ""2025-09-15"", ""2025-09-22""]",5472,2025-01-06 00:00:00,2025-09-23,2025-09-23,0,271,none,False
PV:B0:2025-09-29,PV,B0,2025-09-29,2,"[""2025-09-28""]",1,2025-09-28 23:50:00,2025-09-29,2025-09-29,0,271,none,False
PV:B1:2025-09-29,PV,B1,2025-09-29,2,"[""2025-09-28""]",144,2025-09-28 00:00:00,2025-09-29,2025-09-29,0,271,none,False
PV:B2:2025-09-29,PV,B2,2025-09-29,2,"[""2025-09-22""]",144,2025-09-22 00:00:00,2025-09-23,2025-09-23,0,271,none,False
PV:B3:2025-09-29,PV,B3,2025-09-29,2,"[""2025-09-22"", ""2025-09-23"", ""2025-09-24"", ""2025-09-25"", ""2025-09-26"", ""2025-09-27"", ""2025-09-28""]",1008,2025-09-22 00:00:00,2025-09-29,2025-09-29,0,271,none,False
PV:B4:2025-09-29,PV,B4,2025-09-29,2,"[""2025-01-06"", ""2025-01-13"", ""2025-01-20"", ""2025-01-27"", ""2025-02-03"", ""2025-02-10"", ""2025-02-17"", ""2025-02-24"", ""2025-03-03"", ""2025-03-10"", ""2025-03-17"", ""2025-03-24"", ""2025-03-31"", ""2025-04-07"", ""2025-04-14"", ""2025-04-21"", ""2025-04-28"", ""2025-05-05"", ""2025-05-12"", ""2025-05-19"", ""2025-05-26"", ""2025-06-02"", ""2025-06-09"", ""2025-06-16"", ""2025-06-23"", ""2025-06-30"", ""2025-07-07"", ""2025-07-14"", ""2025-07-21"", ""2025-07-28"", ""2025-08-04"", ""2025-08-11"", ""2025-08-18"", ""2025-08-25"", ""2025-09-01"", ""2025-09-08"", ""2025-09-15"", ""2025-09-22""]",5472,2025-01-06 00:00:00,2025-09-23,2025-09-23,0,271,none,False
Load:B0:2025-09-30,Load,B0,2025-09-30,2,"[""2025-09-29""]",1,2025-09-29 23:50:00,2025-09-30,2025-09-30,0,272,none,False
Load:B1:2025-09-30,Load,B1,2025-09-30,2,"[""2025-09-29""]",144,2025-09-29 00:00:00,2025-09-30,2025-09-30,0,272,none,False
Load:B2:2025-09-30,Load,B2,2025-09-30,2,"[""2025-09-23""]",144,2025-09-23 00:00:00,2025-09-24,2025-09-24,0,272,none,False
Load:B3:2025-09-30,Load,B3,2025-09-30,2,"[""2025-09-23"", ""2025-09-24"", ""2025-09-25"", ""2025-09-26"", ""2025-09-27"", ""2025-09-28"", ""2025-09-29""]",1008,2025-09-23 00:00:00,2025-09-30,2025-09-30,0,272,none,False
Load:B4:2025-09-30,Load,B4,2025-09-30,2,"[""2025-01-07"", ""2025-01-14"", ""2025-01-21"", ""2025-01-28"", ""2025-02-04"", ""2025-02-11"", ""2025-02-18"", ""2025-02-25"", ""2025-03-04"", ""2025-03-11"", ""2025-03-18"", ""2025-03-25"", ""2025-04-01"", ""2025-04-08"", ""2025-04-15"", ""2025-04-22"", ""2025-04-29"", ""2025-05-06"", ""2025-05-13"", ""2025-05-20"", ""2025-05-27"", ""2025-06-03"", ""2025-06-10"", ""2025-06-17"", ""2025-06-24"", ""2025-07-01"", ""2025-07-08"", ""2025-07-15"", ""2025-07-22"", ""2025-07-29"", ""2025-08-05"", ""2025-08-12"", ""2025-08-19"", ""2025-08-26"", ""2025-09-02"", ""2025-09-09"", ""2025-09-16"", ""2025-09-23""]",5472,2025-01-07 00:00:00,2025-09-24,2025-09-24,0,272,none,False
PV:B0:2025-09-30,PV,B0,2025-09-30,2,"[""2025-09-29""]",1,2025-09-29 23:50:00,2025-09-30,2025-09-30,0,272,none,False
PV:B1:2025-09-30,PV,B1,2025-09-30,2,"[""2025-09-29""]",144,2025-09-29 00:00:00,2025-09-30,2025-09-30,0,272,none,False
PV:B2:2025-09-30,PV,B2,2025-09-30,2,"[""2025-09-23""]",144,2025-09-23 00:00:00,2025-09-24,2025-09-24,0,272,none,False
PV:B3:2025-09-30,PV,B3,2025-09-30,2,"[""2025-09-23"", ""2025-09-24"", ""2025-09-25"", ""2025-09-26"", ""2025-09-27"", ""2025-09-28"", ""2025-09-29""]",1008,2025-09-23 00:00:00,2025-09-30,2025-09-30,0,272,none,False
PV:B4:2025-09-30,PV,B4,2025-09-30,2,"[""2025-01-07"", ""2025-01-14"", ""2025-01-21"", ""2025-01-28"", ""2025-02-04"", ""2025-02-11"", ""2025-02-18"", ""2025-02-25"", ""2025-03-04"", ""2025-03-11"", ""2025-03-18"", ""2025-03-25"", ""2025-04-01"", ""2025-04-08"", ""2025-04-15"", ""2025-04-22"", ""2025-04-29"", ""2025-05-06"", ""2025-05-13"", ""2025-05-20"", ""2025-05-27"", ""2025-06-03"", ""2025-06-10"", ""2025-06-17"", ""2025-06-24"", ""2025-07-01"", ""2025-07-08"", ""2025-07-15"", ""2025-07-22"", ""2025-07-29"", ""2025-08-05"", ""2025-08-12"", ""2025-08-19"", ""2025-08-26"", ""2025-09-02"", ""2025-09-09"", ""2025-09-16"", ""2025-09-23""]",5472,2025-01-07 00:00:00,2025-09-24,2025-09-24,0,272,none,False
Load:B0:2025-10-01,Load,B0,2025-10-01,2,"[""2025-09-30""]",1,2025-09-30 23:50:00,2025-10-01,2025-10-01,0,273,none,False
Load:B1:2025-10-01,Load,B1,2025-10-01,2,"[""2025-09-30""]",144,2025-09-30 00:00:00,2025-10-01,2025-10-01,0,273,none,False
Load:B2:2025-10-01,Load,B2,2025-10-01,2,"[""2025-09-24""]",144,2025-09-24 00:00:00,2025-09-25,2025-09-25,0,273,none,False
Load:B3:2025-10-01,Load,B3,2025-10-01,2,"[""2025-09-24"", ""2025-09-25"", ""2025-09-26"", ""2025-09-27"", ""2025-09-28"", ""2025-09-29"", ""2025-09-30""]",1008,2025-09-24 00:00:00,2025-10-01,2025-10-01,0,273,none,False
Load:B4:2025-10-01,Load,B4,2025-10-01,2,"[""2025-01-01"", ""2025-01-08"", ""2025-01-15"", ""2025-01-22"", ""2025-01-29"", ""2025-02-05"", ""2025-02-12"", ""2025-02-19"", ""2025-02-26"", ""2025-03-05"", ""2025-03-12"", ""2025-03-19"", ""2025-03-26"", ""2025-04-02"", ""2025-04-09"", ""2025-04-16"", ""2025-04-23"", ""2025-04-30"", ""2025-05-07"", ""2025-05-14"", ""2025-05-21"", ""2025-05-28"", ""2025-06-04"", ""2025-06-11"", ""2025-06-18"", ""2025-06-25"", ""2025-07-02"", ""2025-07-09"", ""2025-07-16"", ""2025-07-23"", ""2025-07-30"", ""2025-08-06"", ""2025-08-13"", ""2025-08-20"", ""2025-08-27"", ""2025-09-03"", ""2025-09-10"", ""2025-09-17"", ""2025-09-24""]",5616,2025-01-01 00:00:00,2025-09-25,2025-09-25,0,273,none,False
PV:B0:2025-10-01,PV,B0,2025-10-01,2,"[""2025-09-30""]",1,2025-09-30 23:50:00,2025-10-01,2025-10-01,0,273,none,False
PV:B1:2025-10-01,PV,B1,2025-10-01,2,"[""2025-09-30""]",144,2025-09-30 00:00:00,2025-10-01,2025-10-01,0,273,none,False
PV:B2:2025-10-01,PV,B2,2025-10-01,2,"[""2025-09-24""]",144,2025-09-24 00:00:00,2025-09-25,2025-09-25,0,273,none,False
PV:B3:2025-10-01,PV,B3,2025-10-01,2,"[""2025-09-24"", ""2025-09-25"", ""2025-09-26"", ""2025-09-27"", ""2025-09-28"", ""2025-09-29"", ""2025-09-30""]",1008,2025-09-24 00:00:00,2025-10-01,2025-10-01,0,273,none,False
PV:B4:2025-10-01,PV,B4,2025-10-01,2,"[""2025-01-01"", ""2025-01-08"", ""2025-01-15"", ""2025-01-22"", ""2025-01-29"", ""2025-02-05"", ""2025-02-12"", ""2025-02-19"", ""2025-02-26"", ""2025-03-05"", ""2025-03-12"", ""2025-03-19"", ""2025-03-26"", ""2025-04-02"", ""2025-04-09"", ""2025-04-16"", ""2025-04-23"", ""2025-04-30"", ""2025-05-07"", ""2025-05-14"", ""2025-05-21"", ""2025-05-28"", ""2025-06-04"", ""2025-06-11"", ""2025-06-18"", ""2025-06-25"", ""2025-07-02"", ""2025-07-09"", ""2025-07-16"", ""2025-07-23"", ""2025-07-30"", ""2025-08-06"", ""2025-08-13"", ""2025-08-20"", ""2025-08-27"", ""2025-09-03"", ""2025-09-10"", ""2025-09-17"", ""2025-09-24""]",5616,2025-01-01 00:00:00,2025-09-25,2025-09-25,0,273,none,False
Load:B0:2025-10-02,Load,B0,2025-10-02,2,"[""2025-10-01""]",1,2025-10-01 23:50:00,2025-10-02,2025-10-02,0,274,none,False
Load:B1:2025-10-02,Load,B1,2025-10-02,2,"[""2025-10-01""]",144,2025-10-01 00:00:00,2025-10-02,2025-10-02,0,274,none,False
Load:B2:2025-10-02,Load,B2,2025-10-02,2,"[""2025-09-25""]",144,2025-09-25 00:00:00,2025-09-26,2025-09-26,0,274,none,False
Load:B3:2025-10-02,Load,B3,2025-10-02,2,"[""2025-09-25"", ""2025-09-26"", ""2025-09-27"", ""2025-09-28"", ""2025-09-29"", ""2025-09-30"", ""2025-10-01""]",1008,2025-09-25 00:00:00,2025-10-02,2025-10-02,0,274,none,False
Load:B4:2025-10-02,Load,B4,2025-10-02,2,"[""2025-01-02"", ""2025-01-09"", ""2025-01-16"", ""2025-01-23"", ""2025-01-30"", ""2025-02-06"", ""2025-02-13"", ""2025-02-20"", ""2025-02-27"", ""2025-03-06"", ""2025-03-13"", ""2025-03-20"", ""2025-03-27"", ""2025-04-03"", ""2025-04-10"", ""2025-04-17"", ""2025-04-24"", ""2025-05-01"", ""2025-05-08"", ""2025-05-15"", ""2025-05-22"", ""2025-05-29"", ""2025-06-05"", ""2025-06-12"", ""2025-06-19"", ""2025-06-26"", ""2025-07-03"", ""2025-07-10"", ""2025-07-17"", ""2025-07-24"", ""2025-07-31"", ""2025-08-07"", ""2025-08-14"", ""2025-08-21"", ""2025-08-28"", ""2025-09-04"", ""2025-09-11"", ""2025-09-18"", ""2025-09-25""]",5616,2025-01-02 00:00:00,2025-09-26,2025-09-26,0,274,none,False
PV:B0:2025-10-02,PV,B0,2025-10-02,2,"[""2025-10-01""]",1,2025-10-01 23:50:00,2025-10-02,2025-10-02,0,274,none,False
PV:B1:2025-10-02,PV,B1,2025-10-02,2,"[""2025-10-01""]",144,2025-10-01 00:00:00,2025-10-02,2025-10-02,0,274,none,False
PV:B2:2025-10-02,PV,B2,2025-10-02,2,"[""2025-09-25""]",144,2025-09-25 00:00:00,2025-09-26,2025-09-26,0,274,none,False
PV:B3:2025-10-02,PV,B3,2025-10-02,2,"[""2025-09-25"", ""2025-09-26"", ""2025-09-27"", ""2025-09-28"", ""2025-09-29"", ""2025-09-30"", ""2025-10-01""]",1008,2025-09-25 00:00:00,2025-10-02,2025-10-02,0,274,none,False
PV:B4:2025-10-02,PV,B4,2025-10-02,2,"[""2025-01-02"", ""2025-01-09"", ""2025-01-16"", ""2025-01-23"", ""2025-01-30"", ""2025-02-06"", ""2025-02-13"", ""2025-02-20"", ""2025-02-27"", ""2025-03-06"", ""2025-03-13"", ""2025-03-20"", ""2025-03-27"", ""2025-04-03"", ""2025-04-10"", ""2025-04-17"", ""2025-04-24"", ""2025-05-01"", ""2025-05-08"", ""2025-05-15"", ""2025-05-22"", ""2025-05-29"", ""2025-06-05"", ""2025-06-12"", ""2025-06-19"", ""2025-06-26"", ""2025-07-03"", ""2025-07-10"", ""2025-07-17"", ""2025-07-24"", ""2025-07-31"", ""2025-08-07"", ""2025-08-14"", ""2025-08-21"", ""2025-08-28"", ""2025-09-04"", ""2025-09-11"", ""2025-09-18"", ""2025-09-25""]",5616,2025-01-02 00:00:00,2025-09-26,2025-09-26,0,274,none,False
Load:B0:2025-10-03,Load,B0,2025-10-03,2,"[""2025-10-02""]",1,2025-10-02 23:50:00,2025-10-03,2025-10-03,0,275,none,False
Load:B1:2025-10-03,Load,B1,2025-10-03,2,"[""2025-10-02""]",144,2025-10-02 00:00:00,2025-10-03,2025-10-03,0,275,none,False
Load:B2:2025-10-03,Load,B2,2025-10-03,2,"[""2025-09-26""]",144,2025-09-26 00:00:00,2025-09-27,2025-09-27,0,275,none,False
Load:B3:2025-10-03,Load,B3,2025-10-03,2,"[""2025-09-26"", ""2025-09-27"", ""2025-09-28"", ""2025-09-29"", ""2025-09-30"", ""2025-10-01"", ""2025-10-02""]",1008,2025-09-26 00:00:00,2025-10-03,2025-10-03,0,275,none,False
Load:B4:2025-10-03,Load,B4,2025-10-03,2,"[""2025-01-03"", ""2025-01-10"", ""2025-01-17"", ""2025-01-24"", ""2025-01-31"", ""2025-02-07"", ""2025-02-14"", ""2025-02-21"", ""2025-02-28"", ""2025-03-07"", ""2025-03-14"", ""2025-03-21"", ""2025-03-28"", ""2025-04-04"", ""2025-04-11"", ""2025-04-18"", ""2025-04-25"", ""2025-05-02"", ""2025-05-09"", ""2025-05-16"", ""2025-05-23"", ""2025-05-30"", ""2025-06-06"", ""2025-06-13"", ""2025-06-20"", ""2025-06-27"", ""2025-07-04"", ""2025-07-11"", ""2025-07-18"", ""2025-07-25"", ""2025-08-01"", ""2025-08-08"", ""2025-08-15"", ""2025-08-22"", ""2025-08-29"", ""2025-09-05"", ""2025-09-12"", ""2025-09-19"", ""2025-09-26""]",5616,2025-01-03 00:00:00,2025-09-27,2025-09-27,0,275,none,False
PV:B0:2025-10-03,PV,B0,2025-10-03,2,"[""2025-10-02""]",1,2025-10-02 23:50:00,2025-10-03,2025-10-03,0,275,none,False
PV:B1:2025-10-03,PV,B1,2025-10-03,2,"[""2025-10-02""]",144,2025-10-02 00:00:00,2025-10-03,2025-10-03,0,275,none,False
PV:B2:2025-10-03,PV,B2,2025-10-03,2,"[""2025-09-26""]",144,2025-09-26 00:00:00,2025-09-27,2025-09-27,0,275,none,False
PV:B3:2025-10-03,PV,B3,2025-10-03,2,"[""2025-09-26"", ""2025-09-27"", ""2025-09-28"", ""2025-09-29"", ""2025-09-30"", ""2025-10-01"", ""2025-10-02""]",1008,2025-09-26 00:00:00,2025-10-03,2025-10-03,0,275,none,False
PV:B4:2025-10-03,PV,B4,2025-10-03,2,"[""2025-01-03"", ""2025-01-10"", ""2025-01-17"", ""2025-01-24"", ""2025-01-31"", ""2025-02-07"", ""2025-02-14"", ""2025-02-21"", ""2025-02-28"", ""2025-03-07"", ""2025-03-14"", ""2025-03-21"", ""2025-03-28"", ""2025-04-04"", ""2025-04-11"", ""2025-04-18"", ""2025-04-25"", ""2025-05-02"", ""2025-05-09"", ""2025-05-16"", ""2025-05-23"", ""2025-05-30"", ""2025-06-06"", ""2025-06-13"", ""2025-06-20"", ""2025-06-27"", ""2025-07-04"", ""2025-07-11"", ""2025-07-18"", ""2025-07-25"", ""2025-08-01"", ""2025-08-08"", ""2025-08-15"", ""2025-08-22"", ""2025-08-29"", ""2025-09-05"", ""2025-09-12"", ""2025-09-19"", ""2025-09-26""]",5616,2025-01-03 00:00:00,2025-09-27,2025-09-27,0,275,none,False
Load:B0:2025-10-04,Load,B0,2025-10-04,2,"[""2025-10-03""]",1,2025-10-03 23:50:00,2025-10-04,2025-10-04,0,276,none,False
Load:B1:2025-10-04,Load,B1,2025-10-04,2,"[""2025-10-03""]",144,2025-10-03 00:00:00,2025-10-04,2025-10-04,0,276,none,False
Load:B2:2025-10-04,Load,B2,2025-10-04,2,"[""2025-09-27""]",144,2025-09-27 00:00:00,2025-09-28,2025-09-28,0,276,none,False
Load:B3:2025-10-04,Load,B3,2025-10-04,2,"[""2025-09-27"", ""2025-09-28"", ""2025-09-29"", ""2025-09-30"", ""2025-10-01"", ""2025-10-02"", ""2025-10-03""]",1008,2025-09-27 00:00:00,2025-10-04,2025-10-04,0,276,none,False
Load:B4:2025-10-04,Load,B4,2025-10-04,2,"[""2025-01-04"", ""2025-01-11"", ""2025-01-18"", ""2025-01-25"", ""2025-02-01"", ""2025-02-08"", ""2025-02-15"", ""2025-02-22"", ""2025-03-01"", ""2025-03-08"", ""2025-03-15"", ""2025-03-22"", ""2025-03-29"", ""2025-04-05"", ""2025-04-12"", ""2025-04-19"", ""2025-04-26"", ""2025-05-03"", ""2025-05-10"", ""2025-05-17"", ""2025-05-24"", ""2025-05-31"", ""2025-06-07"", ""2025-06-14"", ""2025-06-21"", ""2025-06-28"", ""2025-07-05"", ""2025-07-12"", ""2025-07-19"", ""2025-07-26"", ""2025-08-02"", ""2025-08-09"", ""2025-08-16"", ""2025-08-23"", ""2025-08-30"", ""2025-09-06"", ""2025-09-13"", ""2025-09-20"", ""2025-09-27""]",5616,2025-01-04 00:00:00,2025-09-28,2025-09-28,0,276,none,False
PV:B0:2025-10-04,PV,B0,2025-10-04,2,"[""2025-10-03""]",1,2025-10-03 23:50:00,2025-10-04,2025-10-04,0,276,none,False
PV:B1:2025-10-04,PV,B1,2025-10-04,2,"[""2025-10-03""]",144,2025-10-03 00:00:00,2025-10-04,2025-10-04,0,276,none,False
PV:B2:2025-10-04,PV,B2,2025-10-04,2,"[""2025-09-27""]",144,2025-09-27 00:00:00,2025-09-28,2025-09-28,0,276,none,False
PV:B3:2025-10-04,PV,B3,2025-10-04,2,"[""2025-09-27"", ""2025-09-28"", ""2025-09-29"", ""2025-09-30"", ""2025-10-01"", ""2025-10-02"", ""2025-10-03""]",1008,2025-09-27 00:00:00,2025-10-04,2025-10-04,0,276,none,False
PV:B4:2025-10-04,PV,B4,2025-10-04,2,"[""2025-01-04"", ""2025-01-11"", ""2025-01-18"", ""2025-01-25"", ""2025-02-01"", ""2025-02-08"", ""2025-02-15"", ""2025-02-22"", ""2025-03-01"", ""2025-03-08"", ""2025-03-15"", ""2025-03-22"", ""2025-03-29"", ""2025-04-05"", ""2025-04-12"", ""2025-04-19"", ""2025-04-26"", ""2025-05-03"", ""2025-05-10"", ""2025-05-17"", ""2025-05-24"", ""2025-05-31"", ""2025-06-07"", ""2025-06-14"", ""2025-06-21"", ""2025-06-28"", ""2025-07-05"", ""2025-07-12"", ""2025-07-19"", ""2025-07-26"", ""2025-08-02"", ""2025-08-09"", ""2025-08-16"", ""2025-08-23"", ""2025-08-30"", ""2025-09-06"", ""2025-09-13"", ""2025-09-20"", ""2025-09-27""]",5616,2025-01-04 00:00:00,2025-09-28,2025-09-28,0,276,none,False
Load:B0:2025-10-05,Load,B0,2025-10-05,2,"[""2025-10-04""]",1,2025-10-04 23:50:00,2025-10-05,2025-10-05,0,277,none,False
Load:B1:2025-10-05,Load,B1,2025-10-05,2,"[""2025-10-04""]",144,2025-10-04 00:00:00,2025-10-05,2025-10-05,0,277,none,False
Load:B2:2025-10-05,Load,B2,2025-10-05,2,"[""2025-09-28""]",144,2025-09-28 00:00:00,2025-09-29,2025-09-29,0,277,none,False
Load:B3:2025-10-05,Load,B3,2025-10-05,2,"[""2025-09-28"", ""2025-09-29"", ""2025-09-30"", ""2025-10-01"", ""2025-10-02"", ""2025-10-03"", ""2025-10-04""]",1008,2025-09-28 00:00:00,2025-10-05,2025-10-05,0,277,none,False
Load:B4:2025-10-05,Load,B4,2025-10-05,2,"[""2025-01-05"", ""2025-01-12"", ""2025-01-19"", ""2025-01-26"", ""2025-02-02"", ""2025-02-09"", ""2025-02-16"", ""2025-02-23"", ""2025-03-02"", ""2025-03-09"", ""2025-03-16"", ""2025-03-23"", ""2025-03-30"", ""2025-04-06"", ""2025-04-13"", ""2025-04-20"", ""2025-04-27"", ""2025-05-04"", ""2025-05-11"", ""2025-05-18"", ""2025-05-25"", ""2025-06-01"", ""2025-06-08"", ""2025-06-15"", ""2025-06-22"", ""2025-06-29"", ""2025-07-06"", ""2025-07-13"", ""2025-07-20"", ""2025-07-27"", ""2025-08-03"", ""2025-08-10"", ""2025-08-17"", ""2025-08-24"", ""2025-08-31"", ""2025-09-07"", ""2025-09-14"", ""2025-09-21"", ""2025-09-28""]",5616,2025-01-05 00:00:00,2025-09-29,2025-09-29,0,277,none,False
PV:B0:2025-10-05,PV,B0,2025-10-05,2,"[""2025-10-04""]",1,2025-10-04 23:50:00,2025-10-05,2025-10-05,0,277,none,False
PV:B1:2025-10-05,PV,B1,2025-10-05,2,"[""2025-10-04""]",144,2025-10-04 00:00:00,2025-10-05,2025-10-05,0,277,none,False
PV:B2:2025-10-05,PV,B2,2025-10-05,2,"[""2025-09-28""]",144,2025-09-28 00:00:00,2025-09-29,2025-09-29,0,277,none,False
PV:B3:2025-10-05,PV,B3,2025-10-05,2,"[""2025-09-28"", ""2025-09-29"", ""2025-09-30"", ""2025-10-01"", ""2025-10-02"", ""2025-10-03"", ""2025-10-04""]",1008,2025-09-28 00:00:00,2025-10-05,2025-10-05,0,277,none,False
PV:B4:2025-10-05,PV,B4,2025-10-05,2,"[""2025-01-05"", ""2025-01-12"", ""2025-01-19"", ""2025-01-26"", ""2025-02-02"", ""2025-02-09"", ""2025-02-16"", ""2025-02-23"", ""2025-03-02"", ""2025-03-09"", ""2025-03-16"", ""2025-03-23"", ""2025-03-30"", ""2025-04-06"", ""2025-04-13"", ""2025-04-20"", ""2025-04-27"", ""2025-05-04"", ""2025-05-11"", ""2025-05-18"", ""2025-05-25"", ""2025-06-01"", ""2025-06-08"", ""2025-06-15"", ""2025-06-22"", ""2025-06-29"", ""2025-07-06"", ""2025-07-13"", ""2025-07-20"", ""2025-07-27"", ""2025-08-03"", ""2025-08-10"", ""2025-08-17"", ""2025-08-24"", ""2025-08-31"", ""2025-09-07"", ""2025-09-14"", ""2025-09-21"", ""2025-09-28""]",5616,2025-01-05 00:00:00,2025-09-29,2025-09-29,0,277,none,False
Load:B0:2025-10-06,Load,B0,2025-10-06,2,"[""2025-10-05""]",1,2025-10-05 23:50:00,2025-10-06,2025-10-06,0,278,none,False
Load:B1:2025-10-06,Load,B1,2025-10-06,2,"[""2025-10-05""]",144,2025-10-05 00:00:00,2025-10-06,2025-10-06,0,278,none,False
Load:B2:2025-10-06,Load,B2,2025-10-06,2,"[""2025-09-29""]",144,2025-09-29 00:00:00,2025-09-30,2025-09-30,0,278,none,False
Load:B3:2025-10-06,Load,B3,2025-10-06,2,"[""2025-09-29"", ""2025-09-30"", ""2025-10-01"", ""2025-10-02"", ""2025-10-03"", ""2025-10-04"", ""2025-10-05""]",1008,2025-09-29 00:00:00,2025-10-06,2025-10-06,0,278,none,False
Load:B4:2025-10-06,Load,B4,2025-10-06,2,"[""2025-01-06"", ""2025-01-13"", ""2025-01-20"", ""2025-01-27"", ""2025-02-03"", ""2025-02-10"", ""2025-02-17"", ""2025-02-24"", ""2025-03-03"", ""2025-03-10"", ""2025-03-17"", ""2025-03-24"", ""2025-03-31"", ""2025-04-07"", ""2025-04-14"", ""2025-04-21"", ""2025-04-28"", ""2025-05-05"", ""2025-05-12"", ""2025-05-19"", ""2025-05-26"", ""2025-06-02"", ""2025-06-09"", ""2025-06-16"", ""2025-06-23"", ""2025-06-30"", ""2025-07-07"", ""2025-07-14"", ""2025-07-21"", ""2025-07-28"", ""2025-08-04"", ""2025-08-11"", ""2025-08-18"", ""2025-08-25"", ""2025-09-01"", ""2025-09-08"", ""2025-09-15"", ""2025-09-22"", ""2025-09-29""]",5616,2025-01-06 00:00:00,2025-09-30,2025-09-30,0,278,none,False
PV:B0:2025-10-06,PV,B0,2025-10-06,2,"[""2025-10-05""]",1,2025-10-05 23:50:00,2025-10-06,2025-10-06,0,278,none,False
PV:B1:2025-10-06,PV,B1,2025-10-06,2,"[""2025-10-05""]",144,2025-10-05 00:00:00,2025-10-06,2025-10-06,0,278,none,False
PV:B2:2025-10-06,PV,B2,2025-10-06,2,"[""2025-09-29""]",144,2025-09-29 00:00:00,2025-09-30,2025-09-30,0,278,none,False
PV:B3:2025-10-06,PV,B3,2025-10-06,2,"[""2025-09-29"", ""2025-09-30"", ""2025-10-01"", ""2025-10-02"", ""2025-10-03"", ""2025-10-04"", ""2025-10-05""]",1008,2025-09-29 00:00:00,2025-10-06,2025-10-06,0,278,none,False
PV:B4:2025-10-06,PV,B4,2025-10-06,2,"[""2025-01-06"", ""2025-01-13"", ""2025-01-20"", ""2025-01-27"", ""2025-02-03"", ""2025-02-10"", ""2025-02-17"", ""2025-02-24"", ""2025-03-03"", ""2025-03-10"", ""2025-03-17"", ""2025-03-24"", ""2025-03-31"", ""2025-04-07"", ""2025-04-14"", ""2025-04-21"", ""2025-04-28"", ""2025-05-05"", ""2025-05-12"", ""2025-05-19"", ""2025-05-26"", ""2025-06-02"", ""2025-06-09"", ""2025-06-16"", ""2025-06-23"", ""2025-06-30"", ""2025-07-07"", ""2025-07-14"", ""2025-07-21"", ""2025-07-28"", ""2025-08-04"", ""2025-08-11"", ""2025-08-18"", ""2025-08-25"", ""2025-09-01"", ""2025-09-08"", ""2025-09-15"", ""2025-09-22"", ""2025-09-29""]",5616,2025-01-06 00:00:00,2025-09-30,2025-09-30,0,278,none,False
Load:B0:2025-10-07,Load,B0,2025-10-07,2,"[""2025-10-06""]",1,2025-10-06 23:50:00,2025-10-07,2025-10-07,0,279,none,False
Load:B1:2025-10-07,Load,B1,2025-10-07,2,"[""2025-10-06""]",144,2025-10-06 00:00:00,2025-10-07,2025-10-07,0,279,none,False
Load:B2:2025-10-07,Load,B2,2025-10-07,2,"[""2025-09-30""]",144,2025-09-30 00:00:00,2025-10-01,2025-10-01,0,279,none,False
Load:B3:2025-10-07,Load,B3,2025-10-07,2,"[""2025-09-30"", ""2025-10-01"", ""2025-10-02"", ""2025-10-03"", ""2025-10-04"", ""2025-10-05"", ""2025-10-06""]",1008,2025-09-30 00:00:00,2025-10-07,2025-10-07,0,279,none,False
Load:B4:2025-10-07,Load,B4,2025-10-07,2,"[""2025-01-07"", ""2025-01-14"", ""2025-01-21"", ""2025-01-28"", ""2025-02-04"", ""2025-02-11"", ""2025-02-18"", ""2025-02-25"", ""2025-03-04"", ""2025-03-11"", ""2025-03-18"", ""2025-03-25"", ""2025-04-01"", ""2025-04-08"", ""2025-04-15"", ""2025-04-22"", ""2025-04-29"", ""2025-05-06"", ""2025-05-13"", ""2025-05-20"", ""2025-05-27"", ""2025-06-03"", ""2025-06-10"", ""2025-06-17"", ""2025-06-24"", ""2025-07-01"", ""2025-07-08"", ""2025-07-15"", ""2025-07-22"", ""2025-07-29"", ""2025-08-05"", ""2025-08-12"", ""2025-08-19"", ""2025-08-26"", ""2025-09-02"", ""2025-09-09"", ""2025-09-16"", ""2025-09-23"", ""2025-09-30""]",5616,2025-01-07 00:00:00,2025-10-01,2025-10-01,0,279,none,False
PV:B0:2025-10-07,PV,B0,2025-10-07,2,"[""2025-10-06""]",1,2025-10-06 23:50:00,2025-10-07,2025-10-07,0,279,none,False
PV:B1:2025-10-07,PV,B1,2025-10-07,2,"[""2025-10-06""]",144,2025-10-06 00:00:00,2025-10-07,2025-10-07,0,279,none,False
PV:B2:2025-10-07,PV,B2,2025-10-07,2,"[""2025-09-30""]",144,2025-09-30 00:00:00,2025-10-01,2025-10-01,0,279,none,False
PV:B3:2025-10-07,PV,B3,2025-10-07,2,"[""2025-09-30"", ""2025-10-01"", ""2025-10-02"", ""2025-10-03"", ""2025-10-04"", ""2025-10-05"", ""2025-10-06""]",1008,2025-09-30 00:00:00,2025-10-07,2025-10-07,0,279,none,False
PV:B4:2025-10-07,PV,B4,2025-10-07,2,"[""2025-01-07"", ""2025-01-14"", ""2025-01-21"", ""2025-01-28"", ""2025-02-04"", ""2025-02-11"", ""2025-02-18"", ""2025-02-25"", ""2025-03-04"", ""2025-03-11"", ""2025-03-18"", ""2025-03-25"", ""2025-04-01"", ""2025-04-08"", ""2025-04-15"", ""2025-04-22"", ""2025-04-29"", ""2025-05-06"", ""2025-05-13"", ""2025-05-20"", ""2025-05-27"", ""2025-06-03"", ""2025-06-10"", ""2025-06-17"", ""2025-06-24"", ""2025-07-01"", ""2025-07-08"", ""2025-07-15"", ""2025-07-22"", ""2025-07-29"", ""2025-08-05"", ""2025-08-12"", ""2025-08-19"", ""2025-08-26"", ""2025-09-02"", ""2025-09-09"", ""2025-09-16"", ""2025-09-23"", ""2025-09-30""]",5616,2025-01-07 00:00:00,2025-10-01,2025-10-01,0,279,none,False
Load:B0:2025-10-08,Load,B0,2025-10-08,2,"[""2025-10-07""]",1,2025-10-07 23:50:00,2025-10-08,2025-10-08,0,280,none,False
Load:B1:2025-10-08,Load,B1,2025-10-08,2,"[""2025-10-07""]",144,2025-10-07 00:00:00,2025-10-08,2025-10-08,0,280,none,False
Load:B2:2025-10-08,Load,B2,2025-10-08,2,"[""2025-10-01""]",144,2025-10-01 00:00:00,2025-10-02,2025-10-02,0,280,none,False
Load:B3:2025-10-08,Load,B3,2025-10-08,2,"[""2025-10-01"", ""2025-10-02"", ""2025-10-03"", ""2025-10-04"", ""2025-10-05"", ""2025-10-06"", ""2025-10-07""]",1008,2025-10-01 00:00:00,2025-10-08,2025-10-08,0,280,none,False
Load:B4:2025-10-08,Load,B4,2025-10-08,2,"[""2025-01-01"", ""2025-01-08"", ""2025-01-15"", ""2025-01-22"", ""2025-01-29"", ""2025-02-05"", ""2025-02-12"", ""2025-02-19"", ""2025-02-26"", ""2025-03-05"", ""2025-03-12"", ""2025-03-19"", ""2025-03-26"", ""2025-04-02"", ""2025-04-09"", ""2025-04-16"", ""2025-04-23"", ""2025-04-30"", ""2025-05-07"", ""2025-05-14"", ""2025-05-21"", ""2025-05-28"", ""2025-06-04"", ""2025-06-11"", ""2025-06-18"", ""2025-06-25"", ""2025-07-02"", ""2025-07-09"", ""2025-07-16"", ""2025-07-23"", ""2025-07-30"", ""2025-08-06"", ""2025-08-13"", ""2025-08-20"", ""2025-08-27"", ""2025-09-03"", ""2025-09-10"", ""2025-09-17"", ""2025-09-24"", ""2025-10-01""]",5760,2025-01-01 00:00:00,2025-10-02,2025-10-02,0,280,none,False
PV:B0:2025-10-08,PV,B0,2025-10-08,2,"[""2025-10-07""]",1,2025-10-07 23:50:00,2025-10-08,2025-10-08,0,280,none,False
PV:B1:2025-10-08,PV,B1,2025-10-08,2,"[""2025-10-07""]",144,2025-10-07 00:00:00,2025-10-08,2025-10-08,0,280,none,False
PV:B2:2025-10-08,PV,B2,2025-10-08,2,"[""2025-10-01""]",144,2025-10-01 00:00:00,2025-10-02,2025-10-02,0,280,none,False
PV:B3:2025-10-08,PV,B3,2025-10-08,2,"[""2025-10-01"", ""2025-10-02"", ""2025-10-03"", ""2025-10-04"", ""2025-10-05"", ""2025-10-06"", ""2025-10-07""]",1008,2025-10-01 00:00:00,2025-10-08,2025-10-08,0,280,none,False
PV:B4:2025-10-08,PV,B4,2025-10-08,2,"[""2025-01-01"", ""2025-01-08"", ""2025-01-15"", ""2025-01-22"", ""2025-01-29"", ""2025-02-05"", ""2025-02-12"", ""2025-02-19"", ""2025-02-26"", ""2025-03-05"", ""2025-03-12"", ""2025-03-19"", ""2025-03-26"", ""2025-04-02"", ""2025-04-09"", ""2025-04-16"", ""2025-04-23"", ""2025-04-30"", ""2025-05-07"", ""2025-05-14"", ""2025-05-21"", ""2025-05-28"", ""2025-06-04"", ""2025-06-11"", ""2025-06-18"", ""2025-06-25"", ""2025-07-02"", ""2025-07-09"", ""2025-07-16"", ""2025-07-23"", ""2025-07-30"", ""2025-08-06"", ""2025-08-13"", ""2025-08-20"", ""2025-08-27"", ""2025-09-03"", ""2025-09-10"", ""2025-09-17"", ""2025-09-24"", ""2025-10-01""]",5760,2025-01-01 00:00:00,2025-10-02,2025-10-02,0,280,none,False
Load:B0:2025-10-09,Load,B0,2025-10-09,2,"[""2025-10-08""]",1,2025-10-08 23:50:00,2025-10-09,2025-10-09,0,281,none,False
Load:B1:2025-10-09,Load,B1,2025-10-09,2,"[""2025-10-08""]",144,2025-10-08 00:00:00,2025-10-09,2025-10-09,0,281,none,False
Load:B2:2025-10-09,Load,B2,2025-10-09,2,"[""2025-10-02""]",144,2025-10-02 00:00:00,2025-10-03,2025-10-03,0,281,none,False
Load:B3:2025-10-09,Load,B3,2025-10-09,2,"[""2025-10-02"", ""2025-10-03"", ""2025-10-04"", ""2025-10-05"", ""2025-10-06"", ""2025-10-07"", ""2025-10-08""]",1008,2025-10-02 00:00:00,2025-10-09,2025-10-09,0,281,none,False
Load:B4:2025-10-09,Load,B4,2025-10-09,2,"[""2025-01-02"", ""2025-01-09"", ""2025-01-16"", ""2025-01-23"", ""2025-01-30"", ""2025-02-06"", ""2025-02-13"", ""2025-02-20"", ""2025-02-27"", ""2025-03-06"", ""2025-03-13"", ""2025-03-20"", ""2025-03-27"", ""2025-04-03"", ""2025-04-10"", ""2025-04-17"", ""2025-04-24"", ""2025-05-01"", ""2025-05-08"", ""2025-05-15"", ""2025-05-22"", ""2025-05-29"", ""2025-06-05"", ""2025-06-12"", ""2025-06-19"", ""2025-06-26"", ""2025-07-03"", ""2025-07-10"", ""2025-07-17"", ""2025-07-24"", ""2025-07-31"", ""2025-08-07"", ""2025-08-14"", ""2025-08-21"", ""2025-08-28"", ""2025-09-04"", ""2025-09-11"", ""2025-09-18"", ""2025-09-25"", ""2025-10-02""]",5760,2025-01-02 00:00:00,2025-10-03,2025-10-03,0,281,none,False
PV:B0:2025-10-09,PV,B0,2025-10-09,2,"[""2025-10-08""]",1,2025-10-08 23:50:00,2025-10-09,2025-10-09,0,281,none,False
PV:B1:2025-10-09,PV,B1,2025-10-09,2,"[""2025-10-08""]",144,2025-10-08 00:00:00,2025-10-09,2025-10-09,0,281,none,False
PV:B2:2025-10-09,PV,B2,2025-10-09,2,"[""2025-10-02""]",144,2025-10-02 00:00:00,2025-10-03,2025-10-03,0,281,none,False
PV:B3:2025-10-09,PV,B3,2025-10-09,2,"[""2025-10-02"", ""2025-10-03"", ""2025-10-04"", ""2025-10-05"", ""2025-10-06"", ""2025-10-07"", ""2025-10-08""]",1008,2025-10-02 00:00:00,2025-10-09,2025-10-09,0,281,none,False
PV:B4:2025-10-09,PV,B4,2025-10-09,2,"[""2025-01-02"", ""2025-01-09"", ""2025-01-16"", ""2025-01-23"", ""2025-01-30"", ""2025-02-06"", ""2025-02-13"", ""2025-02-20"", ""2025-02-27"", ""2025-03-06"", ""2025-03-13"", ""2025-03-20"", ""2025-03-27"", ""2025-04-03"", ""2025-04-10"", ""2025-04-17"", ""2025-04-24"", ""2025-05-01"", ""2025-05-08"", ""2025-05-15"", ""2025-05-22"", ""2025-05-29"", ""2025-06-05"", ""2025-06-12"", ""2025-06-19"", ""2025-06-26"", ""2025-07-03"", ""2025-07-10"", ""2025-07-17"", ""2025-07-24"", ""2025-07-31"", ""2025-08-07"", ""2025-08-14"", ""2025-08-21"", ""2025-08-28"", ""2025-09-04"", ""2025-09-11"", ""2025-09-18"", ""2025-09-25"", ""2025-10-02""]",5760,2025-01-02 00:00:00,2025-10-03,2025-10-03,0,281,none,False
Load:B0:2025-10-10,Load,B0,2025-10-10,2,"[""2025-10-09""]",1,2025-10-09 23:50:00,2025-10-10,2025-10-10,0,282,none,False
Load:B1:2025-10-10,Load,B1,2025-10-10,2,"[""2025-10-09""]",144,2025-10-09 00:00:00,2025-10-10,2025-10-10,0,282,none,False
Load:B2:2025-10-10,Load,B2,2025-10-10,2,"[""2025-10-03""]",144,2025-10-03 00:00:00,2025-10-04,2025-10-04,0,282,none,False
Load:B3:2025-10-10,Load,B3,2025-10-10,2,"[""2025-10-03"", ""2025-10-04"", ""2025-10-05"", ""2025-10-06"", ""2025-10-07"", ""2025-10-08"", ""2025-10-09""]",1008,2025-10-03 00:00:00,2025-10-10,2025-10-10,0,282,none,False
Load:B4:2025-10-10,Load,B4,2025-10-10,2,"[""2025-01-03"", ""2025-01-10"", ""2025-01-17"", ""2025-01-24"", ""2025-01-31"", ""2025-02-07"", ""2025-02-14"", ""2025-02-21"", ""2025-02-28"", ""2025-03-07"", ""2025-03-14"", ""2025-03-21"", ""2025-03-28"", ""2025-04-04"", ""2025-04-11"", ""2025-04-18"", ""2025-04-25"", ""2025-05-02"", ""2025-05-09"", ""2025-05-16"", ""2025-05-23"", ""2025-05-30"", ""2025-06-06"", ""2025-06-13"", ""2025-06-20"", ""2025-06-27"", ""2025-07-04"", ""2025-07-11"", ""2025-07-18"", ""2025-07-25"", ""2025-08-01"", ""2025-08-08"", ""2025-08-15"", ""2025-08-22"", ""2025-08-29"", ""2025-09-05"", ""2025-09-12"", ""2025-09-19"", ""2025-09-26"", ""2025-10-03""]",5760,2025-01-03 00:00:00,2025-10-04,2025-10-04,0,282,none,False
PV:B0:2025-10-10,PV,B0,2025-10-10,2,"[""2025-10-09""]",1,2025-10-09 23:50:00,2025-10-10,2025-10-10,0,282,none,False
PV:B1:2025-10-10,PV,B1,2025-10-10,2,"[""2025-10-09""]",144,2025-10-09 00:00:00,2025-10-10,2025-10-10,0,282,none,False
PV:B2:2025-10-10,PV,B2,2025-10-10,2,"[""2025-10-03""]",144,2025-10-03 00:00:00,2025-10-04,2025-10-04,0,282,none,False
PV:B3:2025-10-10,PV,B3,2025-10-10,2,"[""2025-10-03"", ""2025-10-04"", ""2025-10-05"", ""2025-10-06"", ""2025-10-07"", ""2025-10-08"", ""2025-10-09""]",1008,2025-10-03 00:00:00,2025-10-10,2025-10-10,0,282,none,False
PV:B4:2025-10-10,PV,B4,2025-10-10,2,"[""2025-01-03"", ""2025-01-10"", ""2025-01-17"", ""2025-01-24"", ""2025-01-31"", ""2025-02-07"", ""2025-02-14"", ""2025-02-21"", ""2025-02-28"", ""2025-03-07"", ""2025-03-14"", ""2025-03-21"", ""2025-03-28"", ""2025-04-04"", ""2025-04-11"", ""2025-04-18"", ""2025-04-25"", ""2025-05-02"", ""2025-05-09"", ""2025-05-16"", ""2025-05-23"", ""2025-05-30"", ""2025-06-06"", ""2025-06-13"", ""2025-06-20"", ""2025-06-27"", ""2025-07-04"", ""2025-07-11"", ""2025-07-18"", ""2025-07-25"", ""2025-08-01"", ""2025-08-08"", ""2025-08-15"", ""2025-08-22"", ""2025-08-29"", ""2025-09-05"", ""2025-09-12"", ""2025-09-19"", ""2025-09-26"", ""2025-10-03""]",5760,2025-01-03 00:00:00,2025-10-04,2025-10-04,0,282,none,False
Load:B0:2025-10-11,Load,B0,2025-10-11,2,"[""2025-10-10""]",1,2025-10-10 23:50:00,2025-10-11,2025-10-11,0,283,none,False
Load:B1:2025-10-11,Load,B1,2025-10-11,2,"[""2025-10-10""]",144,2025-10-10 00:00:00,2025-10-11,2025-10-11,0,283,none,False
Load:B2:2025-10-11,Load,B2,2025-10-11,2,"[""2025-10-04""]",144,2025-10-04 00:00:00,2025-10-05,2025-10-05,0,283,none,False
Load:B3:2025-10-11,Load,B3,2025-10-11,2,"[""2025-10-04"", ""2025-10-05"", ""2025-10-06"", ""2025-10-07"", ""2025-10-08"", ""2025-10-09"", ""2025-10-10""]",1008,2025-10-04 00:00:00,2025-10-11,2025-10-11,0,283,none,False
Load:B4:2025-10-11,Load,B4,2025-10-11,2,"[""2025-01-04"", ""2025-01-11"", ""2025-01-18"", ""2025-01-25"", ""2025-02-01"", ""2025-02-08"", ""2025-02-15"", ""2025-02-22"", ""2025-03-01"", ""2025-03-08"", ""2025-03-15"", ""2025-03-22"", ""2025-03-29"", ""2025-04-05"", ""2025-04-12"", ""2025-04-19"", ""2025-04-26"", ""2025-05-03"", ""2025-05-10"", ""2025-05-17"", ""2025-05-24"", ""2025-05-31"", ""2025-06-07"", ""2025-06-14"", ""2025-06-21"", ""2025-06-28"", ""2025-07-05"", ""2025-07-12"", ""2025-07-19"", ""2025-07-26"", ""2025-08-02"", ""2025-08-09"", ""2025-08-16"", ""2025-08-23"", ""2025-08-30"", ""2025-09-06"", ""2025-09-13"", ""2025-09-20"", ""2025-09-27"", ""2025-10-04""]",5760,2025-01-04 00:00:00,2025-10-05,2025-10-05,0,283,none,False
PV:B0:2025-10-11,PV,B0,2025-10-11,2,"[""2025-10-10""]",1,2025-10-10 23:50:00,2025-10-11,2025-10-11,0,283,none,False
PV:B1:2025-10-11,PV,B1,2025-10-11,2,"[""2025-10-10""]",144,2025-10-10 00:00:00,2025-10-11,2025-10-11,0,283,none,False
PV:B2:2025-10-11,PV,B2,2025-10-11,2,"[""2025-10-04""]",144,2025-10-04 00:00:00,2025-10-05,2025-10-05,0,283,none,False
PV:B3:2025-10-11,PV,B3,2025-10-11,2,"[""2025-10-04"", ""2025-10-05"", ""2025-10-06"", ""2025-10-07"", ""2025-10-08"", ""2025-10-09"", ""2025-10-10""]",1008,2025-10-04 00:00:00,2025-10-11,2025-10-11,0,283,none,False
PV:B4:2025-10-11,PV,B4,2025-10-11,2,"[""2025-01-04"", ""2025-01-11"", ""2025-01-18"", ""2025-01-25"", ""2025-02-01"", ""2025-02-08"", ""2025-02-15"", ""2025-02-22"", ""2025-03-01"", ""2025-03-08"", ""2025-03-15"", ""2025-03-22"", ""2025-03-29"", ""2025-04-05"", ""2025-04-12"", ""2025-04-19"", ""2025-04-26"", ""2025-05-03"", ""2025-05-10"", ""2025-05-17"", ""2025-05-24"", ""2025-05-31"", ""2025-06-07"", ""2025-06-14"", ""2025-06-21"", ""2025-06-28"", ""2025-07-05"", ""2025-07-12"", ""2025-07-19"", ""2025-07-26"", ""2025-08-02"", ""2025-08-09"", ""2025-08-16"", ""2025-08-23"", ""2025-08-30"", ""2025-09-06"", ""2025-09-13"", ""2025-09-20"", ""2025-09-27"", ""2025-10-04""]",5760,2025-01-04 00:00:00,2025-10-05,2025-10-05,0,283,none,False
Load:B0:2025-10-12,Load,B0,2025-10-12,2,"[""2025-10-11""]",1,2025-10-11 23:50:00,2025-10-12,2025-10-12,0,284,none,False
Load:B1:2025-10-12,Load,B1,2025-10-12,2,"[""2025-10-11""]",144,2025-10-11 00:00:00,2025-10-12,2025-10-12,0,284,none,False
Load:B2:2025-10-12,Load,B2,2025-10-12,2,"[""2025-10-05""]",144,2025-10-05 00:00:00,2025-10-06,2025-10-06,0,284,none,False
Load:B3:2025-10-12,Load,B3,2025-10-12,2,"[""2025-10-05"", ""2025-10-06"", ""2025-10-07"", ""2025-10-08"", ""2025-10-09"", ""2025-10-10"", ""2025-10-11""]",1008,2025-10-05 00:00:00,2025-10-12,2025-10-12,0,284,none,False
Load:B4:2025-10-12,Load,B4,2025-10-12,2,"[""2025-01-05"", ""2025-01-12"", ""2025-01-19"", ""2025-01-26"", ""2025-02-02"", ""2025-02-09"", ""2025-02-16"", ""2025-02-23"", ""2025-03-02"", ""2025-03-09"", ""2025-03-16"", ""2025-03-23"", ""2025-03-30"", ""2025-04-06"", ""2025-04-13"", ""2025-04-20"", ""2025-04-27"", ""2025-05-04"", ""2025-05-11"", ""2025-05-18"", ""2025-05-25"", ""2025-06-01"", ""2025-06-08"", ""2025-06-15"", ""2025-06-22"", ""2025-06-29"", ""2025-07-06"", ""2025-07-13"", ""2025-07-20"", ""2025-07-27"", ""2025-08-03"", ""2025-08-10"", ""2025-08-17"", ""2025-08-24"", ""2025-08-31"", ""2025-09-07"", ""2025-09-14"", ""2025-09-21"", ""2025-09-28"", ""2025-10-05""]",5760,2025-01-05 00:00:00,2025-10-06,2025-10-06,0,284,none,False
PV:B0:2025-10-12,PV,B0,2025-10-12,2,"[""2025-10-11""]",1,2025-10-11 23:50:00,2025-10-12,2025-10-12,0,284,none,False
PV:B1:2025-10-12,PV,B1,2025-10-12,2,"[""2025-10-11""]",144,2025-10-11 00:00:00,2025-10-12,2025-10-12,0,284,none,False
PV:B2:2025-10-12,PV,B2,2025-10-12,2,"[""2025-10-05""]",144,2025-10-05 00:00:00,2025-10-06,2025-10-06,0,284,none,False
PV:B3:2025-10-12,PV,B3,2025-10-12,2,"[""2025-10-05"", ""2025-10-06"", ""2025-10-07"", ""2025-10-08"", ""2025-10-09"", ""2025-10-10"", ""2025-10-11""]",1008,2025-10-05 00:00:00,2025-10-12,2025-10-12,0,284,none,False
PV:B4:2025-10-12,PV,B4,2025-10-12,2,"[""2025-01-05"", ""2025-01-12"", ""2025-01-19"", ""2025-01-26"", ""2025-02-02"", ""2025-02-09"", ""2025-02-16"", ""2025-02-23"", ""2025-03-02"", ""2025-03-09"", ""2025-03-16"", ""2025-03-23"", ""2025-03-30"", ""2025-04-06"", ""2025-04-13"", ""2025-04-20"", ""2025-04-27"", ""2025-05-04"", ""2025-05-11"", ""2025-05-18"", ""2025-05-25"", ""2025-06-01"", ""2025-06-08"", ""2025-06-15"", ""2025-06-22"", ""2025-06-29"", ""2025-07-06"", ""2025-07-13"", ""2025-07-20"", ""2025-07-27"", ""2025-08-03"", ""2025-08-10"", ""2025-08-17"", ""2025-08-24"", ""2025-08-31"", ""2025-09-07"", ""2025-09-14"", ""2025-09-21"", ""2025-09-28"", ""2025-10-05""]",5760,2025-01-05 00:00:00,2025-10-06,2025-10-06,0,284,none,False
Load:B0:2025-10-13,Load,B0,2025-10-13,2,"[""2025-10-12""]",1,2025-10-12 23:50:00,2025-10-13,2025-10-13,0,285,none,False
Load:B1:2025-10-13,Load,B1,2025-10-13,2,"[""2025-10-12""]",144,2025-10-12 00:00:00,2025-10-13,2025-10-13,0,285,none,False
Load:B2:2025-10-13,Load,B2,2025-10-13,2,"[""2025-10-06""]",144,2025-10-06 00:00:00,2025-10-07,2025-10-07,0,285,none,False
Load:B3:2025-10-13,Load,B3,2025-10-13,2,"[""2025-10-06"", ""2025-10-07"", ""2025-10-08"", ""2025-10-09"", ""2025-10-10"", ""2025-10-11"", ""2025-10-12""]",1008,2025-10-06 00:00:00,2025-10-13,2025-10-13,0,285,none,False
Load:B4:2025-10-13,Load,B4,2025-10-13,2,"[""2025-01-06"", ""2025-01-13"", ""2025-01-20"", ""2025-01-27"", ""2025-02-03"", ""2025-02-10"", ""2025-02-17"", ""2025-02-24"", ""2025-03-03"", ""2025-03-10"", ""2025-03-17"", ""2025-03-24"", ""2025-03-31"", ""2025-04-07"", ""2025-04-14"", ""2025-04-21"", ""2025-04-28"", ""2025-05-05"", ""2025-05-12"", ""2025-05-19"", ""2025-05-26"", ""2025-06-02"", ""2025-06-09"", ""2025-06-16"", ""2025-06-23"", ""2025-06-30"", ""2025-07-07"", ""2025-07-14"", ""2025-07-21"", ""2025-07-28"", ""2025-08-04"", ""2025-08-11"", ""2025-08-18"", ""2025-08-25"", ""2025-09-01"", ""2025-09-08"", ""2025-09-15"", ""2025-09-22"", ""2025-09-29"", ""2025-10-06""]",5760,2025-01-06 00:00:00,2025-10-07,2025-10-07,0,285,none,False
PV:B0:2025-10-13,PV,B0,2025-10-13,2,"[""2025-10-12""]",1,2025-10-12 23:50:00,2025-10-13,2025-10-13,0,285,none,False
PV:B1:2025-10-13,PV,B1,2025-10-13,2,"[""2025-10-12""]",144,2025-10-12 00:00:00,2025-10-13,2025-10-13,0,285,none,False
PV:B2:2025-10-13,PV,B2,2025-10-13,2,"[""2025-10-06""]",144,2025-10-06 00:00:00,2025-10-07,2025-10-07,0,285,none,False
PV:B3:2025-10-13,PV,B3,2025-10-13,2,"[""2025-10-06"", ""2025-10-07"", ""2025-10-08"", ""2025-10-09"", ""2025-10-10"", ""2025-10-11"", ""2025-10-12""]",1008,2025-10-06 00:00:00,2025-10-13,2025-10-13,0,285,none,False
PV:B4:2025-10-13,PV,B4,2025-10-13,2,"[""2025-01-06"", ""2025-01-13"", ""2025-01-20"", ""2025-01-27"", ""2025-02-03"", ""2025-02-10"", ""2025-02-17"", ""2025-02-24"", ""2025-03-03"", ""2025-03-10"", ""2025-03-17"", ""2025-03-24"", ""2025-03-31"", ""2025-04-07"", ""2025-04-14"", ""2025-04-21"", ""2025-04-28"", ""2025-05-05"", ""2025-05-12"", ""2025-05-19"", ""2025-05-26"", ""2025-06-02"", ""2025-06-09"", ""2025-06-16"", ""2025-06-23"", ""2025-06-30"", ""2025-07-07"", ""2025-07-14"", ""2025-07-21"", ""2025-07-28"", ""2025-08-04"", ""2025-08-11"", ""2025-08-18"", ""2025-08-25"", ""2025-09-01"", ""2025-09-08"", ""2025-09-15"", ""2025-09-22"", ""2025-09-29"", ""2025-10-06""]",5760,2025-01-06 00:00:00,2025-10-07,2025-10-07,0,285,none,False
Load:B0:2025-10-14,Load,B0,2025-10-14,2,"[""2025-10-13""]",1,2025-10-13 23:50:00,2025-10-14,2025-10-14,0,286,none,False
Load:B1:2025-10-14,Load,B1,2025-10-14,2,"[""2025-10-13""]",144,2025-10-13 00:00:00,2025-10-14,2025-10-14,0,286,none,False
Load:B2:2025-10-14,Load,B2,2025-10-14,2,"[""2025-10-07""]",144,2025-10-07 00:00:00,2025-10-08,2025-10-08,0,286,none,False
Load:B3:2025-10-14,Load,B3,2025-10-14,2,"[""2025-10-07"", ""2025-10-08"", ""2025-10-09"", ""2025-10-10"", ""2025-10-11"", ""2025-10-12"", ""2025-10-13""]",1008,2025-10-07 00:00:00,2025-10-14,2025-10-14,0,286,none,False
Load:B4:2025-10-14,Load,B4,2025-10-14,2,"[""2025-01-07"", ""2025-01-14"", ""2025-01-21"", ""2025-01-28"", ""2025-02-04"", ""2025-02-11"", ""2025-02-18"", ""2025-02-25"", ""2025-03-04"", ""2025-03-11"", ""2025-03-18"", ""2025-03-25"", ""2025-04-01"", ""2025-04-08"", ""2025-04-15"", ""2025-04-22"", ""2025-04-29"", ""2025-05-06"", ""2025-05-13"", ""2025-05-20"", ""2025-05-27"", ""2025-06-03"", ""2025-06-10"", ""2025-06-17"", ""2025-06-24"", ""2025-07-01"", ""2025-07-08"", ""2025-07-15"", ""2025-07-22"", ""2025-07-29"", ""2025-08-05"", ""2025-08-12"", ""2025-08-19"", ""2025-08-26"", ""2025-09-02"", ""2025-09-09"", ""2025-09-16"", ""2025-09-23"", ""2025-09-30"", ""2025-10-07""]",5760,2025-01-07 00:00:00,2025-10-08,2025-10-08,0,286,none,False
PV:B0:2025-10-14,PV,B0,2025-10-14,2,"[""2025-10-13""]",1,2025-10-13 23:50:00,2025-10-14,2025-10-14,0,286,none,False
PV:B1:2025-10-14,PV,B1,2025-10-14,2,"[""2025-10-13""]",144,2025-10-13 00:00:00,2025-10-14,2025-10-14,0,286,none,False
PV:B2:2025-10-14,PV,B2,2025-10-14,2,"[""2025-10-07""]",144,2025-10-07 00:00:00,2025-10-08,2025-10-08,0,286,none,False
PV:B3:2025-10-14,PV,B3,2025-10-14,2,"[""2025-10-07"", ""2025-10-08"", ""2025-10-09"", ""2025-10-10"", ""2025-10-11"", ""2025-10-12"", ""2025-10-13""]",1008,2025-10-07 00:00:00,2025-10-14,2025-10-14,0,286,none,False
PV:B4:2025-10-14,PV,B4,2025-10-14,2,"[""2025-01-07"", ""2025-01-14"", ""2025-01-21"", ""2025-01-28"", ""2025-02-04"", ""2025-02-11"", ""2025-02-18"", ""2025-02-25"", ""2025-03-04"", ""2025-03-11"", ""2025-03-18"", ""2025-03-25"", ""2025-04-01"", ""2025-04-08"", ""2025-04-15"", ""2025-04-22"", ""2025-04-29"", ""2025-05-06"", ""2025-05-13"", ""2025-05-20"", ""2025-05-27"", ""2025-06-03"", ""2025-06-10"", ""2025-06-17"", ""2025-06-24"", ""2025-07-01"", ""2025-07-08"", ""2025-07-15"", ""2025-07-22"", ""2025-07-29"", ""2025-08-05"", ""2025-08-12"", ""2025-08-19"", ""2025-08-26"", ""2025-09-02"", ""2025-09-09"", ""2025-09-16"", ""2025-09-23"", ""2025-09-30"", ""2025-10-07""]",5760,2025-01-07 00:00:00,2025-10-08,2025-10-08,0,286,none,False
Load:B0:2025-10-15,Load,B0,2025-10-15,2,"[""2025-10-14""]",1,2025-10-14 23:50:00,2025-10-15,2025-10-15,0,287,none,False
Load:B1:2025-10-15,Load,B1,2025-10-15,2,"[""2025-10-14""]",144,2025-10-14 00:00:00,2025-10-15,2025-10-15,0,287,none,False
Load:B2:2025-10-15,Load,B2,2025-10-15,2,"[""2025-10-08""]",144,2025-10-08 00:00:00,2025-10-09,2025-10-09,0,287,none,False
Load:B3:2025-10-15,Load,B3,2025-10-15,2,"[""2025-10-08"", ""2025-10-09"", ""2025-10-10"", ""2025-10-11"", ""2025-10-12"", ""2025-10-13"", ""2025-10-14""]",1008,2025-10-08 00:00:00,2025-10-15,2025-10-15,0,287,none,False
Load:B4:2025-10-15,Load,B4,2025-10-15,2,"[""2025-01-01"", ""2025-01-08"", ""2025-01-15"", ""2025-01-22"", ""2025-01-29"", ""2025-02-05"", ""2025-02-12"", ""2025-02-19"", ""2025-02-26"", ""2025-03-05"", ""2025-03-12"", ""2025-03-19"", ""2025-03-26"", ""2025-04-02"", ""2025-04-09"", ""2025-04-16"", ""2025-04-23"", ""2025-04-30"", ""2025-05-07"", ""2025-05-14"", ""2025-05-21"", ""2025-05-28"", ""2025-06-04"", ""2025-06-11"", ""2025-06-18"", ""2025-06-25"", ""2025-07-02"", ""2025-07-09"", ""2025-07-16"", ""2025-07-23"", ""2025-07-30"", ""2025-08-06"", ""2025-08-13"", ""2025-08-20"", ""2025-08-27"", ""2025-09-03"", ""2025-09-10"", ""2025-09-17"", ""2025-09-24"", ""2025-10-01"", ""2025-10-08""]",5904,2025-01-01 00:00:00,2025-10-09,2025-10-09,0,287,none,False
PV:B0:2025-10-15,PV,B0,2025-10-15,2,"[""2025-10-14""]",1,2025-10-14 23:50:00,2025-10-15,2025-10-15,0,287,none,False
PV:B1:2025-10-15,PV,B1,2025-10-15,2,"[""2025-10-14""]",144,2025-10-14 00:00:00,2025-10-15,2025-10-15,0,287,none,False
PV:B2:2025-10-15,PV,B2,2025-10-15,2,"[""2025-10-08""]",144,2025-10-08 00:00:00,2025-10-09,2025-10-09,0,287,none,False
PV:B3:2025-10-15,PV,B3,2025-10-15,2,"[""2025-10-08"", ""2025-10-09"", ""2025-10-10"", ""2025-10-11"", ""2025-10-12"", ""2025-10-13"", ""2025-10-14""]",1008,2025-10-08 00:00:00,2025-10-15,2025-10-15,0,287,none,False
PV:B4:2025-10-15,PV,B4,2025-10-15,2,"[""2025-01-01"", ""2025-01-08"", ""2025-01-15"", ""2025-01-22"", ""2025-01-29"", ""2025-02-05"", ""2025-02-12"", ""2025-02-19"", ""2025-02-26"", ""2025-03-05"", ""2025-03-12"", ""2025-03-19"", ""2025-03-26"", ""2025-04-02"", ""2025-04-09"", ""2025-04-16"", ""2025-04-23"", ""2025-04-30"", ""2025-05-07"", ""2025-05-14"", ""2025-05-21"", ""2025-05-28"", ""2025-06-04"", ""2025-06-11"", ""2025-06-18"", ""2025-06-25"", ""2025-07-02"", ""2025-07-09"", ""2025-07-16"", ""2025-07-23"", ""2025-07-30"", ""2025-08-06"", ""2025-08-13"", ""2025-08-20"", ""2025-08-27"", ""2025-09-03"", ""2025-09-10"", ""2025-09-17"", ""2025-09-24"", ""2025-10-01"", ""2025-10-08""]",5904,2025-01-01 00:00:00,2025-10-09,2025-10-09,0,287,none,False
Load:B0:2025-10-16,Load,B0,2025-10-16,2,"[""2025-10-15""]",1,2025-10-15 23:50:00,2025-10-16,2025-10-16,0,288,none,False
Load:B1:2025-10-16,Load,B1,2025-10-16,2,"[""2025-10-15""]",144,2025-10-15 00:00:00,2025-10-16,2025-10-16,0,288,none,False
Load:B2:2025-10-16,Load,B2,2025-10-16,2,"[""2025-10-09""]",144,2025-10-09 00:00:00,2025-10-10,2025-10-10,0,288,none,False
Load:B3:2025-10-16,Load,B3,2025-10-16,2,"[""2025-10-09"", ""2025-10-10"", ""2025-10-11"", ""2025-10-12"", ""2025-10-13"", ""2025-10-14"", ""2025-10-15""]",1008,2025-10-09 00:00:00,2025-10-16,2025-10-16,0,288,none,False
Load:B4:2025-10-16,Load,B4,2025-10-16,2,"[""2025-01-02"", ""2025-01-09"", ""2025-01-16"", ""2025-01-23"", ""2025-01-30"", ""2025-02-06"", ""2025-02-13"", ""2025-02-20"", ""2025-02-27"", ""2025-03-06"", ""2025-03-13"", ""2025-03-20"", ""2025-03-27"", ""2025-04-03"", ""2025-04-10"", ""2025-04-17"", ""2025-04-24"", ""2025-05-01"", ""2025-05-08"", ""2025-05-15"", ""2025-05-22"", ""2025-05-29"", ""2025-06-05"", ""2025-06-12"", ""2025-06-19"", ""2025-06-26"", ""2025-07-03"", ""2025-07-10"", ""2025-07-17"", ""2025-07-24"", ""2025-07-31"", ""2025-08-07"", ""2025-08-14"", ""2025-08-21"", ""2025-08-28"", ""2025-09-04"", ""2025-09-11"", ""2025-09-18"", ""2025-09-25"", ""2025-10-02"", ""2025-10-09""]",5904,2025-01-02 00:00:00,2025-10-10,2025-10-10,0,288,none,False
PV:B0:2025-10-16,PV,B0,2025-10-16,2,"[""2025-10-15""]",1,2025-10-15 23:50:00,2025-10-16,2025-10-16,0,288,none,False
PV:B1:2025-10-16,PV,B1,2025-10-16,2,"[""2025-10-15""]",144,2025-10-15 00:00:00,2025-10-16,2025-10-16,0,288,none,False
PV:B2:2025-10-16,PV,B2,2025-10-16,2,"[""2025-10-09""]",144,2025-10-09 00:00:00,2025-10-10,2025-10-10,0,288,none,False
PV:B3:2025-10-16,PV,B3,2025-10-16,2,"[""2025-10-09"", ""2025-10-10"", ""2025-10-11"", ""2025-10-12"", ""2025-10-13"", ""2025-10-14"", ""2025-10-15""]",1008,2025-10-09 00:00:00,2025-10-16,2025-10-16,0,288,none,False
PV:B4:2025-10-16,PV,B4,2025-10-16,2,"[""2025-01-02"", ""2025-01-09"", ""2025-01-16"", ""2025-01-23"", ""2025-01-30"", ""2025-02-06"", ""2025-02-13"", ""2025-02-20"", ""2025-02-27"", ""2025-03-06"", ""2025-03-13"", ""2025-03-20"", ""2025-03-27"", ""2025-04-03"", ""2025-04-10"", ""2025-04-17"", ""2025-04-24"", ""2025-05-01"", ""2025-05-08"", ""2025-05-15"", ""2025-05-22"", ""2025-05-29"", ""2025-06-05"", ""2025-06-12"", ""2025-06-19"", ""2025-06-26"", ""2025-07-03"", ""2025-07-10"", ""2025-07-17"", ""2025-07-24"", ""2025-07-31"", ""2025-08-07"", ""2025-08-14"", ""2025-08-21"", ""2025-08-28"", ""2025-09-04"", ""2025-09-11"", ""2025-09-18"", ""2025-09-25"", ""2025-10-02"", ""2025-10-09""]",5904,2025-01-02 00:00:00,2025-10-10,2025-10-10,0,288,none,False
Load:B0:2025-10-17,Load,B0,2025-10-17,2,"[""2025-10-16""]",1,2025-10-16 23:50:00,2025-10-17,2025-10-17,0,289,none,False
Load:B1:2025-10-17,Load,B1,2025-10-17,2,"[""2025-10-16""]",144,2025-10-16 00:00:00,2025-10-17,2025-10-17,0,289,none,False
Load:B2:2025-10-17,Load,B2,2025-10-17,2,"[""2025-10-10""]",144,2025-10-10 00:00:00,2025-10-11,2025-10-11,0,289,none,False
Load:B3:2025-10-17,Load,B3,2025-10-17,2,"[""2025-10-10"", ""2025-10-11"", ""2025-10-12"", ""2025-10-13"", ""2025-10-14"", ""2025-10-15"", ""2025-10-16""]",1008,2025-10-10 00:00:00,2025-10-17,2025-10-17,0,289,none,False
Load:B4:2025-10-17,Load,B4,2025-10-17,2,"[""2025-01-03"", ""2025-01-10"", ""2025-01-17"", ""2025-01-24"", ""2025-01-31"", ""2025-02-07"", ""2025-02-14"", ""2025-02-21"", ""2025-02-28"", ""2025-03-07"", ""2025-03-14"", ""2025-03-21"", ""2025-03-28"", ""2025-04-04"", ""2025-04-11"", ""2025-04-18"", ""2025-04-25"", ""2025-05-02"", ""2025-05-09"", ""2025-05-16"", ""2025-05-23"", ""2025-05-30"", ""2025-06-06"", ""2025-06-13"", ""2025-06-20"", ""2025-06-27"", ""2025-07-04"", ""2025-07-11"", ""2025-07-18"", ""2025-07-25"", ""2025-08-01"", ""2025-08-08"", ""2025-08-15"", ""2025-08-22"", ""2025-08-29"", ""2025-09-05"", ""2025-09-12"", ""2025-09-19"", ""2025-09-26"", ""2025-10-03"", ""2025-10-10""]",5904,2025-01-03 00:00:00,2025-10-11,2025-10-11,0,289,none,False
PV:B0:2025-10-17,PV,B0,2025-10-17,2,"[""2025-10-16""]",1,2025-10-16 23:50:00,2025-10-17,2025-10-17,0,289,none,False
PV:B1:2025-10-17,PV,B1,2025-10-17,2,"[""2025-10-16""]",144,2025-10-16 00:00:00,2025-10-17,2025-10-17,0,289,none,False
PV:B2:2025-10-17,PV,B2,2025-10-17,2,"[""2025-10-10""]",144,2025-10-10 00:00:00,2025-10-11,2025-10-11,0,289,none,False
PV:B3:2025-10-17,PV,B3,2025-10-17,2,"[""2025-10-10"", ""2025-10-11"", ""2025-10-12"", ""2025-10-13"", ""2025-10-14"", ""2025-10-15"", ""2025-10-16""]",1008,2025-10-10 00:00:00,2025-10-17,2025-10-17,0,289,none,False
PV:B4:2025-10-17,PV,B4,2025-10-17,2,"[""2025-01-03"", ""2025-01-10"", ""2025-01-17"", ""2025-01-24"", ""2025-01-31"", ""2025-02-07"", ""2025-02-14"", ""2025-02-21"", ""2025-02-28"", ""2025-03-07"", ""2025-03-14"", ""2025-03-21"", ""2025-03-28"", ""2025-04-04"", ""2025-04-11"", ""2025-04-18"", ""2025-04-25"", ""2025-05-02"", ""2025-05-09"", ""2025-05-16"", ""2025-05-23"", ""2025-05-30"", ""2025-06-06"", ""2025-06-13"", ""2025-06-20"", ""2025-06-27"", ""2025-07-04"", ""2025-07-11"", ""2025-07-18"", ""2025-07-25"", ""2025-08-01"", ""2025-08-08"", ""2025-08-15"", ""2025-08-22"", ""2025-08-29"", ""2025-09-05"", ""2025-09-12"", ""2025-09-19"", ""2025-09-26"", ""2025-10-03"", ""2025-10-10""]",5904,2025-01-03 00:00:00,2025-10-11,2025-10-11,0,289,none,False
Load:B0:2025-10-18,Load,B0,2025-10-18,2,"[""2025-10-17""]",1,2025-10-17 23:50:00,2025-10-18,2025-10-18,0,290,none,False
Load:B1:2025-10-18,Load,B1,2025-10-18,2,"[""2025-10-17""]",144,2025-10-17 00:00:00,2025-10-18,2025-10-18,0,290,none,False
Load:B2:2025-10-18,Load,B2,2025-10-18,2,"[""2025-10-11""]",144,2025-10-11 00:00:00,2025-10-12,2025-10-12,0,290,none,False
Load:B3:2025-10-18,Load,B3,2025-10-18,2,"[""2025-10-11"", ""2025-10-12"", ""2025-10-13"", ""2025-10-14"", ""2025-10-15"", ""2025-10-16"", ""2025-10-17""]",1008,2025-10-11 00:00:00,2025-10-18,2025-10-18,0,290,none,False
Load:B4:2025-10-18,Load,B4,2025-10-18,2,"[""2025-01-04"", ""2025-01-11"", ""2025-01-18"", ""2025-01-25"", ""2025-02-01"", ""2025-02-08"", ""2025-02-15"", ""2025-02-22"", ""2025-03-01"", ""2025-03-08"", ""2025-03-15"", ""2025-03-22"", ""2025-03-29"", ""2025-04-05"", ""2025-04-12"", ""2025-04-19"", ""2025-04-26"", ""2025-05-03"", ""2025-05-10"", ""2025-05-17"", ""2025-05-24"", ""2025-05-31"", ""2025-06-07"", ""2025-06-14"", ""2025-06-21"", ""2025-06-28"", ""2025-07-05"", ""2025-07-12"", ""2025-07-19"", ""2025-07-26"", ""2025-08-02"", ""2025-08-09"", ""2025-08-16"", ""2025-08-23"", ""2025-08-30"", ""2025-09-06"", ""2025-09-13"", ""2025-09-20"", ""2025-09-27"", ""2025-10-04"", ""2025-10-11""]",5904,2025-01-04 00:00:00,2025-10-12,2025-10-12,0,290,none,False
PV:B0:2025-10-18,PV,B0,2025-10-18,2,"[""2025-10-17""]",1,2025-10-17 23:50:00,2025-10-18,2025-10-18,0,290,none,False
PV:B1:2025-10-18,PV,B1,2025-10-18,2,"[""2025-10-17""]",144,2025-10-17 00:00:00,2025-10-18,2025-10-18,0,290,none,False
PV:B2:2025-10-18,PV,B2,2025-10-18,2,"[""2025-10-11""]",144,2025-10-11 00:00:00,2025-10-12,2025-10-12,0,290,none,False
PV:B3:2025-10-18,PV,B3,2025-10-18,2,"[""2025-10-11"", ""2025-10-12"", ""2025-10-13"", ""2025-10-14"", ""2025-10-15"", ""2025-10-16"", ""2025-10-17""]",1008,2025-10-11 00:00:00,2025-10-18,2025-10-18,0,290,none,False
PV:B4:2025-10-18,PV,B4,2025-10-18,2,"[""2025-01-04"", ""2025-01-11"", ""2025-01-18"", ""2025-01-25"", ""2025-02-01"", ""2025-02-08"", ""2025-02-15"", ""2025-02-22"", ""2025-03-01"", ""2025-03-08"", ""2025-03-15"", ""2025-03-22"", ""2025-03-29"", ""2025-04-05"", ""2025-04-12"", ""2025-04-19"", ""2025-04-26"", ""2025-05-03"", ""2025-05-10"", ""2025-05-17"", ""2025-05-24"", ""2025-05-31"", ""2025-06-07"", ""2025-06-14"", ""2025-06-21"", ""2025-06-28"", ""2025-07-05"", ""2025-07-12"", ""2025-07-19"", ""2025-07-26"", ""2025-08-02"", ""2025-08-09"", ""2025-08-16"", ""2025-08-23"", ""2025-08-30"", ""2025-09-06"", ""2025-09-13"", ""2025-09-20"", ""2025-09-27"", ""2025-10-04"", ""2025-10-11""]",5904,2025-01-04 00:00:00,2025-10-12,2025-10-12,0,290,none,False
Load:B0:2025-10-19,Load,B0,2025-10-19,2,"[""2025-10-18""]",1,2025-10-18 23:50:00,2025-10-19,2025-10-19,0,291,none,False
Load:B1:2025-10-19,Load,B1,2025-10-19,2,"[""2025-10-18""]",144,2025-10-18 00:00:00,2025-10-19,2025-10-19,0,291,none,False
Load:B2:2025-10-19,Load,B2,2025-10-19,2,"[""2025-10-12""]",144,2025-10-12 00:00:00,2025-10-13,2025-10-13,0,291,none,False
Load:B3:2025-10-19,Load,B3,2025-10-19,2,"[""2025-10-12"", ""2025-10-13"", ""2025-10-14"", ""2025-10-15"", ""2025-10-16"", ""2025-10-17"", ""2025-10-18""]",1008,2025-10-12 00:00:00,2025-10-19,2025-10-19,0,291,none,False
Load:B4:2025-10-19,Load,B4,2025-10-19,2,"[""2025-01-05"", ""2025-01-12"", ""2025-01-19"", ""2025-01-26"", ""2025-02-02"", ""2025-02-09"", ""2025-02-16"", ""2025-02-23"", ""2025-03-02"", ""2025-03-09"", ""2025-03-16"", ""2025-03-23"", ""2025-03-30"", ""2025-04-06"", ""2025-04-13"", ""2025-04-20"", ""2025-04-27"", ""2025-05-04"", ""2025-05-11"", ""2025-05-18"", ""2025-05-25"", ""2025-06-01"", ""2025-06-08"", ""2025-06-15"", ""2025-06-22"", ""2025-06-29"", ""2025-07-06"", ""2025-07-13"", ""2025-07-20"", ""2025-07-27"", ""2025-08-03"", ""2025-08-10"", ""2025-08-17"", ""2025-08-24"", ""2025-08-31"", ""2025-09-07"", ""2025-09-14"", ""2025-09-21"", ""2025-09-28"", ""2025-10-05"", ""2025-10-12""]",5904,2025-01-05 00:00:00,2025-10-13,2025-10-13,0,291,none,False
PV:B0:2025-10-19,PV,B0,2025-10-19,2,"[""2025-10-18""]",1,2025-10-18 23:50:00,2025-10-19,2025-10-19,0,291,none,False
PV:B1:2025-10-19,PV,B1,2025-10-19,2,"[""2025-10-18""]",144,2025-10-18 00:00:00,2025-10-19,2025-10-19,0,291,none,False
PV:B2:2025-10-19,PV,B2,2025-10-19,2,"[""2025-10-12""]",144,2025-10-12 00:00:00,2025-10-13,2025-10-13,0,291,none,False
PV:B3:2025-10-19,PV,B3,2025-10-19,2,"[""2025-10-12"", ""2025-10-13"", ""2025-10-14"", ""2025-10-15"", ""2025-10-16"", ""2025-10-17"", ""2025-10-18""]",1008,2025-10-12 00:00:00,2025-10-19,2025-10-19,0,291,none,False
PV:B4:2025-10-19,PV,B4,2025-10-19,2,"[""2025-01-05"", ""2025-01-12"", ""2025-01-19"", ""2025-01-26"", ""2025-02-02"", ""2025-02-09"", ""2025-02-16"", ""2025-02-23"", ""2025-03-02"", ""2025-03-09"", ""2025-03-16"", ""2025-03-23"", ""2025-03-30"", ""2025-04-06"", ""2025-04-13"", ""2025-04-20"", ""2025-04-27"", ""2025-05-04"", ""2025-05-11"", ""2025-05-18"", ""2025-05-25"", ""2025-06-01"", ""2025-06-08"", ""2025-06-15"", ""2025-06-22"", ""2025-06-29"", ""2025-07-06"", ""2025-07-13"", ""2025-07-20"", ""2025-07-27"", ""2025-08-03"", ""2025-08-10"", ""2025-08-17"", ""2025-08-24"", ""2025-08-31"", ""2025-09-07"", ""2025-09-14"", ""2025-09-21"", ""2025-09-28"", ""2025-10-05"", ""2025-10-12""]",5904,2025-01-05 00:00:00,2025-10-13,2025-10-13,0,291,none,False
Load:B0:2025-10-20,Load,B0,2025-10-20,2,"[""2025-10-19""]",1,2025-10-19 23:50:00,2025-10-20,2025-10-20,0,292,none,False
Load:B1:2025-10-20,Load,B1,2025-10-20,2,"[""2025-10-19""]",144,2025-10-19 00:00:00,2025-10-20,2025-10-20,0,292,none,False
Load:B2:2025-10-20,Load,B2,2025-10-20,2,"[""2025-10-13""]",144,2025-10-13 00:00:00,2025-10-14,2025-10-14,0,292,none,False
Load:B3:2025-10-20,Load,B3,2025-10-20,2,"[""2025-10-13"", ""2025-10-14"", ""2025-10-15"", ""2025-10-16"", ""2025-10-17"", ""2025-10-18"", ""2025-10-19""]",1008,2025-10-13 00:00:00,2025-10-20,2025-10-20,0,292,none,False
Load:B4:2025-10-20,Load,B4,2025-10-20,2,"[""2025-01-06"", ""2025-01-13"", ""2025-01-20"", ""2025-01-27"", ""2025-02-03"", ""2025-02-10"", ""2025-02-17"", ""2025-02-24"", ""2025-03-03"", ""2025-03-10"", ""2025-03-17"", ""2025-03-24"", ""2025-03-31"", ""2025-04-07"", ""2025-04-14"", ""2025-04-21"", ""2025-04-28"", ""2025-05-05"", ""2025-05-12"", ""2025-05-19"", ""2025-05-26"", ""2025-06-02"", ""2025-06-09"", ""2025-06-16"", ""2025-06-23"", ""2025-06-30"", ""2025-07-07"", ""2025-07-14"", ""2025-07-21"", ""2025-07-28"", ""2025-08-04"", ""2025-08-11"", ""2025-08-18"", ""2025-08-25"", ""2025-09-01"", ""2025-09-08"", ""2025-09-15"", ""2025-09-22"", ""2025-09-29"", ""2025-10-06"", ""2025-10-13""]",5904,2025-01-06 00:00:00,2025-10-14,2025-10-14,0,292,none,False
PV:B0:2025-10-20,PV,B0,2025-10-20,2,"[""2025-10-19""]",1,2025-10-19 23:50:00,2025-10-20,2025-10-20,0,292,none,False
PV:B1:2025-10-20,PV,B1,2025-10-20,2,"[""2025-10-19""]",144,2025-10-19 00:00:00,2025-10-20,2025-10-20,0,292,none,False
PV:B2:2025-10-20,PV,B2,2025-10-20,2,"[""2025-10-13""]",144,2025-10-13 00:00:00,2025-10-14,2025-10-14,0,292,none,False
PV:B3:2025-10-20,PV,B3,2025-10-20,2,"[""2025-10-13"", ""2025-10-14"", ""2025-10-15"", ""2025-10-16"", ""2025-10-17"", ""2025-10-18"", ""2025-10-19""]",1008,2025-10-13 00:00:00,2025-10-20,2025-10-20,0,292,none,False
PV:B4:2025-10-20,PV,B4,2025-10-20,2,"[""2025-01-06"", ""2025-01-13"", ""2025-01-20"", ""2025-01-27"", ""2025-02-03"", ""2025-02-10"", ""2025-02-17"", ""2025-02-24"", ""2025-03-03"", ""2025-03-10"", ""2025-03-17"", ""2025-03-24"", ""2025-03-31"", ""2025-04-07"", ""2025-04-14"", ""2025-04-21"", ""2025-04-28"", ""2025-05-05"", ""2025-05-12"", ""2025-05-19"", ""2025-05-26"", ""2025-06-02"", ""2025-06-09"", ""2025-06-16"", ""2025-06-23"", ""2025-06-30"", ""2025-07-07"", ""2025-07-14"", ""2025-07-21"", ""2025-07-28"", ""2025-08-04"", ""2025-08-11"", ""2025-08-18"", ""2025-08-25"", ""2025-09-01"", ""2025-09-08"", ""2025-09-15"", ""2025-09-22"", ""2025-09-29"", ""2025-10-06"", ""2025-10-13""]",5904,2025-01-06 00:00:00,2025-10-14,2025-10-14,0,292,none,False
Load:B0:2025-10-21,Load,B0,2025-10-21,2,"[""2025-10-20""]",1,2025-10-20 23:50:00,2025-10-21,2025-10-21,0,293,none,False
Load:B1:2025-10-21,Load,B1,2025-10-21,2,"[""2025-10-20""]",144,2025-10-20 00:00:00,2025-10-21,2025-10-21,0,293,none,False
Load:B2:2025-10-21,Load,B2,2025-10-21,2,"[""2025-10-14""]",144,2025-10-14 00:00:00,2025-10-15,2025-10-15,0,293,none,False
Load:B3:2025-10-21,Load,B3,2025-10-21,2,"[""2025-10-14"", ""2025-10-15"", ""2025-10-16"", ""2025-10-17"", ""2025-10-18"", ""2025-10-19"", ""2025-10-20""]",1008,2025-10-14 00:00:00,2025-10-21,2025-10-21,0,293,none,False
Load:B4:2025-10-21,Load,B4,2025-10-21,2,"[""2025-01-07"", ""2025-01-14"", ""2025-01-21"", ""2025-01-28"", ""2025-02-04"", ""2025-02-11"", ""2025-02-18"", ""2025-02-25"", ""2025-03-04"", ""2025-03-11"", ""2025-03-18"", ""2025-03-25"", ""2025-04-01"", ""2025-04-08"", ""2025-04-15"", ""2025-04-22"", ""2025-04-29"", ""2025-05-06"", ""2025-05-13"", ""2025-05-20"", ""2025-05-27"", ""2025-06-03"", ""2025-06-10"", ""2025-06-17"", ""2025-06-24"", ""2025-07-01"", ""2025-07-08"", ""2025-07-15"", ""2025-07-22"", ""2025-07-29"", ""2025-08-05"", ""2025-08-12"", ""2025-08-19"", ""2025-08-26"", ""2025-09-02"", ""2025-09-09"", ""2025-09-16"", ""2025-09-23"", ""2025-09-30"", ""2025-10-07"", ""2025-10-14""]",5904,2025-01-07 00:00:00,2025-10-15,2025-10-15,0,293,none,False
PV:B0:2025-10-21,PV,B0,2025-10-21,2,"[""2025-10-20""]",1,2025-10-20 23:50:00,2025-10-21,2025-10-21,0,293,none,False
PV:B1:2025-10-21,PV,B1,2025-10-21,2,"[""2025-10-20""]",144,2025-10-20 00:00:00,2025-10-21,2025-10-21,0,293,none,False
PV:B2:2025-10-21,PV,B2,2025-10-21,2,"[""2025-10-14""]",144,2025-10-14 00:00:00,2025-10-15,2025-10-15,0,293,none,False
PV:B3:2025-10-21,PV,B3,2025-10-21,2,"[""2025-10-14"", ""2025-10-15"", ""2025-10-16"", ""2025-10-17"", ""2025-10-18"", ""2025-10-19"", ""2025-10-20""]",1008,2025-10-14 00:00:00,2025-10-21,2025-10-21,0,293,none,False
PV:B4:2025-10-21,PV,B4,2025-10-21,2,"[""2025-01-07"", ""2025-01-14"", ""2025-01-21"", ""2025-01-28"", ""2025-02-04"", ""2025-02-11"", ""2025-02-18"", ""2025-02-25"", ""2025-03-04"", ""2025-03-11"", ""2025-03-18"", ""2025-03-25"", ""2025-04-01"", ""2025-04-08"", ""2025-04-15"", ""2025-04-22"", ""2025-04-29"", ""2025-05-06"", ""2025-05-13"", ""2025-05-20"", ""2025-05-27"", ""2025-06-03"", ""2025-06-10"", ""2025-06-17"", ""2025-06-24"", ""2025-07-01"", ""2025-07-08"", ""2025-07-15"", ""2025-07-22"", ""2025-07-29"", ""2025-08-05"", ""2025-08-12"", ""2025-08-19"", ""2025-08-26"", ""2025-09-02"", ""2025-09-09"", ""2025-09-16"", ""2025-09-23"", ""2025-09-30"", ""2025-10-07"", ""2025-10-14""]",5904,2025-01-07 00:00:00,2025-10-15,2025-10-15,0,293,none,False
Load:B0:2025-10-22,Load,B0,2025-10-22,2,"[""2025-10-21""]",1,2025-10-21 23:50:00,2025-10-22,2025-10-22,0,294,none,False
Load:B1:2025-10-22,Load,B1,2025-10-22,2,"[""2025-10-21""]",144,2025-10-21 00:00:00,2025-10-22,2025-10-22,0,294,none,False
Load:B2:2025-10-22,Load,B2,2025-10-22,2,"[""2025-10-15""]",144,2025-10-15 00:00:00,2025-10-16,2025-10-16,0,294,none,False
Load:B3:2025-10-22,Load,B3,2025-10-22,2,"[""2025-10-15"", ""2025-10-16"", ""2025-10-17"", ""2025-10-18"", ""2025-10-19"", ""2025-10-20"", ""2025-10-21""]",1008,2025-10-15 00:00:00,2025-10-22,2025-10-22,0,294,none,False
Load:B4:2025-10-22,Load,B4,2025-10-22,2,"[""2025-01-01"", ""2025-01-08"", ""2025-01-15"", ""2025-01-22"", ""2025-01-29"", ""2025-02-05"", ""2025-02-12"", ""2025-02-19"", ""2025-02-26"", ""2025-03-05"", ""2025-03-12"", ""2025-03-19"", ""2025-03-26"", ""2025-04-02"", ""2025-04-09"", ""2025-04-16"", ""2025-04-23"", ""2025-04-30"", ""2025-05-07"", ""2025-05-14"", ""2025-05-21"", ""2025-05-28"", ""2025-06-04"", ""2025-06-11"", ""2025-06-18"", ""2025-06-25"", ""2025-07-02"", ""2025-07-09"", ""2025-07-16"", ""2025-07-23"", ""2025-07-30"", ""2025-08-06"", ""2025-08-13"", ""2025-08-20"", ""2025-08-27"", ""2025-09-03"", ""2025-09-10"", ""2025-09-17"", ""2025-09-24"", ""2025-10-01"", ""2025-10-08"", ""2025-10-15""]",6048,2025-01-01 00:00:00,2025-10-16,2025-10-16,0,294,none,False
PV:B0:2025-10-22,PV,B0,2025-10-22,2,"[""2025-10-21""]",1,2025-10-21 23:50:00,2025-10-22,2025-10-22,0,294,none,False
PV:B1:2025-10-22,PV,B1,2025-10-22,2,"[""2025-10-21""]",144,2025-10-21 00:00:00,2025-10-22,2025-10-22,0,294,none,False
PV:B2:2025-10-22,PV,B2,2025-10-22,2,"[""2025-10-15""]",144,2025-10-15 00:00:00,2025-10-16,2025-10-16,0,294,none,False
PV:B3:2025-10-22,PV,B3,2025-10-22,2,"[""2025-10-15"", ""2025-10-16"", ""2025-10-17"", ""2025-10-18"", ""2025-10-19"", ""2025-10-20"", ""2025-10-21""]",1008,2025-10-15 00:00:00,2025-10-22,2025-10-22,0,294,none,False
PV:B4:2025-10-22,PV,B4,2025-10-22,2,"[""2025-01-01"", ""2025-01-08"", ""2025-01-15"", ""2025-01-22"", ""2025-01-29"", ""2025-02-05"", ""2025-02-12"", ""2025-02-19"", ""2025-02-26"", ""2025-03-05"", ""2025-03-12"", ""2025-03-19"", ""2025-03-26"", ""2025-04-02"", ""2025-04-09"", ""2025-04-16"", ""2025-04-23"", ""2025-04-30"", ""2025-05-07"", ""2025-05-14"", ""2025-05-21"", ""2025-05-28"", ""2025-06-04"", ""2025-06-11"", ""2025-06-18"", ""2025-06-25"", ""2025-07-02"", ""2025-07-09"", ""2025-07-16"", ""2025-07-23"", ""2025-07-30"", ""2025-08-06"", ""2025-08-13"", ""2025-08-20"", ""2025-08-27"", ""2025-09-03"", ""2025-09-10"", ""2025-09-17"", ""2025-09-24"", ""2025-10-01"", ""2025-10-08"", ""2025-10-15""]",6048,2025-01-01 00:00:00,2025-10-16,2025-10-16,0,294,none,False
Load:B0:2025-10-23,Load,B0,2025-10-23,2,"[""2025-10-22""]",1,2025-10-22 23:50:00,2025-10-23,2025-10-23,0,295,none,False
Load:B1:2025-10-23,Load,B1,2025-10-23,2,"[""2025-10-22""]",144,2025-10-22 00:00:00,2025-10-23,2025-10-23,0,295,none,False
Load:B2:2025-10-23,Load,B2,2025-10-23,2,"[""2025-10-16""]",144,2025-10-16 00:00:00,2025-10-17,2025-10-17,0,295,none,False
Load:B3:2025-10-23,Load,B3,2025-10-23,2,"[""2025-10-16"", ""2025-10-17"", ""2025-10-18"", ""2025-10-19"", ""2025-10-20"", ""2025-10-21"", ""2025-10-22""]",1008,2025-10-16 00:00:00,2025-10-23,2025-10-23,0,295,none,False
Load:B4:2025-10-23,Load,B4,2025-10-23,2,"[""2025-01-02"", ""2025-01-09"", ""2025-01-16"", ""2025-01-23"", ""2025-01-30"", ""2025-02-06"", ""2025-02-13"", ""2025-02-20"", ""2025-02-27"", ""2025-03-06"", ""2025-03-13"", ""2025-03-20"", ""2025-03-27"", ""2025-04-03"", ""2025-04-10"", ""2025-04-17"", ""2025-04-24"", ""2025-05-01"", ""2025-05-08"", ""2025-05-15"", ""2025-05-22"", ""2025-05-29"", ""2025-06-05"", ""2025-06-12"", ""2025-06-19"", ""2025-06-26"", ""2025-07-03"", ""2025-07-10"", ""2025-07-17"", ""2025-07-24"", ""2025-07-31"", ""2025-08-07"", ""2025-08-14"", ""2025-08-21"", ""2025-08-28"", ""2025-09-04"", ""2025-09-11"", ""2025-09-18"", ""2025-09-25"", ""2025-10-02"", ""2025-10-09"", ""2025-10-16""]",6048,2025-01-02 00:00:00,2025-10-17,2025-10-17,0,295,none,False
PV:B0:2025-10-23,PV,B0,2025-10-23,2,"[""2025-10-22""]",1,2025-10-22 23:50:00,2025-10-23,2025-10-23,0,295,none,False
PV:B1:2025-10-23,PV,B1,2025-10-23,2,"[""2025-10-22""]",144,2025-10-22 00:00:00,2025-10-23,2025-10-23,0,295,none,False
PV:B2:2025-10-23,PV,B2,2025-10-23,2,"[""2025-10-16""]",144,2025-10-16 00:00:00,2025-10-17,2025-10-17,0,295,none,False
PV:B3:2025-10-23,PV,B3,2025-10-23,2,"[""2025-10-16"", ""2025-10-17"", ""2025-10-18"", ""2025-10-19"", ""2025-10-20"", ""2025-10-21"", ""2025-10-22""]",1008,2025-10-16 00:00:00,2025-10-23,2025-10-23,0,295,none,False
PV:B4:2025-10-23,PV,B4,2025-10-23,2,"[""2025-01-02"", ""2025-01-09"", ""2025-01-16"", ""2025-01-23"", ""2025-01-30"", ""2025-02-06"", ""2025-02-13"", ""2025-02-20"", ""2025-02-27"", ""2025-03-06"", ""2025-03-13"", ""2025-03-20"", ""2025-03-27"", ""2025-04-03"", ""2025-04-10"", ""2025-04-17"", ""2025-04-24"", ""2025-05-01"", ""2025-05-08"", ""2025-05-15"", ""2025-05-22"", ""2025-05-29"", ""2025-06-05"", ""2025-06-12"", ""2025-06-19"", ""2025-06-26"", ""2025-07-03"", ""2025-07-10"", ""2025-07-17"", ""2025-07-24"", ""2025-07-31"", ""2025-08-07"", ""2025-08-14"", ""2025-08-21"", ""2025-08-28"", ""2025-09-04"", ""2025-09-11"", ""2025-09-18"", ""2025-09-25"", ""2025-10-02"", ""2025-10-09"", ""2025-10-16""]",6048,2025-01-02 00:00:00,2025-10-17,2025-10-17,0,295,none,False
Load:B0:2025-10-24,Load,B0,2025-10-24,2,"[""2025-10-23""]",1,2025-10-23 23:50:00,2025-10-24,2025-10-24,0,296,none,False
Load:B1:2025-10-24,Load,B1,2025-10-24,2,"[""2025-10-23""]",144,2025-10-23 00:00:00,2025-10-24,2025-10-24,0,296,none,False
Load:B2:2025-10-24,Load,B2,2025-10-24,2,"[""2025-10-17""]",144,2025-10-17 00:00:00,2025-10-18,2025-10-18,0,296,none,False
Load:B3:2025-10-24,Load,B3,2025-10-24,2,"[""2025-10-17"", ""2025-10-18"", ""2025-10-19"", ""2025-10-20"", ""2025-10-21"", ""2025-10-22"", ""2025-10-23""]",1008,2025-10-17 00:00:00,2025-10-24,2025-10-24,0,296,none,False
Load:B4:2025-10-24,Load,B4,2025-10-24,2,"[""2025-01-03"", ""2025-01-10"", ""2025-01-17"", ""2025-01-24"", ""2025-01-31"", ""2025-02-07"", ""2025-02-14"", ""2025-02-21"", ""2025-02-28"", ""2025-03-07"", ""2025-03-14"", ""2025-03-21"", ""2025-03-28"", ""2025-04-04"", ""2025-04-11"", ""2025-04-18"", ""2025-04-25"", ""2025-05-02"", ""2025-05-09"", ""2025-05-16"", ""2025-05-23"", ""2025-05-30"", ""2025-06-06"", ""2025-06-13"", ""2025-06-20"", ""2025-06-27"", ""2025-07-04"", ""2025-07-11"", ""2025-07-18"", ""2025-07-25"", ""2025-08-01"", ""2025-08-08"", ""2025-08-15"", ""2025-08-22"", ""2025-08-29"", ""2025-09-05"", ""2025-09-12"", ""2025-09-19"", ""2025-09-26"", ""2025-10-03"", ""2025-10-10"", ""2025-10-17""]",6048,2025-01-03 00:00:00,2025-10-18,2025-10-18,0,296,none,False
PV:B0:2025-10-24,PV,B0,2025-10-24,2,"[""2025-10-23""]",1,2025-10-23 23:50:00,2025-10-24,2025-10-24,0,296,none,False
PV:B1:2025-10-24,PV,B1,2025-10-24,2,"[""2025-10-23""]",144,2025-10-23 00:00:00,2025-10-24,2025-10-24,0,296,none,False
PV:B2:2025-10-24,PV,B2,2025-10-24,2,"[""2025-10-17""]",144,2025-10-17 00:00:00,2025-10-18,2025-10-18,0,296,none,False
PV:B3:2025-10-24,PV,B3,2025-10-24,2,"[""2025-10-17"", ""2025-10-18"", ""2025-10-19"", ""2025-10-20"", ""2025-10-21"", ""2025-10-22"", ""2025-10-23""]",1008,2025-10-17 00:00:00,2025-10-24,2025-10-24,0,296,none,False
PV:B4:2025-10-24,PV,B4,2025-10-24,2,"[""2025-01-03"", ""2025-01-10"", ""2025-01-17"", ""2025-01-24"", ""2025-01-31"", ""2025-02-07"", ""2025-02-14"", ""2025-02-21"", ""2025-02-28"", ""2025-03-07"", ""2025-03-14"", ""2025-03-21"", ""2025-03-28"", ""2025-04-04"", ""2025-04-11"", ""2025-04-18"", ""2025-04-25"", ""2025-05-02"", ""2025-05-09"", ""2025-05-16"", ""2025-05-23"", ""2025-05-30"", ""2025-06-06"", ""2025-06-13"", ""2025-06-20"", ""2025-06-27"", ""2025-07-04"", ""2025-07-11"", ""2025-07-18"", ""2025-07-25"", ""2025-08-01"", ""2025-08-08"", ""2025-08-15"", ""2025-08-22"", ""2025-08-29"", ""2025-09-05"", ""2025-09-12"", ""2025-09-19"", ""2025-09-26"", ""2025-10-03"", ""2025-10-10"", ""2025-10-17""]",6048,2025-01-03 00:00:00,2025-10-18,2025-10-18,0,296,none,False
Load:B0:2025-10-25,Load,B0,2025-10-25,2,"[""2025-10-24""]",1,2025-10-24 23:50:00,2025-10-25,2025-10-25,0,297,none,False
Load:B1:2025-10-25,Load,B1,2025-10-25,2,"[""2025-10-24""]",144,2025-10-24 00:00:00,2025-10-25,2025-10-25,0,297,none,False
Load:B2:2025-10-25,Load,B2,2025-10-25,2,"[""2025-10-18""]",144,2025-10-18 00:00:00,2025-10-19,2025-10-19,0,297,none,False
Load:B3:2025-10-25,Load,B3,2025-10-25,2,"[""2025-10-18"", ""2025-10-19"", ""2025-10-20"", ""2025-10-21"", ""2025-10-22"", ""2025-10-23"", ""2025-10-24""]",1008,2025-10-18 00:00:00,2025-10-25,2025-10-25,0,297,none,False
Load:B4:2025-10-25,Load,B4,2025-10-25,2,"[""2025-01-04"", ""2025-01-11"", ""2025-01-18"", ""2025-01-25"", ""2025-02-01"", ""2025-02-08"", ""2025-02-15"", ""2025-02-22"", ""2025-03-01"", ""2025-03-08"", ""2025-03-15"", ""2025-03-22"", ""2025-03-29"", ""2025-04-05"", ""2025-04-12"", ""2025-04-19"", ""2025-04-26"", ""2025-05-03"", ""2025-05-10"", ""2025-05-17"", ""2025-05-24"", ""2025-05-31"", ""2025-06-07"", ""2025-06-14"", ""2025-06-21"", ""2025-06-28"", ""2025-07-05"", ""2025-07-12"", ""2025-07-19"", ""2025-07-26"", ""2025-08-02"", ""2025-08-09"", ""2025-08-16"", ""2025-08-23"", ""2025-08-30"", ""2025-09-06"", ""2025-09-13"", ""2025-09-20"", ""2025-09-27"", ""2025-10-04"", ""2025-10-11"", ""2025-10-18""]",6048,2025-01-04 00:00:00,2025-10-19,2025-10-19,0,297,none,False
PV:B0:2025-10-25,PV,B0,2025-10-25,2,"[""2025-10-24""]",1,2025-10-24 23:50:00,2025-10-25,2025-10-25,0,297,none,False
PV:B1:2025-10-25,PV,B1,2025-10-25,2,"[""2025-10-24""]",144,2025-10-24 00:00:00,2025-10-25,2025-10-25,0,297,none,False
PV:B2:2025-10-25,PV,B2,2025-10-25,2,"[""2025-10-18""]",144,2025-10-18 00:00:00,2025-10-19,2025-10-19,0,297,none,False
PV:B3:2025-10-25,PV,B3,2025-10-25,2,"[""2025-10-18"", ""2025-10-19"", ""2025-10-20"", ""2025-10-21"", ""2025-10-22"", ""2025-10-23"", ""2025-10-24""]",1008,2025-10-18 00:00:00,2025-10-25,2025-10-25,0,297,none,False
PV:B4:2025-10-25,PV,B4,2025-10-25,2,"[""2025-01-04"", ""2025-01-11"", ""2025-01-18"", ""2025-01-25"", ""2025-02-01"", ""2025-02-08"", ""2025-02-15"", ""2025-02-22"", ""2025-03-01"", ""2025-03-08"", ""2025-03-15"", ""2025-03-22"", ""2025-03-29"", ""2025-04-05"", ""2025-04-12"", ""2025-04-19"", ""2025-04-26"", ""2025-05-03"", ""2025-05-10"", ""2025-05-17"", ""2025-05-24"", ""2025-05-31"", ""2025-06-07"", ""2025-06-14"", ""2025-06-21"", ""2025-06-28"", ""2025-07-05"", ""2025-07-12"", ""2025-07-19"", ""2025-07-26"", ""2025-08-02"", ""2025-08-09"", ""2025-08-16"", ""2025-08-23"", ""2025-08-30"", ""2025-09-06"", ""2025-09-13"", ""2025-09-20"", ""2025-09-27"", ""2025-10-04"", ""2025-10-11"", ""2025-10-18""]",6048,2025-01-04 00:00:00,2025-10-19,2025-10-19,0,297,none,False
Load:B0:2025-10-26,Load,B0,2025-10-26,2,"[""2025-10-25""]",1,2025-10-25 23:50:00,2025-10-26,2025-10-26,0,298,none,False
Load:B1:2025-10-26,Load,B1,2025-10-26,2,"[""2025-10-25""]",144,2025-10-25 00:00:00,2025-10-26,2025-10-26,0,298,none,False
Load:B2:2025-10-26,Load,B2,2025-10-26,2,"[""2025-10-19""]",144,2025-10-19 00:00:00,2025-10-20,2025-10-20,0,298,none,False
Load:B3:2025-10-26,Load,B3,2025-10-26,2,"[""2025-10-19"", ""2025-10-20"", ""2025-10-21"", ""2025-10-22"", ""2025-10-23"", ""2025-10-24"", ""2025-10-25""]",1008,2025-10-19 00:00:00,2025-10-26,2025-10-26,0,298,none,False
Load:B4:2025-10-26,Load,B4,2025-10-26,2,"[""2025-01-05"", ""2025-01-12"", ""2025-01-19"", ""2025-01-26"", ""2025-02-02"", ""2025-02-09"", ""2025-02-16"", ""2025-02-23"", ""2025-03-02"", ""2025-03-09"", ""2025-03-16"", ""2025-03-23"", ""2025-03-30"", ""2025-04-06"", ""2025-04-13"", ""2025-04-20"", ""2025-04-27"", ""2025-05-04"", ""2025-05-11"", ""2025-05-18"", ""2025-05-25"", ""2025-06-01"", ""2025-06-08"", ""2025-06-15"", ""2025-06-22"", ""2025-06-29"", ""2025-07-06"", ""2025-07-13"", ""2025-07-20"", ""2025-07-27"", ""2025-08-03"", ""2025-08-10"", ""2025-08-17"", ""2025-08-24"", ""2025-08-31"", ""2025-09-07"", ""2025-09-14"", ""2025-09-21"", ""2025-09-28"", ""2025-10-05"", ""2025-10-12"", ""2025-10-19""]",6048,2025-01-05 00:00:00,2025-10-20,2025-10-20,0,298,none,False
PV:B0:2025-10-26,PV,B0,2025-10-26,2,"[""2025-10-25""]",1,2025-10-25 23:50:00,2025-10-26,2025-10-26,0,298,none,False
PV:B1:2025-10-26,PV,B1,2025-10-26,2,"[""2025-10-25""]",144,2025-10-25 00:00:00,2025-10-26,2025-10-26,0,298,none,False
PV:B2:2025-10-26,PV,B2,2025-10-26,2,"[""2025-10-19""]",144,2025-10-19 00:00:00,2025-10-20,2025-10-20,0,298,none,False
PV:B3:2025-10-26,PV,B3,2025-10-26,2,"[""2025-10-19"", ""2025-10-20"", ""2025-10-21"", ""2025-10-22"", ""2025-10-23"", ""2025-10-24"", ""2025-10-25""]",1008,2025-10-19 00:00:00,2025-10-26,2025-10-26,0,298,none,False
PV:B4:2025-10-26,PV,B4,2025-10-26,2,"[""2025-01-05"", ""2025-01-12"", ""2025-01-19"", ""2025-01-26"", ""2025-02-02"", ""2025-02-09"", ""2025-02-16"", ""2025-02-23"", ""2025-03-02"", ""2025-03-09"", ""2025-03-16"", ""2025-03-23"", ""2025-03-30"", ""2025-04-06"", ""2025-04-13"", ""2025-04-20"", ""2025-04-27"", ""2025-05-04"", ""2025-05-11"", ""2025-05-18"", ""2025-05-25"", ""2025-06-01"", ""2025-06-08"", ""2025-06-15"", ""2025-06-22"", ""2025-06-29"", ""2025-07-06"", ""2025-07-13"", ""2025-07-20"", ""2025-07-27"", ""2025-08-03"", ""2025-08-10"", ""2025-08-17"", ""2025-08-24"", ""2025-08-31"", ""2025-09-07"", ""2025-09-14"", ""2025-09-21"", ""2025-09-28"", ""2025-10-05"", ""2025-10-12"", ""2025-10-19""]",6048,2025-01-05 00:00:00,2025-10-20,2025-10-20,0,298,none,False
Load:B0:2025-10-27,Load,B0,2025-10-27,2,"[""2025-10-26""]",1,2025-10-26 23:50:00,2025-10-27,2025-10-27,0,299,none,False
Load:B1:2025-10-27,Load,B1,2025-10-27,2,"[""2025-10-26""]",144,2025-10-26 00:00:00,2025-10-27,2025-10-27,0,299,none,False
Load:B2:2025-10-27,Load,B2,2025-10-27,2,"[""2025-10-20""]",144,2025-10-20 00:00:00,2025-10-21,2025-10-21,0,299,none,False
Load:B3:2025-10-27,Load,B3,2025-10-27,2,"[""2025-10-20"", ""2025-10-21"", ""2025-10-22"", ""2025-10-23"", ""2025-10-24"", ""2025-10-25"", ""2025-10-26""]",1008,2025-10-20 00:00:00,2025-10-27,2025-10-27,0,299,none,False
Load:B4:2025-10-27,Load,B4,2025-10-27,2,"[""2025-01-06"", ""2025-01-13"", ""2025-01-20"", ""2025-01-27"", ""2025-02-03"", ""2025-02-10"", ""2025-02-17"", ""2025-02-24"", ""2025-03-03"", ""2025-03-10"", ""2025-03-17"", ""2025-03-24"", ""2025-03-31"", ""2025-04-07"", ""2025-04-14"", ""2025-04-21"", ""2025-04-28"", ""2025-05-05"", ""2025-05-12"", ""2025-05-19"", ""2025-05-26"", ""2025-06-02"", ""2025-06-09"", ""2025-06-16"", ""2025-06-23"", ""2025-06-30"", ""2025-07-07"", ""2025-07-14"", ""2025-07-21"", ""2025-07-28"", ""2025-08-04"", ""2025-08-11"", ""2025-08-18"", ""2025-08-25"", ""2025-09-01"", ""2025-09-08"", ""2025-09-15"", ""2025-09-22"", ""2025-09-29"", ""2025-10-06"", ""2025-10-13"", ""2025-10-20""]",6048,2025-01-06 00:00:00,2025-10-21,2025-10-21,0,299,none,False
PV:B0:2025-10-27,PV,B0,2025-10-27,2,"[""2025-10-26""]",1,2025-10-26 23:50:00,2025-10-27,2025-10-27,0,299,none,False
PV:B1:2025-10-27,PV,B1,2025-10-27,2,"[""2025-10-26""]",144,2025-10-26 00:00:00,2025-10-27,2025-10-27,0,299,none,False
PV:B2:2025-10-27,PV,B2,2025-10-27,2,"[""2025-10-20""]",144,2025-10-20 00:00:00,2025-10-21,2025-10-21,0,299,none,False
PV:B3:2025-10-27,PV,B3,2025-10-27,2,"[""2025-10-20"", ""2025-10-21"", ""2025-10-22"", ""2025-10-23"", ""2025-10-24"", ""2025-10-25"", ""2025-10-26""]",1008,2025-10-20 00:00:00,2025-10-27,2025-10-27,0,299,none,False
PV:B4:2025-10-27,PV,B4,2025-10-27,2,"[""2025-01-06"", ""2025-01-13"", ""2025-01-20"", ""2025-01-27"", ""2025-02-03"", ""2025-02-10"", ""2025-02-17"", ""2025-02-24"", ""2025-03-03"", ""2025-03-10"", ""2025-03-17"", ""2025-03-24"", ""2025-03-31"", ""2025-04-07"", ""2025-04-14"", ""2025-04-21"", ""2025-04-28"", ""2025-05-05"", ""2025-05-12"", ""2025-05-19"", ""2025-05-26"", ""2025-06-02"", ""2025-06-09"", ""2025-06-16"", ""2025-06-23"", ""2025-06-30"", ""2025-07-07"", ""2025-07-14"", ""2025-07-21"", ""2025-07-28"", ""2025-08-04"", ""2025-08-11"", ""2025-08-18"", ""2025-08-25"", ""2025-09-01"", ""2025-09-08"", ""2025-09-15"", ""2025-09-22"", ""2025-09-29"", ""2025-10-06"", ""2025-10-13"", ""2025-10-20""]",6048,2025-01-06 00:00:00,2025-10-21,2025-10-21,0,299,none,False
Load:B0:2025-10-28,Load,B0,2025-10-28,2,"[""2025-10-27""]",1,2025-10-27 23:50:00,2025-10-28,2025-10-28,0,300,none,False
Load:B1:2025-10-28,Load,B1,2025-10-28,2,"[""2025-10-27""]",144,2025-10-27 00:00:00,2025-10-28,2025-10-28,0,300,none,False
Load:B2:2025-10-28,Load,B2,2025-10-28,2,"[""2025-10-21""]",144,2025-10-21 00:00:00,2025-10-22,2025-10-22,0,300,none,False
Load:B3:2025-10-28,Load,B3,2025-10-28,2,"[""2025-10-21"", ""2025-10-22"", ""2025-10-23"", ""2025-10-24"", ""2025-10-25"", ""2025-10-26"", ""2025-10-27""]",1008,2025-10-21 00:00:00,2025-10-28,2025-10-28,0,300,none,False
Load:B4:2025-10-28,Load,B4,2025-10-28,2,"[""2025-01-07"", ""2025-01-14"", ""2025-01-21"", ""2025-01-28"", ""2025-02-04"", ""2025-02-11"", ""2025-02-18"", ""2025-02-25"", ""2025-03-04"", ""2025-03-11"", ""2025-03-18"", ""2025-03-25"", ""2025-04-01"", ""2025-04-08"", ""2025-04-15"", ""2025-04-22"", ""2025-04-29"", ""2025-05-06"", ""2025-05-13"", ""2025-05-20"", ""2025-05-27"", ""2025-06-03"", ""2025-06-10"", ""2025-06-17"", ""2025-06-24"", ""2025-07-01"", ""2025-07-08"", ""2025-07-15"", ""2025-07-22"", ""2025-07-29"", ""2025-08-05"", ""2025-08-12"", ""2025-08-19"", ""2025-08-26"", ""2025-09-02"", ""2025-09-09"", ""2025-09-16"", ""2025-09-23"", ""2025-09-30"", ""2025-10-07"", ""2025-10-14"", ""2025-10-21""]",6048,2025-01-07 00:00:00,2025-10-22,2025-10-22,0,300,none,False
PV:B0:2025-10-28,PV,B0,2025-10-28,2,"[""2025-10-27""]",1,2025-10-27 23:50:00,2025-10-28,2025-10-28,0,300,none,False
PV:B1:2025-10-28,PV,B1,2025-10-28,2,"[""2025-10-27""]",144,2025-10-27 00:00:00,2025-10-28,2025-10-28,0,300,none,False
PV:B2:2025-10-28,PV,B2,2025-10-28,2,"[""2025-10-21""]",144,2025-10-21 00:00:00,2025-10-22,2025-10-22,0,300,none,False
PV:B3:2025-10-28,PV,B3,2025-10-28,2,"[""2025-10-21"", ""2025-10-22"", ""2025-10-23"", ""2025-10-24"", ""2025-10-25"", ""2025-10-26"", ""2025-10-27""]",1008,2025-10-21 00:00:00,2025-10-28,2025-10-28,0,300,none,False
PV:B4:2025-10-28,PV,B4,2025-10-28,2,"[""2025-01-07"", ""2025-01-14"", ""2025-01-21"", ""2025-01-28"", ""2025-02-04"", ""2025-02-11"", ""2025-02-18"", ""2025-02-25"", ""2025-03-04"", ""2025-03-11"", ""2025-03-18"", ""2025-03-25"", ""2025-04-01"", ""2025-04-08"", ""2025-04-15"", ""2025-04-22"", ""2025-04-29"", ""2025-05-06"", ""2025-05-13"", ""2025-05-20"", ""2025-05-27"", ""2025-06-03"", ""2025-06-10"", ""2025-06-17"", ""2025-06-24"", ""2025-07-01"", ""2025-07-08"", ""2025-07-15"", ""2025-07-22"", ""2025-07-29"", ""2025-08-05"", ""2025-08-12"", ""2025-08-19"", ""2025-08-26"", ""2025-09-02"", ""2025-09-09"", ""2025-09-16"", ""2025-09-23"", ""2025-09-30"", ""2025-10-07"", ""2025-10-14"", ""2025-10-21""]",6048,2025-01-07 00:00:00,2025-10-22,2025-10-22,0,300,none,False
Load:B0:2025-10-29,Load,B0,2025-10-29,2,"[""2025-10-28""]",1,2025-10-28 23:50:00,2025-10-29,2025-10-29,0,301,none,False
Load:B1:2025-10-29,Load,B1,2025-10-29,2,"[""2025-10-28""]",144,2025-10-28 00:00:00,2025-10-29,2025-10-29,0,301,none,False
Load:B2:2025-10-29,Load,B2,2025-10-29,2,"[""2025-10-22""]",144,2025-10-22 00:00:00,2025-10-23,2025-10-23,0,301,none,False
Load:B3:2025-10-29,Load,B3,2025-10-29,2,"[""2025-10-22"", ""2025-10-23"", ""2025-10-24"", ""2025-10-25"", ""2025-10-26"", ""2025-10-27"", ""2025-10-28""]",1008,2025-10-22 00:00:00,2025-10-29,2025-10-29,0,301,none,False
Load:B4:2025-10-29,Load,B4,2025-10-29,2,"[""2025-01-01"", ""2025-01-08"", ""2025-01-15"", ""2025-01-22"", ""2025-01-29"", ""2025-02-05"", ""2025-02-12"", ""2025-02-19"", ""2025-02-26"", ""2025-03-05"", ""2025-03-12"", ""2025-03-19"", ""2025-03-26"", ""2025-04-02"", ""2025-04-09"", ""2025-04-16"", ""2025-04-23"", ""2025-04-30"", ""2025-05-07"", ""2025-05-14"", ""2025-05-21"", ""2025-05-28"", ""2025-06-04"", ""2025-06-11"", ""2025-06-18"", ""2025-06-25"", ""2025-07-02"", ""2025-07-09"", ""2025-07-16"", ""2025-07-23"", ""2025-07-30"", ""2025-08-06"", ""2025-08-13"", ""2025-08-20"", ""2025-08-27"", ""2025-09-03"", ""2025-09-10"", ""2025-09-17"", ""2025-09-24"", ""2025-10-01"", ""2025-10-08"", ""2025-10-15"", ""2025-10-22""]",6192,2025-01-01 00:00:00,2025-10-23,2025-10-23,0,301,none,False
PV:B0:2025-10-29,PV,B0,2025-10-29,2,"[""2025-10-28""]",1,2025-10-28 23:50:00,2025-10-29,2025-10-29,0,301,none,False
PV:B1:2025-10-29,PV,B1,2025-10-29,2,"[""2025-10-28""]",144,2025-10-28 00:00:00,2025-10-29,2025-10-29,0,301,none,False
PV:B2:2025-10-29,PV,B2,2025-10-29,2,"[""2025-10-22""]",144,2025-10-22 00:00:00,2025-10-23,2025-10-23,0,301,none,False
PV:B3:2025-10-29,PV,B3,2025-10-29,2,"[""2025-10-22"", ""2025-10-23"", ""2025-10-24"", ""2025-10-25"", ""2025-10-26"", ""2025-10-27"", ""2025-10-28""]",1008,2025-10-22 00:00:00,2025-10-29,2025-10-29,0,301,none,False
PV:B4:2025-10-29,PV,B4,2025-10-29,2,"[""2025-01-01"", ""2025-01-08"", ""2025-01-15"", ""2025-01-22"", ""2025-01-29"", ""2025-02-05"", ""2025-02-12"", ""2025-02-19"", ""2025-02-26"", ""2025-03-05"", ""2025-03-12"", ""2025-03-19"", ""2025-03-26"", ""2025-04-02"", ""2025-04-09"", ""2025-04-16"", ""2025-04-23"", ""2025-04-30"", ""2025-05-07"", ""2025-05-14"", ""2025-05-21"", ""2025-05-28"", ""2025-06-04"", ""2025-06-11"", ""2025-06-18"", ""2025-06-25"", ""2025-07-02"", ""2025-07-09"", ""2025-07-16"", ""2025-07-23"", ""2025-07-30"", ""2025-08-06"", ""2025-08-13"", ""2025-08-20"", ""2025-08-27"", ""2025-09-03"", ""2025-09-10"", ""2025-09-17"", ""2025-09-24"", ""2025-10-01"", ""2025-10-08"", ""2025-10-15"", ""2025-10-22""]",6192,2025-01-01 00:00:00,2025-10-23,2025-10-23,0,301,none,False
Load:B0:2025-10-30,Load,B0,2025-10-30,2,"[""2025-10-29""]",1,2025-10-29 23:50:00,2025-10-30,2025-10-30,0,302,none,False
Load:B1:2025-10-30,Load,B1,2025-10-30,2,"[""2025-10-29""]",144,2025-10-29 00:00:00,2025-10-30,2025-10-30,0,302,none,False
Load:B2:2025-10-30,Load,B2,2025-10-30,2,"[""2025-10-23""]",144,2025-10-23 00:00:00,2025-10-24,2025-10-24,0,302,none,False
Load:B3:2025-10-30,Load,B3,2025-10-30,2,"[""2025-10-23"", ""2025-10-24"", ""2025-10-25"", ""2025-10-26"", ""2025-10-27"", ""2025-10-28"", ""2025-10-29""]",1008,2025-10-23 00:00:00,2025-10-30,2025-10-30,0,302,none,False
Load:B4:2025-10-30,Load,B4,2025-10-30,2,"[""2025-01-02"", ""2025-01-09"", ""2025-01-16"", ""2025-01-23"", ""2025-01-30"", ""2025-02-06"", ""2025-02-13"", ""2025-02-20"", ""2025-02-27"", ""2025-03-06"", ""2025-03-13"", ""2025-03-20"", ""2025-03-27"", ""2025-04-03"", ""2025-04-10"", ""2025-04-17"", ""2025-04-24"", ""2025-05-01"", ""2025-05-08"", ""2025-05-15"", ""2025-05-22"", ""2025-05-29"", ""2025-06-05"", ""2025-06-12"", ""2025-06-19"", ""2025-06-26"", ""2025-07-03"", ""2025-07-10"", ""2025-07-17"", ""2025-07-24"", ""2025-07-31"", ""2025-08-07"", ""2025-08-14"", ""2025-08-21"", ""2025-08-28"", ""2025-09-04"", ""2025-09-11"", ""2025-09-18"", ""2025-09-25"", ""2025-10-02"", ""2025-10-09"", ""2025-10-16"", ""2025-10-23""]",6192,2025-01-02 00:00:00,2025-10-24,2025-10-24,0,302,none,False
PV:B0:2025-10-30,PV,B0,2025-10-30,2,"[""2025-10-29""]",1,2025-10-29 23:50:00,2025-10-30,2025-10-30,0,302,none,False
PV:B1:2025-10-30,PV,B1,2025-10-30,2,"[""2025-10-29""]",144,2025-10-29 00:00:00,2025-10-30,2025-10-30,0,302,none,False
PV:B2:2025-10-30,PV,B2,2025-10-30,2,"[""2025-10-23""]",144,2025-10-23 00:00:00,2025-10-24,2025-10-24,0,302,none,False
PV:B3:2025-10-30,PV,B3,2025-10-30,2,"[""2025-10-23"", ""2025-10-24"", ""2025-10-25"", ""2025-10-26"", ""2025-10-27"", ""2025-10-28"", ""2025-10-29""]",1008,2025-10-23 00:00:00,2025-10-30,2025-10-30,0,302,none,False
PV:B4:2025-10-30,PV,B4,2025-10-30,2,"[""2025-01-02"", ""2025-01-09"", ""2025-01-16"", ""2025-01-23"", ""2025-01-30"", ""2025-02-06"", ""2025-02-13"", ""2025-02-20"", ""2025-02-27"", ""2025-03-06"", ""2025-03-13"", ""2025-03-20"", ""2025-03-27"", ""2025-04-03"", ""2025-04-10"", ""2025-04-17"", ""2025-04-24"", ""2025-05-01"", ""2025-05-08"", ""2025-05-15"", ""2025-05-22"", ""2025-05-29"", ""2025-06-05"", ""2025-06-12"", ""2025-06-19"", ""2025-06-26"", ""2025-07-03"", ""2025-07-10"", ""2025-07-17"", ""2025-07-24"", ""2025-07-31"", ""2025-08-07"", ""2025-08-14"", ""2025-08-21"", ""2025-08-28"", ""2025-09-04"", ""2025-09-11"", ""2025-09-18"", ""2025-09-25"", ""2025-10-02"", ""2025-10-09"", ""2025-10-16"", ""2025-10-23""]",6192,2025-01-02 00:00:00,2025-10-24,2025-10-24,0,302,none,False
Load:B0:2025-10-31,Load,B0,2025-10-31,2,"[""2025-10-30""]",1,2025-10-30 23:50:00,2025-10-31,2025-10-31,0,303,none,False
Load:B1:2025-10-31,Load,B1,2025-10-31,2,"[""2025-10-30""]",144,2025-10-30 00:00:00,2025-10-31,2025-10-31,0,303,none,False
Load:B2:2025-10-31,Load,B2,2025-10-31,2,"[""2025-10-24""]",144,2025-10-24 00:00:00,2025-10-25,2025-10-25,0,303,none,False
Load:B3:2025-10-31,Load,B3,2025-10-31,2,"[""2025-10-24"", ""2025-10-25"", ""2025-10-26"", ""2025-10-27"", ""2025-10-28"", ""2025-10-29"", ""2025-10-30""]",1008,2025-10-24 00:00:00,2025-10-31,2025-10-31,0,303,none,False
Load:B4:2025-10-31,Load,B4,2025-10-31,2,"[""2025-01-03"", ""2025-01-10"", ""2025-01-17"", ""2025-01-24"", ""2025-01-31"", ""2025-02-07"", ""2025-02-14"", ""2025-02-21"", ""2025-02-28"", ""2025-03-07"", ""2025-03-14"", ""2025-03-21"", ""2025-03-28"", ""2025-04-04"", ""2025-04-11"", ""2025-04-18"", ""2025-04-25"", ""2025-05-02"", ""2025-05-09"", ""2025-05-16"", ""2025-05-23"", ""2025-05-30"", ""2025-06-06"", ""2025-06-13"", ""2025-06-20"", ""2025-06-27"", ""2025-07-04"", ""2025-07-11"", ""2025-07-18"", ""2025-07-25"", ""2025-08-01"", ""2025-08-08"", ""2025-08-15"", ""2025-08-22"", ""2025-08-29"", ""2025-09-05"", ""2025-09-12"", ""2025-09-19"", ""2025-09-26"", ""2025-10-03"", ""2025-10-10"", ""2025-10-17"", ""2025-10-24""]",6192,2025-01-03 00:00:00,2025-10-25,2025-10-25,0,303,none,False
PV:B0:2025-10-31,PV,B0,2025-10-31,2,"[""2025-10-30""]",1,2025-10-30 23:50:00,2025-10-31,2025-10-31,0,303,none,False
PV:B1:2025-10-31,PV,B1,2025-10-31,2,"[""2025-10-30""]",144,2025-10-30 00:00:00,2025-10-31,2025-10-31,0,303,none,False
PV:B2:2025-10-31,PV,B2,2025-10-31,2,"[""2025-10-24""]",144,2025-10-24 00:00:00,2025-10-25,2025-10-25,0,303,none,False
PV:B3:2025-10-31,PV,B3,2025-10-31,2,"[""2025-10-24"", ""2025-10-25"", ""2025-10-26"", ""2025-10-27"", ""2025-10-28"", ""2025-10-29"", ""2025-10-30""]",1008,2025-10-24 00:00:00,2025-10-31,2025-10-31,0,303,none,False
PV:B4:2025-10-31,PV,B4,2025-10-31,2,"[""2025-01-03"", ""2025-01-10"", ""2025-01-17"", ""2025-01-24"", ""2025-01-31"", ""2025-02-07"", ""2025-02-14"", ""2025-02-21"", ""2025-02-28"", ""2025-03-07"", ""2025-03-14"", ""2025-03-21"", ""2025-03-28"", ""2025-04-04"", ""2025-04-11"", ""2025-04-18"", ""2025-04-25"", ""2025-05-02"", ""2025-05-09"", ""2025-05-16"", ""2025-05-23"", ""2025-05-30"", ""2025-06-06"", ""2025-06-13"", ""2025-06-20"", ""2025-06-27"", ""2025-07-04"", ""2025-07-11"", ""2025-07-18"", ""2025-07-25"", ""2025-08-01"", ""2025-08-08"", ""2025-08-15"", ""2025-08-22"", ""2025-08-29"", ""2025-09-05"", ""2025-09-12"", ""2025-09-19"", ""2025-09-26"", ""2025-10-03"", ""2025-10-10"", ""2025-10-17"", ""2025-10-24""]",6192,2025-01-03 00:00:00,2025-10-25,2025-10-25,0,303,none,False
Load:B0:2025-11-01,Load,B0,2025-11-01,2,"[""2025-10-31""]",1,2025-10-31 23:50:00,2025-11-01,2025-11-01,0,304,none,False
Load:B1:2025-11-01,Load,B1,2025-11-01,2,"[""2025-10-31""]",144,2025-10-31 00:00:00,2025-11-01,2025-11-01,0,304,none,False
Load:B2:2025-11-01,Load,B2,2025-11-01,2,"[""2025-10-25""]",144,2025-10-25 00:00:00,2025-10-26,2025-10-26,0,304,none,False
Load:B3:2025-11-01,Load,B3,2025-11-01,2,"[""2025-10-25"", ""2025-10-26"", ""2025-10-27"", ""2025-10-28"", ""2025-10-29"", ""2025-10-30"", ""2025-10-31""]",1008,2025-10-25 00:00:00,2025-11-01,2025-11-01,0,304,none,False
Load:B4:2025-11-01,Load,B4,2025-11-01,2,"[""2025-01-04"", ""2025-01-11"", ""2025-01-18"", ""2025-01-25"", ""2025-02-01"", ""2025-02-08"", ""2025-02-15"", ""2025-02-22"", ""2025-03-01"", ""2025-03-08"", ""2025-03-15"", ""2025-03-22"", ""2025-03-29"", ""2025-04-05"", ""2025-04-12"", ""2025-04-19"", ""2025-04-26"", ""2025-05-03"", ""2025-05-10"", ""2025-05-17"", ""2025-05-24"", ""2025-05-31"", ""2025-06-07"", ""2025-06-14"", ""2025-06-21"", ""2025-06-28"", ""2025-07-05"", ""2025-07-12"", ""2025-07-19"", ""2025-07-26"", ""2025-08-02"", ""2025-08-09"", ""2025-08-16"", ""2025-08-23"", ""2025-08-30"", ""2025-09-06"", ""2025-09-13"", ""2025-09-20"", ""2025-09-27"", ""2025-10-04"", ""2025-10-11"", ""2025-10-18"", ""2025-10-25""]",6192,2025-01-04 00:00:00,2025-10-26,2025-10-26,0,304,none,False
PV:B0:2025-11-01,PV,B0,2025-11-01,2,"[""2025-10-31""]",1,2025-10-31 23:50:00,2025-11-01,2025-11-01,0,304,none,False
PV:B1:2025-11-01,PV,B1,2025-11-01,2,"[""2025-10-31""]",144,2025-10-31 00:00:00,2025-11-01,2025-11-01,0,304,none,False
PV:B2:2025-11-01,PV,B2,2025-11-01,2,"[""2025-10-25""]",144,2025-10-25 00:00:00,2025-10-26,2025-10-26,0,304,none,False
PV:B3:2025-11-01,PV,B3,2025-11-01,2,"[""2025-10-25"", ""2025-10-26"", ""2025-10-27"", ""2025-10-28"", ""2025-10-29"", ""2025-10-30"", ""2025-10-31""]",1008,2025-10-25 00:00:00,2025-11-01,2025-11-01,0,304,none,False
PV:B4:2025-11-01,PV,B4,2025-11-01,2,"[""2025-01-04"", ""2025-01-11"", ""2025-01-18"", ""2025-01-25"", ""2025-02-01"", ""2025-02-08"", ""2025-02-15"", ""2025-02-22"", ""2025-03-01"", ""2025-03-08"", ""2025-03-15"", ""2025-03-22"", ""2025-03-29"", ""2025-04-05"", ""2025-04-12"", ""2025-04-19"", ""2025-04-26"", ""2025-05-03"", ""2025-05-10"", ""2025-05-17"", ""2025-05-24"", ""2025-05-31"", ""2025-06-07"", ""2025-06-14"", ""2025-06-21"", ""2025-06-28"", ""2025-07-05"", ""2025-07-12"", ""2025-07-19"", ""2025-07-26"", ""2025-08-02"", ""2025-08-09"", ""2025-08-16"", ""2025-08-23"", ""2025-08-30"", ""2025-09-06"", ""2025-09-13"", ""2025-09-20"", ""2025-09-27"", ""2025-10-04"", ""2025-10-11"", ""2025-10-18"", ""2025-10-25""]",6192,2025-01-04 00:00:00,2025-10-26,2025-10-26,0,304,none,False
Load:B0:2025-11-02,Load,B0,2025-11-02,2,"[""2025-11-01""]",1,2025-11-01 23:50:00,2025-11-02,2025-11-02,0,305,none,False
Load:B1:2025-11-02,Load,B1,2025-11-02,2,"[""2025-11-01""]",144,2025-11-01 00:00:00,2025-11-02,2025-11-02,0,305,none,False
Load:B2:2025-11-02,Load,B2,2025-11-02,2,"[""2025-10-26""]",144,2025-10-26 00:00:00,2025-10-27,2025-10-27,0,305,none,False
Load:B3:2025-11-02,Load,B3,2025-11-02,2,"[""2025-10-26"", ""2025-10-27"", ""2025-10-28"", ""2025-10-29"", ""2025-10-30"", ""2025-10-31"", ""2025-11-01""]",1008,2025-10-26 00:00:00,2025-11-02,2025-11-02,0,305,none,False
Load:B4:2025-11-02,Load,B4,2025-11-02,2,"[""2025-01-05"", ""2025-01-12"", ""2025-01-19"", ""2025-01-26"", ""2025-02-02"", ""2025-02-09"", ""2025-02-16"", ""2025-02-23"", ""2025-03-02"", ""2025-03-09"", ""2025-03-16"", ""2025-03-23"", ""2025-03-30"", ""2025-04-06"", ""2025-04-13"", ""2025-04-20"", ""2025-04-27"", ""2025-05-04"", ""2025-05-11"", ""2025-05-18"", ""2025-05-25"", ""2025-06-01"", ""2025-06-08"", ""2025-06-15"", ""2025-06-22"", ""2025-06-29"", ""2025-07-06"", ""2025-07-13"", ""2025-07-20"", ""2025-07-27"", ""2025-08-03"", ""2025-08-10"", ""2025-08-17"", ""2025-08-24"", ""2025-08-31"", ""2025-09-07"", ""2025-09-14"", ""2025-09-21"", ""2025-09-28"", ""2025-10-05"", ""2025-10-12"", ""2025-10-19"", ""2025-10-26""]",6192,2025-01-05 00:00:00,2025-10-27,2025-10-27,0,305,none,False
PV:B0:2025-11-02,PV,B0,2025-11-02,2,"[""2025-11-01""]",1,2025-11-01 23:50:00,2025-11-02,2025-11-02,0,305,none,False
PV:B1:2025-11-02,PV,B1,2025-11-02,2,"[""2025-11-01""]",144,2025-11-01 00:00:00,2025-11-02,2025-11-02,0,305,none,False
PV:B2:2025-11-02,PV,B2,2025-11-02,2,"[""2025-10-26""]",144,2025-10-26 00:00:00,2025-10-27,2025-10-27,0,305,none,False
PV:B3:2025-11-02,PV,B3,2025-11-02,2,"[""2025-10-26"", ""2025-10-27"", ""2025-10-28"", ""2025-10-29"", ""2025-10-30"", ""2025-10-31"", ""2025-11-01""]",1008,2025-10-26 00:00:00,2025-11-02,2025-11-02,0,305,none,False
PV:B4:2025-11-02,PV,B4,2025-11-02,2,"[""2025-01-05"", ""2025-01-12"", ""2025-01-19"", ""2025-01-26"", ""2025-02-02"", ""2025-02-09"", ""2025-02-16"", ""2025-02-23"", ""2025-03-02"", ""2025-03-09"", ""2025-03-16"", ""2025-03-23"", ""2025-03-30"", ""2025-04-06"", ""2025-04-13"", ""2025-04-20"", ""2025-04-27"", ""2025-05-04"", ""2025-05-11"", ""2025-05-18"", ""2025-05-25"", ""2025-06-01"", ""2025-06-08"", ""2025-06-15"", ""2025-06-22"", ""2025-06-29"", ""2025-07-06"", ""2025-07-13"", ""2025-07-20"", ""2025-07-27"", ""2025-08-03"", ""2025-08-10"", ""2025-08-17"", ""2025-08-24"", ""2025-08-31"", ""2025-09-07"", ""2025-09-14"", ""2025-09-21"", ""2025-09-28"", ""2025-10-05"", ""2025-10-12"", ""2025-10-19"", ""2025-10-26""]",6192,2025-01-05 00:00:00,2025-10-27,2025-10-27,0,305,none,False
Load:B0:2025-11-03,Load,B0,2025-11-03,2,"[""2025-11-02""]",1,2025-11-02 23:50:00,2025-11-03,2025-11-03,0,306,none,False
Load:B1:2025-11-03,Load,B1,2025-11-03,2,"[""2025-11-02""]",144,2025-11-02 00:00:00,2025-11-03,2025-11-03,0,306,none,False
Load:B2:2025-11-03,Load,B2,2025-11-03,2,"[""2025-10-27""]",144,2025-10-27 00:00:00,2025-10-28,2025-10-28,0,306,none,False
Load:B3:2025-11-03,Load,B3,2025-11-03,2,"[""2025-10-27"", ""2025-10-28"", ""2025-10-29"", ""2025-10-30"", ""2025-10-31"", ""2025-11-01"", ""2025-11-02""]",1008,2025-10-27 00:00:00,2025-11-03,2025-11-03,0,306,none,False
Load:B4:2025-11-03,Load,B4,2025-11-03,2,"[""2025-01-06"", ""2025-01-13"", ""2025-01-20"", ""2025-01-27"", ""2025-02-03"", ""2025-02-10"", ""2025-02-17"", ""2025-02-24"", ""2025-03-03"", ""2025-03-10"", ""2025-03-17"", ""2025-03-24"", ""2025-03-31"", ""2025-04-07"", ""2025-04-14"", ""2025-04-21"", ""2025-04-28"", ""2025-05-05"", ""2025-05-12"", ""2025-05-19"", ""2025-05-26"", ""2025-06-02"", ""2025-06-09"", ""2025-06-16"", ""2025-06-23"", ""2025-06-30"", ""2025-07-07"", ""2025-07-14"", ""2025-07-21"", ""2025-07-28"", ""2025-08-04"", ""2025-08-11"", ""2025-08-18"", ""2025-08-25"", ""2025-09-01"", ""2025-09-08"", ""2025-09-15"", ""2025-09-22"", ""2025-09-29"", ""2025-10-06"", ""2025-10-13"", ""2025-10-20"", ""2025-10-27""]",6192,2025-01-06 00:00:00,2025-10-28,2025-10-28,0,306,none,False
PV:B0:2025-11-03,PV,B0,2025-11-03,2,"[""2025-11-02""]",1,2025-11-02 23:50:00,2025-11-03,2025-11-03,0,306,none,False
PV:B1:2025-11-03,PV,B1,2025-11-03,2,"[""2025-11-02""]",144,2025-11-02 00:00:00,2025-11-03,2025-11-03,0,306,none,False
PV:B2:2025-11-03,PV,B2,2025-11-03,2,"[""2025-10-27""]",144,2025-10-27 00:00:00,2025-10-28,2025-10-28,0,306,none,False
PV:B3:2025-11-03,PV,B3,2025-11-03,2,"[""2025-10-27"", ""2025-10-28"", ""2025-10-29"", ""2025-10-30"", ""2025-10-31"", ""2025-11-01"", ""2025-11-02""]",1008,2025-10-27 00:00:00,2025-11-03,2025-11-03,0,306,none,False
PV:B4:2025-11-03,PV,B4,2025-11-03,2,"[""2025-01-06"", ""2025-01-13"", ""2025-01-20"", ""2025-01-27"", ""2025-02-03"", ""2025-02-10"", ""2025-02-17"", ""2025-02-24"", ""2025-03-03"", ""2025-03-10"", ""2025-03-17"", ""2025-03-24"", ""2025-03-31"", ""2025-04-07"", ""2025-04-14"", ""2025-04-21"", ""2025-04-28"", ""2025-05-05"", ""2025-05-12"", ""2025-05-19"", ""2025-05-26"", ""2025-06-02"", ""2025-06-09"", ""2025-06-16"", ""2025-06-23"", ""2025-06-30"", ""2025-07-07"", ""2025-07-14"", ""2025-07-21"", ""2025-07-28"", ""2025-08-04"", ""2025-08-11"", ""2025-08-18"", ""2025-08-25"", ""2025-09-01"", ""2025-09-08"", ""2025-09-15"", ""2025-09-22"", ""2025-09-29"", ""2025-10-06"", ""2025-10-13"", ""2025-10-20"", ""2025-10-27""]",6192,2025-01-06 00:00:00,2025-10-28,2025-10-28,0,306,none,False
Load:B0:2025-11-04,Load,B0,2025-11-04,2,"[""2025-11-03""]",1,2025-11-03 23:50:00,2025-11-04,2025-11-04,0,307,none,False
Load:B1:2025-11-04,Load,B1,2025-11-04,2,"[""2025-11-03""]",144,2025-11-03 00:00:00,2025-11-04,2025-11-04,0,307,none,False
Load:B2:2025-11-04,Load,B2,2025-11-04,2,"[""2025-10-28""]",144,2025-10-28 00:00:00,2025-10-29,2025-10-29,0,307,none,False
Load:B3:2025-11-04,Load,B3,2025-11-04,2,"[""2025-10-28"", ""2025-10-29"", ""2025-10-30"", ""2025-10-31"", ""2025-11-01"", ""2025-11-02"", ""2025-11-03""]",1008,2025-10-28 00:00:00,2025-11-04,2025-11-04,0,307,none,False
Load:B4:2025-11-04,Load,B4,2025-11-04,2,"[""2025-01-07"", ""2025-01-14"", ""2025-01-21"", ""2025-01-28"", ""2025-02-04"", ""2025-02-11"", ""2025-02-18"", ""2025-02-25"", ""2025-03-04"", ""2025-03-11"", ""2025-03-18"", ""2025-03-25"", ""2025-04-01"", ""2025-04-08"", ""2025-04-15"", ""2025-04-22"", ""2025-04-29"", ""2025-05-06"", ""2025-05-13"", ""2025-05-20"", ""2025-05-27"", ""2025-06-03"", ""2025-06-10"", ""2025-06-17"", ""2025-06-24"", ""2025-07-01"", ""2025-07-08"", ""2025-07-15"", ""2025-07-22"", ""2025-07-29"", ""2025-08-05"", ""2025-08-12"", ""2025-08-19"", ""2025-08-26"", ""2025-09-02"", ""2025-09-09"", ""2025-09-16"", ""2025-09-23"", ""2025-09-30"", ""2025-10-07"", ""2025-10-14"", ""2025-10-21"", ""2025-10-28""]",6192,2025-01-07 00:00:00,2025-10-29,2025-10-29,0,307,none,False
PV:B0:2025-11-04,PV,B0,2025-11-04,2,"[""2025-11-03""]",1,2025-11-03 23:50:00,2025-11-04,2025-11-04,0,307,none,False
PV:B1:2025-11-04,PV,B1,2025-11-04,2,"[""2025-11-03""]",144,2025-11-03 00:00:00,2025-11-04,2025-11-04,0,307,none,False
PV:B2:2025-11-04,PV,B2,2025-11-04,2,"[""2025-10-28""]",144,2025-10-28 00:00:00,2025-10-29,2025-10-29,0,307,none,False
PV:B3:2025-11-04,PV,B3,2025-11-04,2,"[""2025-10-28"", ""2025-10-29"", ""2025-10-30"", ""2025-10-31"", ""2025-11-01"", ""2025-11-02"", ""2025-11-03""]",1008,2025-10-28 00:00:00,2025-11-04,2025-11-04,0,307,none,False
PV:B4:2025-11-04,PV,B4,2025-11-04,2,"[""2025-01-07"", ""2025-01-14"", ""2025-01-21"", ""2025-01-28"", ""2025-02-04"", ""2025-02-11"", ""2025-02-18"", ""2025-02-25"", ""2025-03-04"", ""2025-03-11"", ""2025-03-18"", ""2025-03-25"", ""2025-04-01"", ""2025-04-08"", ""2025-04-15"", ""2025-04-22"", ""2025-04-29"", ""2025-05-06"", ""2025-05-13"", ""2025-05-20"", ""2025-05-27"", ""2025-06-03"", ""2025-06-10"", ""2025-06-17"", ""2025-06-24"", ""2025-07-01"", ""2025-07-08"", ""2025-07-15"", ""2025-07-22"", ""2025-07-29"", ""2025-08-05"", ""2025-08-12"", ""2025-08-19"", ""2025-08-26"", ""2025-09-02"", ""2025-09-09"", ""2025-09-16"", ""2025-09-23"", ""2025-09-30"", ""2025-10-07"", ""2025-10-14"", ""2025-10-21"", ""2025-10-28""]",6192,2025-01-07 00:00:00,2025-10-29,2025-10-29,0,307,none,False
Load:B0:2025-11-05,Load,B0,2025-11-05,2,"[""2025-11-04""]",1,2025-11-04 23:50:00,2025-11-05,2025-11-05,0,308,none,False
Load:B1:2025-11-05,Load,B1,2025-11-05,2,"[""2025-11-04""]",144,2025-11-04 00:00:00,2025-11-05,2025-11-05,0,308,none,False
Load:B2:2025-11-05,Load,B2,2025-11-05,2,"[""2025-10-29""]",144,2025-10-29 00:00:00,2025-10-30,2025-10-30,0,308,none,False
Load:B3:2025-11-05,Load,B3,2025-11-05,2,"[""2025-10-29"", ""2025-10-30"", ""2025-10-31"", ""2025-11-01"", ""2025-11-02"", ""2025-11-03"", ""2025-11-04""]",1008,2025-10-29 00:00:00,2025-11-05,2025-11-05,0,308,none,False
Load:B4:2025-11-05,Load,B4,2025-11-05,2,"[""2025-01-01"", ""2025-01-08"", ""2025-01-15"", ""2025-01-22"", ""2025-01-29"", ""2025-02-05"", ""2025-02-12"", ""2025-02-19"", ""2025-02-26"", ""2025-03-05"", ""2025-03-12"", ""2025-03-19"", ""2025-03-26"", ""2025-04-02"", ""2025-04-09"", ""2025-04-16"", ""2025-04-23"", ""2025-04-30"", ""2025-05-07"", ""2025-05-14"", ""2025-05-21"", ""2025-05-28"", ""2025-06-04"", ""2025-06-11"", ""2025-06-18"", ""2025-06-25"", ""2025-07-02"", ""2025-07-09"", ""2025-07-16"", ""2025-07-23"", ""2025-07-30"", ""2025-08-06"", ""2025-08-13"", ""2025-08-20"", ""2025-08-27"", ""2025-09-03"", ""2025-09-10"", ""2025-09-17"", ""2025-09-24"", ""2025-10-01"", ""2025-10-08"", ""2025-10-15"", ""2025-10-22"", ""2025-10-29""]",6336,2025-01-01 00:00:00,2025-10-30,2025-10-30,0,308,none,False
PV:B0:2025-11-05,PV,B0,2025-11-05,2,"[""2025-11-04""]",1,2025-11-04 23:50:00,2025-11-05,2025-11-05,0,308,none,False
PV:B1:2025-11-05,PV,B1,2025-11-05,2,"[""2025-11-04""]",144,2025-11-04 00:00:00,2025-11-05,2025-11-05,0,308,none,False
PV:B2:2025-11-05,PV,B2,2025-11-05,2,"[""2025-10-29""]",144,2025-10-29 00:00:00,2025-10-30,2025-10-30,0,308,none,False
PV:B3:2025-11-05,PV,B3,2025-11-05,2,"[""2025-10-29"", ""2025-10-30"", ""2025-10-31"", ""2025-11-01"", ""2025-11-02"", ""2025-11-03"", ""2025-11-04""]",1008,2025-10-29 00:00:00,2025-11-05,2025-11-05,0,308,none,False
PV:B4:2025-11-05,PV,B4,2025-11-05,2,"[""2025-01-01"", ""2025-01-08"", ""2025-01-15"", ""2025-01-22"", ""2025-01-29"", ""2025-02-05"", ""2025-02-12"", ""2025-02-19"", ""2025-02-26"", ""2025-03-05"", ""2025-03-12"", ""2025-03-19"", ""2025-03-26"", ""2025-04-02"", ""2025-04-09"", ""2025-04-16"", ""2025-04-23"", ""2025-04-30"", ""2025-05-07"", ""2025-05-14"", ""2025-05-21"", ""2025-05-28"", ""2025-06-04"", ""2025-06-11"", ""2025-06-18"", ""2025-06-25"", ""2025-07-02"", ""2025-07-09"", ""2025-07-16"", ""2025-07-23"", ""2025-07-30"", ""2025-08-06"", ""2025-08-13"", ""2025-08-20"", ""2025-08-27"", ""2025-09-03"", ""2025-09-10"", ""2025-09-17"", ""2025-09-24"", ""2025-10-01"", ""2025-10-08"", ""2025-10-15"", ""2025-10-22"", ""2025-10-29""]",6336,2025-01-01 00:00:00,2025-10-30,2025-10-30,0,308,none,False
Load:B0:2025-11-06,Load,B0,2025-11-06,2,"[""2025-11-05""]",1,2025-11-05 23:50:00,2025-11-06,2025-11-06,0,309,none,False
Load:B1:2025-11-06,Load,B1,2025-11-06,2,"[""2025-11-05""]",144,2025-11-05 00:00:00,2025-11-06,2025-11-06,0,309,none,False
Load:B2:2025-11-06,Load,B2,2025-11-06,2,"[""2025-10-30""]",144,2025-10-30 00:00:00,2025-10-31,2025-10-31,0,309,none,False
Load:B3:2025-11-06,Load,B3,2025-11-06,2,"[""2025-10-30"", ""2025-10-31"", ""2025-11-01"", ""2025-11-02"", ""2025-11-03"", ""2025-11-04"", ""2025-11-05""]",1008,2025-10-30 00:00:00,2025-11-06,2025-11-06,0,309,none,False
Load:B4:2025-11-06,Load,B4,2025-11-06,2,"[""2025-01-02"", ""2025-01-09"", ""2025-01-16"", ""2025-01-23"", ""2025-01-30"", ""2025-02-06"", ""2025-02-13"", ""2025-02-20"", ""2025-02-27"", ""2025-03-06"", ""2025-03-13"", ""2025-03-20"", ""2025-03-27"", ""2025-04-03"", ""2025-04-10"", ""2025-04-17"", ""2025-04-24"", ""2025-05-01"", ""2025-05-08"", ""2025-05-15"", ""2025-05-22"", ""2025-05-29"", ""2025-06-05"", ""2025-06-12"", ""2025-06-19"", ""2025-06-26"", ""2025-07-03"", ""2025-07-10"", ""2025-07-17"", ""2025-07-24"", ""2025-07-31"", ""2025-08-07"", ""2025-08-14"", ""2025-08-21"", ""2025-08-28"", ""2025-09-04"", ""2025-09-11"", ""2025-09-18"", ""2025-09-25"", ""2025-10-02"", ""2025-10-09"", ""2025-10-16"", ""2025-10-23"", ""2025-10-30""]",6336,2025-01-02 00:00:00,2025-10-31,2025-10-31,0,309,none,False
PV:B0:2025-11-06,PV,B0,2025-11-06,2,"[""2025-11-05""]",1,2025-11-05 23:50:00,2025-11-06,2025-11-06,0,309,none,False
PV:B1:2025-11-06,PV,B1,2025-11-06,2,"[""2025-11-05""]",144,2025-11-05 00:00:00,2025-11-06,2025-11-06,0,309,none,False
PV:B2:2025-11-06,PV,B2,2025-11-06,2,"[""2025-10-30""]",144,2025-10-30 00:00:00,2025-10-31,2025-10-31,0,309,none,False
PV:B3:2025-11-06,PV,B3,2025-11-06,2,"[""2025-10-30"", ""2025-10-31"", ""2025-11-01"", ""2025-11-02"", ""2025-11-03"", ""2025-11-04"", ""2025-11-05""]",1008,2025-10-30 00:00:00,2025-11-06,2025-11-06,0,309,none,False
PV:B4:2025-11-06,PV,B4,2025-11-06,2,"[""2025-01-02"", ""2025-01-09"", ""2025-01-16"", ""2025-01-23"", ""2025-01-30"", ""2025-02-06"", ""2025-02-13"", ""2025-02-20"", ""2025-02-27"", ""2025-03-06"", ""2025-03-13"", ""2025-03-20"", ""2025-03-27"", ""2025-04-03"", ""2025-04-10"", ""2025-04-17"", ""2025-04-24"", ""2025-05-01"", ""2025-05-08"", ""2025-05-15"", ""2025-05-22"", ""2025-05-29"", ""2025-06-05"", ""2025-06-12"", ""2025-06-19"", ""2025-06-26"", ""2025-07-03"", ""2025-07-10"", ""2025-07-17"", ""2025-07-24"", ""2025-07-31"", ""2025-08-07"", ""2025-08-14"", ""2025-08-21"", ""2025-08-28"", ""2025-09-04"", ""2025-09-11"", ""2025-09-18"", ""2025-09-25"", ""2025-10-02"", ""2025-10-09"", ""2025-10-16"", ""2025-10-23"", ""2025-10-30""]",6336,2025-01-02 00:00:00,2025-10-31,2025-10-31,0,309,none,False
Load:B0:2025-11-07,Load,B0,2025-11-07,2,"[""2025-11-06""]",1,2025-11-06 23:50:00,2025-11-07,2025-11-07,0,310,none,False
Load:B1:2025-11-07,Load,B1,2025-11-07,2,"[""2025-11-06""]",144,2025-11-06 00:00:00,2025-11-07,2025-11-07,0,310,none,False
Load:B2:2025-11-07,Load,B2,2025-11-07,2,"[""2025-10-31""]",144,2025-10-31 00:00:00,2025-11-01,2025-11-01,0,310,none,False
Load:B3:2025-11-07,Load,B3,2025-11-07,2,"[""2025-10-31"", ""2025-11-01"", ""2025-11-02"", ""2025-11-03"", ""2025-11-04"", ""2025-11-05"", ""2025-11-06""]",1008,2025-10-31 00:00:00,2025-11-07,2025-11-07,0,310,none,False
Load:B4:2025-11-07,Load,B4,2025-11-07,2,"[""2025-01-03"", ""2025-01-10"", ""2025-01-17"", ""2025-01-24"", ""2025-01-31"", ""2025-02-07"", ""2025-02-14"", ""2025-02-21"", ""2025-02-28"", ""2025-03-07"", ""2025-03-14"", ""2025-03-21"", ""2025-03-28"", ""2025-04-04"", ""2025-04-11"", ""2025-04-18"", ""2025-04-25"", ""2025-05-02"", ""2025-05-09"", ""2025-05-16"", ""2025-05-23"", ""2025-05-30"", ""2025-06-06"", ""2025-06-13"", ""2025-06-20"", ""2025-06-27"", ""2025-07-04"", ""2025-07-11"", ""2025-07-18"", ""2025-07-25"", ""2025-08-01"", ""2025-08-08"", ""2025-08-15"", ""2025-08-22"", ""2025-08-29"", ""2025-09-05"", ""2025-09-12"", ""2025-09-19"", ""2025-09-26"", ""2025-10-03"", ""2025-10-10"", ""2025-10-17"", ""2025-10-24"", ""2025-10-31""]",6336,2025-01-03 00:00:00,2025-11-01,2025-11-01,0,310,none,False
PV:B0:2025-11-07,PV,B0,2025-11-07,2,"[""2025-11-06""]",1,2025-11-06 23:50:00,2025-11-07,2025-11-07,0,310,none,False
PV:B1:2025-11-07,PV,B1,2025-11-07,2,"[""2025-11-06""]",144,2025-11-06 00:00:00,2025-11-07,2025-11-07,0,310,none,False
PV:B2:2025-11-07,PV,B2,2025-11-07,2,"[""2025-10-31""]",144,2025-10-31 00:00:00,2025-11-01,2025-11-01,0,310,none,False
PV:B3:2025-11-07,PV,B3,2025-11-07,2,"[""2025-10-31"", ""2025-11-01"", ""2025-11-02"", ""2025-11-03"", ""2025-11-04"", ""2025-11-05"", ""2025-11-06""]",1008,2025-10-31 00:00:00,2025-11-07,2025-11-07,0,310,none,False
PV:B4:2025-11-07,PV,B4,2025-11-07,2,"[""2025-01-03"", ""2025-01-10"", ""2025-01-17"", ""2025-01-24"", ""2025-01-31"", ""2025-02-07"", ""2025-02-14"", ""2025-02-21"", ""2025-02-28"", ""2025-03-07"", ""2025-03-14"", ""2025-03-21"", ""2025-03-28"", ""2025-04-04"", ""2025-04-11"", ""2025-04-18"", ""2025-04-25"", ""2025-05-02"", ""2025-05-09"", ""2025-05-16"", ""2025-05-23"", ""2025-05-30"", ""2025-06-06"", ""2025-06-13"", ""2025-06-20"", ""2025-06-27"", ""2025-07-04"", ""2025-07-11"", ""2025-07-18"", ""2025-07-25"", ""2025-08-01"", ""2025-08-08"", ""2025-08-15"", ""2025-08-22"", ""2025-08-29"", ""2025-09-05"", ""2025-09-12"", ""2025-09-19"", ""2025-09-26"", ""2025-10-03"", ""2025-10-10"", ""2025-10-17"", ""2025-10-24"", ""2025-10-31""]",6336,2025-01-03 00:00:00,2025-11-01,2025-11-01,0,310,none,False
Load:B0:2025-11-08,Load,B0,2025-11-08,2,"[""2025-11-07""]",1,2025-11-07 23:50:00,2025-11-08,2025-11-08,0,311,none,False
Load:B1:2025-11-08,Load,B1,2025-11-08,2,"[""2025-11-07""]",144,2025-11-07 00:00:00,2025-11-08,2025-11-08,0,311,none,False
Load:B2:2025-11-08,Load,B2,2025-11-08,2,"[""2025-11-01""]",144,2025-11-01 00:00:00,2025-11-02,2025-11-02,0,311,none,False
Load:B3:2025-11-08,Load,B3,2025-11-08,2,"[""2025-11-01"", ""2025-11-02"", ""2025-11-03"", ""2025-11-04"", ""2025-11-05"", ""2025-11-06"", ""2025-11-07""]",1008,2025-11-01 00:00:00,2025-11-08,2025-11-08,0,311,none,False
Load:B4:2025-11-08,Load,B4,2025-11-08,2,"[""2025-01-04"", ""2025-01-11"", ""2025-01-18"", ""2025-01-25"", ""2025-02-01"", ""2025-02-08"", ""2025-02-15"", ""2025-02-22"", ""2025-03-01"", ""2025-03-08"", ""2025-03-15"", ""2025-03-22"", ""2025-03-29"", ""2025-04-05"", ""2025-04-12"", ""2025-04-19"", ""2025-04-26"", ""2025-05-03"", ""2025-05-10"", ""2025-05-17"", ""2025-05-24"", ""2025-05-31"", ""2025-06-07"", ""2025-06-14"", ""2025-06-21"", ""2025-06-28"", ""2025-07-05"", ""2025-07-12"", ""2025-07-19"", ""2025-07-26"", ""2025-08-02"", ""2025-08-09"", ""2025-08-16"", ""2025-08-23"", ""2025-08-30"", ""2025-09-06"", ""2025-09-13"", ""2025-09-20"", ""2025-09-27"", ""2025-10-04"", ""2025-10-11"", ""2025-10-18"", ""2025-10-25"", ""2025-11-01""]",6336,2025-01-04 00:00:00,2025-11-02,2025-11-02,0,311,none,False
PV:B0:2025-11-08,PV,B0,2025-11-08,2,"[""2025-11-07""]",1,2025-11-07 23:50:00,2025-11-08,2025-11-08,0,311,none,False
PV:B1:2025-11-08,PV,B1,2025-11-08,2,"[""2025-11-07""]",144,2025-11-07 00:00:00,2025-11-08,2025-11-08,0,311,none,False
PV:B2:2025-11-08,PV,B2,2025-11-08,2,"[""2025-11-01""]",144,2025-11-01 00:00:00,2025-11-02,2025-11-02,0,311,none,False
PV:B3:2025-11-08,PV,B3,2025-11-08,2,"[""2025-11-01"", ""2025-11-02"", ""2025-11-03"", ""2025-11-04"", ""2025-11-05"", ""2025-11-06"", ""2025-11-07""]",1008,2025-11-01 00:00:00,2025-11-08,2025-11-08,0,311,none,False
PV:B4:2025-11-08,PV,B4,2025-11-08,2,"[""2025-01-04"", ""2025-01-11"", ""2025-01-18"", ""2025-01-25"", ""2025-02-01"", ""2025-02-08"", ""2025-02-15"", ""2025-02-22"", ""2025-03-01"", ""2025-03-08"", ""2025-03-15"", ""2025-03-22"", ""2025-03-29"", ""2025-04-05"", ""2025-04-12"", ""2025-04-19"", ""2025-04-26"", ""2025-05-03"", ""2025-05-10"", ""2025-05-17"", ""2025-05-24"", ""2025-05-31"", ""2025-06-07"", ""2025-06-14"", ""2025-06-21"", ""2025-06-28"", ""2025-07-05"", ""2025-07-12"", ""2025-07-19"", ""2025-07-26"", ""2025-08-02"", ""2025-08-09"", ""2025-08-16"", ""2025-08-23"", ""2025-08-30"", ""2025-09-06"", ""2025-09-13"", ""2025-09-20"", ""2025-09-27"", ""2025-10-04"", ""2025-10-11"", ""2025-10-18"", ""2025-10-25"", ""2025-11-01""]",6336,2025-01-04 00:00:00,2025-11-02,2025-11-02,0,311,none,False
Load:B0:2025-11-09,Load,B0,2025-11-09,2,"[""2025-11-08""]",1,2025-11-08 23:50:00,2025-11-09,2025-11-09,0,312,none,False
Load:B1:2025-11-09,Load,B1,2025-11-09,2,"[""2025-11-08""]",144,2025-11-08 00:00:00,2025-11-09,2025-11-09,0,312,none,False
Load:B2:2025-11-09,Load,B2,2025-11-09,2,"[""2025-11-02""]",144,2025-11-02 00:00:00,2025-11-03,2025-11-03,0,312,none,False
Load:B3:2025-11-09,Load,B3,2025-11-09,2,"[""2025-11-02"", ""2025-11-03"", ""2025-11-04"", ""2025-11-05"", ""2025-11-06"", ""2025-11-07"", ""2025-11-08""]",1008,2025-11-02 00:00:00,2025-11-09,2025-11-09,0,312,none,False
Load:B4:2025-11-09,Load,B4,2025-11-09,2,"[""2025-01-05"", ""2025-01-12"", ""2025-01-19"", ""2025-01-26"", ""2025-02-02"", ""2025-02-09"", ""2025-02-16"", ""2025-02-23"", ""2025-03-02"", ""2025-03-09"", ""2025-03-16"", ""2025-03-23"", ""2025-03-30"", ""2025-04-06"", ""2025-04-13"", ""2025-04-20"", ""2025-04-27"", ""2025-05-04"", ""2025-05-11"", ""2025-05-18"", ""2025-05-25"", ""2025-06-01"", ""2025-06-08"", ""2025-06-15"", ""2025-06-22"", ""2025-06-29"", ""2025-07-06"", ""2025-07-13"", ""2025-07-20"", ""2025-07-27"", ""2025-08-03"", ""2025-08-10"", ""2025-08-17"", ""2025-08-24"", ""2025-08-31"", ""2025-09-07"", ""2025-09-14"", ""2025-09-21"", ""2025-09-28"", ""2025-10-05"", ""2025-10-12"", ""2025-10-19"", ""2025-10-26"", ""2025-11-02""]",6336,2025-01-05 00:00:00,2025-11-03,2025-11-03,0,312,none,False
PV:B0:2025-11-09,PV,B0,2025-11-09,2,"[""2025-11-08""]",1,2025-11-08 23:50:00,2025-11-09,2025-11-09,0,312,none,False
PV:B1:2025-11-09,PV,B1,2025-11-09,2,"[""2025-11-08""]",144,2025-11-08 00:00:00,2025-11-09,2025-11-09,0,312,none,False
PV:B2:2025-11-09,PV,B2,2025-11-09,2,"[""2025-11-02""]",144,2025-11-02 00:00:00,2025-11-03,2025-11-03,0,312,none,False
PV:B3:2025-11-09,PV,B3,2025-11-09,2,"[""2025-11-02"", ""2025-11-03"", ""2025-11-04"", ""2025-11-05"", ""2025-11-06"", ""2025-11-07"", ""2025-11-08""]",1008,2025-11-02 00:00:00,2025-11-09,2025-11-09,0,312,none,False
PV:B4:2025-11-09,PV,B4,2025-11-09,2,"[""2025-01-05"", ""2025-01-12"", ""2025-01-19"", ""2025-01-26"", ""2025-02-02"", ""2025-02-09"", ""2025-02-16"", ""2025-02-23"", ""2025-03-02"", ""2025-03-09"", ""2025-03-16"", ""2025-03-23"", ""2025-03-30"", ""2025-04-06"", ""2025-04-13"", ""2025-04-20"", ""2025-04-27"", ""2025-05-04"", ""2025-05-11"", ""2025-05-18"", ""2025-05-25"", ""2025-06-01"", ""2025-06-08"", ""2025-06-15"", ""2025-06-22"", ""2025-06-29"", ""2025-07-06"", ""2025-07-13"", ""2025-07-20"", ""2025-07-27"", ""2025-08-03"", ""2025-08-10"", ""2025-08-17"", ""2025-08-24"", ""2025-08-31"", ""2025-09-07"", ""2025-09-14"", ""2025-09-21"", ""2025-09-28"", ""2025-10-05"", ""2025-10-12"", ""2025-10-19"", ""2025-10-26"", ""2025-11-02""]",6336,2025-01-05 00:00:00,2025-11-03,2025-11-03,0,312,none,False
Load:B0:2025-11-10,Load,B0,2025-11-10,2,"[""2025-11-09""]",1,2025-11-09 23:50:00,2025-11-10,2025-11-10,0,313,none,False
Load:B1:2025-11-10,Load,B1,2025-11-10,2,"[""2025-11-09""]",144,2025-11-09 00:00:00,2025-11-10,2025-11-10,0,313,none,False
Load:B2:2025-11-10,Load,B2,2025-11-10,2,"[""2025-11-03""]",144,2025-11-03 00:00:00,2025-11-04,2025-11-04,0,313,none,False
Load:B3:2025-11-10,Load,B3,2025-11-10,2,"[""2025-11-03"", ""2025-11-04"", ""2025-11-05"", ""2025-11-06"", ""2025-11-07"", ""2025-11-08"", ""2025-11-09""]",1008,2025-11-03 00:00:00,2025-11-10,2025-11-10,0,313,none,False
Load:B4:2025-11-10,Load,B4,2025-11-10,2,"[""2025-01-06"", ""2025-01-13"", ""2025-01-20"", ""2025-01-27"", ""2025-02-03"", ""2025-02-10"", ""2025-02-17"", ""2025-02-24"", ""2025-03-03"", ""2025-03-10"", ""2025-03-17"", ""2025-03-24"", ""2025-03-31"", ""2025-04-07"", ""2025-04-14"", ""2025-04-21"", ""2025-04-28"", ""2025-05-05"", ""2025-05-12"", ""2025-05-19"", ""2025-05-26"", ""2025-06-02"", ""2025-06-09"", ""2025-06-16"", ""2025-06-23"", ""2025-06-30"", ""2025-07-07"", ""2025-07-14"", ""2025-07-21"", ""2025-07-28"", ""2025-08-04"", ""2025-08-11"", ""2025-08-18"", ""2025-08-25"", ""2025-09-01"", ""2025-09-08"", ""2025-09-15"", ""2025-09-22"", ""2025-09-29"", ""2025-10-06"", ""2025-10-13"", ""2025-10-20"", ""2025-10-27"", ""2025-11-03""]",6336,2025-01-06 00:00:00,2025-11-04,2025-11-04,0,313,none,False
PV:B0:2025-11-10,PV,B0,2025-11-10,2,"[""2025-11-09""]",1,2025-11-09 23:50:00,2025-11-10,2025-11-10,0,313,none,False
PV:B1:2025-11-10,PV,B1,2025-11-10,2,"[""2025-11-09""]",144,2025-11-09 00:00:00,2025-11-10,2025-11-10,0,313,none,False
PV:B2:2025-11-10,PV,B2,2025-11-10,2,"[""2025-11-03""]",144,2025-11-03 00:00:00,2025-11-04,2025-11-04,0,313,none,False
PV:B3:2025-11-10,PV,B3,2025-11-10,2,"[""2025-11-03"", ""2025-11-04"", ""2025-11-05"", ""2025-11-06"", ""2025-11-07"", ""2025-11-08"", ""2025-11-09""]",1008,2025-11-03 00:00:00,2025-11-10,2025-11-10,0,313,none,False
PV:B4:2025-11-10,PV,B4,2025-11-10,2,"[""2025-01-06"", ""2025-01-13"", ""2025-01-20"", ""2025-01-27"", ""2025-02-03"", ""2025-02-10"", ""2025-02-17"", ""2025-02-24"", ""2025-03-03"", ""2025-03-10"", ""2025-03-17"", ""2025-03-24"", ""2025-03-31"", ""2025-04-07"", ""2025-04-14"", ""2025-04-21"", ""2025-04-28"", ""2025-05-05"", ""2025-05-12"", ""2025-05-19"", ""2025-05-26"", ""2025-06-02"", ""2025-06-09"", ""2025-06-16"", ""2025-06-23"", ""2025-06-30"", ""2025-07-07"", ""2025-07-14"", ""2025-07-21"", ""2025-07-28"", ""2025-08-04"", ""2025-08-11"", ""2025-08-18"", ""2025-08-25"", ""2025-09-01"", ""2025-09-08"", ""2025-09-15"", ""2025-09-22"", ""2025-09-29"", ""2025-10-06"", ""2025-10-13"", ""2025-10-20"", ""2025-10-27"", ""2025-11-03""]",6336,2025-01-06 00:00:00,2025-11-04,2025-11-04,0,313,none,False
Load:B0:2025-11-11,Load,B0,2025-11-11,2,"[""2025-11-10""]",1,2025-11-10 23:50:00,2025-11-11,2025-11-11,0,314,none,False
Load:B1:2025-11-11,Load,B1,2025-11-11,2,"[""2025-11-10""]",144,2025-11-10 00:00:00,2025-11-11,2025-11-11,0,314,none,False
Load:B2:2025-11-11,Load,B2,2025-11-11,2,"[""2025-11-04""]",144,2025-11-04 00:00:00,2025-11-05,2025-11-05,0,314,none,False
Load:B3:2025-11-11,Load,B3,2025-11-11,2,"[""2025-11-04"", ""2025-11-05"", ""2025-11-06"", ""2025-11-07"", ""2025-11-08"", ""2025-11-09"", ""2025-11-10""]",1008,2025-11-04 00:00:00,2025-11-11,2025-11-11,0,314,none,False
Load:B4:2025-11-11,Load,B4,2025-11-11,2,"[""2025-01-07"", ""2025-01-14"", ""2025-01-21"", ""2025-01-28"", ""2025-02-04"", ""2025-02-11"", ""2025-02-18"", ""2025-02-25"", ""2025-03-04"", ""2025-03-11"", ""2025-03-18"", ""2025-03-25"", ""2025-04-01"", ""2025-04-08"", ""2025-04-15"", ""2025-04-22"", ""2025-04-29"", ""2025-05-06"", ""2025-05-13"", ""2025-05-20"", ""2025-05-27"", ""2025-06-03"", ""2025-06-10"", ""2025-06-17"", ""2025-06-24"", ""2025-07-01"", ""2025-07-08"", ""2025-07-15"", ""2025-07-22"", ""2025-07-29"", ""2025-08-05"", ""2025-08-12"", ""2025-08-19"", ""2025-08-26"", ""2025-09-02"", ""2025-09-09"", ""2025-09-16"", ""2025-09-23"", ""2025-09-30"", ""2025-10-07"", ""2025-10-14"", ""2025-10-21"", ""2025-10-28"", ""2025-11-04""]",6336,2025-01-07 00:00:00,2025-11-05,2025-11-05,0,314,none,False
PV:B0:2025-11-11,PV,B0,2025-11-11,2,"[""2025-11-10""]",1,2025-11-10 23:50:00,2025-11-11,2025-11-11,0,314,none,False
PV:B1:2025-11-11,PV,B1,2025-11-11,2,"[""2025-11-10""]",144,2025-11-10 00:00:00,2025-11-11,2025-11-11,0,314,none,False
PV:B2:2025-11-11,PV,B2,2025-11-11,2,"[""2025-11-04""]",144,2025-11-04 00:00:00,2025-11-05,2025-11-05,0,314,none,False
PV:B3:2025-11-11,PV,B3,2025-11-11,2,"[""2025-11-04"", ""2025-11-05"", ""2025-11-06"", ""2025-11-07"", ""2025-11-08"", ""2025-11-09"", ""2025-11-10""]",1008,2025-11-04 00:00:00,2025-11-11,2025-11-11,0,314,none,False
PV:B4:2025-11-11,PV,B4,2025-11-11,2,"[""2025-01-07"", ""2025-01-14"", ""2025-01-21"", ""2025-01-28"", ""2025-02-04"", ""2025-02-11"", ""2025-02-18"", ""2025-02-25"", ""2025-03-04"", ""2025-03-11"", ""2025-03-18"", ""2025-03-25"", ""2025-04-01"", ""2025-04-08"", ""2025-04-15"", ""2025-04-22"", ""2025-04-29"", ""2025-05-06"", ""2025-05-13"", ""2025-05-20"", ""2025-05-27"", ""2025-06-03"", ""2025-06-10"", ""2025-06-17"", ""2025-06-24"", ""2025-07-01"", ""2025-07-08"", ""2025-07-15"", ""2025-07-22"", ""2025-07-29"", ""2025-08-05"", ""2025-08-12"", ""2025-08-19"", ""2025-08-26"", ""2025-09-02"", ""2025-09-09"", ""2025-09-16"", ""2025-09-23"", ""2025-09-30"", ""2025-10-07"", ""2025-10-14"", ""2025-10-21"", ""2025-10-28"", ""2025-11-04""]",6336,2025-01-07 00:00:00,2025-11-05,2025-11-05,0,314,none,False
Load:B0:2025-11-12,Load,B0,2025-11-12,2,"[""2025-11-11""]",1,2025-11-11 23:50:00,2025-11-12,2025-11-12,0,315,none,False
Load:B1:2025-11-12,Load,B1,2025-11-12,2,"[""2025-11-11""]",144,2025-11-11 00:00:00,2025-11-12,2025-11-12,0,315,none,False
Load:B2:2025-11-12,Load,B2,2025-11-12,2,"[""2025-11-05""]",144,2025-11-05 00:00:00,2025-11-06,2025-11-06,0,315,none,False
Load:B3:2025-11-12,Load,B3,2025-11-12,2,"[""2025-11-05"", ""2025-11-06"", ""2025-11-07"", ""2025-11-08"", ""2025-11-09"", ""2025-11-10"", ""2025-11-11""]",1008,2025-11-05 00:00:00,2025-11-12,2025-11-12,0,315,none,False
Load:B4:2025-11-12,Load,B4,2025-11-12,2,"[""2025-01-01"", ""2025-01-08"", ""2025-01-15"", ""2025-01-22"", ""2025-01-29"", ""2025-02-05"", ""2025-02-12"", ""2025-02-19"", ""2025-02-26"", ""2025-03-05"", ""2025-03-12"", ""2025-03-19"", ""2025-03-26"", ""2025-04-02"", ""2025-04-09"", ""2025-04-16"", ""2025-04-23"", ""2025-04-30"", ""2025-05-07"", ""2025-05-14"", ""2025-05-21"", ""2025-05-28"", ""2025-06-04"", ""2025-06-11"", ""2025-06-18"", ""2025-06-25"", ""2025-07-02"", ""2025-07-09"", ""2025-07-16"", ""2025-07-23"", ""2025-07-30"", ""2025-08-06"", ""2025-08-13"", ""2025-08-20"", ""2025-08-27"", ""2025-09-03"", ""2025-09-10"", ""2025-09-17"", ""2025-09-24"", ""2025-10-01"", ""2025-10-08"", ""2025-10-15"", ""2025-10-22"", ""2025-10-29"", ""2025-11-05""]",6480,2025-01-01 00:00:00,2025-11-06,2025-11-06,0,315,none,False
PV:B0:2025-11-12,PV,B0,2025-11-12,2,"[""2025-11-11""]",1,2025-11-11 23:50:00,2025-11-12,2025-11-12,0,315,none,False
PV:B1:2025-11-12,PV,B1,2025-11-12,2,"[""2025-11-11""]",144,2025-11-11 00:00:00,2025-11-12,2025-11-12,0,315,none,False
PV:B2:2025-11-12,PV,B2,2025-11-12,2,"[""2025-11-05""]",144,2025-11-05 00:00:00,2025-11-06,2025-11-06,0,315,none,False
PV:B3:2025-11-12,PV,B3,2025-11-12,2,"[""2025-11-05"", ""2025-11-06"", ""2025-11-07"", ""2025-11-08"", ""2025-11-09"", ""2025-11-10"", ""2025-11-11""]",1008,2025-11-05 00:00:00,2025-11-12,2025-11-12,0,315,none,False
PV:B4:2025-11-12,PV,B4,2025-11-12,2,"[""2025-01-01"", ""2025-01-08"", ""2025-01-15"", ""2025-01-22"", ""2025-01-29"", ""2025-02-05"", ""2025-02-12"", ""2025-02-19"", ""2025-02-26"", ""2025-03-05"", ""2025-03-12"", ""2025-03-19"", ""2025-03-26"", ""2025-04-02"", ""2025-04-09"", ""2025-04-16"", ""2025-04-23"", ""2025-04-30"", ""2025-05-07"", ""2025-05-14"", ""2025-05-21"", ""2025-05-28"", ""2025-06-04"", ""2025-06-11"", ""2025-06-18"", ""2025-06-25"", ""2025-07-02"", ""2025-07-09"", ""2025-07-16"", ""2025-07-23"", ""2025-07-30"", ""2025-08-06"", ""2025-08-13"", ""2025-08-20"", ""2025-08-27"", ""2025-09-03"", ""2025-09-10"", ""2025-09-17"", ""2025-09-24"", ""2025-10-01"", ""2025-10-08"", ""2025-10-15"", ""2025-10-22"", ""2025-10-29"", ""2025-11-05""]",6480,2025-01-01 00:00:00,2025-11-06,2025-11-06,0,315,none,False
Load:B0:2025-11-13,Load,B0,2025-11-13,2,"[""2025-11-12""]",1,2025-11-12 23:50:00,2025-11-13,2025-11-13,0,316,none,False
Load:B1:2025-11-13,Load,B1,2025-11-13,2,"[""2025-11-12""]",144,2025-11-12 00:00:00,2025-11-13,2025-11-13,0,316,none,False
Load:B2:2025-11-13,Load,B2,2025-11-13,2,"[""2025-11-06""]",144,2025-11-06 00:00:00,2025-11-07,2025-11-07,0,316,none,False
Load:B3:2025-11-13,Load,B3,2025-11-13,2,"[""2025-11-06"", ""2025-11-07"", ""2025-11-08"", ""2025-11-09"", ""2025-11-10"", ""2025-11-11"", ""2025-11-12""]",1008,2025-11-06 00:00:00,2025-11-13,2025-11-13,0,316,none,False
Load:B4:2025-11-13,Load,B4,2025-11-13,2,"[""2025-01-02"", ""2025-01-09"", ""2025-01-16"", ""2025-01-23"", ""2025-01-30"", ""2025-02-06"", ""2025-02-13"", ""2025-02-20"", ""2025-02-27"", ""2025-03-06"", ""2025-03-13"", ""2025-03-20"", ""2025-03-27"", ""2025-04-03"", ""2025-04-10"", ""2025-04-17"", ""2025-04-24"", ""2025-05-01"", ""2025-05-08"", ""2025-05-15"", ""2025-05-22"", ""2025-05-29"", ""2025-06-05"", ""2025-06-12"", ""2025-06-19"", ""2025-06-26"", ""2025-07-03"", ""2025-07-10"", ""2025-07-17"", ""2025-07-24"", ""2025-07-31"", ""2025-08-07"", ""2025-08-14"", ""2025-08-21"", ""2025-08-28"", ""2025-09-04"", ""2025-09-11"", ""2025-09-18"", ""2025-09-25"", ""2025-10-02"", ""2025-10-09"", ""2025-10-16"", ""2025-10-23"", ""2025-10-30"", ""2025-11-06""]",6480,2025-01-02 00:00:00,2025-11-07,2025-11-07,0,316,none,False
PV:B0:2025-11-13,PV,B0,2025-11-13,2,"[""2025-11-12""]",1,2025-11-12 23:50:00,2025-11-13,2025-11-13,0,316,none,False
PV:B1:2025-11-13,PV,B1,2025-11-13,2,"[""2025-11-12""]",144,2025-11-12 00:00:00,2025-11-13,2025-11-13,0,316,none,False
PV:B2:2025-11-13,PV,B2,2025-11-13,2,"[""2025-11-06""]",144,2025-11-06 00:00:00,2025-11-07,2025-11-07,0,316,none,False
PV:B3:2025-11-13,PV,B3,2025-11-13,2,"[""2025-11-06"", ""2025-11-07"", ""2025-11-08"", ""2025-11-09"", ""2025-11-10"", ""2025-11-11"", ""2025-11-12""]",1008,2025-11-06 00:00:00,2025-11-13,2025-11-13,0,316,none,False
PV:B4:2025-11-13,PV,B4,2025-11-13,2,"[""2025-01-02"", ""2025-01-09"", ""2025-01-16"", ""2025-01-23"", ""2025-01-30"", ""2025-02-06"", ""2025-02-13"", ""2025-02-20"", ""2025-02-27"", ""2025-03-06"", ""2025-03-13"", ""2025-03-20"", ""2025-03-27"", ""2025-04-03"", ""2025-04-10"", ""2025-04-17"", ""2025-04-24"", ""2025-05-01"", ""2025-05-08"", ""2025-05-15"", ""2025-05-22"", ""2025-05-29"", ""2025-06-05"", ""2025-06-12"", ""2025-06-19"", ""2025-06-26"", ""2025-07-03"", ""2025-07-10"", ""2025-07-17"", ""2025-07-24"", ""2025-07-31"", ""2025-08-07"", ""2025-08-14"", ""2025-08-21"", ""2025-08-28"", ""2025-09-04"", ""2025-09-11"", ""2025-09-18"", ""2025-09-25"", ""2025-10-02"", ""2025-10-09"", ""2025-10-16"", ""2025-10-23"", ""2025-10-30"", ""2025-11-06""]",6480,2025-01-02 00:00:00,2025-11-07,2025-11-07,0,316,none,False
Load:B0:2025-11-14,Load,B0,2025-11-14,2,"[""2025-11-13""]",1,2025-11-13 23:50:00,2025-11-14,2025-11-14,0,317,none,False
Load:B1:2025-11-14,Load,B1,2025-11-14,2,"[""2025-11-13""]",144,2025-11-13 00:00:00,2025-11-14,2025-11-14,0,317,none,False
Load:B2:2025-11-14,Load,B2,2025-11-14,2,"[""2025-11-07""]",144,2025-11-07 00:00:00,2025-11-08,2025-11-08,0,317,none,False
Load:B3:2025-11-14,Load,B3,2025-11-14,2,"[""2025-11-07"", ""2025-11-08"", ""2025-11-09"", ""2025-11-10"", ""2025-11-11"", ""2025-11-12"", ""2025-11-13""]",1008,2025-11-07 00:00:00,2025-11-14,2025-11-14,0,317,none,False
Load:B4:2025-11-14,Load,B4,2025-11-14,2,"[""2025-01-03"", ""2025-01-10"", ""2025-01-17"", ""2025-01-24"", ""2025-01-31"", ""2025-02-07"", ""2025-02-14"", ""2025-02-21"", ""2025-02-28"", ""2025-03-07"", ""2025-03-14"", ""2025-03-21"", ""2025-03-28"", ""2025-04-04"", ""2025-04-11"", ""2025-04-18"", ""2025-04-25"", ""2025-05-02"", ""2025-05-09"", ""2025-05-16"", ""2025-05-23"", ""2025-05-30"", ""2025-06-06"", ""2025-06-13"", ""2025-06-20"", ""2025-06-27"", ""2025-07-04"", ""2025-07-11"", ""2025-07-18"", ""2025-07-25"", ""2025-08-01"", ""2025-08-08"", ""2025-08-15"", ""2025-08-22"", ""2025-08-29"", ""2025-09-05"", ""2025-09-12"", ""2025-09-19"", ""2025-09-26"", ""2025-10-03"", ""2025-10-10"", ""2025-10-17"", ""2025-10-24"", ""2025-10-31"", ""2025-11-07""]",6480,2025-01-03 00:00:00,2025-11-08,2025-11-08,0,317,none,False
PV:B0:2025-11-14,PV,B0,2025-11-14,2,"[""2025-11-13""]",1,2025-11-13 23:50:00,2025-11-14,2025-11-14,0,317,none,False
PV:B1:2025-11-14,PV,B1,2025-11-14,2,"[""2025-11-13""]",144,2025-11-13 00:00:00,2025-11-14,2025-11-14,0,317,none,False
PV:B2:2025-11-14,PV,B2,2025-11-14,2,"[""2025-11-07""]",144,2025-11-07 00:00:00,2025-11-08,2025-11-08,0,317,none,False
PV:B3:2025-11-14,PV,B3,2025-11-14,2,"[""2025-11-07"", ""2025-11-08"", ""2025-11-09"", ""2025-11-10"", ""2025-11-11"", ""2025-11-12"", ""2025-11-13""]",1008,2025-11-07 00:00:00,2025-11-14,2025-11-14,0,317,none,False
PV:B4:2025-11-14,PV,B4,2025-11-14,2,"[""2025-01-03"", ""2025-01-10"", ""2025-01-17"", ""2025-01-24"", ""2025-01-31"", ""2025-02-07"", ""2025-02-14"", ""2025-02-21"", ""2025-02-28"", ""2025-03-07"", ""2025-03-14"", ""2025-03-21"", ""2025-03-28"", ""2025-04-04"", ""2025-04-11"", ""2025-04-18"", ""2025-04-25"", ""2025-05-02"", ""2025-05-09"", ""2025-05-16"", ""2025-05-23"", ""2025-05-30"", ""2025-06-06"", ""2025-06-13"", ""2025-06-20"", ""2025-06-27"", ""2025-07-04"", ""2025-07-11"", ""2025-07-18"", ""2025-07-25"", ""2025-08-01"", ""2025-08-08"", ""2025-08-15"", ""2025-08-22"", ""2025-08-29"", ""2025-09-05"", ""2025-09-12"", ""2025-09-19"", ""2025-09-26"", ""2025-10-03"", ""2025-10-10"", ""2025-10-17"", ""2025-10-24"", ""2025-10-31"", ""2025-11-07""]",6480,2025-01-03 00:00:00,2025-11-08,2025-11-08,0,317,none,False
Load:B0:2025-11-15,Load,B0,2025-11-15,2,"[""2025-11-14""]",1,2025-11-14 23:50:00,2025-11-15,2025-11-15,0,318,none,False
Load:B1:2025-11-15,Load,B1,2025-11-15,2,"[""2025-11-14""]",144,2025-11-14 00:00:00,2025-11-15,2025-11-15,0,318,none,False
Load:B2:2025-11-15,Load,B2,2025-11-15,2,"[""2025-11-08""]",144,2025-11-08 00:00:00,2025-11-09,2025-11-09,0,318,none,False
Load:B3:2025-11-15,Load,B3,2025-11-15,2,"[""2025-11-08"", ""2025-11-09"", ""2025-11-10"", ""2025-11-11"", ""2025-11-12"", ""2025-11-13"", ""2025-11-14""]",1008,2025-11-08 00:00:00,2025-11-15,2025-11-15,0,318,none,False
Load:B4:2025-11-15,Load,B4,2025-11-15,2,"[""2025-01-04"", ""2025-01-11"", ""2025-01-18"", ""2025-01-25"", ""2025-02-01"", ""2025-02-08"", ""2025-02-15"", ""2025-02-22"", ""2025-03-01"", ""2025-03-08"", ""2025-03-15"", ""2025-03-22"", ""2025-03-29"", ""2025-04-05"", ""2025-04-12"", ""2025-04-19"", ""2025-04-26"", ""2025-05-03"", ""2025-05-10"", ""2025-05-17"", ""2025-05-24"", ""2025-05-31"", ""2025-06-07"", ""2025-06-14"", ""2025-06-21"", ""2025-06-28"", ""2025-07-05"", ""2025-07-12"", ""2025-07-19"", ""2025-07-26"", ""2025-08-02"", ""2025-08-09"", ""2025-08-16"", ""2025-08-23"", ""2025-08-30"", ""2025-09-06"", ""2025-09-13"", ""2025-09-20"", ""2025-09-27"", ""2025-10-04"", ""2025-10-11"", ""2025-10-18"", ""2025-10-25"", ""2025-11-01"", ""2025-11-08""]",6480,2025-01-04 00:00:00,2025-11-09,2025-11-09,0,318,none,False
PV:B0:2025-11-15,PV,B0,2025-11-15,2,"[""2025-11-14""]",1,2025-11-14 23:50:00,2025-11-15,2025-11-15,0,318,none,False
PV:B1:2025-11-15,PV,B1,2025-11-15,2,"[""2025-11-14""]",144,2025-11-14 00:00:00,2025-11-15,2025-11-15,0,318,none,False
PV:B2:2025-11-15,PV,B2,2025-11-15,2,"[""2025-11-08""]",144,2025-11-08 00:00:00,2025-11-09,2025-11-09,0,318,none,False
PV:B3:2025-11-15,PV,B3,2025-11-15,2,"[""2025-11-08"", ""2025-11-09"", ""2025-11-10"", ""2025-11-11"", ""2025-11-12"", ""2025-11-13"", ""2025-11-14""]",1008,2025-11-08 00:00:00,2025-11-15,2025-11-15,0,318,none,False
PV:B4:2025-11-15,PV,B4,2025-11-15,2,"[""2025-01-04"", ""2025-01-11"", ""2025-01-18"", ""2025-01-25"", ""2025-02-01"", ""2025-02-08"", ""2025-02-15"", ""2025-02-22"", ""2025-03-01"", ""2025-03-08"", ""2025-03-15"", ""2025-03-22"", ""2025-03-29"", ""2025-04-05"", ""2025-04-12"", ""2025-04-19"", ""2025-04-26"", ""2025-05-03"", ""2025-05-10"", ""2025-05-17"", ""2025-05-24"", ""2025-05-31"", ""2025-06-07"", ""2025-06-14"", ""2025-06-21"", ""2025-06-28"", ""2025-07-05"", ""2025-07-12"", ""2025-07-19"", ""2025-07-26"", ""2025-08-02"", ""2025-08-09"", ""2025-08-16"", ""2025-08-23"", ""2025-08-30"", ""2025-09-06"", ""2025-09-13"", ""2025-09-20"", ""2025-09-27"", ""2025-10-04"", ""2025-10-11"", ""2025-10-18"", ""2025-10-25"", ""2025-11-01"", ""2025-11-08""]",6480,2025-01-04 00:00:00,2025-11-09,2025-11-09,0,318,none,False
Load:B0:2025-11-16,Load,B0,2025-11-16,2,"[""2025-11-15""]",1,2025-11-15 23:50:00,2025-11-16,2025-11-16,0,319,none,False
Load:B1:2025-11-16,Load,B1,2025-11-16,2,"[""2025-11-15""]",144,2025-11-15 00:00:00,2025-11-16,2025-11-16,0,319,none,False
Load:B2:2025-11-16,Load,B2,2025-11-16,2,"[""2025-11-09""]",144,2025-11-09 00:00:00,2025-11-10,2025-11-10,0,319,none,False
Load:B3:2025-11-16,Load,B3,2025-11-16,2,"[""2025-11-09"", ""2025-11-10"", ""2025-11-11"", ""2025-11-12"", ""2025-11-13"", ""2025-11-14"", ""2025-11-15""]",1008,2025-11-09 00:00:00,2025-11-16,2025-11-16,0,319,none,False
Load:B4:2025-11-16,Load,B4,2025-11-16,2,"[""2025-01-05"", ""2025-01-12"", ""2025-01-19"", ""2025-01-26"", ""2025-02-02"", ""2025-02-09"", ""2025-02-16"", ""2025-02-23"", ""2025-03-02"", ""2025-03-09"", ""2025-03-16"", ""2025-03-23"", ""2025-03-30"", ""2025-04-06"", ""2025-04-13"", ""2025-04-20"", ""2025-04-27"", ""2025-05-04"", ""2025-05-11"", ""2025-05-18"", ""2025-05-25"", ""2025-06-01"", ""2025-06-08"", ""2025-06-15"", ""2025-06-22"", ""2025-06-29"", ""2025-07-06"", ""2025-07-13"", ""2025-07-20"", ""2025-07-27"", ""2025-08-03"", ""2025-08-10"", ""2025-08-17"", ""2025-08-24"", ""2025-08-31"", ""2025-09-07"", ""2025-09-14"", ""2025-09-21"", ""2025-09-28"", ""2025-10-05"", ""2025-10-12"", ""2025-10-19"", ""2025-10-26"", ""2025-11-02"", ""2025-11-09""]",6480,2025-01-05 00:00:00,2025-11-10,2025-11-10,0,319,none,False
PV:B0:2025-11-16,PV,B0,2025-11-16,2,"[""2025-11-15""]",1,2025-11-15 23:50:00,2025-11-16,2025-11-16,0,319,none,False
PV:B1:2025-11-16,PV,B1,2025-11-16,2,"[""2025-11-15""]",144,2025-11-15 00:00:00,2025-11-16,2025-11-16,0,319,none,False
PV:B2:2025-11-16,PV,B2,2025-11-16,2,"[""2025-11-09""]",144,2025-11-09 00:00:00,2025-11-10,2025-11-10,0,319,none,False
PV:B3:2025-11-16,PV,B3,2025-11-16,2,"[""2025-11-09"", ""2025-11-10"", ""2025-11-11"", ""2025-11-12"", ""2025-11-13"", ""2025-11-14"", ""2025-11-15""]",1008,2025-11-09 00:00:00,2025-11-16,2025-11-16,0,319,none,False
PV:B4:2025-11-16,PV,B4,2025-11-16,2,"[""2025-01-05"", ""2025-01-12"", ""2025-01-19"", ""2025-01-26"", ""2025-02-02"", ""2025-02-09"", ""2025-02-16"", ""2025-02-23"", ""2025-03-02"", ""2025-03-09"", ""2025-03-16"", ""2025-03-23"", ""2025-03-30"", ""2025-04-06"", ""2025-04-13"", ""2025-04-20"", ""2025-04-27"", ""2025-05-04"", ""2025-05-11"", ""2025-05-18"", ""2025-05-25"", ""2025-06-01"", ""2025-06-08"", ""2025-06-15"", ""2025-06-22"", ""2025-06-29"", ""2025-07-06"", ""2025-07-13"", ""2025-07-20"", ""2025-07-27"", ""2025-08-03"", ""2025-08-10"", ""2025-08-17"", ""2025-08-24"", ""2025-08-31"", ""2025-09-07"", ""2025-09-14"", ""2025-09-21"", ""2025-09-28"", ""2025-10-05"", ""2025-10-12"", ""2025-10-19"", ""2025-10-26"", ""2025-11-02"", ""2025-11-09""]",6480,2025-01-05 00:00:00,2025-11-10,2025-11-10,0,319,none,False
Load:B0:2025-11-17,Load,B0,2025-11-17,2,"[""2025-11-16""]",1,2025-11-16 23:50:00,2025-11-17,2025-11-17,0,320,none,False
Load:B1:2025-11-17,Load,B1,2025-11-17,2,"[""2025-11-16""]",144,2025-11-16 00:00:00,2025-11-17,2025-11-17,0,320,none,False
Load:B2:2025-11-17,Load,B2,2025-11-17,2,"[""2025-11-10""]",144,2025-11-10 00:00:00,2025-11-11,2025-11-11,0,320,none,False
Load:B3:2025-11-17,Load,B3,2025-11-17,2,"[""2025-11-10"", ""2025-11-11"", ""2025-11-12"", ""2025-11-13"", ""2025-11-14"", ""2025-11-15"", ""2025-11-16""]",1008,2025-11-10 00:00:00,2025-11-17,2025-11-17,0,320,none,False
Load:B4:2025-11-17,Load,B4,2025-11-17,2,"[""2025-01-06"", ""2025-01-13"", ""2025-01-20"", ""2025-01-27"", ""2025-02-03"", ""2025-02-10"", ""2025-02-17"", ""2025-02-24"", ""2025-03-03"", ""2025-03-10"", ""2025-03-17"", ""2025-03-24"", ""2025-03-31"", ""2025-04-07"", ""2025-04-14"", ""2025-04-21"", ""2025-04-28"", ""2025-05-05"", ""2025-05-12"", ""2025-05-19"", ""2025-05-26"", ""2025-06-02"", ""2025-06-09"", ""2025-06-16"", ""2025-06-23"", ""2025-06-30"", ""2025-07-07"", ""2025-07-14"", ""2025-07-21"", ""2025-07-28"", ""2025-08-04"", ""2025-08-11"", ""2025-08-18"", ""2025-08-25"", ""2025-09-01"", ""2025-09-08"", ""2025-09-15"", ""2025-09-22"", ""2025-09-29"", ""2025-10-06"", ""2025-10-13"", ""2025-10-20"", ""2025-10-27"", ""2025-11-03"", ""2025-11-10""]",6480,2025-01-06 00:00:00,2025-11-11,2025-11-11,0,320,none,False
PV:B0:2025-11-17,PV,B0,2025-11-17,2,"[""2025-11-16""]",1,2025-11-16 23:50:00,2025-11-17,2025-11-17,0,320,none,False
PV:B1:2025-11-17,PV,B1,2025-11-17,2,"[""2025-11-16""]",144,2025-11-16 00:00:00,2025-11-17,2025-11-17,0,320,none,False
PV:B2:2025-11-17,PV,B2,2025-11-17,2,"[""2025-11-10""]",144,2025-11-10 00:00:00,2025-11-11,2025-11-11,0,320,none,False
PV:B3:2025-11-17,PV,B3,2025-11-17,2,"[""2025-11-10"", ""2025-11-11"", ""2025-11-12"", ""2025-11-13"", ""2025-11-14"", ""2025-11-15"", ""2025-11-16""]",1008,2025-11-10 00:00:00,2025-11-17,2025-11-17,0,320,none,False
PV:B4:2025-11-17,PV,B4,2025-11-17,2,"[""2025-01-06"", ""2025-01-13"", ""2025-01-20"", ""2025-01-27"", ""2025-02-03"", ""2025-02-10"", ""2025-02-17"", ""2025-02-24"", ""2025-03-03"", ""2025-03-10"", ""2025-03-17"", ""2025-03-24"", ""2025-03-31"", ""2025-04-07"", ""2025-04-14"", ""2025-04-21"", ""2025-04-28"", ""2025-05-05"", ""2025-05-12"", ""2025-05-19"", ""2025-05-26"", ""2025-06-02"", ""2025-06-09"", ""2025-06-16"", ""2025-06-23"", ""2025-06-30"", ""2025-07-07"", ""2025-07-14"", ""2025-07-21"", ""2025-07-28"", ""2025-08-04"", ""2025-08-11"", ""2025-08-18"", ""2025-08-25"", ""2025-09-01"", ""2025-09-08"", ""2025-09-15"", ""2025-09-22"", ""2025-09-29"", ""2025-10-06"", ""2025-10-13"", ""2025-10-20"", ""2025-10-27"", ""2025-11-03"", ""2025-11-10""]",6480,2025-01-06 00:00:00,2025-11-11,2025-11-11,0,320,none,False
Load:B0:2025-11-18,Load,B0,2025-11-18,2,"[""2025-11-17""]",1,2025-11-17 23:50:00,2025-11-18,2025-11-18,0,321,none,False
Load:B1:2025-11-18,Load,B1,2025-11-18,2,"[""2025-11-17""]",144,2025-11-17 00:00:00,2025-11-18,2025-11-18,0,321,none,False
Load:B2:2025-11-18,Load,B2,2025-11-18,2,"[""2025-11-11""]",144,2025-11-11 00:00:00,2025-11-12,2025-11-12,0,321,none,False
Load:B3:2025-11-18,Load,B3,2025-11-18,2,"[""2025-11-11"", ""2025-11-12"", ""2025-11-13"", ""2025-11-14"", ""2025-11-15"", ""2025-11-16"", ""2025-11-17""]",1008,2025-11-11 00:00:00,2025-11-18,2025-11-18,0,321,none,False
Load:B4:2025-11-18,Load,B4,2025-11-18,2,"[""2025-01-07"", ""2025-01-14"", ""2025-01-21"", ""2025-01-28"", ""2025-02-04"", ""2025-02-11"", ""2025-02-18"", ""2025-02-25"", ""2025-03-04"", ""2025-03-11"", ""2025-03-18"", ""2025-03-25"", ""2025-04-01"", ""2025-04-08"", ""2025-04-15"", ""2025-04-22"", ""2025-04-29"", ""2025-05-06"", ""2025-05-13"", ""2025-05-20"", ""2025-05-27"", ""2025-06-03"", ""2025-06-10"", ""2025-06-17"", ""2025-06-24"", ""2025-07-01"", ""2025-07-08"", ""2025-07-15"", ""2025-07-22"", ""2025-07-29"", ""2025-08-05"", ""2025-08-12"", ""2025-08-19"", ""2025-08-26"", ""2025-09-02"", ""2025-09-09"", ""2025-09-16"", ""2025-09-23"", ""2025-09-30"", ""2025-10-07"", ""2025-10-14"", ""2025-10-21"", ""2025-10-28"", ""2025-11-04"", ""2025-11-11""]",6480,2025-01-07 00:00:00,2025-11-12,2025-11-12,0,321,none,False
PV:B0:2025-11-18,PV,B0,2025-11-18,2,"[""2025-11-17""]",1,2025-11-17 23:50:00,2025-11-18,2025-11-18,0,321,none,False
PV:B1:2025-11-18,PV,B1,2025-11-18,2,"[""2025-11-17""]",144,2025-11-17 00:00:00,2025-11-18,2025-11-18,0,321,none,False
PV:B2:2025-11-18,PV,B2,2025-11-18,2,"[""2025-11-11""]",144,2025-11-11 00:00:00,2025-11-12,2025-11-12,0,321,none,False
PV:B3:2025-11-18,PV,B3,2025-11-18,2,"[""2025-11-11"", ""2025-11-12"", ""2025-11-13"", ""2025-11-14"", ""2025-11-15"", ""2025-11-16"", ""2025-11-17""]",1008,2025-11-11 00:00:00,2025-11-18,2025-11-18,0,321,none,False
PV:B4:2025-11-18,PV,B4,2025-11-18,2,"[""2025-01-07"", ""2025-01-14"", ""2025-01-21"", ""2025-01-28"", ""2025-02-04"", ""2025-02-11"", ""2025-02-18"", ""2025-02-25"", ""2025-03-04"", ""2025-03-11"", ""2025-03-18"", ""2025-03-25"", ""2025-04-01"", ""2025-04-08"", ""2025-04-15"", ""2025-04-22"", ""2025-04-29"", ""2025-05-06"", ""2025-05-13"", ""2025-05-20"", ""2025-05-27"", ""2025-06-03"", ""2025-06-10"", ""2025-06-17"", ""2025-06-24"", ""2025-07-01"", ""2025-07-08"", ""2025-07-15"", ""2025-07-22"", ""2025-07-29"", ""2025-08-05"", ""2025-08-12"", ""2025-08-19"", ""2025-08-26"", ""2025-09-02"", ""2025-09-09"", ""2025-09-16"", ""2025-09-23"", ""2025-09-30"", ""2025-10-07"", ""2025-10-14"", ""2025-10-21"", ""2025-10-28"", ""2025-11-04"", ""2025-11-11""]",6480,2025-01-07 00:00:00,2025-11-12,2025-11-12,0,321,none,False
Load:B0:2025-11-19,Load,B0,2025-11-19,2,"[""2025-11-18""]",1,2025-11-18 23:50:00,2025-11-19,2025-11-19,0,322,none,False
Load:B1:2025-11-19,Load,B1,2025-11-19,2,"[""2025-11-18""]",144,2025-11-18 00:00:00,2025-11-19,2025-11-19,0,322,none,False
Load:B2:2025-11-19,Load,B2,2025-11-19,2,"[""2025-11-12""]",144,2025-11-12 00:00:00,2025-11-13,2025-11-13,0,322,none,False
Load:B3:2025-11-19,Load,B3,2025-11-19,2,"[""2025-11-12"", ""2025-11-13"", ""2025-11-14"", ""2025-11-15"", ""2025-11-16"", ""2025-11-17"", ""2025-11-18""]",1008,2025-11-12 00:00:00,2025-11-19,2025-11-19,0,322,none,False
Load:B4:2025-11-19,Load,B4,2025-11-19,2,"[""2025-01-01"", ""2025-01-08"", ""2025-01-15"", ""2025-01-22"", ""2025-01-29"", ""2025-02-05"", ""2025-02-12"", ""2025-02-19"", ""2025-02-26"", ""2025-03-05"", ""2025-03-12"", ""2025-03-19"", ""2025-03-26"", ""2025-04-02"", ""2025-04-09"", ""2025-04-16"", ""2025-04-23"", ""2025-04-30"", ""2025-05-07"", ""2025-05-14"", ""2025-05-21"", ""2025-05-28"", ""2025-06-04"", ""2025-06-11"", ""2025-06-18"", ""2025-06-25"", ""2025-07-02"", ""2025-07-09"", ""2025-07-16"", ""2025-07-23"", ""2025-07-30"", ""2025-08-06"", ""2025-08-13"", ""2025-08-20"", ""2025-08-27"", ""2025-09-03"", ""2025-09-10"", ""2025-09-17"", ""2025-09-24"", ""2025-10-01"", ""2025-10-08"", ""2025-10-15"", ""2025-10-22"", ""2025-10-29"", ""2025-11-05"", ""2025-11-12""]",6624,2025-01-01 00:00:00,2025-11-13,2025-11-13,0,322,none,False
PV:B0:2025-11-19,PV,B0,2025-11-19,2,"[""2025-11-18""]",1,2025-11-18 23:50:00,2025-11-19,2025-11-19,0,322,none,False
PV:B1:2025-11-19,PV,B1,2025-11-19,2,"[""2025-11-18""]",144,2025-11-18 00:00:00,2025-11-19,2025-11-19,0,322,none,False
PV:B2:2025-11-19,PV,B2,2025-11-19,2,"[""2025-11-12""]",144,2025-11-12 00:00:00,2025-11-13,2025-11-13,0,322,none,False
PV:B3:2025-11-19,PV,B3,2025-11-19,2,"[""2025-11-12"", ""2025-11-13"", ""2025-11-14"", ""2025-11-15"", ""2025-11-16"", ""2025-11-17"", ""2025-11-18""]",1008,2025-11-12 00:00:00,2025-11-19,2025-11-19,0,322,none,False
PV:B4:2025-11-19,PV,B4,2025-11-19,2,"[""2025-01-01"", ""2025-01-08"", ""2025-01-15"", ""2025-01-22"", ""2025-01-29"", ""2025-02-05"", ""2025-02-12"", ""2025-02-19"", ""2025-02-26"", ""2025-03-05"", ""2025-03-12"", ""2025-03-19"", ""2025-03-26"", ""2025-04-02"", ""2025-04-09"", ""2025-04-16"", ""2025-04-23"", ""2025-04-30"", ""2025-05-07"", ""2025-05-14"", ""2025-05-21"", ""2025-05-28"", ""2025-06-04"", ""2025-06-11"", ""2025-06-18"", ""2025-06-25"", ""2025-07-02"", ""2025-07-09"", ""2025-07-16"", ""2025-07-23"", ""2025-07-30"", ""2025-08-06"", ""2025-08-13"", ""2025-08-20"", ""2025-08-27"", ""2025-09-03"", ""2025-09-10"", ""2025-09-17"", ""2025-09-24"", ""2025-10-01"", ""2025-10-08"", ""2025-10-15"", ""2025-10-22"", ""2025-10-29"", ""2025-11-05"", ""2025-11-12""]",6624,2025-01-01 00:00:00,2025-11-13,2025-11-13,0,322,none,False
Load:B0:2025-11-20,Load,B0,2025-11-20,2,"[""2025-11-19""]",1,2025-11-19 23:50:00,2025-11-20,2025-11-20,0,323,none,False
Load:B1:2025-11-20,Load,B1,2025-11-20,2,"[""2025-11-19""]",144,2025-11-19 00:00:00,2025-11-20,2025-11-20,0,323,none,False
Load:B2:2025-11-20,Load,B2,2025-11-20,2,"[""2025-11-13""]",144,2025-11-13 00:00:00,2025-11-14,2025-11-14,0,323,none,False
Load:B3:2025-11-20,Load,B3,2025-11-20,2,"[""2025-11-13"", ""2025-11-14"", ""2025-11-15"", ""2025-11-16"", ""2025-11-17"", ""2025-11-18"", ""2025-11-19""]",1008,2025-11-13 00:00:00,2025-11-20,2025-11-20,0,323,none,False
Load:B4:2025-11-20,Load,B4,2025-11-20,2,"[""2025-01-02"", ""2025-01-09"", ""2025-01-16"", ""2025-01-23"", ""2025-01-30"", ""2025-02-06"", ""2025-02-13"", ""2025-02-20"", ""2025-02-27"", ""2025-03-06"", ""2025-03-13"", ""2025-03-20"", ""2025-03-27"", ""2025-04-03"", ""2025-04-10"", ""2025-04-17"", ""2025-04-24"", ""2025-05-01"", ""2025-05-08"", ""2025-05-15"", ""2025-05-22"", ""2025-05-29"", ""2025-06-05"", ""2025-06-12"", ""2025-06-19"", ""2025-06-26"", ""2025-07-03"", ""2025-07-10"", ""2025-07-17"", ""2025-07-24"", ""2025-07-31"", ""2025-08-07"", ""2025-08-14"", ""2025-08-21"", ""2025-08-28"", ""2025-09-04"", ""2025-09-11"", ""2025-09-18"", ""2025-09-25"", ""2025-10-02"", ""2025-10-09"", ""2025-10-16"", ""2025-10-23"", ""2025-10-30"", ""2025-11-06"", ""2025-11-13""]",6624,2025-01-02 00:00:00,2025-11-14,2025-11-14,0,323,none,False
PV:B0:2025-11-20,PV,B0,2025-11-20,2,"[""2025-11-19""]",1,2025-11-19 23:50:00,2025-11-20,2025-11-20,0,323,none,False
PV:B1:2025-11-20,PV,B1,2025-11-20,2,"[""2025-11-19""]",144,2025-11-19 00:00:00,2025-11-20,2025-11-20,0,323,none,False
PV:B2:2025-11-20,PV,B2,2025-11-20,2,"[""2025-11-13""]",144,2025-11-13 00:00:00,2025-11-14,2025-11-14,0,323,none,False
PV:B3:2025-11-20,PV,B3,2025-11-20,2,"[""2025-11-13"", ""2025-11-14"", ""2025-11-15"", ""2025-11-16"", ""2025-11-17"", ""2025-11-18"", ""2025-11-19""]",1008,2025-11-13 00:00:00,2025-11-20,2025-11-20,0,323,none,False
PV:B4:2025-11-20,PV,B4,2025-11-20,2,"[""2025-01-02"", ""2025-01-09"", ""2025-01-16"", ""2025-01-23"", ""2025-01-30"", ""2025-02-06"", ""2025-02-13"", ""2025-02-20"", ""2025-02-27"", ""2025-03-06"", ""2025-03-13"", ""2025-03-20"", ""2025-03-27"", ""2025-04-03"", ""2025-04-10"", ""2025-04-17"", ""2025-04-24"", ""2025-05-01"", ""2025-05-08"", ""2025-05-15"", ""2025-05-22"", ""2025-05-29"", ""2025-06-05"", ""2025-06-12"", ""2025-06-19"", ""2025-06-26"", ""2025-07-03"", ""2025-07-10"", ""2025-07-17"", ""2025-07-24"", ""2025-07-31"", ""2025-08-07"", ""2025-08-14"", ""2025-08-21"", ""2025-08-28"", ""2025-09-04"", ""2025-09-11"", ""2025-09-18"", ""2025-09-25"", ""2025-10-02"", ""2025-10-09"", ""2025-10-16"", ""2025-10-23"", ""2025-10-30"", ""2025-11-06"", ""2025-11-13""]",6624,2025-01-02 00:00:00,2025-11-14,2025-11-14,0,323,none,False
Load:B0:2025-11-21,Load,B0,2025-11-21,2,"[""2025-11-20""]",1,2025-11-20 23:50:00,2025-11-21,2025-11-21,0,324,none,False
Load:B1:2025-11-21,Load,B1,2025-11-21,2,"[""2025-11-20""]",144,2025-11-20 00:00:00,2025-11-21,2025-11-21,0,324,none,False
Load:B2:2025-11-21,Load,B2,2025-11-21,2,"[""2025-11-14""]",144,2025-11-14 00:00:00,2025-11-15,2025-11-15,0,324,none,False
Load:B3:2025-11-21,Load,B3,2025-11-21,2,"[""2025-11-14"", ""2025-11-15"", ""2025-11-16"", ""2025-11-17"", ""2025-11-18"", ""2025-11-19"", ""2025-11-20""]",1008,2025-11-14 00:00:00,2025-11-21,2025-11-21,0,324,none,False
Load:B4:2025-11-21,Load,B4,2025-11-21,2,"[""2025-01-03"", ""2025-01-10"", ""2025-01-17"", ""2025-01-24"", ""2025-01-31"", ""2025-02-07"", ""2025-02-14"", ""2025-02-21"", ""2025-02-28"", ""2025-03-07"", ""2025-03-14"", ""2025-03-21"", ""2025-03-28"", ""2025-04-04"", ""2025-04-11"", ""2025-04-18"", ""2025-04-25"", ""2025-05-02"", ""2025-05-09"", ""2025-05-16"", ""2025-05-23"", ""2025-05-30"", ""2025-06-06"", ""2025-06-13"", ""2025-06-20"", ""2025-06-27"", ""2025-07-04"", ""2025-07-11"", ""2025-07-18"", ""2025-07-25"", ""2025-08-01"", ""2025-08-08"", ""2025-08-15"", ""2025-08-22"", ""2025-08-29"", ""2025-09-05"", ""2025-09-12"", ""2025-09-19"", ""2025-09-26"", ""2025-10-03"", ""2025-10-10"", ""2025-10-17"", ""2025-10-24"", ""2025-10-31"", ""2025-11-07"", ""2025-11-14""]",6624,2025-01-03 00:00:00,2025-11-15,2025-11-15,0,324,none,False
PV:B0:2025-11-21,PV,B0,2025-11-21,2,"[""2025-11-20""]",1,2025-11-20 23:50:00,2025-11-21,2025-11-21,0,324,none,False
PV:B1:2025-11-21,PV,B1,2025-11-21,2,"[""2025-11-20""]",144,2025-11-20 00:00:00,2025-11-21,2025-11-21,0,324,none,False
PV:B2:2025-11-21,PV,B2,2025-11-21,2,"[""2025-11-14""]",144,2025-11-14 00:00:00,2025-11-15,2025-11-15,0,324,none,False
PV:B3:2025-11-21,PV,B3,2025-11-21,2,"[""2025-11-14"", ""2025-11-15"", ""2025-11-16"", ""2025-11-17"", ""2025-11-18"", ""2025-11-19"", ""2025-11-20""]",1008,2025-11-14 00:00:00,2025-11-21,2025-11-21,0,324,none,False
PV:B4:2025-11-21,PV,B4,2025-11-21,2,"[""2025-01-03"", ""2025-01-10"", ""2025-01-17"", ""2025-01-24"", ""2025-01-31"", ""2025-02-07"", ""2025-02-14"", ""2025-02-21"", ""2025-02-28"", ""2025-03-07"", ""2025-03-14"", ""2025-03-21"", ""2025-03-28"", ""2025-04-04"", ""2025-04-11"", ""2025-04-18"", ""2025-04-25"", ""2025-05-02"", ""2025-05-09"", ""2025-05-16"", ""2025-05-23"", ""2025-05-30"", ""2025-06-06"", ""2025-06-13"", ""2025-06-20"", ""2025-06-27"", ""2025-07-04"", ""2025-07-11"", ""2025-07-18"", ""2025-07-25"", ""2025-08-01"", ""2025-08-08"", ""2025-08-15"", ""2025-08-22"", ""2025-08-29"", ""2025-09-05"", ""2025-09-12"", ""2025-09-19"", ""2025-09-26"", ""2025-10-03"", ""2025-10-10"", ""2025-10-17"", ""2025-10-24"", ""2025-10-31"", ""2025-11-07"", ""2025-11-14""]",6624,2025-01-03 00:00:00,2025-11-15,2025-11-15,0,324,none,False
Load:B0:2025-11-22,Load,B0,2025-11-22,2,"[""2025-11-21""]",1,2025-11-21 23:50:00,2025-11-22,2025-11-22,0,325,none,False
Load:B1:2025-11-22,Load,B1,2025-11-22,2,"[""2025-11-21""]",144,2025-11-21 00:00:00,2025-11-22,2025-11-22,0,325,none,False
Load:B2:2025-11-22,Load,B2,2025-11-22,2,"[""2025-11-15""]",144,2025-11-15 00:00:00,2025-11-16,2025-11-16,0,325,none,False
Load:B3:2025-11-22,Load,B3,2025-11-22,2,"[""2025-11-15"", ""2025-11-16"", ""2025-11-17"", ""2025-11-18"", ""2025-11-19"", ""2025-11-20"", ""2025-11-21""]",1008,2025-11-15 00:00:00,2025-11-22,2025-11-22,0,325,none,False
Load:B4:2025-11-22,Load,B4,2025-11-22,2,"[""2025-01-04"", ""2025-01-11"", ""2025-01-18"", ""2025-01-25"", ""2025-02-01"", ""2025-02-08"", ""2025-02-15"", ""2025-02-22"", ""2025-03-01"", ""2025-03-08"", ""2025-03-15"", ""2025-03-22"", ""2025-03-29"", ""2025-04-05"", ""2025-04-12"", ""2025-04-19"", ""2025-04-26"", ""2025-05-03"", ""2025-05-10"", ""2025-05-17"", ""2025-05-24"", ""2025-05-31"", ""2025-06-07"", ""2025-06-14"", ""2025-06-21"", ""2025-06-28"", ""2025-07-05"", ""2025-07-12"", ""2025-07-19"", ""2025-07-26"", ""2025-08-02"", ""2025-08-09"", ""2025-08-16"", ""2025-08-23"", ""2025-08-30"", ""2025-09-06"", ""2025-09-13"", ""2025-09-20"", ""2025-09-27"", ""2025-10-04"", ""2025-10-11"", ""2025-10-18"", ""2025-10-25"", ""2025-11-01"", ""2025-11-08"", ""2025-11-15""]",6624,2025-01-04 00:00:00,2025-11-16,2025-11-16,0,325,none,False
PV:B0:2025-11-22,PV,B0,2025-11-22,2,"[""2025-11-21""]",1,2025-11-21 23:50:00,2025-11-22,2025-11-22,0,325,none,False
PV:B1:2025-11-22,PV,B1,2025-11-22,2,"[""2025-11-21""]",144,2025-11-21 00:00:00,2025-11-22,2025-11-22,0,325,none,False
PV:B2:2025-11-22,PV,B2,2025-11-22,2,"[""2025-11-15""]",144,2025-11-15 00:00:00,2025-11-16,2025-11-16,0,325,none,False
PV:B3:2025-11-22,PV,B3,2025-11-22,2,"[""2025-11-15"", ""2025-11-16"", ""2025-11-17"", ""2025-11-18"", ""2025-11-19"", ""2025-11-20"", ""2025-11-21""]",1008,2025-11-15 00:00:00,2025-11-22,2025-11-22,0,325,none,False
PV:B4:2025-11-22,PV,B4,2025-11-22,2,"[""2025-01-04"", ""2025-01-11"", ""2025-01-18"", ""2025-01-25"", ""2025-02-01"", ""2025-02-08"", ""2025-02-15"", ""2025-02-22"", ""2025-03-01"", ""2025-03-08"", ""2025-03-15"", ""2025-03-22"", ""2025-03-29"", ""2025-04-05"", ""2025-04-12"", ""2025-04-19"", ""2025-04-26"", ""2025-05-03"", ""2025-05-10"", ""2025-05-17"", ""2025-05-24"", ""2025-05-31"", ""2025-06-07"", ""2025-06-14"", ""2025-06-21"", ""2025-06-28"", ""2025-07-05"", ""2025-07-12"", ""2025-07-19"", ""2025-07-26"", ""2025-08-02"", ""2025-08-09"", ""2025-08-16"", ""2025-08-23"", ""2025-08-30"", ""2025-09-06"", ""2025-09-13"", ""2025-09-20"", ""2025-09-27"", ""2025-10-04"", ""2025-10-11"", ""2025-10-18"", ""2025-10-25"", ""2025-11-01"", ""2025-11-08"", ""2025-11-15""]",6624,2025-01-04 00:00:00,2025-11-16,2025-11-16,0,325,none,False
Load:B0:2025-11-23,Load,B0,2025-11-23,2,"[""2025-11-22""]",1,2025-11-22 23:50:00,2025-11-23,2025-11-23,0,326,none,False
Load:B1:2025-11-23,Load,B1,2025-11-23,2,"[""2025-11-22""]",144,2025-11-22 00:00:00,2025-11-23,2025-11-23,0,326,none,False
Load:B2:2025-11-23,Load,B2,2025-11-23,2,"[""2025-11-16""]",144,2025-11-16 00:00:00,2025-11-17,2025-11-17,0,326,none,False
Load:B3:2025-11-23,Load,B3,2025-11-23,2,"[""2025-11-16"", ""2025-11-17"", ""2025-11-18"", ""2025-11-19"", ""2025-11-20"", ""2025-11-21"", ""2025-11-22""]",1008,2025-11-16 00:00:00,2025-11-23,2025-11-23,0,326,none,False
Load:B4:2025-11-23,Load,B4,2025-11-23,2,"[""2025-01-05"", ""2025-01-12"", ""2025-01-19"", ""2025-01-26"", ""2025-02-02"", ""2025-02-09"", ""2025-02-16"", ""2025-02-23"", ""2025-03-02"", ""2025-03-09"", ""2025-03-16"", ""2025-03-23"", ""2025-03-30"", ""2025-04-06"", ""2025-04-13"", ""2025-04-20"", ""2025-04-27"", ""2025-05-04"", ""2025-05-11"", ""2025-05-18"", ""2025-05-25"", ""2025-06-01"", ""2025-06-08"", ""2025-06-15"", ""2025-06-22"", ""2025-06-29"", ""2025-07-06"", ""2025-07-13"", ""2025-07-20"", ""2025-07-27"", ""2025-08-03"", ""2025-08-10"", ""2025-08-17"", ""2025-08-24"", ""2025-08-31"", ""2025-09-07"", ""2025-09-14"", ""2025-09-21"", ""2025-09-28"", ""2025-10-05"", ""2025-10-12"", ""2025-10-19"", ""2025-10-26"", ""2025-11-02"", ""2025-11-09"", ""2025-11-16""]",6624,2025-01-05 00:00:00,2025-11-17,2025-11-17,0,326,none,False
PV:B0:2025-11-23,PV,B0,2025-11-23,2,"[""2025-11-22""]",1,2025-11-22 23:50:00,2025-11-23,2025-11-23,0,326,none,False
PV:B1:2025-11-23,PV,B1,2025-11-23,2,"[""2025-11-22""]",144,2025-11-22 00:00:00,2025-11-23,2025-11-23,0,326,none,False
PV:B2:2025-11-23,PV,B2,2025-11-23,2,"[""2025-11-16""]",144,2025-11-16 00:00:00,2025-11-17,2025-11-17,0,326,none,False
PV:B3:2025-11-23,PV,B3,2025-11-23,2,"[""2025-11-16"", ""2025-11-17"", ""2025-11-18"", ""2025-11-19"", ""2025-11-20"", ""2025-11-21"", ""2025-11-22""]",1008,2025-11-16 00:00:00,2025-11-23,2025-11-23,0,326,none,False
PV:B4:2025-11-23,PV,B4,2025-11-23,2,"[""2025-01-05"", ""2025-01-12"", ""2025-01-19"", ""2025-01-26"", ""2025-02-02"", ""2025-02-09"", ""2025-02-16"", ""2025-02-23"", ""2025-03-02"", ""2025-03-09"", ""2025-03-16"", ""2025-03-23"", ""2025-03-30"", ""2025-04-06"", ""2025-04-13"", ""2025-04-20"", ""2025-04-27"", ""2025-05-04"", ""2025-05-11"", ""2025-05-18"", ""2025-05-25"", ""2025-06-01"", ""2025-06-08"", ""2025-06-15"", ""2025-06-22"", ""2025-06-29"", ""2025-07-06"", ""2025-07-13"", ""2025-07-20"", ""2025-07-27"", ""2025-08-03"", ""2025-08-10"", ""2025-08-17"", ""2025-08-24"", ""2025-08-31"", ""2025-09-07"", ""2025-09-14"", ""2025-09-21"", ""2025-09-28"", ""2025-10-05"", ""2025-10-12"", ""2025-10-19"", ""2025-10-26"", ""2025-11-02"", ""2025-11-09"", ""2025-11-16""]",6624,2025-01-05 00:00:00,2025-11-17,2025-11-17,0,326,none,False
Load:B0:2025-11-24,Load,B0,2025-11-24,2,"[""2025-11-23""]",1,2025-11-23 23:50:00,2025-11-24,2025-11-24,0,327,none,False
Load:B1:2025-11-24,Load,B1,2025-11-24,2,"[""2025-11-23""]",144,2025-11-23 00:00:00,2025-11-24,2025-11-24,0,327,none,False
Load:B2:2025-11-24,Load,B2,2025-11-24,2,"[""2025-11-17""]",144,2025-11-17 00:00:00,2025-11-18,2025-11-18,0,327,none,False
Load:B3:2025-11-24,Load,B3,2025-11-24,2,"[""2025-11-17"", ""2025-11-18"", ""2025-11-19"", ""2025-11-20"", ""2025-11-21"", ""2025-11-22"", ""2025-11-23""]",1008,2025-11-17 00:00:00,2025-11-24,2025-11-24,0,327,none,False
Load:B4:2025-11-24,Load,B4,2025-11-24,2,"[""2025-01-06"", ""2025-01-13"", ""2025-01-20"", ""2025-01-27"", ""2025-02-03"", ""2025-02-10"", ""2025-02-17"", ""2025-02-24"", ""2025-03-03"", ""2025-03-10"", ""2025-03-17"", ""2025-03-24"", ""2025-03-31"", ""2025-04-07"", ""2025-04-14"", ""2025-04-21"", ""2025-04-28"", ""2025-05-05"", ""2025-05-12"", ""2025-05-19"", ""2025-05-26"", ""2025-06-02"", ""2025-06-09"", ""2025-06-16"", ""2025-06-23"", ""2025-06-30"", ""2025-07-07"", ""2025-07-14"", ""2025-07-21"", ""2025-07-28"", ""2025-08-04"", ""2025-08-11"", ""2025-08-18"", ""2025-08-25"", ""2025-09-01"", ""2025-09-08"", ""2025-09-15"", ""2025-09-22"", ""2025-09-29"", ""2025-10-06"", ""2025-10-13"", ""2025-10-20"", ""2025-10-27"", ""2025-11-03"", ""2025-11-10"", ""2025-11-17""]",6624,2025-01-06 00:00:00,2025-11-18,2025-11-18,0,327,none,False
PV:B0:2025-11-24,PV,B0,2025-11-24,2,"[""2025-11-23""]",1,2025-11-23 23:50:00,2025-11-24,2025-11-24,0,327,none,False
PV:B1:2025-11-24,PV,B1,2025-11-24,2,"[""2025-11-23""]",144,2025-11-23 00:00:00,2025-11-24,2025-11-24,0,327,none,False
PV:B2:2025-11-24,PV,B2,2025-11-24,2,"[""2025-11-17""]",144,2025-11-17 00:00:00,2025-11-18,2025-11-18,0,327,none,False
PV:B3:2025-11-24,PV,B3,2025-11-24,2,"[""2025-11-17"", ""2025-11-18"", ""2025-11-19"", ""2025-11-20"", ""2025-11-21"", ""2025-11-22"", ""2025-11-23""]",1008,2025-11-17 00:00:00,2025-11-24,2025-11-24,0,327,none,False
PV:B4:2025-11-24,PV,B4,2025-11-24,2,"[""2025-01-06"", ""2025-01-13"", ""2025-01-20"", ""2025-01-27"", ""2025-02-03"", ""2025-02-10"", ""2025-02-17"", ""2025-02-24"", ""2025-03-03"", ""2025-03-10"", ""2025-03-17"", ""2025-03-24"", ""2025-03-31"", ""2025-04-07"", ""2025-04-14"", ""2025-04-21"", ""2025-04-28"", ""2025-05-05"", ""2025-05-12"", ""2025-05-19"", ""2025-05-26"", ""2025-06-02"", ""2025-06-09"", ""2025-06-16"", ""2025-06-23"", ""2025-06-30"", ""2025-07-07"", ""2025-07-14"", ""2025-07-21"", ""2025-07-28"", ""2025-08-04"", ""2025-08-11"", ""2025-08-18"", ""2025-08-25"", ""2025-09-01"", ""2025-09-08"", ""2025-09-15"", ""2025-09-22"", ""2025-09-29"", ""2025-10-06"", ""2025-10-13"", ""2025-10-20"", ""2025-10-27"", ""2025-11-03"", ""2025-11-10"", ""2025-11-17""]",6624,2025-01-06 00:00:00,2025-11-18,2025-11-18,0,327,none,False
Load:B0:2025-11-25,Load,B0,2025-11-25,2,"[""2025-11-24""]",1,2025-11-24 23:50:00,2025-11-25,2025-11-25,0,328,none,False
Load:B1:2025-11-25,Load,B1,2025-11-25,2,"[""2025-11-24""]",144,2025-11-24 00:00:00,2025-11-25,2025-11-25,0,328,none,False
Load:B2:2025-11-25,Load,B2,2025-11-25,2,"[""2025-11-18""]",144,2025-11-18 00:00:00,2025-11-19,2025-11-19,0,328,none,False
Load:B3:2025-11-25,Load,B3,2025-11-25,2,"[""2025-11-18"", ""2025-11-19"", ""2025-11-20"", ""2025-11-21"", ""2025-11-22"", ""2025-11-23"", ""2025-11-24""]",1008,2025-11-18 00:00:00,2025-11-25,2025-11-25,0,328,none,False
Load:B4:2025-11-25,Load,B4,2025-11-25,2,"[""2025-01-07"", ""2025-01-14"", ""2025-01-21"", ""2025-01-28"", ""2025-02-04"", ""2025-02-11"", ""2025-02-18"", ""2025-02-25"", ""2025-03-04"", ""2025-03-11"", ""2025-03-18"", ""2025-03-25"", ""2025-04-01"", ""2025-04-08"", ""2025-04-15"", ""2025-04-22"", ""2025-04-29"", ""2025-05-06"", ""2025-05-13"", ""2025-05-20"", ""2025-05-27"", ""2025-06-03"", ""2025-06-10"", ""2025-06-17"", ""2025-06-24"", ""2025-07-01"", ""2025-07-08"", ""2025-07-15"", ""2025-07-22"", ""2025-07-29"", ""2025-08-05"", ""2025-08-12"", ""2025-08-19"", ""2025-08-26"", ""2025-09-02"", ""2025-09-09"", ""2025-09-16"", ""2025-09-23"", ""2025-09-30"", ""2025-10-07"", ""2025-10-14"", ""2025-10-21"", ""2025-10-28"", ""2025-11-04"", ""2025-11-11"", ""2025-11-18""]",6624,2025-01-07 00:00:00,2025-11-19,2025-11-19,0,328,none,False
PV:B0:2025-11-25,PV,B0,2025-11-25,2,"[""2025-11-24""]",1,2025-11-24 23:50:00,2025-11-25,2025-11-25,0,328,none,False
PV:B1:2025-11-25,PV,B1,2025-11-25,2,"[""2025-11-24""]",144,2025-11-24 00:00:00,2025-11-25,2025-11-25,0,328,none,False
PV:B2:2025-11-25,PV,B2,2025-11-25,2,"[""2025-11-18""]",144,2025-11-18 00:00:00,2025-11-19,2025-11-19,0,328,none,False
PV:B3:2025-11-25,PV,B3,2025-11-25,2,"[""2025-11-18"", ""2025-11-19"", ""2025-11-20"", ""2025-11-21"", ""2025-11-22"", ""2025-11-23"", ""2025-11-24""]",1008,2025-11-18 00:00:00,2025-11-25,2025-11-25,0,328,none,False
PV:B4:2025-11-25,PV,B4,2025-11-25,2,"[""2025-01-07"", ""2025-01-14"", ""2025-01-21"", ""2025-01-28"", ""2025-02-04"", ""2025-02-11"", ""2025-02-18"", ""2025-02-25"", ""2025-03-04"", ""2025-03-11"", ""2025-03-18"", ""2025-03-25"", ""2025-04-01"", ""2025-04-08"", ""2025-04-15"", ""2025-04-22"", ""2025-04-29"", ""2025-05-06"", ""2025-05-13"", ""2025-05-20"", ""2025-05-27"", ""2025-06-03"", ""2025-06-10"", ""2025-06-17"", ""2025-06-24"", ""2025-07-01"", ""2025-07-08"", ""2025-07-15"", ""2025-07-22"", ""2025-07-29"", ""2025-08-05"", ""2025-08-12"", ""2025-08-19"", ""2025-08-26"", ""2025-09-02"", ""2025-09-09"", ""2025-09-16"", ""2025-09-23"", ""2025-09-30"", ""2025-10-07"", ""2025-10-14"", ""2025-10-21"", ""2025-10-28"", ""2025-11-04"", ""2025-11-11"", ""2025-11-18""]",6624,2025-01-07 00:00:00,2025-11-19,2025-11-19,0,328,none,False
Load:B0:2025-11-26,Load,B0,2025-11-26,2,"[""2025-11-25""]",1,2025-11-25 23:50:00,2025-11-26,2025-11-26,0,329,none,False
Load:B1:2025-11-26,Load,B1,2025-11-26,2,"[""2025-11-25""]",144,2025-11-25 00:00:00,2025-11-26,2025-11-26,0,329,none,False
Load:B2:2025-11-26,Load,B2,2025-11-26,2,"[""2025-11-19""]",144,2025-11-19 00:00:00,2025-11-20,2025-11-20,0,329,none,False
Load:B3:2025-11-26,Load,B3,2025-11-26,2,"[""2025-11-19"", ""2025-11-20"", ""2025-11-21"", ""2025-11-22"", ""2025-11-23"", ""2025-11-24"", ""2025-11-25""]",1008,2025-11-19 00:00:00,2025-11-26,2025-11-26,0,329,none,False
Load:B4:2025-11-26,Load,B4,2025-11-26,2,"[""2025-01-01"", ""2025-01-08"", ""2025-01-15"", ""2025-01-22"", ""2025-01-29"", ""2025-02-05"", ""2025-02-12"", ""2025-02-19"", ""2025-02-26"", ""2025-03-05"", ""2025-03-12"", ""2025-03-19"", ""2025-03-26"", ""2025-04-02"", ""2025-04-09"", ""2025-04-16"", ""2025-04-23"", ""2025-04-30"", ""2025-05-07"", ""2025-05-14"", ""2025-05-21"", ""2025-05-28"", ""2025-06-04"", ""2025-06-11"", ""2025-06-18"", ""2025-06-25"", ""2025-07-02"", ""2025-07-09"", ""2025-07-16"", ""2025-07-23"", ""2025-07-30"", ""2025-08-06"", ""2025-08-13"", ""2025-08-20"", ""2025-08-27"", ""2025-09-03"", ""2025-09-10"", ""2025-09-17"", ""2025-09-24"", ""2025-10-01"", ""2025-10-08"", ""2025-10-15"", ""2025-10-22"", ""2025-10-29"", ""2025-11-05"", ""2025-11-12"", ""2025-11-19""]",6768,2025-01-01 00:00:00,2025-11-20,2025-11-20,0,329,none,False
PV:B0:2025-11-26,PV,B0,2025-11-26,2,"[""2025-11-25""]",1,2025-11-25 23:50:00,2025-11-26,2025-11-26,0,329,none,False
PV:B1:2025-11-26,PV,B1,2025-11-26,2,"[""2025-11-25""]",144,2025-11-25 00:00:00,2025-11-26,2025-11-26,0,329,none,False
PV:B2:2025-11-26,PV,B2,2025-11-26,2,"[""2025-11-19""]",144,2025-11-19 00:00:00,2025-11-20,2025-11-20,0,329,none,False
PV:B3:2025-11-26,PV,B3,2025-11-26,2,"[""2025-11-19"", ""2025-11-20"", ""2025-11-21"", ""2025-11-22"", ""2025-11-23"", ""2025-11-24"", ""2025-11-25""]",1008,2025-11-19 00:00:00,2025-11-26,2025-11-26,0,329,none,False
PV:B4:2025-11-26,PV,B4,2025-11-26,2,"[""2025-01-01"", ""2025-01-08"", ""2025-01-15"", ""2025-01-22"", ""2025-01-29"", ""2025-02-05"", ""2025-02-12"", ""2025-02-19"", ""2025-02-26"", ""2025-03-05"", ""2025-03-12"", ""2025-03-19"", ""2025-03-26"", ""2025-04-02"", ""2025-04-09"", ""2025-04-16"", ""2025-04-23"", ""2025-04-30"", ""2025-05-07"", ""2025-05-14"", ""2025-05-21"", ""2025-05-28"", ""2025-06-04"", ""2025-06-11"", ""2025-06-18"", ""2025-06-25"", ""2025-07-02"", ""2025-07-09"", ""2025-07-16"", ""2025-07-23"", ""2025-07-30"", ""2025-08-06"", ""2025-08-13"", ""2025-08-20"", ""2025-08-27"", ""2025-09-03"", ""2025-09-10"", ""2025-09-17"", ""2025-09-24"", ""2025-10-01"", ""2025-10-08"", ""2025-10-15"", ""2025-10-22"", ""2025-10-29"", ""2025-11-05"", ""2025-11-12"", ""2025-11-19""]",6768,2025-01-01 00:00:00,2025-11-20,2025-11-20,0,329,none,False
Load:B0:2025-11-27,Load,B0,2025-11-27,2,"[""2025-11-26""]",1,2025-11-26 23:50:00,2025-11-27,2025-11-27,0,330,none,False
Load:B1:2025-11-27,Load,B1,2025-11-27,2,"[""2025-11-26""]",144,2025-11-26 00:00:00,2025-11-27,2025-11-27,0,330,none,False
Load:B2:2025-11-27,Load,B2,2025-11-27,2,"[""2025-11-20""]",144,2025-11-20 00:00:00,2025-11-21,2025-11-21,0,330,none,False
Load:B3:2025-11-27,Load,B3,2025-11-27,2,"[""2025-11-20"", ""2025-11-21"", ""2025-11-22"", ""2025-11-23"", ""2025-11-24"", ""2025-11-25"", ""2025-11-26""]",1008,2025-11-20 00:00:00,2025-11-27,2025-11-27,0,330,none,False
Load:B4:2025-11-27,Load,B4,2025-11-27,2,"[""2025-01-02"", ""2025-01-09"", ""2025-01-16"", ""2025-01-23"", ""2025-01-30"", ""2025-02-06"", ""2025-02-13"", ""2025-02-20"", ""2025-02-27"", ""2025-03-06"", ""2025-03-13"", ""2025-03-20"", ""2025-03-27"", ""2025-04-03"", ""2025-04-10"", ""2025-04-17"", ""2025-04-24"", ""2025-05-01"", ""2025-05-08"", ""2025-05-15"", ""2025-05-22"", ""2025-05-29"", ""2025-06-05"", ""2025-06-12"", ""2025-06-19"", ""2025-06-26"", ""2025-07-03"", ""2025-07-10"", ""2025-07-17"", ""2025-07-24"", ""2025-07-31"", ""2025-08-07"", ""2025-08-14"", ""2025-08-21"", ""2025-08-28"", ""2025-09-04"", ""2025-09-11"", ""2025-09-18"", ""2025-09-25"", ""2025-10-02"", ""2025-10-09"", ""2025-10-16"", ""2025-10-23"", ""2025-10-30"", ""2025-11-06"", ""2025-11-13"", ""2025-11-20""]",6768,2025-01-02 00:00:00,2025-11-21,2025-11-21,0,330,none,False
PV:B0:2025-11-27,PV,B0,2025-11-27,2,"[""2025-11-26""]",1,2025-11-26 23:50:00,2025-11-27,2025-11-27,0,330,none,False
PV:B1:2025-11-27,PV,B1,2025-11-27,2,"[""2025-11-26""]",144,2025-11-26 00:00:00,2025-11-27,2025-11-27,0,330,none,False
PV:B2:2025-11-27,PV,B2,2025-11-27,2,"[""2025-11-20""]",144,2025-11-20 00:00:00,2025-11-21,2025-11-21,0,330,none,False
PV:B3:2025-11-27,PV,B3,2025-11-27,2,"[""2025-11-20"", ""2025-11-21"", ""2025-11-22"", ""2025-11-23"", ""2025-11-24"", ""2025-11-25"", ""2025-11-26""]",1008,2025-11-20 00:00:00,2025-11-27,2025-11-27,0,330,none,False
PV:B4:2025-11-27,PV,B4,2025-11-27,2,"[""2025-01-02"", ""2025-01-09"", ""2025-01-16"", ""2025-01-23"", ""2025-01-30"", ""2025-02-06"", ""2025-02-13"", ""2025-02-20"", ""2025-02-27"", ""2025-03-06"", ""2025-03-13"", ""2025-03-20"", ""2025-03-27"", ""2025-04-03"", ""2025-04-10"", ""2025-04-17"", ""2025-04-24"", ""2025-05-01"", ""2025-05-08"", ""2025-05-15"", ""2025-05-22"", ""2025-05-29"", ""2025-06-05"", ""2025-06-12"", ""2025-06-19"", ""2025-06-26"", ""2025-07-03"", ""2025-07-10"", ""2025-07-17"", ""2025-07-24"", ""2025-07-31"", ""2025-08-07"", ""2025-08-14"", ""2025-08-21"", ""2025-08-28"", ""2025-09-04"", ""2025-09-11"", ""2025-09-18"", ""2025-09-25"", ""2025-10-02"", ""2025-10-09"", ""2025-10-16"", ""2025-10-23"", ""2025-10-30"", ""2025-11-06"", ""2025-11-13"", ""2025-11-20""]",6768,2025-01-02 00:00:00,2025-11-21,2025-11-21,0,330,none,False
Load:B0:2025-11-28,Load,B0,2025-11-28,2,"[""2025-11-27""]",1,2025-11-27 23:50:00,2025-11-28,2025-11-28,0,331,none,False
Load:B1:2025-11-28,Load,B1,2025-11-28,2,"[""2025-11-27""]",144,2025-11-27 00:00:00,2025-11-28,2025-11-28,0,331,none,False
Load:B2:2025-11-28,Load,B2,2025-11-28,2,"[""2025-11-21""]",144,2025-11-21 00:00:00,2025-11-22,2025-11-22,0,331,none,False
Load:B3:2025-11-28,Load,B3,2025-11-28,2,"[""2025-11-21"", ""2025-11-22"", ""2025-11-23"", ""2025-11-24"", ""2025-11-25"", ""2025-11-26"", ""2025-11-27""]",1008,2025-11-21 00:00:00,2025-11-28,2025-11-28,0,331,none,False
Load:B4:2025-11-28,Load,B4,2025-11-28,2,"[""2025-01-03"", ""2025-01-10"", ""2025-01-17"", ""2025-01-24"", ""2025-01-31"", ""2025-02-07"", ""2025-02-14"", ""2025-02-21"", ""2025-02-28"", ""2025-03-07"", ""2025-03-14"", ""2025-03-21"", ""2025-03-28"", ""2025-04-04"", ""2025-04-11"", ""2025-04-18"", ""2025-04-25"", ""2025-05-02"", ""2025-05-09"", ""2025-05-16"", ""2025-05-23"", ""2025-05-30"", ""2025-06-06"", ""2025-06-13"", ""2025-06-20"", ""2025-06-27"", ""2025-07-04"", ""2025-07-11"", ""2025-07-18"", ""2025-07-25"", ""2025-08-01"", ""2025-08-08"", ""2025-08-15"", ""2025-08-22"", ""2025-08-29"", ""2025-09-05"", ""2025-09-12"", ""2025-09-19"", ""2025-09-26"", ""2025-10-03"", ""2025-10-10"", ""2025-10-17"", ""2025-10-24"", ""2025-10-31"", ""2025-11-07"", ""2025-11-14"", ""2025-11-21""]",6768,2025-01-03 00:00:00,2025-11-22,2025-11-22,0,331,none,False
PV:B0:2025-11-28,PV,B0,2025-11-28,2,"[""2025-11-27""]",1,2025-11-27 23:50:00,2025-11-28,2025-11-28,0,331,none,False
PV:B1:2025-11-28,PV,B1,2025-11-28,2,"[""2025-11-27""]",144,2025-11-27 00:00:00,2025-11-28,2025-11-28,0,331,none,False
PV:B2:2025-11-28,PV,B2,2025-11-28,2,"[""2025-11-21""]",144,2025-11-21 00:00:00,2025-11-22,2025-11-22,0,331,none,False
PV:B3:2025-11-28,PV,B3,2025-11-28,2,"[""2025-11-21"", ""2025-11-22"", ""2025-11-23"", ""2025-11-24"", ""2025-11-25"", ""2025-11-26"", ""2025-11-27""]",1008,2025-11-21 00:00:00,2025-11-28,2025-11-28,0,331,none,False
PV:B4:2025-11-28,PV,B4,2025-11-28,2,"[""2025-01-03"", ""2025-01-10"", ""2025-01-17"", ""2025-01-24"", ""2025-01-31"", ""2025-02-07"", ""2025-02-14"", ""2025-02-21"", ""2025-02-28"", ""2025-03-07"", ""2025-03-14"", ""2025-03-21"", ""2025-03-28"", ""2025-04-04"", ""2025-04-11"", ""2025-04-18"", ""2025-04-25"", ""2025-05-02"", ""2025-05-09"", ""2025-05-16"", ""2025-05-23"", ""2025-05-30"", ""2025-06-06"", ""2025-06-13"", ""2025-06-20"", ""2025-06-27"", ""2025-07-04"", ""2025-07-11"", ""2025-07-18"", ""2025-07-25"", ""2025-08-01"", ""2025-08-08"", ""2025-08-15"", ""2025-08-22"", ""2025-08-29"", ""2025-09-05"", ""2025-09-12"", ""2025-09-19"", ""2025-09-26"", ""2025-10-03"", ""2025-10-10"", ""2025-10-17"", ""2025-10-24"", ""2025-10-31"", ""2025-11-07"", ""2025-11-14"", ""2025-11-21""]",6768,2025-01-03 00:00:00,2025-11-22,2025-11-22,0,331,none,False
Load:B0:2025-11-29,Load,B0,2025-11-29,2,"[""2025-11-28""]",1,2025-11-28 23:50:00,2025-11-29,2025-11-29,0,332,none,False
Load:B1:2025-11-29,Load,B1,2025-11-29,2,"[""2025-11-28""]",144,2025-11-28 00:00:00,2025-11-29,2025-11-29,0,332,none,False
Load:B2:2025-11-29,Load,B2,2025-11-29,2,"[""2025-11-22""]",144,2025-11-22 00:00:00,2025-11-23,2025-11-23,0,332,none,False
Load:B3:2025-11-29,Load,B3,2025-11-29,2,"[""2025-11-22"", ""2025-11-23"", ""2025-11-24"", ""2025-11-25"", ""2025-11-26"", ""2025-11-27"", ""2025-11-28""]",1008,2025-11-22 00:00:00,2025-11-29,2025-11-29,0,332,none,False
Load:B4:2025-11-29,Load,B4,2025-11-29,2,"[""2025-01-04"", ""2025-01-11"", ""2025-01-18"", ""2025-01-25"", ""2025-02-01"", ""2025-02-08"", ""2025-02-15"", ""2025-02-22"", ""2025-03-01"", ""2025-03-08"", ""2025-03-15"", ""2025-03-22"", ""2025-03-29"", ""2025-04-05"", ""2025-04-12"", ""2025-04-19"", ""2025-04-26"", ""2025-05-03"", ""2025-05-10"", ""2025-05-17"", ""2025-05-24"", ""2025-05-31"", ""2025-06-07"", ""2025-06-14"", ""2025-06-21"", ""2025-06-28"", ""2025-07-05"", ""2025-07-12"", ""2025-07-19"", ""2025-07-26"", ""2025-08-02"", ""2025-08-09"", ""2025-08-16"", ""2025-08-23"", ""2025-08-30"", ""2025-09-06"", ""2025-09-13"", ""2025-09-20"", ""2025-09-27"", ""2025-10-04"", ""2025-10-11"", ""2025-10-18"", ""2025-10-25"", ""2025-11-01"", ""2025-11-08"", ""2025-11-15"", ""2025-11-22""]",6768,2025-01-04 00:00:00,2025-11-23,2025-11-23,0,332,none,False
PV:B0:2025-11-29,PV,B0,2025-11-29,2,"[""2025-11-28""]",1,2025-11-28 23:50:00,2025-11-29,2025-11-29,0,332,none,False
PV:B1:2025-11-29,PV,B1,2025-11-29,2,"[""2025-11-28""]",144,2025-11-28 00:00:00,2025-11-29,2025-11-29,0,332,none,False
PV:B2:2025-11-29,PV,B2,2025-11-29,2,"[""2025-11-22""]",144,2025-11-22 00:00:00,2025-11-23,2025-11-23,0,332,none,False
PV:B3:2025-11-29,PV,B3,2025-11-29,2,"[""2025-11-22"", ""2025-11-23"", ""2025-11-24"", ""2025-11-25"", ""2025-11-26"", ""2025-11-27"", ""2025-11-28""]",1008,2025-11-22 00:00:00,2025-11-29,2025-11-29,0,332,none,False
PV:B4:2025-11-29,PV,B4,2025-11-29,2,"[""2025-01-04"", ""2025-01-11"", ""2025-01-18"", ""2025-01-25"", ""2025-02-01"", ""2025-02-08"", ""2025-02-15"", ""2025-02-22"", ""2025-03-01"", ""2025-03-08"", ""2025-03-15"", ""2025-03-22"", ""2025-03-29"", ""2025-04-05"", ""2025-04-12"", ""2025-04-19"", ""2025-04-26"", ""2025-05-03"", ""2025-05-10"", ""2025-05-17"", ""2025-05-24"", ""2025-05-31"", ""2025-06-07"", ""2025-06-14"", ""2025-06-21"", ""2025-06-28"", ""2025-07-05"", ""2025-07-12"", ""2025-07-19"", ""2025-07-26"", ""2025-08-02"", ""2025-08-09"", ""2025-08-16"", ""2025-08-23"", ""2025-08-30"", ""2025-09-06"", ""2025-09-13"", ""2025-09-20"", ""2025-09-27"", ""2025-10-04"", ""2025-10-11"", ""2025-10-18"", ""2025-10-25"", ""2025-11-01"", ""2025-11-08"", ""2025-11-15"", ""2025-11-22""]",6768,2025-01-04 00:00:00,2025-11-23,2025-11-23,0,332,none,False
Load:B0:2025-11-30,Load,B0,2025-11-30,2,"[""2025-11-29""]",1,2025-11-29 23:50:00,2025-11-30,2025-11-30,0,333,none,False
Load:B1:2025-11-30,Load,B1,2025-11-30,2,"[""2025-11-29""]",144,2025-11-29 00:00:00,2025-11-30,2025-11-30,0,333,none,False
Load:B2:2025-11-30,Load,B2,2025-11-30,2,"[""2025-11-23""]",144,2025-11-23 00:00:00,2025-11-24,2025-11-24,0,333,none,False
Load:B3:2025-11-30,Load,B3,2025-11-30,2,"[""2025-11-23"", ""2025-11-24"", ""2025-11-25"", ""2025-11-26"", ""2025-11-27"", ""2025-11-28"", ""2025-11-29""]",1008,2025-11-23 00:00:00,2025-11-30,2025-11-30,0,333,none,False
Load:B4:2025-11-30,Load,B4,2025-11-30,2,"[""2025-01-05"", ""2025-01-12"", ""2025-01-19"", ""2025-01-26"", ""2025-02-02"", ""2025-02-09"", ""2025-02-16"", ""2025-02-23"", ""2025-03-02"", ""2025-03-09"", ""2025-03-16"", ""2025-03-23"", ""2025-03-30"", ""2025-04-06"", ""2025-04-13"", ""2025-04-20"", ""2025-04-27"", ""2025-05-04"", ""2025-05-11"", ""2025-05-18"", ""2025-05-25"", ""2025-06-01"", ""2025-06-08"", ""2025-06-15"", ""2025-06-22"", ""2025-06-29"", ""2025-07-06"", ""2025-07-13"", ""2025-07-20"", ""2025-07-27"", ""2025-08-03"", ""2025-08-10"", ""2025-08-17"", ""2025-08-24"", ""2025-08-31"", ""2025-09-07"", ""2025-09-14"", ""2025-09-21"", ""2025-09-28"", ""2025-10-05"", ""2025-10-12"", ""2025-10-19"", ""2025-10-26"", ""2025-11-02"", ""2025-11-09"", ""2025-11-16"", ""2025-11-23""]",6768,2025-01-05 00:00:00,2025-11-24,2025-11-24,0,333,none,False
PV:B0:2025-11-30,PV,B0,2025-11-30,2,"[""2025-11-29""]",1,2025-11-29 23:50:00,2025-11-30,2025-11-30,0,333,none,False
PV:B1:2025-11-30,PV,B1,2025-11-30,2,"[""2025-11-29""]",144,2025-11-29 00:00:00,2025-11-30,2025-11-30,0,333,none,False
PV:B2:2025-11-30,PV,B2,2025-11-30,2,"[""2025-11-23""]",144,2025-11-23 00:00:00,2025-11-24,2025-11-24,0,333,none,False
PV:B3:2025-11-30,PV,B3,2025-11-30,2,"[""2025-11-23"", ""2025-11-24"", ""2025-11-25"", ""2025-11-26"", ""2025-11-27"", ""2025-11-28"", ""2025-11-29""]",1008,2025-11-23 00:00:00,2025-11-30,2025-11-30,0,333,none,False
PV:B4:2025-11-30,PV,B4,2025-11-30,2,"[""2025-01-05"", ""2025-01-12"", ""2025-01-19"", ""2025-01-26"", ""2025-02-02"", ""2025-02-09"", ""2025-02-16"", ""2025-02-23"", ""2025-03-02"", ""2025-03-09"", ""2025-03-16"", ""2025-03-23"", ""2025-03-30"", ""2025-04-06"", ""2025-04-13"", ""2025-04-20"", ""2025-04-27"", ""2025-05-04"", ""2025-05-11"", ""2025-05-18"", ""2025-05-25"", ""2025-06-01"", ""2025-06-08"", ""2025-06-15"", ""2025-06-22"", ""2025-06-29"", ""2025-07-06"", ""2025-07-13"", ""2025-07-20"", ""2025-07-27"", ""2025-08-03"", ""2025-08-10"", ""2025-08-17"", ""2025-08-24"", ""2025-08-31"", ""2025-09-07"", ""2025-09-14"", ""2025-09-21"", ""2025-09-28"", ""2025-10-05"", ""2025-10-12"", ""2025-10-19"", ""2025-10-26"", ""2025-11-02"", ""2025-11-09"", ""2025-11-16"", ""2025-11-23""]",6768,2025-01-05 00:00:00,2025-11-24,2025-11-24,0,333,none,False
Load:B0:2025-12-01,Load,B0,2025-12-01,2,"[""2025-11-30""]",1,2025-11-30 23:50:00,2025-12-01,2025-12-01,0,334,none,False
Load:B1:2025-12-01,Load,B1,2025-12-01,2,"[""2025-11-30""]",144,2025-11-30 00:00:00,2025-12-01,2025-12-01,0,334,none,False
Load:B2:2025-12-01,Load,B2,2025-12-01,2,"[""2025-11-24""]",144,2025-11-24 00:00:00,2025-11-25,2025-11-25,0,334,none,False
Load:B3:2025-12-01,Load,B3,2025-12-01,2,"[""2025-11-24"", ""2025-11-25"", ""2025-11-26"", ""2025-11-27"", ""2025-11-28"", ""2025-11-29"", ""2025-11-30""]",1008,2025-11-24 00:00:00,2025-12-01,2025-12-01,0,334,none,False
Load:B4:2025-12-01,Load,B4,2025-12-01,2,"[""2025-01-06"", ""2025-01-13"", ""2025-01-20"", ""2025-01-27"", ""2025-02-03"", ""2025-02-10"", ""2025-02-17"", ""2025-02-24"", ""2025-03-03"", ""2025-03-10"", ""2025-03-17"", ""2025-03-24"", ""2025-03-31"", ""2025-04-07"", ""2025-04-14"", ""2025-04-21"", ""2025-04-28"", ""2025-05-05"", ""2025-05-12"", ""2025-05-19"", ""2025-05-26"", ""2025-06-02"", ""2025-06-09"", ""2025-06-16"", ""2025-06-23"", ""2025-06-30"", ""2025-07-07"", ""2025-07-14"", ""2025-07-21"", ""2025-07-28"", ""2025-08-04"", ""2025-08-11"", ""2025-08-18"", ""2025-08-25"", ""2025-09-01"", ""2025-09-08"", ""2025-09-15"", ""2025-09-22"", ""2025-09-29"", ""2025-10-06"", ""2025-10-13"", ""2025-10-20"", ""2025-10-27"", ""2025-11-03"", ""2025-11-10"", ""2025-11-17"", ""2025-11-24""]",6768,2025-01-06 00:00:00,2025-11-25,2025-11-25,0,334,none,False
PV:B0:2025-12-01,PV,B0,2025-12-01,2,"[""2025-11-30""]",1,2025-11-30 23:50:00,2025-12-01,2025-12-01,0,334,none,False
PV:B1:2025-12-01,PV,B1,2025-12-01,2,"[""2025-11-30""]",144,2025-11-30 00:00:00,2025-12-01,2025-12-01,0,334,none,False
PV:B2:2025-12-01,PV,B2,2025-12-01,2,"[""2025-11-24""]",144,2025-11-24 00:00:00,2025-11-25,2025-11-25,0,334,none,False
PV:B3:2025-12-01,PV,B3,2025-12-01,2,"[""2025-11-24"", ""2025-11-25"", ""2025-11-26"", ""2025-11-27"", ""2025-11-28"", ""2025-11-29"", ""2025-11-30""]",1008,2025-11-24 00:00:00,2025-12-01,2025-12-01,0,334,none,False
PV:B4:2025-12-01,PV,B4,2025-12-01,2,"[""2025-01-06"", ""2025-01-13"", ""2025-01-20"", ""2025-01-27"", ""2025-02-03"", ""2025-02-10"", ""2025-02-17"", ""2025-02-24"", ""2025-03-03"", ""2025-03-10"", ""2025-03-17"", ""2025-03-24"", ""2025-03-31"", ""2025-04-07"", ""2025-04-14"", ""2025-04-21"", ""2025-04-28"", ""2025-05-05"", ""2025-05-12"", ""2025-05-19"", ""2025-05-26"", ""2025-06-02"", ""2025-06-09"", ""2025-06-16"", ""2025-06-23"", ""2025-06-30"", ""2025-07-07"", ""2025-07-14"", ""2025-07-21"", ""2025-07-28"", ""2025-08-04"", ""2025-08-11"", ""2025-08-18"", ""2025-08-25"", ""2025-09-01"", ""2025-09-08"", ""2025-09-15"", ""2025-09-22"", ""2025-09-29"", ""2025-10-06"", ""2025-10-13"", ""2025-10-20"", ""2025-10-27"", ""2025-11-03"", ""2025-11-10"", ""2025-11-17"", ""2025-11-24""]",6768,2025-01-06 00:00:00,2025-11-25,2025-11-25,0,334,none,False
Load:B0:2025-12-02,Load,B0,2025-12-02,2,"[""2025-12-01""]",1,2025-12-01 23:50:00,2025-12-02,2025-12-02,0,335,none,False
Load:B1:2025-12-02,Load,B1,2025-12-02,2,"[""2025-12-01""]",144,2025-12-01 00:00:00,2025-12-02,2025-12-02,0,335,none,False
Load:B2:2025-12-02,Load,B2,2025-12-02,2,"[""2025-11-25""]",144,2025-11-25 00:00:00,2025-11-26,2025-11-26,0,335,none,False
Load:B3:2025-12-02,Load,B3,2025-12-02,2,"[""2025-11-25"", ""2025-11-26"", ""2025-11-27"", ""2025-11-28"", ""2025-11-29"", ""2025-11-30"", ""2025-12-01""]",1008,2025-11-25 00:00:00,2025-12-02,2025-12-02,0,335,none,False
Load:B4:2025-12-02,Load,B4,2025-12-02,2,"[""2025-01-07"", ""2025-01-14"", ""2025-01-21"", ""2025-01-28"", ""2025-02-04"", ""2025-02-11"", ""2025-02-18"", ""2025-02-25"", ""2025-03-04"", ""2025-03-11"", ""2025-03-18"", ""2025-03-25"", ""2025-04-01"", ""2025-04-08"", ""2025-04-15"", ""2025-04-22"", ""2025-04-29"", ""2025-05-06"", ""2025-05-13"", ""2025-05-20"", ""2025-05-27"", ""2025-06-03"", ""2025-06-10"", ""2025-06-17"", ""2025-06-24"", ""2025-07-01"", ""2025-07-08"", ""2025-07-15"", ""2025-07-22"", ""2025-07-29"", ""2025-08-05"", ""2025-08-12"", ""2025-08-19"", ""2025-08-26"", ""2025-09-02"", ""2025-09-09"", ""2025-09-16"", ""2025-09-23"", ""2025-09-30"", ""2025-10-07"", ""2025-10-14"", ""2025-10-21"", ""2025-10-28"", ""2025-11-04"", ""2025-11-11"", ""2025-11-18"", ""2025-11-25""]",6768,2025-01-07 00:00:00,2025-11-26,2025-11-26,0,335,none,False
PV:B0:2025-12-02,PV,B0,2025-12-02,2,"[""2025-12-01""]",1,2025-12-01 23:50:00,2025-12-02,2025-12-02,0,335,none,False
PV:B1:2025-12-02,PV,B1,2025-12-02,2,"[""2025-12-01""]",144,2025-12-01 00:00:00,2025-12-02,2025-12-02,0,335,none,False
PV:B2:2025-12-02,PV,B2,2025-12-02,2,"[""2025-11-25""]",144,2025-11-25 00:00:00,2025-11-26,2025-11-26,0,335,none,False
PV:B3:2025-12-02,PV,B3,2025-12-02,2,"[""2025-11-25"", ""2025-11-26"", ""2025-11-27"", ""2025-11-28"", ""2025-11-29"", ""2025-11-30"", ""2025-12-01""]",1008,2025-11-25 00:00:00,2025-12-02,2025-12-02,0,335,none,False
PV:B4:2025-12-02,PV,B4,2025-12-02,2,"[""2025-01-07"", ""2025-01-14"", ""2025-01-21"", ""2025-01-28"", ""2025-02-04"", ""2025-02-11"", ""2025-02-18"", ""2025-02-25"", ""2025-03-04"", ""2025-03-11"", ""2025-03-18"", ""2025-03-25"", ""2025-04-01"", ""2025-04-08"", ""2025-04-15"", ""2025-04-22"", ""2025-04-29"", ""2025-05-06"", ""2025-05-13"", ""2025-05-20"", ""2025-05-27"", ""2025-06-03"", ""2025-06-10"", ""2025-06-17"", ""2025-06-24"", ""2025-07-01"", ""2025-07-08"", ""2025-07-15"", ""2025-07-22"", ""2025-07-29"", ""2025-08-05"", ""2025-08-12"", ""2025-08-19"", ""2025-08-26"", ""2025-09-02"", ""2025-09-09"", ""2025-09-16"", ""2025-09-23"", ""2025-09-30"", ""2025-10-07"", ""2025-10-14"", ""2025-10-21"", ""2025-10-28"", ""2025-11-04"", ""2025-11-11"", ""2025-11-18"", ""2025-11-25""]",6768,2025-01-07 00:00:00,2025-11-26,2025-11-26,0,335,none,False
Load:B0:2025-12-03,Load,B0,2025-12-03,2,"[""2025-12-02""]",1,2025-12-02 23:50:00,2025-12-03,2025-12-03,0,336,none,False
Load:B1:2025-12-03,Load,B1,2025-12-03,2,"[""2025-12-02""]",144,2025-12-02 00:00:00,2025-12-03,2025-12-03,0,336,none,False
Load:B2:2025-12-03,Load,B2,2025-12-03,2,"[""2025-11-26""]",144,2025-11-26 00:00:00,2025-11-27,2025-11-27,0,336,none,False
Load:B3:2025-12-03,Load,B3,2025-12-03,2,"[""2025-11-26"", ""2025-11-27"", ""2025-11-28"", ""2025-11-29"", ""2025-11-30"", ""2025-12-01"", ""2025-12-02""]",1008,2025-11-26 00:00:00,2025-12-03,2025-12-03,0,336,none,False
Load:B4:2025-12-03,Load,B4,2025-12-03,2,"[""2025-01-01"", ""2025-01-08"", ""2025-01-15"", ""2025-01-22"", ""2025-01-29"", ""2025-02-05"", ""2025-02-12"", ""2025-02-19"", ""2025-02-26"", ""2025-03-05"", ""2025-03-12"", ""2025-03-19"", ""2025-03-26"", ""2025-04-02"", ""2025-04-09"", ""2025-04-16"", ""2025-04-23"", ""2025-04-30"", ""2025-05-07"", ""2025-05-14"", ""2025-05-21"", ""2025-05-28"", ""2025-06-04"", ""2025-06-11"", ""2025-06-18"", ""2025-06-25"", ""2025-07-02"", ""2025-07-09"", ""2025-07-16"", ""2025-07-23"", ""2025-07-30"", ""2025-08-06"", ""2025-08-13"", ""2025-08-20"", ""2025-08-27"", ""2025-09-03"", ""2025-09-10"", ""2025-09-17"", ""2025-09-24"", ""2025-10-01"", ""2025-10-08"", ""2025-10-15"", ""2025-10-22"", ""2025-10-29"", ""2025-11-05"", ""2025-11-12"", ""2025-11-19"", ""2025-11-26""]",6912,2025-01-01 00:00:00,2025-11-27,2025-11-27,0,336,none,False
PV:B0:2025-12-03,PV,B0,2025-12-03,2,"[""2025-12-02""]",1,2025-12-02 23:50:00,2025-12-03,2025-12-03,0,336,none,False
PV:B1:2025-12-03,PV,B1,2025-12-03,2,"[""2025-12-02""]",144,2025-12-02 00:00:00,2025-12-03,2025-12-03,0,336,none,False
PV:B2:2025-12-03,PV,B2,2025-12-03,2,"[""2025-11-26""]",144,2025-11-26 00:00:00,2025-11-27,2025-11-27,0,336,none,False
PV:B3:2025-12-03,PV,B3,2025-12-03,2,"[""2025-11-26"", ""2025-11-27"", ""2025-11-28"", ""2025-11-29"", ""2025-11-30"", ""2025-12-01"", ""2025-12-02""]",1008,2025-11-26 00:00:00,2025-12-03,2025-12-03,0,336,none,False
PV:B4:2025-12-03,PV,B4,2025-12-03,2,"[""2025-01-01"", ""2025-01-08"", ""2025-01-15"", ""2025-01-22"", ""2025-01-29"", ""2025-02-05"", ""2025-02-12"", ""2025-02-19"", ""2025-02-26"", ""2025-03-05"", ""2025-03-12"", ""2025-03-19"", ""2025-03-26"", ""2025-04-02"", ""2025-04-09"", ""2025-04-16"", ""2025-04-23"", ""2025-04-30"", ""2025-05-07"", ""2025-05-14"", ""2025-05-21"", ""2025-05-28"", ""2025-06-04"", ""2025-06-11"", ""2025-06-18"", ""2025-06-25"", ""2025-07-02"", ""2025-07-09"", ""2025-07-16"", ""2025-07-23"", ""2025-07-30"", ""2025-08-06"", ""2025-08-13"", ""2025-08-20"", ""2025-08-27"", ""2025-09-03"", ""2025-09-10"", ""2025-09-17"", ""2025-09-24"", ""2025-10-01"", ""2025-10-08"", ""2025-10-15"", ""2025-10-22"", ""2025-10-29"", ""2025-11-05"", ""2025-11-12"", ""2025-11-19"", ""2025-11-26""]",6912,2025-01-01 00:00:00,2025-11-27,2025-11-27,0,336,none,False
Load:B0:2025-12-04,Load,B0,2025-12-04,2,"[""2025-12-03""]",1,2025-12-03 23:50:00,2025-12-04,2025-12-04,0,337,none,False
Load:B1:2025-12-04,Load,B1,2025-12-04,2,"[""2025-12-03""]",144,2025-12-03 00:00:00,2025-12-04,2025-12-04,0,337,none,False
Load:B2:2025-12-04,Load,B2,2025-12-04,2,"[""2025-11-27""]",144,2025-11-27 00:00:00,2025-11-28,2025-11-28,0,337,none,False
Load:B3:2025-12-04,Load,B3,2025-12-04,2,"[""2025-11-27"", ""2025-11-28"", ""2025-11-29"", ""2025-11-30"", ""2025-12-01"", ""2025-12-02"", ""2025-12-03""]",1008,2025-11-27 00:00:00,2025-12-04,2025-12-04,0,337,none,False
Load:B4:2025-12-04,Load,B4,2025-12-04,2,"[""2025-01-02"", ""2025-01-09"", ""2025-01-16"", ""2025-01-23"", ""2025-01-30"", ""2025-02-06"", ""2025-02-13"", ""2025-02-20"", ""2025-02-27"", ""2025-03-06"", ""2025-03-13"", ""2025-03-20"", ""2025-03-27"", ""2025-04-03"", ""2025-04-10"", ""2025-04-17"", ""2025-04-24"", ""2025-05-01"", ""2025-05-08"", ""2025-05-15"", ""2025-05-22"", ""2025-05-29"", ""2025-06-05"", ""2025-06-12"", ""2025-06-19"", ""2025-06-26"", ""2025-07-03"", ""2025-07-10"", ""2025-07-17"", ""2025-07-24"", ""2025-07-31"", ""2025-08-07"", ""2025-08-14"", ""2025-08-21"", ""2025-08-28"", ""2025-09-04"", ""2025-09-11"", ""2025-09-18"", ""2025-09-25"", ""2025-10-02"", ""2025-10-09"", ""2025-10-16"", ""2025-10-23"", ""2025-10-30"", ""2025-11-06"", ""2025-11-13"", ""2025-11-20"", ""2025-11-27""]",6912,2025-01-02 00:00:00,2025-11-28,2025-11-28,0,337,none,False
PV:B0:2025-12-04,PV,B0,2025-12-04,2,"[""2025-12-03""]",1,2025-12-03 23:50:00,2025-12-04,2025-12-04,0,337,none,False
PV:B1:2025-12-04,PV,B1,2025-12-04,2,"[""2025-12-03""]",144,2025-12-03 00:00:00,2025-12-04,2025-12-04,0,337,none,False
PV:B2:2025-12-04,PV,B2,2025-12-04,2,"[""2025-11-27""]",144,2025-11-27 00:00:00,2025-11-28,2025-11-28,0,337,none,False
PV:B3:2025-12-04,PV,B3,2025-12-04,2,"[""2025-11-27"", ""2025-11-28"", ""2025-11-29"", ""2025-11-30"", ""2025-12-01"", ""2025-12-02"", ""2025-12-03""]",1008,2025-11-27 00:00:00,2025-12-04,2025-12-04,0,337,none,False
PV:B4:2025-12-04,PV,B4,2025-12-04,2,"[""2025-01-02"", ""2025-01-09"", ""2025-01-16"", ""2025-01-23"", ""2025-01-30"", ""2025-02-06"", ""2025-02-13"", ""2025-02-20"", ""2025-02-27"", ""2025-03-06"", ""2025-03-13"", ""2025-03-20"", ""2025-03-27"", ""2025-04-03"", ""2025-04-10"", ""2025-04-17"", ""2025-04-24"", ""2025-05-01"", ""2025-05-08"", ""2025-05-15"", ""2025-05-22"", ""2025-05-29"", ""2025-06-05"", ""2025-06-12"", ""2025-06-19"", ""2025-06-26"", ""2025-07-03"", ""2025-07-10"", ""2025-07-17"", ""2025-07-24"", ""2025-07-31"", ""2025-08-07"", ""2025-08-14"", ""2025-08-21"", ""2025-08-28"", ""2025-09-04"", ""2025-09-11"", ""2025-09-18"", ""2025-09-25"", ""2025-10-02"", ""2025-10-09"", ""2025-10-16"", ""2025-10-23"", ""2025-10-30"", ""2025-11-06"", ""2025-11-13"", ""2025-11-20"", ""2025-11-27""]",6912,2025-01-02 00:00:00,2025-11-28,2025-11-28,0,337,none,False
Load:B0:2025-12-05,Load,B0,2025-12-05,2,"[""2025-12-04""]",1,2025-12-04 23:50:00,2025-12-05,2025-12-05,0,338,none,False
Load:B1:2025-12-05,Load,B1,2025-12-05,2,"[""2025-12-04""]",144,2025-12-04 00:00:00,2025-12-05,2025-12-05,0,338,none,False
Load:B2:2025-12-05,Load,B2,2025-12-05,2,"[""2025-11-28""]",144,2025-11-28 00:00:00,2025-11-29,2025-11-29,0,338,none,False
Load:B3:2025-12-05,Load,B3,2025-12-05,2,"[""2025-11-28"", ""2025-11-29"", ""2025-11-30"", ""2025-12-01"", ""2025-12-02"", ""2025-12-03"", ""2025-12-04""]",1008,2025-11-28 00:00:00,2025-12-05,2025-12-05,0,338,none,False
Load:B4:2025-12-05,Load,B4,2025-12-05,2,"[""2025-01-03"", ""2025-01-10"", ""2025-01-17"", ""2025-01-24"", ""2025-01-31"", ""2025-02-07"", ""2025-02-14"", ""2025-02-21"", ""2025-02-28"", ""2025-03-07"", ""2025-03-14"", ""2025-03-21"", ""2025-03-28"", ""2025-04-04"", ""2025-04-11"", ""2025-04-18"", ""2025-04-25"", ""2025-05-02"", ""2025-05-09"", ""2025-05-16"", ""2025-05-23"", ""2025-05-30"", ""2025-06-06"", ""2025-06-13"", ""2025-06-20"", ""2025-06-27"", ""2025-07-04"", ""2025-07-11"", ""2025-07-18"", ""2025-07-25"", ""2025-08-01"", ""2025-08-08"", ""2025-08-15"", ""2025-08-22"", ""2025-08-29"", ""2025-09-05"", ""2025-09-12"", ""2025-09-19"", ""2025-09-26"", ""2025-10-03"", ""2025-10-10"", ""2025-10-17"", ""2025-10-24"", ""2025-10-31"", ""2025-11-07"", ""2025-11-14"", ""2025-11-21"", ""2025-11-28""]",6912,2025-01-03 00:00:00,2025-11-29,2025-11-29,0,338,none,False
PV:B0:2025-12-05,PV,B0,2025-12-05,2,"[""2025-12-04""]",1,2025-12-04 23:50:00,2025-12-05,2025-12-05,0,338,none,False
PV:B1:2025-12-05,PV,B1,2025-12-05,2,"[""2025-12-04""]",144,2025-12-04 00:00:00,2025-12-05,2025-12-05,0,338,none,False
PV:B2:2025-12-05,PV,B2,2025-12-05,2,"[""2025-11-28""]",144,2025-11-28 00:00:00,2025-11-29,2025-11-29,0,338,none,False
PV:B3:2025-12-05,PV,B3,2025-12-05,2,"[""2025-11-28"", ""2025-11-29"", ""2025-11-30"", ""2025-12-01"", ""2025-12-02"", ""2025-12-03"", ""2025-12-04""]",1008,2025-11-28 00:00:00,2025-12-05,2025-12-05,0,338,none,False
PV:B4:2025-12-05,PV,B4,2025-12-05,2,"[""2025-01-03"", ""2025-01-10"", ""2025-01-17"", ""2025-01-24"", ""2025-01-31"", ""2025-02-07"", ""2025-02-14"", ""2025-02-21"", ""2025-02-28"", ""2025-03-07"", ""2025-03-14"", ""2025-03-21"", ""2025-03-28"", ""2025-04-04"", ""2025-04-11"", ""2025-04-18"", ""2025-04-25"", ""2025-05-02"", ""2025-05-09"", ""2025-05-16"", ""2025-05-23"", ""2025-05-30"", ""2025-06-06"", ""2025-06-13"", ""2025-06-20"", ""2025-06-27"", ""2025-07-04"", ""2025-07-11"", ""2025-07-18"", ""2025-07-25"", ""2025-08-01"", ""2025-08-08"", ""2025-08-15"", ""2025-08-22"", ""2025-08-29"", ""2025-09-05"", ""2025-09-12"", ""2025-09-19"", ""2025-09-26"", ""2025-10-03"", ""2025-10-10"", ""2025-10-17"", ""2025-10-24"", ""2025-10-31"", ""2025-11-07"", ""2025-11-14"", ""2025-11-21"", ""2025-11-28""]",6912,2025-01-03 00:00:00,2025-11-29,2025-11-29,0,338,none,False
Load:B0:2025-12-06,Load,B0,2025-12-06,2,"[""2025-12-05""]",1,2025-12-05 23:50:00,2025-12-06,2025-12-06,0,339,none,False
Load:B1:2025-12-06,Load,B1,2025-12-06,2,"[""2025-12-05""]",144,2025-12-05 00:00:00,2025-12-06,2025-12-06,0,339,none,False
Load:B2:2025-12-06,Load,B2,2025-12-06,2,"[""2025-11-29""]",144,2025-11-29 00:00:00,2025-11-30,2025-11-30,0,339,none,False
Load:B3:2025-12-06,Load,B3,2025-12-06,2,"[""2025-11-29"", ""2025-11-30"", ""2025-12-01"", ""2025-12-02"", ""2025-12-03"", ""2025-12-04"", ""2025-12-05""]",1008,2025-11-29 00:00:00,2025-12-06,2025-12-06,0,339,none,False
Load:B4:2025-12-06,Load,B4,2025-12-06,2,"[""2025-01-04"", ""2025-01-11"", ""2025-01-18"", ""2025-01-25"", ""2025-02-01"", ""2025-02-08"", ""2025-02-15"", ""2025-02-22"", ""2025-03-01"", ""2025-03-08"", ""2025-03-15"", ""2025-03-22"", ""2025-03-29"", ""2025-04-05"", ""2025-04-12"", ""2025-04-19"", ""2025-04-26"", ""2025-05-03"", ""2025-05-10"", ""2025-05-17"", ""2025-05-24"", ""2025-05-31"", ""2025-06-07"", ""2025-06-14"", ""2025-06-21"", ""2025-06-28"", ""2025-07-05"", ""2025-07-12"", ""2025-07-19"", ""2025-07-26"", ""2025-08-02"", ""2025-08-09"", ""2025-08-16"", ""2025-08-23"", ""2025-08-30"", ""2025-09-06"", ""2025-09-13"", ""2025-09-20"", ""2025-09-27"", ""2025-10-04"", ""2025-10-11"", ""2025-10-18"", ""2025-10-25"", ""2025-11-01"", ""2025-11-08"", ""2025-11-15"", ""2025-11-22"", ""2025-11-29""]",6912,2025-01-04 00:00:00,2025-11-30,2025-11-30,0,339,none,False
PV:B0:2025-12-06,PV,B0,2025-12-06,2,"[""2025-12-05""]",1,2025-12-05 23:50:00,2025-12-06,2025-12-06,0,339,none,False
PV:B1:2025-12-06,PV,B1,2025-12-06,2,"[""2025-12-05""]",144,2025-12-05 00:00:00,2025-12-06,2025-12-06,0,339,none,False
PV:B2:2025-12-06,PV,B2,2025-12-06,2,"[""2025-11-29""]",144,2025-11-29 00:00:00,2025-11-30,2025-11-30,0,339,none,False
PV:B3:2025-12-06,PV,B3,2025-12-06,2,"[""2025-11-29"", ""2025-11-30"", ""2025-12-01"", ""2025-12-02"", ""2025-12-03"", ""2025-12-04"", ""2025-12-05""]",1008,2025-11-29 00:00:00,2025-12-06,2025-12-06,0,339,none,False
PV:B4:2025-12-06,PV,B4,2025-12-06,2,"[""2025-01-04"", ""2025-01-11"", ""2025-01-18"", ""2025-01-25"", ""2025-02-01"", ""2025-02-08"", ""2025-02-15"", ""2025-02-22"", ""2025-03-01"", ""2025-03-08"", ""2025-03-15"", ""2025-03-22"", ""2025-03-29"", ""2025-04-05"", ""2025-04-12"", ""2025-04-19"", ""2025-04-26"", ""2025-05-03"", ""2025-05-10"", ""2025-05-17"", ""2025-05-24"", ""2025-05-31"", ""2025-06-07"", ""2025-06-14"", ""2025-06-21"", ""2025-06-28"", ""2025-07-05"", ""2025-07-12"", ""2025-07-19"", ""2025-07-26"", ""2025-08-02"", ""2025-08-09"", ""2025-08-16"", ""2025-08-23"", ""2025-08-30"", ""2025-09-06"", ""2025-09-13"", ""2025-09-20"", ""2025-09-27"", ""2025-10-04"", ""2025-10-11"", ""2025-10-18"", ""2025-10-25"", ""2025-11-01"", ""2025-11-08"", ""2025-11-15"", ""2025-11-22"", ""2025-11-29""]",6912,2025-01-04 00:00:00,2025-11-30,2025-11-30,0,339,none,False
Load:B0:2025-12-07,Load,B0,2025-12-07,2,"[""2025-12-06""]",1,2025-12-06 23:50:00,2025-12-07,2025-12-07,0,340,none,False
Load:B1:2025-12-07,Load,B1,2025-12-07,2,"[""2025-12-06""]",144,2025-12-06 00:00:00,2025-12-07,2025-12-07,0,340,none,False
Load:B2:2025-12-07,Load,B2,2025-12-07,2,"[""2025-11-30""]",144,2025-11-30 00:00:00,2025-12-01,2025-12-01,0,340,none,False
Load:B3:2025-12-07,Load,B3,2025-12-07,2,"[""2025-11-30"", ""2025-12-01"", ""2025-12-02"", ""2025-12-03"", ""2025-12-04"", ""2025-12-05"", ""2025-12-06""]",1008,2025-11-30 00:00:00,2025-12-07,2025-12-07,0,340,none,False
Load:B4:2025-12-07,Load,B4,2025-12-07,2,"[""2025-01-05"", ""2025-01-12"", ""2025-01-19"", ""2025-01-26"", ""2025-02-02"", ""2025-02-09"", ""2025-02-16"", ""2025-02-23"", ""2025-03-02"", ""2025-03-09"", ""2025-03-16"", ""2025-03-23"", ""2025-03-30"", ""2025-04-06"", ""2025-04-13"", ""2025-04-20"", ""2025-04-27"", ""2025-05-04"", ""2025-05-11"", ""2025-05-18"", ""2025-05-25"", ""2025-06-01"", ""2025-06-08"", ""2025-06-15"", ""2025-06-22"", ""2025-06-29"", ""2025-07-06"", ""2025-07-13"", ""2025-07-20"", ""2025-07-27"", ""2025-08-03"", ""2025-08-10"", ""2025-08-17"", ""2025-08-24"", ""2025-08-31"", ""2025-09-07"", ""2025-09-14"", ""2025-09-21"", ""2025-09-28"", ""2025-10-05"", ""2025-10-12"", ""2025-10-19"", ""2025-10-26"", ""2025-11-02"", ""2025-11-09"", ""2025-11-16"", ""2025-11-23"", ""2025-11-30""]",6912,2025-01-05 00:00:00,2025-12-01,2025-12-01,0,340,none,False
PV:B0:2025-12-07,PV,B0,2025-12-07,2,"[""2025-12-06""]",1,2025-12-06 23:50:00,2025-12-07,2025-12-07,0,340,none,False
PV:B1:2025-12-07,PV,B1,2025-12-07,2,"[""2025-12-06""]",144,2025-12-06 00:00:00,2025-12-07,2025-12-07,0,340,none,False
PV:B2:2025-12-07,PV,B2,2025-12-07,2,"[""2025-11-30""]",144,2025-11-30 00:00:00,2025-12-01,2025-12-01,0,340,none,False
PV:B3:2025-12-07,PV,B3,2025-12-07,2,"[""2025-11-30"", ""2025-12-01"", ""2025-12-02"", ""2025-12-03"", ""2025-12-04"", ""2025-12-05"", ""2025-12-06""]",1008,2025-11-30 00:00:00,2025-12-07,2025-12-07,0,340,none,False
PV:B4:2025-12-07,PV,B4,2025-12-07,2,"[""2025-01-05"", ""2025-01-12"", ""2025-01-19"", ""2025-01-26"", ""2025-02-02"", ""2025-02-09"", ""2025-02-16"", ""2025-02-23"", ""2025-03-02"", ""2025-03-09"", ""2025-03-16"", ""2025-03-23"", ""2025-03-30"", ""2025-04-06"", ""2025-04-13"", ""2025-04-20"", ""2025-04-27"", ""2025-05-04"", ""2025-05-11"", ""2025-05-18"", ""2025-05-25"", ""2025-06-01"", ""2025-06-08"", ""2025-06-15"", ""2025-06-22"", ""2025-06-29"", ""2025-07-06"", ""2025-07-13"", ""2025-07-20"", ""2025-07-27"", ""2025-08-03"", ""2025-08-10"", ""2025-08-17"", ""2025-08-24"", ""2025-08-31"", ""2025-09-07"", ""2025-09-14"", ""2025-09-21"", ""2025-09-28"", ""2025-10-05"", ""2025-10-12"", ""2025-10-19"", ""2025-10-26"", ""2025-11-02"", ""2025-11-09"", ""2025-11-16"", ""2025-11-23"", ""2025-11-30""]",6912,2025-01-05 00:00:00,2025-12-01,2025-12-01,0,340,none,False
Load:B0:2025-12-08,Load,B0,2025-12-08,2,"[""2025-12-07""]",1,2025-12-07 23:50:00,2025-12-08,2025-12-08,0,341,none,False
Load:B1:2025-12-08,Load,B1,2025-12-08,2,"[""2025-12-07""]",144,2025-12-07 00:00:00,2025-12-08,2025-12-08,0,341,none,False
Load:B2:2025-12-08,Load,B2,2025-12-08,2,"[""2025-12-01""]",144,2025-12-01 00:00:00,2025-12-02,2025-12-02,0,341,none,False
Load:B3:2025-12-08,Load,B3,2025-12-08,2,"[""2025-12-01"", ""2025-12-02"", ""2025-12-03"", ""2025-12-04"", ""2025-12-05"", ""2025-12-06"", ""2025-12-07""]",1008,2025-12-01 00:00:00,2025-12-08,2025-12-08,0,341,none,False
Load:B4:2025-12-08,Load,B4,2025-12-08,2,"[""2025-01-06"", ""2025-01-13"", ""2025-01-20"", ""2025-01-27"", ""2025-02-03"", ""2025-02-10"", ""2025-02-17"", ""2025-02-24"", ""2025-03-03"", ""2025-03-10"", ""2025-03-17"", ""2025-03-24"", ""2025-03-31"", ""2025-04-07"", ""2025-04-14"", ""2025-04-21"", ""2025-04-28"", ""2025-05-05"", ""2025-05-12"", ""2025-05-19"", ""2025-05-26"", ""2025-06-02"", ""2025-06-09"", ""2025-06-16"", ""2025-06-23"", ""2025-06-30"", ""2025-07-07"", ""2025-07-14"", ""2025-07-21"", ""2025-07-28"", ""2025-08-04"", ""2025-08-11"", ""2025-08-18"", ""2025-08-25"", ""2025-09-01"", ""2025-09-08"", ""2025-09-15"", ""2025-09-22"", ""2025-09-29"", ""2025-10-06"", ""2025-10-13"", ""2025-10-20"", ""2025-10-27"", ""2025-11-03"", ""2025-11-10"", ""2025-11-17"", ""2025-11-24"", ""2025-12-01""]",6912,2025-01-06 00:00:00,2025-12-02,2025-12-02,0,341,none,False
PV:B0:2025-12-08,PV,B0,2025-12-08,2,"[""2025-12-07""]",1,2025-12-07 23:50:00,2025-12-08,2025-12-08,0,341,none,False
PV:B1:2025-12-08,PV,B1,2025-12-08,2,"[""2025-12-07""]",144,2025-12-07 00:00:00,2025-12-08,2025-12-08,0,341,none,False
PV:B2:2025-12-08,PV,B2,2025-12-08,2,"[""2025-12-01""]",144,2025-12-01 00:00:00,2025-12-02,2025-12-02,0,341,none,False
PV:B3:2025-12-08,PV,B3,2025-12-08,2,"[""2025-12-01"", ""2025-12-02"", ""2025-12-03"", ""2025-12-04"", ""2025-12-05"", ""2025-12-06"", ""2025-12-07""]",1008,2025-12-01 00:00:00,2025-12-08,2025-12-08,0,341,none,False
PV:B4:2025-12-08,PV,B4,2025-12-08,2,"[""2025-01-06"", ""2025-01-13"", ""2025-01-20"", ""2025-01-27"", ""2025-02-03"", ""2025-02-10"", ""2025-02-17"", ""2025-02-24"", ""2025-03-03"", ""2025-03-10"", ""2025-03-17"", ""2025-03-24"", ""2025-03-31"", ""2025-04-07"", ""2025-04-14"", ""2025-04-21"", ""2025-04-28"", ""2025-05-05"", ""2025-05-12"", ""2025-05-19"", ""2025-05-26"", ""2025-06-02"", ""2025-06-09"", ""2025-06-16"", ""2025-06-23"", ""2025-06-30"", ""2025-07-07"", ""2025-07-14"", ""2025-07-21"", ""2025-07-28"", ""2025-08-04"", ""2025-08-11"", ""2025-08-18"", ""2025-08-25"", ""2025-09-01"", ""2025-09-08"", ""2025-09-15"", ""2025-09-22"", ""2025-09-29"", ""2025-10-06"", ""2025-10-13"", ""2025-10-20"", ""2025-10-27"", ""2025-11-03"", ""2025-11-10"", ""2025-11-17"", ""2025-11-24"", ""2025-12-01""]",6912,2025-01-06 00:00:00,2025-12-02,2025-12-02,0,341,none,False
Load:B0:2025-12-09,Load,B0,2025-12-09,2,"[""2025-12-08""]",1,2025-12-08 23:50:00,2025-12-09,2025-12-09,0,342,none,False
Load:B1:2025-12-09,Load,B1,2025-12-09,2,"[""2025-12-08""]",144,2025-12-08 00:00:00,2025-12-09,2025-12-09,0,342,none,False
Load:B2:2025-12-09,Load,B2,2025-12-09,2,"[""2025-12-02""]",144,2025-12-02 00:00:00,2025-12-03,2025-12-03,0,342,none,False
Load:B3:2025-12-09,Load,B3,2025-12-09,2,"[""2025-12-02"", ""2025-12-03"", ""2025-12-04"", ""2025-12-05"", ""2025-12-06"", ""2025-12-07"", ""2025-12-08""]",1008,2025-12-02 00:00:00,2025-12-09,2025-12-09,0,342,none,False
Load:B4:2025-12-09,Load,B4,2025-12-09,2,"[""2025-01-07"", ""2025-01-14"", ""2025-01-21"", ""2025-01-28"", ""2025-02-04"", ""2025-02-11"", ""2025-02-18"", ""2025-02-25"", ""2025-03-04"", ""2025-03-11"", ""2025-03-18"", ""2025-03-25"", ""2025-04-01"", ""2025-04-08"", ""2025-04-15"", ""2025-04-22"", ""2025-04-29"", ""2025-05-06"", ""2025-05-13"", ""2025-05-20"", ""2025-05-27"", ""2025-06-03"", ""2025-06-10"", ""2025-06-17"", ""2025-06-24"", ""2025-07-01"", ""2025-07-08"", ""2025-07-15"", ""2025-07-22"", ""2025-07-29"", ""2025-08-05"", ""2025-08-12"", ""2025-08-19"", ""2025-08-26"", ""2025-09-02"", ""2025-09-09"", ""2025-09-16"", ""2025-09-23"", ""2025-09-30"", ""2025-10-07"", ""2025-10-14"", ""2025-10-21"", ""2025-10-28"", ""2025-11-04"", ""2025-11-11"", ""2025-11-18"", ""2025-11-25"", ""2025-12-02""]",6912,2025-01-07 00:00:00,2025-12-03,2025-12-03,0,342,none,False
PV:B0:2025-12-09,PV,B0,2025-12-09,2,"[""2025-12-08""]",1,2025-12-08 23:50:00,2025-12-09,2025-12-09,0,342,none,False
PV:B1:2025-12-09,PV,B1,2025-12-09,2,"[""2025-12-08""]",144,2025-12-08 00:00:00,2025-12-09,2025-12-09,0,342,none,False
PV:B2:2025-12-09,PV,B2,2025-12-09,2,"[""2025-12-02""]",144,2025-12-02 00:00:00,2025-12-03,2025-12-03,0,342,none,False
PV:B3:2025-12-09,PV,B3,2025-12-09,2,"[""2025-12-02"", ""2025-12-03"", ""2025-12-04"", ""2025-12-05"", ""2025-12-06"", ""2025-12-07"", ""2025-12-08""]",1008,2025-12-02 00:00:00,2025-12-09,2025-12-09,0,342,none,False
PV:B4:2025-12-09,PV,B4,2025-12-09,2,"[""2025-01-07"", ""2025-01-14"", ""2025-01-21"", ""2025-01-28"", ""2025-02-04"", ""2025-02-11"", ""2025-02-18"", ""2025-02-25"", ""2025-03-04"", ""2025-03-11"", ""2025-03-18"", ""2025-03-25"", ""2025-04-01"", ""2025-04-08"", ""2025-04-15"", ""2025-04-22"", ""2025-04-29"", ""2025-05-06"", ""2025-05-13"", ""2025-05-20"", ""2025-05-27"", ""2025-06-03"", ""2025-06-10"", ""2025-06-17"", ""2025-06-24"", ""2025-07-01"", ""2025-07-08"", ""2025-07-15"", ""2025-07-22"", ""2025-07-29"", ""2025-08-05"", ""2025-08-12"", ""2025-08-19"", ""2025-08-26"", ""2025-09-02"", ""2025-09-09"", ""2025-09-16"", ""2025-09-23"", ""2025-09-30"", ""2025-10-07"", ""2025-10-14"", ""2025-10-21"", ""2025-10-28"", ""2025-11-04"", ""2025-11-11"", ""2025-11-18"", ""2025-11-25"", ""2025-12-02""]",6912,2025-01-07 00:00:00,2025-12-03,2025-12-03,0,342,none,False
Load:B0:2025-12-10,Load,B0,2025-12-10,2,"[""2025-12-09""]",1,2025-12-09 23:50:00,2025-12-10,2025-12-10,0,343,none,False
Load:B1:2025-12-10,Load,B1,2025-12-10,2,"[""2025-12-09""]",144,2025-12-09 00:00:00,2025-12-10,2025-12-10,0,343,none,False
Load:B2:2025-12-10,Load,B2,2025-12-10,2,"[""2025-12-03""]",144,2025-12-03 00:00:00,2025-12-04,2025-12-04,0,343,none,False
Load:B3:2025-12-10,Load,B3,2025-12-10,2,"[""2025-12-03"", ""2025-12-04"", ""2025-12-05"", ""2025-12-06"", ""2025-12-07"", ""2025-12-08"", ""2025-12-09""]",1008,2025-12-03 00:00:00,2025-12-10,2025-12-10,0,343,none,False
Load:B4:2025-12-10,Load,B4,2025-12-10,2,"[""2025-01-01"", ""2025-01-08"", ""2025-01-15"", ""2025-01-22"", ""2025-01-29"", ""2025-02-05"", ""2025-02-12"", ""2025-02-19"", ""2025-02-26"", ""2025-03-05"", ""2025-03-12"", ""2025-03-19"", ""2025-03-26"", ""2025-04-02"", ""2025-04-09"", ""2025-04-16"", ""2025-04-23"", ""2025-04-30"", ""2025-05-07"", ""2025-05-14"", ""2025-05-21"", ""2025-05-28"", ""2025-06-04"", ""2025-06-11"", ""2025-06-18"", ""2025-06-25"", ""2025-07-02"", ""2025-07-09"", ""2025-07-16"", ""2025-07-23"", ""2025-07-30"", ""2025-08-06"", ""2025-08-13"", ""2025-08-20"", ""2025-08-27"", ""2025-09-03"", ""2025-09-10"", ""2025-09-17"", ""2025-09-24"", ""2025-10-01"", ""2025-10-08"", ""2025-10-15"", ""2025-10-22"", ""2025-10-29"", ""2025-11-05"", ""2025-11-12"", ""2025-11-19"", ""2025-11-26"", ""2025-12-03""]",7056,2025-01-01 00:00:00,2025-12-04,2025-12-04,0,343,none,False
PV:B0:2025-12-10,PV,B0,2025-12-10,2,"[""2025-12-09""]",1,2025-12-09 23:50:00,2025-12-10,2025-12-10,0,343,none,False
PV:B1:2025-12-10,PV,B1,2025-12-10,2,"[""2025-12-09""]",144,2025-12-09 00:00:00,2025-12-10,2025-12-10,0,343,none,False
PV:B2:2025-12-10,PV,B2,2025-12-10,2,"[""2025-12-03""]",144,2025-12-03 00:00:00,2025-12-04,2025-12-04,0,343,none,False
PV:B3:2025-12-10,PV,B3,2025-12-10,2,"[""2025-12-03"", ""2025-12-04"", ""2025-12-05"", ""2025-12-06"", ""2025-12-07"", ""2025-12-08"", ""2025-12-09""]",1008,2025-12-03 00:00:00,2025-12-10,2025-12-10,0,343,none,False
PV:B4:2025-12-10,PV,B4,2025-12-10,2,"[""2025-01-01"", ""2025-01-08"", ""2025-01-15"", ""2025-01-22"", ""2025-01-29"", ""2025-02-05"", ""2025-02-12"", ""2025-02-19"", ""2025-02-26"", ""2025-03-05"", ""2025-03-12"", ""2025-03-19"", ""2025-03-26"", ""2025-04-02"", ""2025-04-09"", ""2025-04-16"", ""2025-04-23"", ""2025-04-30"", ""2025-05-07"", ""2025-05-14"", ""2025-05-21"", ""2025-05-28"", ""2025-06-04"", ""2025-06-11"", ""2025-06-18"", ""2025-06-25"", ""2025-07-02"", ""2025-07-09"", ""2025-07-16"", ""2025-07-23"", ""2025-07-30"", ""2025-08-06"", ""2025-08-13"", ""2025-08-20"", ""2025-08-27"", ""2025-09-03"", ""2025-09-10"", ""2025-09-17"", ""2025-09-24"", ""2025-10-01"", ""2025-10-08"", ""2025-10-15"", ""2025-10-22"", ""2025-10-29"", ""2025-11-05"", ""2025-11-12"", ""2025-11-19"", ""2025-11-26"", ""2025-12-03""]",7056,2025-01-01 00:00:00,2025-12-04,2025-12-04,0,343,none,False
Load:B0:2025-12-11,Load,B0,2025-12-11,2,"[""2025-12-10""]",1,2025-12-10 23:50:00,2025-12-11,2025-12-11,0,344,none,False
Load:B1:2025-12-11,Load,B1,2025-12-11,2,"[""2025-12-10""]",144,2025-12-10 00:00:00,2025-12-11,2025-12-11,0,344,none,False
Load:B2:2025-12-11,Load,B2,2025-12-11,2,"[""2025-12-04""]",144,2025-12-04 00:00:00,2025-12-05,2025-12-05,0,344,none,False
Load:B3:2025-12-11,Load,B3,2025-12-11,2,"[""2025-12-04"", ""2025-12-05"", ""2025-12-06"", ""2025-12-07"", ""2025-12-08"", ""2025-12-09"", ""2025-12-10""]",1008,2025-12-04 00:00:00,2025-12-11,2025-12-11,0,344,none,False
Load:B4:2025-12-11,Load,B4,2025-12-11,2,"[""2025-01-02"", ""2025-01-09"", ""2025-01-16"", ""2025-01-23"", ""2025-01-30"", ""2025-02-06"", ""2025-02-13"", ""2025-02-20"", ""2025-02-27"", ""2025-03-06"", ""2025-03-13"", ""2025-03-20"", ""2025-03-27"", ""2025-04-03"", ""2025-04-10"", ""2025-04-17"", ""2025-04-24"", ""2025-05-01"", ""2025-05-08"", ""2025-05-15"", ""2025-05-22"", ""2025-05-29"", ""2025-06-05"", ""2025-06-12"", ""2025-06-19"", ""2025-06-26"", ""2025-07-03"", ""2025-07-10"", ""2025-07-17"", ""2025-07-24"", ""2025-07-31"", ""2025-08-07"", ""2025-08-14"", ""2025-08-21"", ""2025-08-28"", ""2025-09-04"", ""2025-09-11"", ""2025-09-18"", ""2025-09-25"", ""2025-10-02"", ""2025-10-09"", ""2025-10-16"", ""2025-10-23"", ""2025-10-30"", ""2025-11-06"", ""2025-11-13"", ""2025-11-20"", ""2025-11-27"", ""2025-12-04""]",7056,2025-01-02 00:00:00,2025-12-05,2025-12-05,0,344,none,False
PV:B0:2025-12-11,PV,B0,2025-12-11,2,"[""2025-12-10""]",1,2025-12-10 23:50:00,2025-12-11,2025-12-11,0,344,none,False
PV:B1:2025-12-11,PV,B1,2025-12-11,2,"[""2025-12-10""]",144,2025-12-10 00:00:00,2025-12-11,2025-12-11,0,344,none,False
PV:B2:2025-12-11,PV,B2,2025-12-11,2,"[""2025-12-04""]",144,2025-12-04 00:00:00,2025-12-05,2025-12-05,0,344,none,False
PV:B3:2025-12-11,PV,B3,2025-12-11,2,"[""2025-12-04"", ""2025-12-05"", ""2025-12-06"", ""2025-12-07"", ""2025-12-08"", ""2025-12-09"", ""2025-12-10""]",1008,2025-12-04 00:00:00,2025-12-11,2025-12-11,0,344,none,False
PV:B4:2025-12-11,PV,B4,2025-12-11,2,"[""2025-01-02"", ""2025-01-09"", ""2025-01-16"", ""2025-01-23"", ""2025-01-30"", ""2025-02-06"", ""2025-02-13"", ""2025-02-20"", ""2025-02-27"", ""2025-03-06"", ""2025-03-13"", ""2025-03-20"", ""2025-03-27"", ""2025-04-03"", ""2025-04-10"", ""2025-04-17"", ""2025-04-24"", ""2025-05-01"", ""2025-05-08"", ""2025-05-15"", ""2025-05-22"", ""2025-05-29"", ""2025-06-05"", ""2025-06-12"", ""2025-06-19"", ""2025-06-26"", ""2025-07-03"", ""2025-07-10"", ""2025-07-17"", ""2025-07-24"", ""2025-07-31"", ""2025-08-07"", ""2025-08-14"", ""2025-08-21"", ""2025-08-28"", ""2025-09-04"", ""2025-09-11"", ""2025-09-18"", ""2025-09-25"", ""2025-10-02"", ""2025-10-09"", ""2025-10-16"", ""2025-10-23"", ""2025-10-30"", ""2025-11-06"", ""2025-11-13"", ""2025-11-20"", ""2025-11-27"", ""2025-12-04""]",7056,2025-01-02 00:00:00,2025-12-05,2025-12-05,0,344,none,False
Load:B0:2025-12-12,Load,B0,2025-12-12,2,"[""2025-12-11""]",1,2025-12-11 23:50:00,2025-12-12,2025-12-12,0,345,none,False
Load:B1:2025-12-12,Load,B1,2025-12-12,2,"[""2025-12-11""]",144,2025-12-11 00:00:00,2025-12-12,2025-12-12,0,345,none,False
Load:B2:2025-12-12,Load,B2,2025-12-12,2,"[""2025-12-05""]",144,2025-12-05 00:00:00,2025-12-06,2025-12-06,0,345,none,False
Load:B3:2025-12-12,Load,B3,2025-12-12,2,"[""2025-12-05"", ""2025-12-06"", ""2025-12-07"", ""2025-12-08"", ""2025-12-09"", ""2025-12-10"", ""2025-12-11""]",1008,2025-12-05 00:00:00,2025-12-12,2025-12-12,0,345,none,False
Load:B4:2025-12-12,Load,B4,2025-12-12,2,"[""2025-01-03"", ""2025-01-10"", ""2025-01-17"", ""2025-01-24"", ""2025-01-31"", ""2025-02-07"", ""2025-02-14"", ""2025-02-21"", ""2025-02-28"", ""2025-03-07"", ""2025-03-14"", ""2025-03-21"", ""2025-03-28"", ""2025-04-04"", ""2025-04-11"", ""2025-04-18"", ""2025-04-25"", ""2025-05-02"", ""2025-05-09"", ""2025-05-16"", ""2025-05-23"", ""2025-05-30"", ""2025-06-06"", ""2025-06-13"", ""2025-06-20"", ""2025-06-27"", ""2025-07-04"", ""2025-07-11"", ""2025-07-18"", ""2025-07-25"", ""2025-08-01"", ""2025-08-08"", ""2025-08-15"", ""2025-08-22"", ""2025-08-29"", ""2025-09-05"", ""2025-09-12"", ""2025-09-19"", ""2025-09-26"", ""2025-10-03"", ""2025-10-10"", ""2025-10-17"", ""2025-10-24"", ""2025-10-31"", ""2025-11-07"", ""2025-11-14"", ""2025-11-21"", ""2025-11-28"", ""2025-12-05""]",7056,2025-01-03 00:00:00,2025-12-06,2025-12-06,0,345,none,False
PV:B0:2025-12-12,PV,B0,2025-12-12,2,"[""2025-12-11""]",1,2025-12-11 23:50:00,2025-12-12,2025-12-12,0,345,none,False
PV:B1:2025-12-12,PV,B1,2025-12-12,2,"[""2025-12-11""]",144,2025-12-11 00:00:00,2025-12-12,2025-12-12,0,345,none,False
PV:B2:2025-12-12,PV,B2,2025-12-12,2,"[""2025-12-05""]",144,2025-12-05 00:00:00,2025-12-06,2025-12-06,0,345,none,False
PV:B3:2025-12-12,PV,B3,2025-12-12,2,"[""2025-12-05"", ""2025-12-06"", ""2025-12-07"", ""2025-12-08"", ""2025-12-09"", ""2025-12-10"", ""2025-12-11""]",1008,2025-12-05 00:00:00,2025-12-12,2025-12-12,0,345,none,False
PV:B4:2025-12-12,PV,B4,2025-12-12,2,"[""2025-01-03"", ""2025-01-10"", ""2025-01-17"", ""2025-01-24"", ""2025-01-31"", ""2025-02-07"", ""2025-02-14"", ""2025-02-21"", ""2025-02-28"", ""2025-03-07"", ""2025-03-14"", ""2025-03-21"", ""2025-03-28"", ""2025-04-04"", ""2025-04-11"", ""2025-04-18"", ""2025-04-25"", ""2025-05-02"", ""2025-05-09"", ""2025-05-16"", ""2025-05-23"", ""2025-05-30"", ""2025-06-06"", ""2025-06-13"", ""2025-06-20"", ""2025-06-27"", ""2025-07-04"", ""2025-07-11"", ""2025-07-18"", ""2025-07-25"", ""2025-08-01"", ""2025-08-08"", ""2025-08-15"", ""2025-08-22"", ""2025-08-29"", ""2025-09-05"", ""2025-09-12"", ""2025-09-19"", ""2025-09-26"", ""2025-10-03"", ""2025-10-10"", ""2025-10-17"", ""2025-10-24"", ""2025-10-31"", ""2025-11-07"", ""2025-11-14"", ""2025-11-21"", ""2025-11-28"", ""2025-12-05""]",7056,2025-01-03 00:00:00,2025-12-06,2025-12-06,0,345,none,False
Load:B0:2025-12-13,Load,B0,2025-12-13,2,"[""2025-12-12""]",1,2025-12-12 23:50:00,2025-12-13,2025-12-13,0,346,none,False
Load:B1:2025-12-13,Load,B1,2025-12-13,2,"[""2025-12-12""]",144,2025-12-12 00:00:00,2025-12-13,2025-12-13,0,346,none,False
Load:B2:2025-12-13,Load,B2,2025-12-13,2,"[""2025-12-06""]",144,2025-12-06 00:00:00,2025-12-07,2025-12-07,0,346,none,False
Load:B3:2025-12-13,Load,B3,2025-12-13,2,"[""2025-12-06"", ""2025-12-07"", ""2025-12-08"", ""2025-12-09"", ""2025-12-10"", ""2025-12-11"", ""2025-12-12""]",1008,2025-12-06 00:00:00,2025-12-13,2025-12-13,0,346,none,False
Load:B4:2025-12-13,Load,B4,2025-12-13,2,"[""2025-01-04"", ""2025-01-11"", ""2025-01-18"", ""2025-01-25"", ""2025-02-01"", ""2025-02-08"", ""2025-02-15"", ""2025-02-22"", ""2025-03-01"", ""2025-03-08"", ""2025-03-15"", ""2025-03-22"", ""2025-03-29"", ""2025-04-05"", ""2025-04-12"", ""2025-04-19"", ""2025-04-26"", ""2025-05-03"", ""2025-05-10"", ""2025-05-17"", ""2025-05-24"", ""2025-05-31"", ""2025-06-07"", ""2025-06-14"", ""2025-06-21"", ""2025-06-28"", ""2025-07-05"", ""2025-07-12"", ""2025-07-19"", ""2025-07-26"", ""2025-08-02"", ""2025-08-09"", ""2025-08-16"", ""2025-08-23"", ""2025-08-30"", ""2025-09-06"", ""2025-09-13"", ""2025-09-20"", ""2025-09-27"", ""2025-10-04"", ""2025-10-11"", ""2025-10-18"", ""2025-10-25"", ""2025-11-01"", ""2025-11-08"", ""2025-11-15"", ""2025-11-22"", ""2025-11-29"", ""2025-12-06""]",7056,2025-01-04 00:00:00,2025-12-07,2025-12-07,0,346,none,False
PV:B0:2025-12-13,PV,B0,2025-12-13,2,"[""2025-12-12""]",1,2025-12-12 23:50:00,2025-12-13,2025-12-13,0,346,none,False
PV:B1:2025-12-13,PV,B1,2025-12-13,2,"[""2025-12-12""]",144,2025-12-12 00:00:00,2025-12-13,2025-12-13,0,346,none,False
PV:B2:2025-12-13,PV,B2,2025-12-13,2,"[""2025-12-06""]",144,2025-12-06 00:00:00,2025-12-07,2025-12-07,0,346,none,False
PV:B3:2025-12-13,PV,B3,2025-12-13,2,"[""2025-12-06"", ""2025-12-07"", ""2025-12-08"", ""2025-12-09"", ""2025-12-10"", ""2025-12-11"", ""2025-12-12""]",1008,2025-12-06 00:00:00,2025-12-13,2025-12-13,0,346,none,False
PV:B4:2025-12-13,PV,B4,2025-12-13,2,"[""2025-01-04"", ""2025-01-11"", ""2025-01-18"", ""2025-01-25"", ""2025-02-01"", ""2025-02-08"", ""2025-02-15"", ""2025-02-22"", ""2025-03-01"", ""2025-03-08"", ""2025-03-15"", ""2025-03-22"", ""2025-03-29"", ""2025-04-05"", ""2025-04-12"", ""2025-04-19"", ""2025-04-26"", ""2025-05-03"", ""2025-05-10"", ""2025-05-17"", ""2025-05-24"", ""2025-05-31"", ""2025-06-07"", ""2025-06-14"", ""2025-06-21"", ""2025-06-28"", ""2025-07-05"", ""2025-07-12"", ""2025-07-19"", ""2025-07-26"", ""2025-08-02"", ""2025-08-09"", ""2025-08-16"", ""2025-08-23"", ""2025-08-30"", ""2025-09-06"", ""2025-09-13"", ""2025-09-20"", ""2025-09-27"", ""2025-10-04"", ""2025-10-11"", ""2025-10-18"", ""2025-10-25"", ""2025-11-01"", ""2025-11-08"", ""2025-11-15"", ""2025-11-22"", ""2025-11-29"", ""2025-12-06""]",7056,2025-01-04 00:00:00,2025-12-07,2025-12-07,0,346,none,False
Load:B0:2025-12-14,Load,B0,2025-12-14,2,"[""2025-12-13""]",1,2025-12-13 23:50:00,2025-12-14,2025-12-14,0,347,none,False
Load:B1:2025-12-14,Load,B1,2025-12-14,2,"[""2025-12-13""]",144,2025-12-13 00:00:00,2025-12-14,2025-12-14,0,347,none,False
Load:B2:2025-12-14,Load,B2,2025-12-14,2,"[""2025-12-07""]",144,2025-12-07 00:00:00,2025-12-08,2025-12-08,0,347,none,False
Load:B3:2025-12-14,Load,B3,2025-12-14,2,"[""2025-12-07"", ""2025-12-08"", ""2025-12-09"", ""2025-12-10"", ""2025-12-11"", ""2025-12-12"", ""2025-12-13""]",1008,2025-12-07 00:00:00,2025-12-14,2025-12-14,0,347,none,False
Load:B4:2025-12-14,Load,B4,2025-12-14,2,"[""2025-01-05"", ""2025-01-12"", ""2025-01-19"", ""2025-01-26"", ""2025-02-02"", ""2025-02-09"", ""2025-02-16"", ""2025-02-23"", ""2025-03-02"", ""2025-03-09"", ""2025-03-16"", ""2025-03-23"", ""2025-03-30"", ""2025-04-06"", ""2025-04-13"", ""2025-04-20"", ""2025-04-27"", ""2025-05-04"", ""2025-05-11"", ""2025-05-18"", ""2025-05-25"", ""2025-06-01"", ""2025-06-08"", ""2025-06-15"", ""2025-06-22"", ""2025-06-29"", ""2025-07-06"", ""2025-07-13"", ""2025-07-20"", ""2025-07-27"", ""2025-08-03"", ""2025-08-10"", ""2025-08-17"", ""2025-08-24"", ""2025-08-31"", ""2025-09-07"", ""2025-09-14"", ""2025-09-21"", ""2025-09-28"", ""2025-10-05"", ""2025-10-12"", ""2025-10-19"", ""2025-10-26"", ""2025-11-02"", ""2025-11-09"", ""2025-11-16"", ""2025-11-23"", ""2025-11-30"", ""2025-12-07""]",7056,2025-01-05 00:00:00,2025-12-08,2025-12-08,0,347,none,False
PV:B0:2025-12-14,PV,B0,2025-12-14,2,"[""2025-12-13""]",1,2025-12-13 23:50:00,2025-12-14,2025-12-14,0,347,none,False
PV:B1:2025-12-14,PV,B1,2025-12-14,2,"[""2025-12-13""]",144,2025-12-13 00:00:00,2025-12-14,2025-12-14,0,347,none,False
PV:B2:2025-12-14,PV,B2,2025-12-14,2,"[""2025-12-07""]",144,2025-12-07 00:00:00,2025-12-08,2025-12-08,0,347,none,False
PV:B3:2025-12-14,PV,B3,2025-12-14,2,"[""2025-12-07"", ""2025-12-08"", ""2025-12-09"", ""2025-12-10"", ""2025-12-11"", ""2025-12-12"", ""2025-12-13""]",1008,2025-12-07 00:00:00,2025-12-14,2025-12-14,0,347,none,False
PV:B4:2025-12-14,PV,B4,2025-12-14,2,"[""2025-01-05"", ""2025-01-12"", ""2025-01-19"", ""2025-01-26"", ""2025-02-02"", ""2025-02-09"", ""2025-02-16"", ""2025-02-23"", ""2025-03-02"", ""2025-03-09"", ""2025-03-16"", ""2025-03-23"", ""2025-03-30"", ""2025-04-06"", ""2025-04-13"", ""2025-04-20"", ""2025-04-27"", ""2025-05-04"", ""2025-05-11"", ""2025-05-18"", ""2025-05-25"", ""2025-06-01"", ""2025-06-08"", ""2025-06-15"", ""2025-06-22"", ""2025-06-29"", ""2025-07-06"", ""2025-07-13"", ""2025-07-20"", ""2025-07-27"", ""2025-08-03"", ""2025-08-10"", ""2025-08-17"", ""2025-08-24"", ""2025-08-31"", ""2025-09-07"", ""2025-09-14"", ""2025-09-21"", ""2025-09-28"", ""2025-10-05"", ""2025-10-12"", ""2025-10-19"", ""2025-10-26"", ""2025-11-02"", ""2025-11-09"", ""2025-11-16"", ""2025-11-23"", ""2025-11-30"", ""2025-12-07""]",7056,2025-01-05 00:00:00,2025-12-08,2025-12-08,0,347,none,False
Load:B0:2025-12-15,Load,B0,2025-12-15,2,"[""2025-12-14""]",1,2025-12-14 23:50:00,2025-12-15,2025-12-15,0,348,none,False
Load:B1:2025-12-15,Load,B1,2025-12-15,2,"[""2025-12-14""]",144,2025-12-14 00:00:00,2025-12-15,2025-12-15,0,348,none,False
Load:B2:2025-12-15,Load,B2,2025-12-15,2,"[""2025-12-08""]",144,2025-12-08 00:00:00,2025-12-09,2025-12-09,0,348,none,False
Load:B3:2025-12-15,Load,B3,2025-12-15,2,"[""2025-12-08"", ""2025-12-09"", ""2025-12-10"", ""2025-12-11"", ""2025-12-12"", ""2025-12-13"", ""2025-12-14""]",1008,2025-12-08 00:00:00,2025-12-15,2025-12-15,0,348,none,False
Load:B4:2025-12-15,Load,B4,2025-12-15,2,"[""2025-01-06"", ""2025-01-13"", ""2025-01-20"", ""2025-01-27"", ""2025-02-03"", ""2025-02-10"", ""2025-02-17"", ""2025-02-24"", ""2025-03-03"", ""2025-03-10"", ""2025-03-17"", ""2025-03-24"", ""2025-03-31"", ""2025-04-07"", ""2025-04-14"", ""2025-04-21"", ""2025-04-28"", ""2025-05-05"", ""2025-05-12"", ""2025-05-19"", ""2025-05-26"", ""2025-06-02"", ""2025-06-09"", ""2025-06-16"", ""2025-06-23"", ""2025-06-30"", ""2025-07-07"", ""2025-07-14"", ""2025-07-21"", ""2025-07-28"", ""2025-08-04"", ""2025-08-11"", ""2025-08-18"", ""2025-08-25"", ""2025-09-01"", ""2025-09-08"", ""2025-09-15"", ""2025-09-22"", ""2025-09-29"", ""2025-10-06"", ""2025-10-13"", ""2025-10-20"", ""2025-10-27"", ""2025-11-03"", ""2025-11-10"", ""2025-11-17"", ""2025-11-24"", ""2025-12-01"", ""2025-12-08""]",7056,2025-01-06 00:00:00,2025-12-09,2025-12-09,0,348,none,False
PV:B0:2025-12-15,PV,B0,2025-12-15,2,"[""2025-12-14""]",1,2025-12-14 23:50:00,2025-12-15,2025-12-15,0,348,none,False
PV:B1:2025-12-15,PV,B1,2025-12-15,2,"[""2025-12-14""]",144,2025-12-14 00:00:00,2025-12-15,2025-12-15,0,348,none,False
PV:B2:2025-12-15,PV,B2,2025-12-15,2,"[""2025-12-08""]",144,2025-12-08 00:00:00,2025-12-09,2025-12-09,0,348,none,False
PV:B3:2025-12-15,PV,B3,2025-12-15,2,"[""2025-12-08"", ""2025-12-09"", ""2025-12-10"", ""2025-12-11"", ""2025-12-12"", ""2025-12-13"", ""2025-12-14""]",1008,2025-12-08 00:00:00,2025-12-15,2025-12-15,0,348,none,False
PV:B4:2025-12-15,PV,B4,2025-12-15,2,"[""2025-01-06"", ""2025-01-13"", ""2025-01-20"", ""2025-01-27"", ""2025-02-03"", ""2025-02-10"", ""2025-02-17"", ""2025-02-24"", ""2025-03-03"", ""2025-03-10"", ""2025-03-17"", ""2025-03-24"", ""2025-03-31"", ""2025-04-07"", ""2025-04-14"", ""2025-04-21"", ""2025-04-28"", ""2025-05-05"", ""2025-05-12"", ""2025-05-19"", ""2025-05-26"", ""2025-06-02"", ""2025-06-09"", ""2025-06-16"", ""2025-06-23"", ""2025-06-30"", ""2025-07-07"", ""2025-07-14"", ""2025-07-21"", ""2025-07-28"", ""2025-08-04"", ""2025-08-11"", ""2025-08-18"", ""2025-08-25"", ""2025-09-01"", ""2025-09-08"", ""2025-09-15"", ""2025-09-22"", ""2025-09-29"", ""2025-10-06"", ""2025-10-13"", ""2025-10-20"", ""2025-10-27"", ""2025-11-03"", ""2025-11-10"", ""2025-11-17"", ""2025-11-24"", ""2025-12-01"", ""2025-12-08""]",7056,2025-01-06 00:00:00,2025-12-09,2025-12-09,0,348,none,False
Load:B0:2025-12-16,Load,B0,2025-12-16,2,"[""2025-12-15""]",1,2025-12-15 23:50:00,2025-12-16,2025-12-16,0,349,none,False
Load:B1:2025-12-16,Load,B1,2025-12-16,2,"[""2025-12-15""]",144,2025-12-15 00:00:00,2025-12-16,2025-12-16,0,349,none,False
Load:B2:2025-12-16,Load,B2,2025-12-16,2,"[""2025-12-09""]",144,2025-12-09 00:00:00,2025-12-10,2025-12-10,0,349,none,False
Load:B3:2025-12-16,Load,B3,2025-12-16,2,"[""2025-12-09"", ""2025-12-10"", ""2025-12-11"", ""2025-12-12"", ""2025-12-13"", ""2025-12-14"", ""2025-12-15""]",1008,2025-12-09 00:00:00,2025-12-16,2025-12-16,0,349,none,False
Load:B4:2025-12-16,Load,B4,2025-12-16,2,"[""2025-01-07"", ""2025-01-14"", ""2025-01-21"", ""2025-01-28"", ""2025-02-04"", ""2025-02-11"", ""2025-02-18"", ""2025-02-25"", ""2025-03-04"", ""2025-03-11"", ""2025-03-18"", ""2025-03-25"", ""2025-04-01"", ""2025-04-08"", ""2025-04-15"", ""2025-04-22"", ""2025-04-29"", ""2025-05-06"", ""2025-05-13"", ""2025-05-20"", ""2025-05-27"", ""2025-06-03"", ""2025-06-10"", ""2025-06-17"", ""2025-06-24"", ""2025-07-01"", ""2025-07-08"", ""2025-07-15"", ""2025-07-22"", ""2025-07-29"", ""2025-08-05"", ""2025-08-12"", ""2025-08-19"", ""2025-08-26"", ""2025-09-02"", ""2025-09-09"", ""2025-09-16"", ""2025-09-23"", ""2025-09-30"", ""2025-10-07"", ""2025-10-14"", ""2025-10-21"", ""2025-10-28"", ""2025-11-04"", ""2025-11-11"", ""2025-11-18"", ""2025-11-25"", ""2025-12-02"", ""2025-12-09""]",7056,2025-01-07 00:00:00,2025-12-10,2025-12-10,0,349,none,False
PV:B0:2025-12-16,PV,B0,2025-12-16,2,"[""2025-12-15""]",1,2025-12-15 23:50:00,2025-12-16,2025-12-16,0,349,none,False
PV:B1:2025-12-16,PV,B1,2025-12-16,2,"[""2025-12-15""]",144,2025-12-15 00:00:00,2025-12-16,2025-12-16,0,349,none,False
PV:B2:2025-12-16,PV,B2,2025-12-16,2,"[""2025-12-09""]",144,2025-12-09 00:00:00,2025-12-10,2025-12-10,0,349,none,False
PV:B3:2025-12-16,PV,B3,2025-12-16,2,"[""2025-12-09"", ""2025-12-10"", ""2025-12-11"", ""2025-12-12"", ""2025-12-13"", ""2025-12-14"", ""2025-12-15""]",1008,2025-12-09 00:00:00,2025-12-16,2025-12-16,0,349,none,False
PV:B4:2025-12-16,PV,B4,2025-12-16,2,"[""2025-01-07"", ""2025-01-14"", ""2025-01-21"", ""2025-01-28"", ""2025-02-04"", ""2025-02-11"", ""2025-02-18"", ""2025-02-25"", ""2025-03-04"", ""2025-03-11"", ""2025-03-18"", ""2025-03-25"", ""2025-04-01"", ""2025-04-08"", ""2025-04-15"", ""2025-04-22"", ""2025-04-29"", ""2025-05-06"", ""2025-05-13"", ""2025-05-20"", ""2025-05-27"", ""2025-06-03"", ""2025-06-10"", ""2025-06-17"", ""2025-06-24"", ""2025-07-01"", ""2025-07-08"", ""2025-07-15"", ""2025-07-22"", ""2025-07-29"", ""2025-08-05"", ""2025-08-12"", ""2025-08-19"", ""2025-08-26"", ""2025-09-02"", ""2025-09-09"", ""2025-09-16"", ""2025-09-23"", ""2025-09-30"", ""2025-10-07"", ""2025-10-14"", ""2025-10-21"", ""2025-10-28"", ""2025-11-04"", ""2025-11-11"", ""2025-11-18"", ""2025-11-25"", ""2025-12-02"", ""2025-12-09""]",7056,2025-01-07 00:00:00,2025-12-10,2025-12-10,0,349,none,False
Load:B0:2025-12-17,Load,B0,2025-12-17,2,"[""2025-12-16""]",1,2025-12-16 23:50:00,2025-12-17,2025-12-17,0,350,none,False
Load:B1:2025-12-17,Load,B1,2025-12-17,2,"[""2025-12-16""]",144,2025-12-16 00:00:00,2025-12-17,2025-12-17,0,350,none,False
Load:B2:2025-12-17,Load,B2,2025-12-17,2,"[""2025-12-10""]",144,2025-12-10 00:00:00,2025-12-11,2025-12-11,0,350,none,False
Load:B3:2025-12-17,Load,B3,2025-12-17,2,"[""2025-12-10"", ""2025-12-11"", ""2025-12-12"", ""2025-12-13"", ""2025-12-14"", ""2025-12-15"", ""2025-12-16""]",1008,2025-12-10 00:00:00,2025-12-17,2025-12-17,0,350,none,False
Load:B4:2025-12-17,Load,B4,2025-12-17,2,"[""2025-01-01"", ""2025-01-08"", ""2025-01-15"", ""2025-01-22"", ""2025-01-29"", ""2025-02-05"", ""2025-02-12"", ""2025-02-19"", ""2025-02-26"", ""2025-03-05"", ""2025-03-12"", ""2025-03-19"", ""2025-03-26"", ""2025-04-02"", ""2025-04-09"", ""2025-04-16"", ""2025-04-23"", ""2025-04-30"", ""2025-05-07"", ""2025-05-14"", ""2025-05-21"", ""2025-05-28"", ""2025-06-04"", ""2025-06-11"", ""2025-06-18"", ""2025-06-25"", ""2025-07-02"", ""2025-07-09"", ""2025-07-16"", ""2025-07-23"", ""2025-07-30"", ""2025-08-06"", ""2025-08-13"", ""2025-08-20"", ""2025-08-27"", ""2025-09-03"", ""2025-09-10"", ""2025-09-17"", ""2025-09-24"", ""2025-10-01"", ""2025-10-08"", ""2025-10-15"", ""2025-10-22"", ""2025-10-29"", ""2025-11-05"", ""2025-11-12"", ""2025-11-19"", ""2025-11-26"", ""2025-12-03"", ""2025-12-10""]",7200,2025-01-01 00:00:00,2025-12-11,2025-12-11,0,350,none,False
PV:B0:2025-12-17,PV,B0,2025-12-17,2,"[""2025-12-16""]",1,2025-12-16 23:50:00,2025-12-17,2025-12-17,0,350,none,False
PV:B1:2025-12-17,PV,B1,2025-12-17,2,"[""2025-12-16""]",144,2025-12-16 00:00:00,2025-12-17,2025-12-17,0,350,none,False
PV:B2:2025-12-17,PV,B2,2025-12-17,2,"[""2025-12-10""]",144,2025-12-10 00:00:00,2025-12-11,2025-12-11,0,350,none,False
PV:B3:2025-12-17,PV,B3,2025-12-17,2,"[""2025-12-10"", ""2025-12-11"", ""2025-12-12"", ""2025-12-13"", ""2025-12-14"", ""2025-12-15"", ""2025-12-16""]",1008,2025-12-10 00:00:00,2025-12-17,2025-12-17,0,350,none,False
PV:B4:2025-12-17,PV,B4,2025-12-17,2,"[""2025-01-01"", ""2025-01-08"", ""2025-01-15"", ""2025-01-22"", ""2025-01-29"", ""2025-02-05"", ""2025-02-12"", ""2025-02-19"", ""2025-02-26"", ""2025-03-05"", ""2025-03-12"", ""2025-03-19"", ""2025-03-26"", ""2025-04-02"", ""2025-04-09"", ""2025-04-16"", ""2025-04-23"", ""2025-04-30"", ""2025-05-07"", ""2025-05-14"", ""2025-05-21"", ""2025-05-28"", ""2025-06-04"", ""2025-06-11"", ""2025-06-18"", ""2025-06-25"", ""2025-07-02"", ""2025-07-09"", ""2025-07-16"", ""2025-07-23"", ""2025-07-30"", ""2025-08-06"", ""2025-08-13"", ""2025-08-20"", ""2025-08-27"", ""2025-09-03"", ""2025-09-10"", ""2025-09-17"", ""2025-09-24"", ""2025-10-01"", ""2025-10-08"", ""2025-10-15"", ""2025-10-22"", ""2025-10-29"", ""2025-11-05"", ""2025-11-12"", ""2025-11-19"", ""2025-11-26"", ""2025-12-03"", ""2025-12-10""]",7200,2025-01-01 00:00:00,2025-12-11,2025-12-11,0,350,none,False
Load:B0:2025-12-18,Load,B0,2025-12-18,2,"[""2025-12-17""]",1,2025-12-17 23:50:00,2025-12-18,2025-12-18,0,351,none,False
Load:B1:2025-12-18,Load,B1,2025-12-18,2,"[""2025-12-17""]",144,2025-12-17 00:00:00,2025-12-18,2025-12-18,0,351,none,False
Load:B2:2025-12-18,Load,B2,2025-12-18,2,"[""2025-12-11""]",144,2025-12-11 00:00:00,2025-12-12,2025-12-12,0,351,none,False
Load:B3:2025-12-18,Load,B3,2025-12-18,2,"[""2025-12-11"", ""2025-12-12"", ""2025-12-13"", ""2025-12-14"", ""2025-12-15"", ""2025-12-16"", ""2025-12-17""]",1008,2025-12-11 00:00:00,2025-12-18,2025-12-18,0,351,none,False
Load:B4:2025-12-18,Load,B4,2025-12-18,2,"[""2025-01-02"", ""2025-01-09"", ""2025-01-16"", ""2025-01-23"", ""2025-01-30"", ""2025-02-06"", ""2025-02-13"", ""2025-02-20"", ""2025-02-27"", ""2025-03-06"", ""2025-03-13"", ""2025-03-20"", ""2025-03-27"", ""2025-04-03"", ""2025-04-10"", ""2025-04-17"", ""2025-04-24"", ""2025-05-01"", ""2025-05-08"", ""2025-05-15"", ""2025-05-22"", ""2025-05-29"", ""2025-06-05"", ""2025-06-12"", ""2025-06-19"", ""2025-06-26"", ""2025-07-03"", ""2025-07-10"", ""2025-07-17"", ""2025-07-24"", ""2025-07-31"", ""2025-08-07"", ""2025-08-14"", ""2025-08-21"", ""2025-08-28"", ""2025-09-04"", ""2025-09-11"", ""2025-09-18"", ""2025-09-25"", ""2025-10-02"", ""2025-10-09"", ""2025-10-16"", ""2025-10-23"", ""2025-10-30"", ""2025-11-06"", ""2025-11-13"", ""2025-11-20"", ""2025-11-27"", ""2025-12-04"", ""2025-12-11""]",7200,2025-01-02 00:00:00,2025-12-12,2025-12-12,0,351,none,False
PV:B0:2025-12-18,PV,B0,2025-12-18,2,"[""2025-12-17""]",1,2025-12-17 23:50:00,2025-12-18,2025-12-18,0,351,none,False
PV:B1:2025-12-18,PV,B1,2025-12-18,2,"[""2025-12-17""]",144,2025-12-17 00:00:00,2025-12-18,2025-12-18,0,351,none,False
PV:B2:2025-12-18,PV,B2,2025-12-18,2,"[""2025-12-11""]",144,2025-12-11 00:00:00,2025-12-12,2025-12-12,0,351,none,False
PV:B3:2025-12-18,PV,B3,2025-12-18,2,"[""2025-12-11"", ""2025-12-12"", ""2025-12-13"", ""2025-12-14"", ""2025-12-15"", ""2025-12-16"", ""2025-12-17""]",1008,2025-12-11 00:00:00,2025-12-18,2025-12-18,0,351,none,False
PV:B4:2025-12-18,PV,B4,2025-12-18,2,"[""2025-01-02"", ""2025-01-09"", ""2025-01-16"", ""2025-01-23"", ""2025-01-30"", ""2025-02-06"", ""2025-02-13"", ""2025-02-20"", ""2025-02-27"", ""2025-03-06"", ""2025-03-13"", ""2025-03-20"", ""2025-03-27"", ""2025-04-03"", ""2025-04-10"", ""2025-04-17"", ""2025-04-24"", ""2025-05-01"", ""2025-05-08"", ""2025-05-15"", ""2025-05-22"", ""2025-05-29"", ""2025-06-05"", ""2025-06-12"", ""2025-06-19"", ""2025-06-26"", ""2025-07-03"", ""2025-07-10"", ""2025-07-17"", ""2025-07-24"", ""2025-07-31"", ""2025-08-07"", ""2025-08-14"", ""2025-08-21"", ""2025-08-28"", ""2025-09-04"", ""2025-09-11"", ""2025-09-18"", ""2025-09-25"", ""2025-10-02"", ""2025-10-09"", ""2025-10-16"", ""2025-10-23"", ""2025-10-30"", ""2025-11-06"", ""2025-11-13"", ""2025-11-20"", ""2025-11-27"", ""2025-12-04"", ""2025-12-11""]",7200,2025-01-02 00:00:00,2025-12-12,2025-12-12,0,351,none,False
Load:B0:2025-12-19,Load,B0,2025-12-19,2,"[""2025-12-18""]",1,2025-12-18 23:50:00,2025-12-19,2025-12-19,0,352,none,False
Load:B1:2025-12-19,Load,B1,2025-12-19,2,"[""2025-12-18""]",144,2025-12-18 00:00:00,2025-12-19,2025-12-19,0,352,none,False
Load:B2:2025-12-19,Load,B2,2025-12-19,2,"[""2025-12-12""]",144,2025-12-12 00:00:00,2025-12-13,2025-12-13,0,352,none,False
Load:B3:2025-12-19,Load,B3,2025-12-19,2,"[""2025-12-12"", ""2025-12-13"", ""2025-12-14"", ""2025-12-15"", ""2025-12-16"", ""2025-12-17"", ""2025-12-18""]",1008,2025-12-12 00:00:00,2025-12-19,2025-12-19,0,352,none,False
Load:B4:2025-12-19,Load,B4,2025-12-19,2,"[""2025-01-03"", ""2025-01-10"", ""2025-01-17"", ""2025-01-24"", ""2025-01-31"", ""2025-02-07"", ""2025-02-14"", ""2025-02-21"", ""2025-02-28"", ""2025-03-07"", ""2025-03-14"", ""2025-03-21"", ""2025-03-28"", ""2025-04-04"", ""2025-04-11"", ""2025-04-18"", ""2025-04-25"", ""2025-05-02"", ""2025-05-09"", ""2025-05-16"", ""2025-05-23"", ""2025-05-30"", ""2025-06-06"", ""2025-06-13"", ""2025-06-20"", ""2025-06-27"", ""2025-07-04"", ""2025-07-11"", ""2025-07-18"", ""2025-07-25"", ""2025-08-01"", ""2025-08-08"", ""2025-08-15"", ""2025-08-22"", ""2025-08-29"", ""2025-09-05"", ""2025-09-12"", ""2025-09-19"", ""2025-09-26"", ""2025-10-03"", ""2025-10-10"", ""2025-10-17"", ""2025-10-24"", ""2025-10-31"", ""2025-11-07"", ""2025-11-14"", ""2025-11-21"", ""2025-11-28"", ""2025-12-05"", ""2025-12-12""]",7200,2025-01-03 00:00:00,2025-12-13,2025-12-13,0,352,none,False
PV:B0:2025-12-19,PV,B0,2025-12-19,2,"[""2025-12-18""]",1,2025-12-18 23:50:00,2025-12-19,2025-12-19,0,352,none,False
PV:B1:2025-12-19,PV,B1,2025-12-19,2,"[""2025-12-18""]",144,2025-12-18 00:00:00,2025-12-19,2025-12-19,0,352,none,False
PV:B2:2025-12-19,PV,B2,2025-12-19,2,"[""2025-12-12""]",144,2025-12-12 00:00:00,2025-12-13,2025-12-13,0,352,none,False
PV:B3:2025-12-19,PV,B3,2025-12-19,2,"[""2025-12-12"", ""2025-12-13"", ""2025-12-14"", ""2025-12-15"", ""2025-12-16"", ""2025-12-17"", ""2025-12-18""]",1008,2025-12-12 00:00:00,2025-12-19,2025-12-19,0,352,none,False
PV:B4:2025-12-19,PV,B4,2025-12-19,2,"[""2025-01-03"", ""2025-01-10"", ""2025-01-17"", ""2025-01-24"", ""2025-01-31"", ""2025-02-07"", ""2025-02-14"", ""2025-02-21"", ""2025-02-28"", ""2025-03-07"", ""2025-03-14"", ""2025-03-21"", ""2025-03-28"", ""2025-04-04"", ""2025-04-11"", ""2025-04-18"", ""2025-04-25"", ""2025-05-02"", ""2025-05-09"", ""2025-05-16"", ""2025-05-23"", ""2025-05-30"", ""2025-06-06"", ""2025-06-13"", ""2025-06-20"", ""2025-06-27"", ""2025-07-04"", ""2025-07-11"", ""2025-07-18"", ""2025-07-25"", ""2025-08-01"", ""2025-08-08"", ""2025-08-15"", ""2025-08-22"", ""2025-08-29"", ""2025-09-05"", ""2025-09-12"", ""2025-09-19"", ""2025-09-26"", ""2025-10-03"", ""2025-10-10"", ""2025-10-17"", ""2025-10-24"", ""2025-10-31"", ""2025-11-07"", ""2025-11-14"", ""2025-11-21"", ""2025-11-28"", ""2025-12-05"", ""2025-12-12""]",7200,2025-01-03 00:00:00,2025-12-13,2025-12-13,0,352,none,False
Load:B0:2025-12-20,Load,B0,2025-12-20,2,"[""2025-12-19""]",1,2025-12-19 23:50:00,2025-12-20,2025-12-20,0,353,none,False
Load:B1:2025-12-20,Load,B1,2025-12-20,2,"[""2025-12-19""]",144,2025-12-19 00:00:00,2025-12-20,2025-12-20,0,353,none,False
Load:B2:2025-12-20,Load,B2,2025-12-20,2,"[""2025-12-13""]",144,2025-12-13 00:00:00,2025-12-14,2025-12-14,0,353,none,False
Load:B3:2025-12-20,Load,B3,2025-12-20,2,"[""2025-12-13"", ""2025-12-14"", ""2025-12-15"", ""2025-12-16"", ""2025-12-17"", ""2025-12-18"", ""2025-12-19""]",1008,2025-12-13 00:00:00,2025-12-20,2025-12-20,0,353,none,False
Load:B4:2025-12-20,Load,B4,2025-12-20,2,"[""2025-01-04"", ""2025-01-11"", ""2025-01-18"", ""2025-01-25"", ""2025-02-01"", ""2025-02-08"", ""2025-02-15"", ""2025-02-22"", ""2025-03-01"", ""2025-03-08"", ""2025-03-15"", ""2025-03-22"", ""2025-03-29"", ""2025-04-05"", ""2025-04-12"", ""2025-04-19"", ""2025-04-26"", ""2025-05-03"", ""2025-05-10"", ""2025-05-17"", ""2025-05-24"", ""2025-05-31"", ""2025-06-07"", ""2025-06-14"", ""2025-06-21"", ""2025-06-28"", ""2025-07-05"", ""2025-07-12"", ""2025-07-19"", ""2025-07-26"", ""2025-08-02"", ""2025-08-09"", ""2025-08-16"", ""2025-08-23"", ""2025-08-30"", ""2025-09-06"", ""2025-09-13"", ""2025-09-20"", ""2025-09-27"", ""2025-10-04"", ""2025-10-11"", ""2025-10-18"", ""2025-10-25"", ""2025-11-01"", ""2025-11-08"", ""2025-11-15"", ""2025-11-22"", ""2025-11-29"", ""2025-12-06"", ""2025-12-13""]",7200,2025-01-04 00:00:00,2025-12-14,2025-12-14,0,353,none,False
PV:B0:2025-12-20,PV,B0,2025-12-20,2,"[""2025-12-19""]",1,2025-12-19 23:50:00,2025-12-20,2025-12-20,0,353,none,False
PV:B1:2025-12-20,PV,B1,2025-12-20,2,"[""2025-12-19""]",144,2025-12-19 00:00:00,2025-12-20,2025-12-20,0,353,none,False
PV:B2:2025-12-20,PV,B2,2025-12-20,2,"[""2025-12-13""]",144,2025-12-13 00:00:00,2025-12-14,2025-12-14,0,353,none,False
PV:B3:2025-12-20,PV,B3,2025-12-20,2,"[""2025-12-13"", ""2025-12-14"", ""2025-12-15"", ""2025-12-16"", ""2025-12-17"", ""2025-12-18"", ""2025-12-19""]",1008,2025-12-13 00:00:00,2025-12-20,2025-12-20,0,353,none,False
PV:B4:2025-12-20,PV,B4,2025-12-20,2,"[""2025-01-04"", ""2025-01-11"", ""2025-01-18"", ""2025-01-25"", ""2025-02-01"", ""2025-02-08"", ""2025-02-15"", ""2025-02-22"", ""2025-03-01"", ""2025-03-08"", ""2025-03-15"", ""2025-03-22"", ""2025-03-29"", ""2025-04-05"", ""2025-04-12"", ""2025-04-19"", ""2025-04-26"", ""2025-05-03"", ""2025-05-10"", ""2025-05-17"", ""2025-05-24"", ""2025-05-31"", ""2025-06-07"", ""2025-06-14"", ""2025-06-21"", ""2025-06-28"", ""2025-07-05"", ""2025-07-12"", ""2025-07-19"", ""2025-07-26"", ""2025-08-02"", ""2025-08-09"", ""2025-08-16"", ""2025-08-23"", ""2025-08-30"", ""2025-09-06"", ""2025-09-13"", ""2025-09-20"", ""2025-09-27"", ""2025-10-04"", ""2025-10-11"", ""2025-10-18"", ""2025-10-25"", ""2025-11-01"", ""2025-11-08"", ""2025-11-15"", ""2025-11-22"", ""2025-11-29"", ""2025-12-06"", ""2025-12-13""]",7200,2025-01-04 00:00:00,2025-12-14,2025-12-14,0,353,none,False
Load:B0:2025-12-21,Load,B0,2025-12-21,2,"[""2025-12-20""]",1,2025-12-20 23:50:00,2025-12-21,2025-12-21,0,354,none,False
Load:B1:2025-12-21,Load,B1,2025-12-21,2,"[""2025-12-20""]",144,2025-12-20 00:00:00,2025-12-21,2025-12-21,0,354,none,False
Load:B2:2025-12-21,Load,B2,2025-12-21,2,"[""2025-12-14""]",144,2025-12-14 00:00:00,2025-12-15,2025-12-15,0,354,none,False
Load:B3:2025-12-21,Load,B3,2025-12-21,2,"[""2025-12-14"", ""2025-12-15"", ""2025-12-16"", ""2025-12-17"", ""2025-12-18"", ""2025-12-19"", ""2025-12-20""]",1008,2025-12-14 00:00:00,2025-12-21,2025-12-21,0,354,none,False
Load:B4:2025-12-21,Load,B4,2025-12-21,2,"[""2025-01-05"", ""2025-01-12"", ""2025-01-19"", ""2025-01-26"", ""2025-02-02"", ""2025-02-09"", ""2025-02-16"", ""2025-02-23"", ""2025-03-02"", ""2025-03-09"", ""2025-03-16"", ""2025-03-23"", ""2025-03-30"", ""2025-04-06"", ""2025-04-13"", ""2025-04-20"", ""2025-04-27"", ""2025-05-04"", ""2025-05-11"", ""2025-05-18"", ""2025-05-25"", ""2025-06-01"", ""2025-06-08"", ""2025-06-15"", ""2025-06-22"", ""2025-06-29"", ""2025-07-06"", ""2025-07-13"", ""2025-07-20"", ""2025-07-27"", ""2025-08-03"", ""2025-08-10"", ""2025-08-17"", ""2025-08-24"", ""2025-08-31"", ""2025-09-07"", ""2025-09-14"", ""2025-09-21"", ""2025-09-28"", ""2025-10-05"", ""2025-10-12"", ""2025-10-19"", ""2025-10-26"", ""2025-11-02"", ""2025-11-09"", ""2025-11-16"", ""2025-11-23"", ""2025-11-30"", ""2025-12-07"", ""2025-12-14""]",7200,2025-01-05 00:00:00,2025-12-15,2025-12-15,0,354,none,False
PV:B0:2025-12-21,PV,B0,2025-12-21,2,"[""2025-12-20""]",1,2025-12-20 23:50:00,2025-12-21,2025-12-21,0,354,none,False
PV:B1:2025-12-21,PV,B1,2025-12-21,2,"[""2025-12-20""]",144,2025-12-20 00:00:00,2025-12-21,2025-12-21,0,354,none,False
PV:B2:2025-12-21,PV,B2,2025-12-21,2,"[""2025-12-14""]",144,2025-12-14 00:00:00,2025-12-15,2025-12-15,0,354,none,False
PV:B3:2025-12-21,PV,B3,2025-12-21,2,"[""2025-12-14"", ""2025-12-15"", ""2025-12-16"", ""2025-12-17"", ""2025-12-18"", ""2025-12-19"", ""2025-12-20""]",1008,2025-12-14 00:00:00,2025-12-21,2025-12-21,0,354,none,False
PV:B4:2025-12-21,PV,B4,2025-12-21,2,"[""2025-01-05"", ""2025-01-12"", ""2025-01-19"", ""2025-01-26"", ""2025-02-02"", ""2025-02-09"", ""2025-02-16"", ""2025-02-23"", ""2025-03-02"", ""2025-03-09"", ""2025-03-16"", ""2025-03-23"", ""2025-03-30"", ""2025-04-06"", ""2025-04-13"", ""2025-04-20"", ""2025-04-27"", ""2025-05-04"", ""2025-05-11"", ""2025-05-18"", ""2025-05-25"", ""2025-06-01"", ""2025-06-08"", ""2025-06-15"", ""2025-06-22"", ""2025-06-29"", ""2025-07-06"", ""2025-07-13"", ""2025-07-20"", ""2025-07-27"", ""2025-08-03"", ""2025-08-10"", ""2025-08-17"", ""2025-08-24"", ""2025-08-31"", ""2025-09-07"", ""2025-09-14"", ""2025-09-21"", ""2025-09-28"", ""2025-10-05"", ""2025-10-12"", ""2025-10-19"", ""2025-10-26"", ""2025-11-02"", ""2025-11-09"", ""2025-11-16"", ""2025-11-23"", ""2025-11-30"", ""2025-12-07"", ""2025-12-14""]",7200,2025-01-05 00:00:00,2025-12-15,2025-12-15,0,354,none,False
Load:B0:2025-12-22,Load,B0,2025-12-22,2,"[""2025-12-21""]",1,2025-12-21 23:50:00,2025-12-22,2025-12-22,0,355,none,False
Load:B1:2025-12-22,Load,B1,2025-12-22,2,"[""2025-12-21""]",144,2025-12-21 00:00:00,2025-12-22,2025-12-22,0,355,none,False
Load:B2:2025-12-22,Load,B2,2025-12-22,2,"[""2025-12-15""]",144,2025-12-15 00:00:00,2025-12-16,2025-12-16,0,355,none,False
Load:B3:2025-12-22,Load,B3,2025-12-22,2,"[""2025-12-15"", ""2025-12-16"", ""2025-12-17"", ""2025-12-18"", ""2025-12-19"", ""2025-12-20"", ""2025-12-21""]",1008,2025-12-15 00:00:00,2025-12-22,2025-12-22,0,355,none,False
Load:B4:2025-12-22,Load,B4,2025-12-22,2,"[""2025-01-06"", ""2025-01-13"", ""2025-01-20"", ""2025-01-27"", ""2025-02-03"", ""2025-02-10"", ""2025-02-17"", ""2025-02-24"", ""2025-03-03"", ""2025-03-10"", ""2025-03-17"", ""2025-03-24"", ""2025-03-31"", ""2025-04-07"", ""2025-04-14"", ""2025-04-21"", ""2025-04-28"", ""2025-05-05"", ""2025-05-12"", ""2025-05-19"", ""2025-05-26"", ""2025-06-02"", ""2025-06-09"", ""2025-06-16"", ""2025-06-23"", ""2025-06-30"", ""2025-07-07"", ""2025-07-14"", ""2025-07-21"", ""2025-07-28"", ""2025-08-04"", ""2025-08-11"", ""2025-08-18"", ""2025-08-25"", ""2025-09-01"", ""2025-09-08"", ""2025-09-15"", ""2025-09-22"", ""2025-09-29"", ""2025-10-06"", ""2025-10-13"", ""2025-10-20"", ""2025-10-27"", ""2025-11-03"", ""2025-11-10"", ""2025-11-17"", ""2025-11-24"", ""2025-12-01"", ""2025-12-08"", ""2025-12-15""]",7200,2025-01-06 00:00:00,2025-12-16,2025-12-16,0,355,none,False
PV:B0:2025-12-22,PV,B0,2025-12-22,2,"[""2025-12-21""]",1,2025-12-21 23:50:00,2025-12-22,2025-12-22,0,355,none,False
PV:B1:2025-12-22,PV,B1,2025-12-22,2,"[""2025-12-21""]",144,2025-12-21 00:00:00,2025-12-22,2025-12-22,0,355,none,False
PV:B2:2025-12-22,PV,B2,2025-12-22,2,"[""2025-12-15""]",144,2025-12-15 00:00:00,2025-12-16,2025-12-16,0,355,none,False
PV:B3:2025-12-22,PV,B3,2025-12-22,2,"[""2025-12-15"", ""2025-12-16"", ""2025-12-17"", ""2025-12-18"", ""2025-12-19"", ""2025-12-20"", ""2025-12-21""]",1008,2025-12-15 00:00:00,2025-12-22,2025-12-22,0,355,none,False
PV:B4:2025-12-22,PV,B4,2025-12-22,2,"[""2025-01-06"", ""2025-01-13"", ""2025-01-20"", ""2025-01-27"", ""2025-02-03"", ""2025-02-10"", ""2025-02-17"", ""2025-02-24"", ""2025-03-03"", ""2025-03-10"", ""2025-03-17"", ""2025-03-24"", ""2025-03-31"", ""2025-04-07"", ""2025-04-14"", ""2025-04-21"", ""2025-04-28"", ""2025-05-05"", ""2025-05-12"", ""2025-05-19"", ""2025-05-26"", ""2025-06-02"", ""2025-06-09"", ""2025-06-16"", ""2025-06-23"", ""2025-06-30"", ""2025-07-07"", ""2025-07-14"", ""2025-07-21"", ""2025-07-28"", ""2025-08-04"", ""2025-08-11"", ""2025-08-18"", ""2025-08-25"", ""2025-09-01"", ""2025-09-08"", ""2025-09-15"", ""2025-09-22"", ""2025-09-29"", ""2025-10-06"", ""2025-10-13"", ""2025-10-20"", ""2025-10-27"", ""2025-11-03"", ""2025-11-10"", ""2025-11-17"", ""2025-11-24"", ""2025-12-01"", ""2025-12-08"", ""2025-12-15""]",7200,2025-01-06 00:00:00,2025-12-16,2025-12-16,0,355,none,False
Load:B0:2025-12-23,Load,B0,2025-12-23,2,"[""2025-12-22""]",1,2025-12-22 23:50:00,2025-12-23,2025-12-23,0,356,none,False
Load:B1:2025-12-23,Load,B1,2025-12-23,2,"[""2025-12-22""]",144,2025-12-22 00:00:00,2025-12-23,2025-12-23,0,356,none,False
Load:B2:2025-12-23,Load,B2,2025-12-23,2,"[""2025-12-16""]",144,2025-12-16 00:00:00,2025-12-17,2025-12-17,0,356,none,False
Load:B3:2025-12-23,Load,B3,2025-12-23,2,"[""2025-12-16"", ""2025-12-17"", ""2025-12-18"", ""2025-12-19"", ""2025-12-20"", ""2025-12-21"", ""2025-12-22""]",1008,2025-12-16 00:00:00,2025-12-23,2025-12-23,0,356,none,False
Load:B4:2025-12-23,Load,B4,2025-12-23,2,"[""2025-01-07"", ""2025-01-14"", ""2025-01-21"", ""2025-01-28"", ""2025-02-04"", ""2025-02-11"", ""2025-02-18"", ""2025-02-25"", ""2025-03-04"", ""2025-03-11"", ""2025-03-18"", ""2025-03-25"", ""2025-04-01"", ""2025-04-08"", ""2025-04-15"", ""2025-04-22"", ""2025-04-29"", ""2025-05-06"", ""2025-05-13"", ""2025-05-20"", ""2025-05-27"", ""2025-06-03"", ""2025-06-10"", ""2025-06-17"", ""2025-06-24"", ""2025-07-01"", ""2025-07-08"", ""2025-07-15"", ""2025-07-22"", ""2025-07-29"", ""2025-08-05"", ""2025-08-12"", ""2025-08-19"", ""2025-08-26"", ""2025-09-02"", ""2025-09-09"", ""2025-09-16"", ""2025-09-23"", ""2025-09-30"", ""2025-10-07"", ""2025-10-14"", ""2025-10-21"", ""2025-10-28"", ""2025-11-04"", ""2025-11-11"", ""2025-11-18"", ""2025-11-25"", ""2025-12-02"", ""2025-12-09"", ""2025-12-16""]",7200,2025-01-07 00:00:00,2025-12-17,2025-12-17,0,356,none,False
PV:B0:2025-12-23,PV,B0,2025-12-23,2,"[""2025-12-22""]",1,2025-12-22 23:50:00,2025-12-23,2025-12-23,0,356,none,False
PV:B1:2025-12-23,PV,B1,2025-12-23,2,"[""2025-12-22""]",144,2025-12-22 00:00:00,2025-12-23,2025-12-23,0,356,none,False
PV:B2:2025-12-23,PV,B2,2025-12-23,2,"[""2025-12-16""]",144,2025-12-16 00:00:00,2025-12-17,2025-12-17,0,356,none,False
PV:B3:2025-12-23,PV,B3,2025-12-23,2,"[""2025-12-16"", ""2025-12-17"", ""2025-12-18"", ""2025-12-19"", ""2025-12-20"", ""2025-12-21"", ""2025-12-22""]",1008,2025-12-16 00:00:00,2025-12-23,2025-12-23,0,356,none,False
PV:B4:2025-12-23,PV,B4,2025-12-23,2,"[""2025-01-07"", ""2025-01-14"", ""2025-01-21"", ""2025-01-28"", ""2025-02-04"", ""2025-02-11"", ""2025-02-18"", ""2025-02-25"", ""2025-03-04"", ""2025-03-11"", ""2025-03-18"", ""2025-03-25"", ""2025-04-01"", ""2025-04-08"", ""2025-04-15"", ""2025-04-22"", ""2025-04-29"", ""2025-05-06"", ""2025-05-13"", ""2025-05-20"", ""2025-05-27"", ""2025-06-03"", ""2025-06-10"", ""2025-06-17"", ""2025-06-24"", ""2025-07-01"", ""2025-07-08"", ""2025-07-15"", ""2025-07-22"", ""2025-07-29"", ""2025-08-05"", ""2025-08-12"", ""2025-08-19"", ""2025-08-26"", ""2025-09-02"", ""2025-09-09"", ""2025-09-16"", ""2025-09-23"", ""2025-09-30"", ""2025-10-07"", ""2025-10-14"", ""2025-10-21"", ""2025-10-28"", ""2025-11-04"", ""2025-11-11"", ""2025-11-18"", ""2025-11-25"", ""2025-12-02"", ""2025-12-09"", ""2025-12-16""]",7200,2025-01-07 00:00:00,2025-12-17,2025-12-17,0,356,none,False
Load:B0:2025-12-24,Load,B0,2025-12-24,2,"[""2025-12-23""]",1,2025-12-23 23:50:00,2025-12-24,2025-12-24,0,357,none,False
Load:B1:2025-12-24,Load,B1,2025-12-24,2,"[""2025-12-23""]",144,2025-12-23 00:00:00,2025-12-24,2025-12-24,0,357,none,False
Load:B2:2025-12-24,Load,B2,2025-12-24,2,"[""2025-12-17""]",144,2025-12-17 00:00:00,2025-12-18,2025-12-18,0,357,none,False
Load:B3:2025-12-24,Load,B3,2025-12-24,2,"[""2025-12-17"", ""2025-12-18"", ""2025-12-19"", ""2025-12-20"", ""2025-12-21"", ""2025-12-22"", ""2025-12-23""]",1008,2025-12-17 00:00:00,2025-12-24,2025-12-24,0,357,none,False
Load:B4:2025-12-24,Load,B4,2025-12-24,2,"[""2025-01-01"", ""2025-01-08"", ""2025-01-15"", ""2025-01-22"", ""2025-01-29"", ""2025-02-05"", ""2025-02-12"", ""2025-02-19"", ""2025-02-26"", ""2025-03-05"", ""2025-03-12"", ""2025-03-19"", ""2025-03-26"", ""2025-04-02"", ""2025-04-09"", ""2025-04-16"", ""2025-04-23"", ""2025-04-30"", ""2025-05-07"", ""2025-05-14"", ""2025-05-21"", ""2025-05-28"", ""2025-06-04"", ""2025-06-11"", ""2025-06-18"", ""2025-06-25"", ""2025-07-02"", ""2025-07-09"", ""2025-07-16"", ""2025-07-23"", ""2025-07-30"", ""2025-08-06"", ""2025-08-13"", ""2025-08-20"", ""2025-08-27"", ""2025-09-03"", ""2025-09-10"", ""2025-09-17"", ""2025-09-24"", ""2025-10-01"", ""2025-10-08"", ""2025-10-15"", ""2025-10-22"", ""2025-10-29"", ""2025-11-05"", ""2025-11-12"", ""2025-11-19"", ""2025-11-26"", ""2025-12-03"", ""2025-12-10"", ""2025-12-17""]",7344,2025-01-01 00:00:00,2025-12-18,2025-12-18,0,357,none,False
PV:B0:2025-12-24,PV,B0,2025-12-24,2,"[""2025-12-23""]",1,2025-12-23 23:50:00,2025-12-24,2025-12-24,0,357,none,False
PV:B1:2025-12-24,PV,B1,2025-12-24,2,"[""2025-12-23""]",144,2025-12-23 00:00:00,2025-12-24,2025-12-24,0,357,none,False
PV:B2:2025-12-24,PV,B2,2025-12-24,2,"[""2025-12-17""]",144,2025-12-17 00:00:00,2025-12-18,2025-12-18,0,357,none,False
PV:B3:2025-12-24,PV,B3,2025-12-24,2,"[""2025-12-17"", ""2025-12-18"", ""2025-12-19"", ""2025-12-20"", ""2025-12-21"", ""2025-12-22"", ""2025-12-23""]",1008,2025-12-17 00:00:00,2025-12-24,2025-12-24,0,357,none,False
PV:B4:2025-12-24,PV,B4,2025-12-24,2,"[""2025-01-01"", ""2025-01-08"", ""2025-01-15"", ""2025-01-22"", ""2025-01-29"", ""2025-02-05"", ""2025-02-12"", ""2025-02-19"", ""2025-02-26"", ""2025-03-05"", ""2025-03-12"", ""2025-03-19"", ""2025-03-26"", ""2025-04-02"", ""2025-04-09"", ""2025-04-16"", ""2025-04-23"", ""2025-04-30"", ""2025-05-07"", ""2025-05-14"", ""2025-05-21"", ""2025-05-28"", ""2025-06-04"", ""2025-06-11"", ""2025-06-18"", ""2025-06-25"", ""2025-07-02"", ""2025-07-09"", ""2025-07-16"", ""2025-07-23"", ""2025-07-30"", ""2025-08-06"", ""2025-08-13"", ""2025-08-20"", ""2025-08-27"", ""2025-09-03"", ""2025-09-10"", ""2025-09-17"", ""2025-09-24"", ""2025-10-01"", ""2025-10-08"", ""2025-10-15"", ""2025-10-22"", ""2025-10-29"", ""2025-11-05"", ""2025-11-12"", ""2025-11-19"", ""2025-11-26"", ""2025-12-03"", ""2025-12-10"", ""2025-12-17""]",7344,2025-01-01 00:00:00,2025-12-18,2025-12-18,0,357,none,False
Load:B0:2025-12-25,Load,B0,2025-12-25,2,"[""2025-12-24""]",1,2025-12-24 23:50:00,2025-12-25,2025-12-25,0,358,none,False
Load:B1:2025-12-25,Load,B1,2025-12-25,2,"[""2025-12-24""]",144,2025-12-24 00:00:00,2025-12-25,2025-12-25,0,358,none,False
Load:B2:2025-12-25,Load,B2,2025-12-25,2,"[""2025-12-18""]",144,2025-12-18 00:00:00,2025-12-19,2025-12-19,0,358,none,False
Load:B3:2025-12-25,Load,B3,2025-12-25,2,"[""2025-12-18"", ""2025-12-19"", ""2025-12-20"", ""2025-12-21"", ""2025-12-22"", ""2025-12-23"", ""2025-12-24""]",1008,2025-12-18 00:00:00,2025-12-25,2025-12-25,0,358,none,False
Load:B4:2025-12-25,Load,B4,2025-12-25,2,"[""2025-01-02"", ""2025-01-09"", ""2025-01-16"", ""2025-01-23"", ""2025-01-30"", ""2025-02-06"", ""2025-02-13"", ""2025-02-20"", ""2025-02-27"", ""2025-03-06"", ""2025-03-13"", ""2025-03-20"", ""2025-03-27"", ""2025-04-03"", ""2025-04-10"", ""2025-04-17"", ""2025-04-24"", ""2025-05-01"", ""2025-05-08"", ""2025-05-15"", ""2025-05-22"", ""2025-05-29"", ""2025-06-05"", ""2025-06-12"", ""2025-06-19"", ""2025-06-26"", ""2025-07-03"", ""2025-07-10"", ""2025-07-17"", ""2025-07-24"", ""2025-07-31"", ""2025-08-07"", ""2025-08-14"", ""2025-08-21"", ""2025-08-28"", ""2025-09-04"", ""2025-09-11"", ""2025-09-18"", ""2025-09-25"", ""2025-10-02"", ""2025-10-09"", ""2025-10-16"", ""2025-10-23"", ""2025-10-30"", ""2025-11-06"", ""2025-11-13"", ""2025-11-20"", ""2025-11-27"", ""2025-12-04"", ""2025-12-11"", ""2025-12-18""]",7344,2025-01-02 00:00:00,2025-12-19,2025-12-19,0,358,none,False
PV:B0:2025-12-25,PV,B0,2025-12-25,2,"[""2025-12-24""]",1,2025-12-24 23:50:00,2025-12-25,2025-12-25,0,358,none,False
PV:B1:2025-12-25,PV,B1,2025-12-25,2,"[""2025-12-24""]",144,2025-12-24 00:00:00,2025-12-25,2025-12-25,0,358,none,False
PV:B2:2025-12-25,PV,B2,2025-12-25,2,"[""2025-12-18""]",144,2025-12-18 00:00:00,2025-12-19,2025-12-19,0,358,none,False
PV:B3:2025-12-25,PV,B3,2025-12-25,2,"[""2025-12-18"", ""2025-12-19"", ""2025-12-20"", ""2025-12-21"", ""2025-12-22"", ""2025-12-23"", ""2025-12-24""]",1008,2025-12-18 00:00:00,2025-12-25,2025-12-25,0,358,none,False
PV:B4:2025-12-25,PV,B4,2025-12-25,2,"[""2025-01-02"", ""2025-01-09"", ""2025-01-16"", ""2025-01-23"", ""2025-01-30"", ""2025-02-06"", ""2025-02-13"", ""2025-02-20"", ""2025-02-27"", ""2025-03-06"", ""2025-03-13"", ""2025-03-20"", ""2025-03-27"", ""2025-04-03"", ""2025-04-10"", ""2025-04-17"", ""2025-04-24"", ""2025-05-01"", ""2025-05-08"", ""2025-05-15"", ""2025-05-22"", ""2025-05-29"", ""2025-06-05"", ""2025-06-12"", ""2025-06-19"", ""2025-06-26"", ""2025-07-03"", ""2025-07-10"", ""2025-07-17"", ""2025-07-24"", ""2025-07-31"", ""2025-08-07"", ""2025-08-14"", ""2025-08-21"", ""2025-08-28"", ""2025-09-04"", ""2025-09-11"", ""2025-09-18"", ""2025-09-25"", ""2025-10-02"", ""2025-10-09"", ""2025-10-16"", ""2025-10-23"", ""2025-10-30"", ""2025-11-06"", ""2025-11-13"", ""2025-11-20"", ""2025-11-27"", ""2025-12-04"", ""2025-12-11"", ""2025-12-18""]",7344,2025-01-02 00:00:00,2025-12-19,2025-12-19,0,358,none,False
Load:B0:2025-12-26,Load,B0,2025-12-26,2,"[""2025-12-25""]",1,2025-12-25 23:50:00,2025-12-26,2025-12-26,0,359,none,False
Load:B1:2025-12-26,Load,B1,2025-12-26,2,"[""2025-12-25""]",144,2025-12-25 00:00:00,2025-12-26,2025-12-26,0,359,none,False
Load:B2:2025-12-26,Load,B2,2025-12-26,2,"[""2025-12-19""]",144,2025-12-19 00:00:00,2025-12-20,2025-12-20,0,359,none,False
Load:B3:2025-12-26,Load,B3,2025-12-26,2,"[""2025-12-19"", ""2025-12-20"", ""2025-12-21"", ""2025-12-22"", ""2025-12-23"", ""2025-12-24"", ""2025-12-25""]",1008,2025-12-19 00:00:00,2025-12-26,2025-12-26,0,359,none,False
Load:B4:2025-12-26,Load,B4,2025-12-26,2,"[""2025-01-03"", ""2025-01-10"", ""2025-01-17"", ""2025-01-24"", ""2025-01-31"", ""2025-02-07"", ""2025-02-14"", ""2025-02-21"", ""2025-02-28"", ""2025-03-07"", ""2025-03-14"", ""2025-03-21"", ""2025-03-28"", ""2025-04-04"", ""2025-04-11"", ""2025-04-18"", ""2025-04-25"", ""2025-05-02"", ""2025-05-09"", ""2025-05-16"", ""2025-05-23"", ""2025-05-30"", ""2025-06-06"", ""2025-06-13"", ""2025-06-20"", ""2025-06-27"", ""2025-07-04"", ""2025-07-11"", ""2025-07-18"", ""2025-07-25"", ""2025-08-01"", ""2025-08-08"", ""2025-08-15"", ""2025-08-22"", ""2025-08-29"", ""2025-09-05"", ""2025-09-12"", ""2025-09-19"", ""2025-09-26"", ""2025-10-03"", ""2025-10-10"", ""2025-10-17"", ""2025-10-24"", ""2025-10-31"", ""2025-11-07"", ""2025-11-14"", ""2025-11-21"", ""2025-11-28"", ""2025-12-05"", ""2025-12-12"", ""2025-12-19""]",7344,2025-01-03 00:00:00,2025-12-20,2025-12-20,0,359,none,False
PV:B0:2025-12-26,PV,B0,2025-12-26,2,"[""2025-12-25""]",1,2025-12-25 23:50:00,2025-12-26,2025-12-26,0,359,none,False
PV:B1:2025-12-26,PV,B1,2025-12-26,2,"[""2025-12-25""]",144,2025-12-25 00:00:00,2025-12-26,2025-12-26,0,359,none,False
PV:B2:2025-12-26,PV,B2,2025-12-26,2,"[""2025-12-19""]",144,2025-12-19 00:00:00,2025-12-20,2025-12-20,0,359,none,False
PV:B3:2025-12-26,PV,B3,2025-12-26,2,"[""2025-12-19"", ""2025-12-20"", ""2025-12-21"", ""2025-12-22"", ""2025-12-23"", ""2025-12-24"", ""2025-12-25""]",1008,2025-12-19 00:00:00,2025-12-26,2025-12-26,0,359,none,False
PV:B4:2025-12-26,PV,B4,2025-12-26,2,"[""2025-01-03"", ""2025-01-10"", ""2025-01-17"", ""2025-01-24"", ""2025-01-31"", ""2025-02-07"", ""2025-02-14"", ""2025-02-21"", ""2025-02-28"", ""2025-03-07"", ""2025-03-14"", ""2025-03-21"", ""2025-03-28"", ""2025-04-04"", ""2025-04-11"", ""2025-04-18"", ""2025-04-25"", ""2025-05-02"", ""2025-05-09"", ""2025-05-16"", ""2025-05-23"", ""2025-05-30"", ""2025-06-06"", ""2025-06-13"", ""2025-06-20"", ""2025-06-27"", ""2025-07-04"", ""2025-07-11"", ""2025-07-18"", ""2025-07-25"", ""2025-08-01"", ""2025-08-08"", ""2025-08-15"", ""2025-08-22"", ""2025-08-29"", ""2025-09-05"", ""2025-09-12"", ""2025-09-19"", ""2025-09-26"", ""2025-10-03"", ""2025-10-10"", ""2025-10-17"", ""2025-10-24"", ""2025-10-31"", ""2025-11-07"", ""2025-11-14"", ""2025-11-21"", ""2025-11-28"", ""2025-12-05"", ""2025-12-12"", ""2025-12-19""]",7344,2025-01-03 00:00:00,2025-12-20,2025-12-20,0,359,none,False
Load:B0:2025-12-27,Load,B0,2025-12-27,2,"[""2025-12-26""]",1,2025-12-26 23:50:00,2025-12-27,2025-12-27,0,360,none,False
Load:B1:2025-12-27,Load,B1,2025-12-27,2,"[""2025-12-26""]",144,2025-12-26 00:00:00,2025-12-27,2025-12-27,0,360,none,False
Load:B2:2025-12-27,Load,B2,2025-12-27,2,"[""2025-12-20""]",144,2025-12-20 00:00:00,2025-12-21,2025-12-21,0,360,none,False
Load:B3:2025-12-27,Load,B3,2025-12-27,2,"[""2025-12-20"", ""2025-12-21"", ""2025-12-22"", ""2025-12-23"", ""2025-12-24"", ""2025-12-25"", ""2025-12-26""]",1008,2025-12-20 00:00:00,2025-12-27,2025-12-27,0,360,none,False
Load:B4:2025-12-27,Load,B4,2025-12-27,2,"[""2025-01-04"", ""2025-01-11"", ""2025-01-18"", ""2025-01-25"", ""2025-02-01"", ""2025-02-08"", ""2025-02-15"", ""2025-02-22"", ""2025-03-01"", ""2025-03-08"", ""2025-03-15"", ""2025-03-22"", ""2025-03-29"", ""2025-04-05"", ""2025-04-12"", ""2025-04-19"", ""2025-04-26"", ""2025-05-03"", ""2025-05-10"", ""2025-05-17"", ""2025-05-24"", ""2025-05-31"", ""2025-06-07"", ""2025-06-14"", ""2025-06-21"", ""2025-06-28"", ""2025-07-05"", ""2025-07-12"", ""2025-07-19"", ""2025-07-26"", ""2025-08-02"", ""2025-08-09"", ""2025-08-16"", ""2025-08-23"", ""2025-08-30"", ""2025-09-06"", ""2025-09-13"", ""2025-09-20"", ""2025-09-27"", ""2025-10-04"", ""2025-10-11"", ""2025-10-18"", ""2025-10-25"", ""2025-11-01"", ""2025-11-08"", ""2025-11-15"", ""2025-11-22"", ""2025-11-29"", ""2025-12-06"", ""2025-12-13"", ""2025-12-20""]",7344,2025-01-04 00:00:00,2025-12-21,2025-12-21,0,360,none,False
PV:B0:2025-12-27,PV,B0,2025-12-27,2,"[""2025-12-26""]",1,2025-12-26 23:50:00,2025-12-27,2025-12-27,0,360,none,False
PV:B1:2025-12-27,PV,B1,2025-12-27,2,"[""2025-12-26""]",144,2025-12-26 00:00:00,2025-12-27,2025-12-27,0,360,none,False
PV:B2:2025-12-27,PV,B2,2025-12-27,2,"[""2025-12-20""]",144,2025-12-20 00:00:00,2025-12-21,2025-12-21,0,360,none,False
PV:B3:2025-12-27,PV,B3,2025-12-27,2,"[""2025-12-20"", ""2025-12-21"", ""2025-12-22"", ""2025-12-23"", ""2025-12-24"", ""2025-12-25"", ""2025-12-26""]",1008,2025-12-20 00:00:00,2025-12-27,2025-12-27,0,360,none,False
PV:B4:2025-12-27,PV,B4,2025-12-27,2,"[""2025-01-04"", ""2025-01-11"", ""2025-01-18"", ""2025-01-25"", ""2025-02-01"", ""2025-02-08"", ""2025-02-15"", ""2025-02-22"", ""2025-03-01"", ""2025-03-08"", ""2025-03-15"", ""2025-03-22"", ""2025-03-29"", ""2025-04-05"", ""2025-04-12"", ""2025-04-19"", ""2025-04-26"", ""2025-05-03"", ""2025-05-10"", ""2025-05-17"", ""2025-05-24"", ""2025-05-31"", ""2025-06-07"", ""2025-06-14"", ""2025-06-21"", ""2025-06-28"", ""2025-07-05"", ""2025-07-12"", ""2025-07-19"", ""2025-07-26"", ""2025-08-02"", ""2025-08-09"", ""2025-08-16"", ""2025-08-23"", ""2025-08-30"", ""2025-09-06"", ""2025-09-13"", ""2025-09-20"", ""2025-09-27"", ""2025-10-04"", ""2025-10-11"", ""2025-10-18"", ""2025-10-25"", ""2025-11-01"", ""2025-11-08"", ""2025-11-15"", ""2025-11-22"", ""2025-11-29"", ""2025-12-06"", ""2025-12-13"", ""2025-12-20""]",7344,2025-01-04 00:00:00,2025-12-21,2025-12-21,0,360,none,False
Load:B0:2025-12-28,Load,B0,2025-12-28,2,"[""2025-12-27""]",1,2025-12-27 23:50:00,2025-12-28,2025-12-28,0,361,none,False
Load:B1:2025-12-28,Load,B1,2025-12-28,2,"[""2025-12-27""]",144,2025-12-27 00:00:00,2025-12-28,2025-12-28,0,361,none,False
Load:B2:2025-12-28,Load,B2,2025-12-28,2,"[""2025-12-21""]",144,2025-12-21 00:00:00,2025-12-22,2025-12-22,0,361,none,False
Load:B3:2025-12-28,Load,B3,2025-12-28,2,"[""2025-12-21"", ""2025-12-22"", ""2025-12-23"", ""2025-12-24"", ""2025-12-25"", ""2025-12-26"", ""2025-12-27""]",1008,2025-12-21 00:00:00,2025-12-28,2025-12-28,0,361,none,False
Load:B4:2025-12-28,Load,B4,2025-12-28,2,"[""2025-01-05"", ""2025-01-12"", ""2025-01-19"", ""2025-01-26"", ""2025-02-02"", ""2025-02-09"", ""2025-02-16"", ""2025-02-23"", ""2025-03-02"", ""2025-03-09"", ""2025-03-16"", ""2025-03-23"", ""2025-03-30"", ""2025-04-06"", ""2025-04-13"", ""2025-04-20"", ""2025-04-27"", ""2025-05-04"", ""2025-05-11"", ""2025-05-18"", ""2025-05-25"", ""2025-06-01"", ""2025-06-08"", ""2025-06-15"", ""2025-06-22"", ""2025-06-29"", ""2025-07-06"", ""2025-07-13"", ""2025-07-20"", ""2025-07-27"", ""2025-08-03"", ""2025-08-10"", ""2025-08-17"", ""2025-08-24"", ""2025-08-31"", ""2025-09-07"", ""2025-09-14"", ""2025-09-21"", ""2025-09-28"", ""2025-10-05"", ""2025-10-12"", ""2025-10-19"", ""2025-10-26"", ""2025-11-02"", ""2025-11-09"", ""2025-11-16"", ""2025-11-23"", ""2025-11-30"", ""2025-12-07"", ""2025-12-14"", ""2025-12-21""]",7344,2025-01-05 00:00:00,2025-12-22,2025-12-22,0,361,none,False
PV:B0:2025-12-28,PV,B0,2025-12-28,2,"[""2025-12-27""]",1,2025-12-27 23:50:00,2025-12-28,2025-12-28,0,361,none,False
PV:B1:2025-12-28,PV,B1,2025-12-28,2,"[""2025-12-27""]",144,2025-12-27 00:00:00,2025-12-28,2025-12-28,0,361,none,False
PV:B2:2025-12-28,PV,B2,2025-12-28,2,"[""2025-12-21""]",144,2025-12-21 00:00:00,2025-12-22,2025-12-22,0,361,none,False
PV:B3:2025-12-28,PV,B3,2025-12-28,2,"[""2025-12-21"", ""2025-12-22"", ""2025-12-23"", ""2025-12-24"", ""2025-12-25"", ""2025-12-26"", ""2025-12-27""]",1008,2025-12-21 00:00:00,2025-12-28,2025-12-28,0,361,none,False
PV:B4:2025-12-28,PV,B4,2025-12-28,2,"[""2025-01-05"", ""2025-01-12"", ""2025-01-19"", ""2025-01-26"", ""2025-02-02"", ""2025-02-09"", ""2025-02-16"", ""2025-02-23"", ""2025-03-02"", ""2025-03-09"", ""2025-03-16"", ""2025-03-23"", ""2025-03-30"", ""2025-04-06"", ""2025-04-13"", ""2025-04-20"", ""2025-04-27"", ""2025-05-04"", ""2025-05-11"", ""2025-05-18"", ""2025-05-25"", ""2025-06-01"", ""2025-06-08"", ""2025-06-15"", ""2025-06-22"", ""2025-06-29"", ""2025-07-06"", ""2025-07-13"", ""2025-07-20"", ""2025-07-27"", ""2025-08-03"", ""2025-08-10"", ""2025-08-17"", ""2025-08-24"", ""2025-08-31"", ""2025-09-07"", ""2025-09-14"", ""2025-09-21"", ""2025-09-28"", ""2025-10-05"", ""2025-10-12"", ""2025-10-19"", ""2025-10-26"", ""2025-11-02"", ""2025-11-09"", ""2025-11-16"", ""2025-11-23"", ""2025-11-30"", ""2025-12-07"", ""2025-12-14"", ""2025-12-21""]",7344,2025-01-05 00:00:00,2025-12-22,2025-12-22,0,361,none,False
Load:B0:2025-12-29,Load,B0,2025-12-29,2,"[""2025-12-28""]",1,2025-12-28 23:50:00,2025-12-29,2025-12-29,0,362,none,False
Load:B1:2025-12-29,Load,B1,2025-12-29,2,"[""2025-12-28""]",144,2025-12-28 00:00:00,2025-12-29,2025-12-29,0,362,none,False
Load:B2:2025-12-29,Load,B2,2025-12-29,2,"[""2025-12-22""]",144,2025-12-22 00:00:00,2025-12-23,2025-12-23,0,362,none,False
Load:B3:2025-12-29,Load,B3,2025-12-29,2,"[""2025-12-22"", ""2025-12-23"", ""2025-12-24"", ""2025-12-25"", ""2025-12-26"", ""2025-12-27"", ""2025-12-28""]",1008,2025-12-22 00:00:00,2025-12-29,2025-12-29,0,362,none,False
Load:B4:2025-12-29,Load,B4,2025-12-29,2,"[""2025-01-06"", ""2025-01-13"", ""2025-01-20"", ""2025-01-27"", ""2025-02-03"", ""2025-02-10"", ""2025-02-17"", ""2025-02-24"", ""2025-03-03"", ""2025-03-10"", ""2025-03-17"", ""2025-03-24"", ""2025-03-31"", ""2025-04-07"", ""2025-04-14"", ""2025-04-21"", ""2025-04-28"", ""2025-05-05"", ""2025-05-12"", ""2025-05-19"", ""2025-05-26"", ""2025-06-02"", ""2025-06-09"", ""2025-06-16"", ""2025-06-23"", ""2025-06-30"", ""2025-07-07"", ""2025-07-14"", ""2025-07-21"", ""2025-07-28"", ""2025-08-04"", ""2025-08-11"", ""2025-08-18"", ""2025-08-25"", ""2025-09-01"", ""2025-09-08"", ""2025-09-15"", ""2025-09-22"", ""2025-09-29"", ""2025-10-06"", ""2025-10-13"", ""2025-10-20"", ""2025-10-27"", ""2025-11-03"", ""2025-11-10"", ""2025-11-17"", ""2025-11-24"", ""2025-12-01"", ""2025-12-08"", ""2025-12-15"", ""2025-12-22""]",7344,2025-01-06 00:00:00,2025-12-23,2025-12-23,0,362,none,False
PV:B0:2025-12-29,PV,B0,2025-12-29,2,"[""2025-12-28""]",1,2025-12-28 23:50:00,2025-12-29,2025-12-29,0,362,none,False
PV:B1:2025-12-29,PV,B1,2025-12-29,2,"[""2025-12-28""]",144,2025-12-28 00:00:00,2025-12-29,2025-12-29,0,362,none,False
PV:B2:2025-12-29,PV,B2,2025-12-29,2,"[""2025-12-22""]",144,2025-12-22 00:00:00,2025-12-23,2025-12-23,0,362,none,False
PV:B3:2025-12-29,PV,B3,2025-12-29,2,"[""2025-12-22"", ""2025-12-23"", ""2025-12-24"", ""2025-12-25"", ""2025-12-26"", ""2025-12-27"", ""2025-12-28""]",1008,2025-12-22 00:00:00,2025-12-29,2025-12-29,0,362,none,False
PV:B4:2025-12-29,PV,B4,2025-12-29,2,"[""2025-01-06"", ""2025-01-13"", ""2025-01-20"", ""2025-01-27"", ""2025-02-03"", ""2025-02-10"", ""2025-02-17"", ""2025-02-24"", ""2025-03-03"", ""2025-03-10"", ""2025-03-17"", ""2025-03-24"", ""2025-03-31"", ""2025-04-07"", ""2025-04-14"", ""2025-04-21"", ""2025-04-28"", ""2025-05-05"", ""2025-05-12"", ""2025-05-19"", ""2025-05-26"", ""2025-06-02"", ""2025-06-09"", ""2025-06-16"", ""2025-06-23"", ""2025-06-30"", ""2025-07-07"", ""2025-07-14"", ""2025-07-21"", ""2025-07-28"", ""2025-08-04"", ""2025-08-11"", ""2025-08-18"", ""2025-08-25"", ""2025-09-01"", ""2025-09-08"", ""2025-09-15"", ""2025-09-22"", ""2025-09-29"", ""2025-10-06"", ""2025-10-13"", ""2025-10-20"", ""2025-10-27"", ""2025-11-03"", ""2025-11-10"", ""2025-11-17"", ""2025-11-24"", ""2025-12-01"", ""2025-12-08"", ""2025-12-15"", ""2025-12-22""]",7344,2025-01-06 00:00:00,2025-12-23,2025-12-23,0,362,none,False
Load:B0:2025-12-30,Load,B0,2025-12-30,2,"[""2025-12-29""]",1,2025-12-29 23:50:00,2025-12-30,2025-12-30,0,363,none,False
Load:B1:2025-12-30,Load,B1,2025-12-30,2,"[""2025-12-29""]",144,2025-12-29 00:00:00,2025-12-30,2025-12-30,0,363,none,False
Load:B2:2025-12-30,Load,B2,2025-12-30,2,"[""2025-12-23""]",144,2025-12-23 00:00:00,2025-12-24,2025-12-24,0,363,none,False
Load:B3:2025-12-30,Load,B3,2025-12-30,2,"[""2025-12-23"", ""2025-12-24"", ""2025-12-25"", ""2025-12-26"", ""2025-12-27"", ""2025-12-28"", ""2025-12-29""]",1008,2025-12-23 00:00:00,2025-12-30,2025-12-30,0,363,none,False
Load:B4:2025-12-30,Load,B4,2025-12-30,2,"[""2025-01-07"", ""2025-01-14"", ""2025-01-21"", ""2025-01-28"", ""2025-02-04"", ""2025-02-11"", ""2025-02-18"", ""2025-02-25"", ""2025-03-04"", ""2025-03-11"", ""2025-03-18"", ""2025-03-25"", ""2025-04-01"", ""2025-04-08"", ""2025-04-15"", ""2025-04-22"", ""2025-04-29"", ""2025-05-06"", ""2025-05-13"", ""2025-05-20"", ""2025-05-27"", ""2025-06-03"", ""2025-06-10"", ""2025-06-17"", ""2025-06-24"", ""2025-07-01"", ""2025-07-08"", ""2025-07-15"", ""2025-07-22"", ""2025-07-29"", ""2025-08-05"", ""2025-08-12"", ""2025-08-19"", ""2025-08-26"", ""2025-09-02"", ""2025-09-09"", ""2025-09-16"", ""2025-09-23"", ""2025-09-30"", ""2025-10-07"", ""2025-10-14"", ""2025-10-21"", ""2025-10-28"", ""2025-11-04"", ""2025-11-11"", ""2025-11-18"", ""2025-11-25"", ""2025-12-02"", ""2025-12-09"", ""2025-12-16"", ""2025-12-23""]",7344,2025-01-07 00:00:00,2025-12-24,2025-12-24,0,363,none,False
PV:B0:2025-12-30,PV,B0,2025-12-30,2,"[""2025-12-29""]",1,2025-12-29 23:50:00,2025-12-30,2025-12-30,0,363,none,False
PV:B1:2025-12-30,PV,B1,2025-12-30,2,"[""2025-12-29""]",144,2025-12-29 00:00:00,2025-12-30,2025-12-30,0,363,none,False
PV:B2:2025-12-30,PV,B2,2025-12-30,2,"[""2025-12-23""]",144,2025-12-23 00:00:00,2025-12-24,2025-12-24,0,363,none,False
PV:B3:2025-12-30,PV,B3,2025-12-30,2,"[""2025-12-23"", ""2025-12-24"", ""2025-12-25"", ""2025-12-26"", ""2025-12-27"", ""2025-12-28"", ""2025-12-29""]",1008,2025-12-23 00:00:00,2025-12-30,2025-12-30,0,363,none,False
PV:B4:2025-12-30,PV,B4,2025-12-30,2,"[""2025-01-07"", ""2025-01-14"", ""2025-01-21"", ""2025-01-28"", ""2025-02-04"", ""2025-02-11"", ""2025-02-18"", ""2025-02-25"", ""2025-03-04"", ""2025-03-11"", ""2025-03-18"", ""2025-03-25"", ""2025-04-01"", ""2025-04-08"", ""2025-04-15"", ""2025-04-22"", ""2025-04-29"", ""2025-05-06"", ""2025-05-13"", ""2025-05-20"", ""2025-05-27"", ""2025-06-03"", ""2025-06-10"", ""2025-06-17"", ""2025-06-24"", ""2025-07-01"", ""2025-07-08"", ""2025-07-15"", ""2025-07-22"", ""2025-07-29"", ""2025-08-05"", ""2025-08-12"", ""2025-08-19"", ""2025-08-26"", ""2025-09-02"", ""2025-09-09"", ""2025-09-16"", ""2025-09-23"", ""2025-09-30"", ""2025-10-07"", ""2025-10-14"", ""2025-10-21"", ""2025-10-28"", ""2025-11-04"", ""2025-11-11"", ""2025-11-18"", ""2025-11-25"", ""2025-12-02"", ""2025-12-09"", ""2025-12-16"", ""2025-12-23""]",7344,2025-01-07 00:00:00,2025-12-24,2025-12-24,0,363,none,False
Load:B0:2025-12-31,Load,B0,2025-12-31,2,"[""2025-12-30""]",1,2025-12-30 23:50:00,2025-12-31,2025-12-31,0,364,none,False
Load:B1:2025-12-31,Load,B1,2025-12-31,2,"[""2025-12-30""]",144,2025-12-30 00:00:00,2025-12-31,2025-12-31,0,364,none,False
Load:B2:2025-12-31,Load,B2,2025-12-31,2,"[""2025-12-24""]",144,2025-12-24 00:00:00,2025-12-25,2025-12-25,0,364,none,False
Load:B3:2025-12-31,Load,B3,2025-12-31,2,"[""2025-12-24"", ""2025-12-25"", ""2025-12-26"", ""2025-12-27"", ""2025-12-28"", ""2025-12-29"", ""2025-12-30""]",1008,2025-12-24 00:00:00,2025-12-31,2025-12-31,0,364,none,False
Load:B4:2025-12-31,Load,B4,2025-12-31,2,"[""2025-01-01"", ""2025-01-08"", ""2025-01-15"", ""2025-01-22"", ""2025-01-29"", ""2025-02-05"", ""2025-02-12"", ""2025-02-19"", ""2025-02-26"", ""2025-03-05"", ""2025-03-12"", ""2025-03-19"", ""2025-03-26"", ""2025-04-02"", ""2025-04-09"", ""2025-04-16"", ""2025-04-23"", ""2025-04-30"", ""2025-05-07"", ""2025-05-14"", ""2025-05-21"", ""2025-05-28"", ""2025-06-04"", ""2025-06-11"", ""2025-06-18"", ""2025-06-25"", ""2025-07-02"", ""2025-07-09"", ""2025-07-16"", ""2025-07-23"", ""2025-07-30"", ""2025-08-06"", ""2025-08-13"", ""2025-08-20"", ""2025-08-27"", ""2025-09-03"", ""2025-09-10"", ""2025-09-17"", ""2025-09-24"", ""2025-10-01"", ""2025-10-08"", ""2025-10-15"", ""2025-10-22"", ""2025-10-29"", ""2025-11-05"", ""2025-11-12"", ""2025-11-19"", ""2025-11-26"", ""2025-12-03"", ""2025-12-10"", ""2025-12-17"", ""2025-12-24""]",7488,2025-01-01 00:00:00,2025-12-25,2025-12-25,0,364,none,False
PV:B0:2025-12-31,PV,B0,2025-12-31,2,"[""2025-12-30""]",1,2025-12-30 23:50:00,2025-12-31,2025-12-31,0,364,none,False
PV:B1:2025-12-31,PV,B1,2025-12-31,2,"[""2025-12-30""]",144,2025-12-30 00:00:00,2025-12-31,2025-12-31,0,364,none,False
PV:B2:2025-12-31,PV,B2,2025-12-31,2,"[""2025-12-24""]",144,2025-12-24 00:00:00,2025-12-25,2025-12-25,0,364,none,False
PV:B3:2025-12-31,PV,B3,2025-12-31,2,"[""2025-12-24"", ""2025-12-25"", ""2025-12-26"", ""2025-12-27"", ""2025-12-28"", ""2025-12-29"", ""2025-12-30""]",1008,2025-12-24 00:00:00,2025-12-31,2025-12-31,0,364,none,False
PV:B4:2025-12-31,PV,B4,2025-12-31,2,"[""2025-01-01"", ""2025-01-08"", ""2025-01-15"", ""2025-01-22"", ""2025-01-29"", ""2025-02-05"", ""2025-02-12"", ""2025-02-19"", ""2025-02-26"", ""2025-03-05"", ""2025-03-12"", ""2025-03-19"", ""2025-03-26"", ""2025-04-02"", ""2025-04-09"", ""2025-04-16"", ""2025-04-23"", ""2025-04-30"", ""2025-05-07"", ""2025-05-14"", ""2025-05-21"", ""2025-05-28"", ""2025-06-04"", ""2025-06-11"", ""2025-06-18"", ""2025-06-25"", ""2025-07-02"", ""2025-07-09"", ""2025-07-16"", ""2025-07-23"", ""2025-07-30"", ""2025-08-06"", ""2025-08-13"", ""2025-08-20"", ""2025-08-27"", ""2025-09-03"", ""2025-09-10"", ""2025-09-17"", ""2025-09-24"", ""2025-10-01"", ""2025-10-08"", ""2025-10-15"", ""2025-10-22"", ""2025-10-29"", ""2025-11-05"", ""2025-11-12"", ""2025-11-19"", ""2025-11-26"", ""2025-12-03"", ""2025-12-10"", ""2025-12-17"", ""2025-12-24""]",7488,2025-01-01 00:00:00,2025-12-25,2025-12-25,0,364,none,False
