series,model,forecast_date,fit_predict_seconds,selected_observations
Load,B0,2025-02-01,0.007766899987473153,1
Load,B1,2025-02-01,0.009788199997274205,144
Load,B2,2025-02-01,0.010023499999078922,144
Load,B3,2025-02-01,0.012963800007128157,1008
Load,B4,2025-02-01,0.010157700002309866,576
PV,B0,2025-02-01,0.010175199990044348,1
PV,B1,2025-02-01,0.015339999998104759,144
PV,B2,2025-02-01,0.012001600000075996,144
PV,B3,2025-02-01,0.012436899996828288,1008
PV,B4,2025-02-01,0.011260500003118068,576
Load,B0,2025-02-02,0.009810100003960542,1
Load,B1,2025-02-02,0.011177599997608922,144
Load,B2,2025-02-02,0.01104969999869354,144
Load,B3,2025-02-02,0.011076800001319498,1008
Load,B4,2025-02-02,0.012892200000351295,576
PV,B0,2025-02-02,0.00809409999055788,1
PV,B1,2025-02-02,0.01106830000935588,144
PV,B2,2025-02-02,0.011022199993021786,144
PV,B3,2025-02-02,0.01118230000429321,1008
PV,B4,2025-02-02,0.010984600012307055,576
Load,B0,2025-02-03,0.009355899994261563,1
Load,B1,2025-02-03,0.010365200010710396,144
Load,B2,2025-02-03,0.013203499998780899,144
Load,B3,2025-02-03,0.013368999992962927,1008
Load,B4,2025-02-03,0.011041699995985255,576
PV,B0,2025-02-03,0.010297500004526228,1
PV,B1,2025-02-03,0.010438099998282269,144
PV,B2,2025-02-03,0.013077600000542589,144
PV,B3,2025-02-03,0.012881199989351444,1008
PV,B4,2025-02-03,0.01400699999067001,576
Load,B0,2025-02-04,0.00940439999976661,1
Load,B1,2025-02-04,0.009125199998379685,144
Load,B2,2025-02-04,0.01058760000159964,144
Load,B3,2025-02-04,0.010355700011132285,1008
Load,B4,2025-02-04,0.010710899994592182,576
PV,B0,2025-02-04,0.008388499991269782,1
PV,B1,2025-02-04,0.011314200004562736,144
PV,B2,2025-02-04,0.009191000004648231,144
PV,B3,2025-02-04,0.011409899991122074,1008
PV,B4,2025-02-04,0.01181199999700766,576
Load,B0,2025-02-05,0.007985899996128865,1
Load,B1,2025-02-05,0.010820900002727285,144
Load,B2,2025-02-05,0.00952829999732785,144
Load,B3,2025-02-05,0.010240200004773214,1008
Load,B4,2025-02-05,0.011889300003531389,720
PV,B0,2025-02-05,0.008550599988666363,1
PV,B1,2025-02-05,0.011972100008279085,144
PV,B2,2025-02-05,0.010616999992635101,144
PV,B3,2025-02-05,0.009478499996475875,1008
PV,B4,2025-02-05,0.010363399997004308,720
Load,B0,2025-02-06,0.007545899992692284,1
Load,B1,2025-02-06,0.010328299991670065,144
Load,B2,2025-02-06,0.01323219999903813,144
Load,B3,2025-02-06,0.013142299998435192,1008
Load,B4,2025-02-06,0.009642099990742281,720
PV,B0,2025-02-06,0.010498700008611195,1
PV,B1,2025-02-06,0.010189699998591095,144
PV,B2,2025-02-06,0.011706499994033948,144
PV,B3,2025-02-06,0.01214110000000801,1008
PV,B4,2025-02-06,0.011336499999742955,720
Load,B0,2025-02-07,0.010410200004116632,1
Load,B1,2025-02-07,0.010236200003419071,144
Load,B2,2025-02-07,0.011472199999843724,144
Load,B3,2025-02-07,0.011897200005478226,1008
Load,B4,2025-02-07,0.01197150000371039,720
PV,B0,2025-02-07,0.014713299999129958,1
PV,B1,2025-02-07,0.012249399995198473,144
PV,B2,2025-02-07,0.013682600008905865,144
PV,B3,2025-02-07,0.01133269999991171,1008
PV,B4,2025-02-07,0.010311599995475262,720
Load,B0,2025-02-08,0.007564400002593175,1
Load,B1,2025-02-08,0.010100100000272505,144
Load,B2,2025-02-08,0.009370800005854107,144
Load,B3,2025-02-08,0.008948899994720705,1008
Load,B4,2025-02-08,0.00917699999990873,720
PV,B0,2025-02-08,0.01024959998903796,1
PV,B1,2025-02-08,0.009361699994769879,144
PV,B2,2025-02-08,0.009088800012250431,144
PV,B3,2025-02-08,0.009466000003158115,1008
PV,B4,2025-02-08,0.011297400007606484,720
Load,B0,2025-02-09,0.00730650000332389,1
Load,B1,2025-02-09,0.011291599992546253,144
Load,B2,2025-02-09,0.010292400009348057,144
Load,B3,2025-02-09,0.01145810000889469,1008
Load,B4,2025-02-09,0.014544899997417815,720
PV,B0,2025-02-09,0.007901399992988445,1
PV,B1,2025-02-09,0.011199600005056709,144
PV,B2,2025-02-09,0.008799799994449131,144
PV,B3,2025-02-09,0.009577599994372576,1008
PV,B4,2025-02-09,0.011184199989656918,720
Load,B0,2025-02-10,0.008684699991135858,1
Load,B1,2025-02-10,0.011434700005338527,144
Load,B2,2025-02-10,0.008679499995196238,144
Load,B3,2025-02-10,0.009140399997704662,1008
Load,B4,2025-02-10,0.009452099999180064,720
PV,B0,2025-02-10,0.006783000004361384,1
PV,B1,2025-02-10,0.009690599996247329,144
PV,B2,2025-02-10,0.00807340000756085,144
PV,B3,2025-02-10,0.009026200001244433,1008
PV,B4,2025-02-10,0.008510200001182966,720
Load,B0,2025-02-11,0.010954700002912432,1
Load,B1,2025-02-11,0.012661499989917502,144
Load,B2,2025-02-11,0.009937299997545779,144
Load,B3,2025-02-11,0.009205299997120164,1008
Load,B4,2025-02-11,0.010055799997644499,720
PV,B0,2025-02-11,0.006933399999979883,1
PV,B1,2025-02-11,0.0076791999890701845,144
PV,B2,2025-02-11,0.008496800001012161,144
PV,B3,2025-02-11,0.008588700002292171,1008
PV,B4,2025-02-11,0.010570099999313243,720
Load,B0,2025-02-12,0.00714360001438763,1
Load,B1,2025-02-12,0.008611500001279637,144
Load,B2,2025-02-12,0.007898800002294593,144
Load,B3,2025-02-12,0.009565300002577715,1008
Load,B4,2025-02-12,0.009691200000816025,864
PV,B0,2025-02-12,0.009139899993897416,1
PV,B1,2025-02-12,0.009345500002382323,144
PV,B2,2025-02-12,0.007833999989088625,144
PV,B3,2025-02-12,0.008598399988841265,1008
PV,B4,2025-02-12,0.008665899993502535,864
Load,B0,2025-02-13,0.006761800003005192,1
Load,B1,2025-02-13,0.007812399999238551,144
Load,B2,2025-02-13,0.00773839998873882,144
Load,B3,2025-02-13,0.00846589999855496,1008
Load,B4,2025-02-13,0.00869700001203455,864
PV,B0,2025-02-13,0.007790000003296882,1
PV,B1,2025-02-13,0.007942399999592453,144
PV,B2,2025-02-13,0.007737199994153343,144
PV,B3,2025-02-13,0.008367499991436489,1008
PV,B4,2025-02-13,0.008582900001783855,864
Load,B0,2025-02-14,0.006956600002013147,1
Load,B1,2025-02-14,0.008459799995762296,144
Load,B2,2025-02-14,0.00835180000285618,144
Load,B3,2025-02-14,0.008419599995249882,1008
Load,B4,2025-02-14,0.008902799992938526,864
PV,B0,2025-02-14,0.007148400007281452,1
PV,B1,2025-02-14,0.007812800002284348,144
PV,B2,2025-02-14,0.008239100003265776,144
PV,B3,2025-02-14,0.009337800001958385,1008
PV,B4,2025-02-14,0.00881179999851156,864
Load,B0,2025-02-15,0.008323299989569932,1
Load,B1,2025-02-15,0.00862149999011308,144
Load,B2,2025-02-15,0.007845799991628155,144
Load,B3,2025-02-15,0.009578299999702722,1008
Load,B4,2025-02-15,0.009503499997663312,864
PV,B0,2025-02-15,0.007380800001556054,1
PV,B1,2025-02-15,0.00834000000031665,144
PV,B2,2025-02-15,0.008415600008447655,144
PV,B3,2025-02-15,0.00879700000223238,1008
PV,B4,2025-02-15,0.009145000003627501,864
Load,B0,2025-02-16,0.007169000004068948,1
Load,B1,2025-02-16,0.007889999993494712,144
Load,B2,2025-02-16,0.007809199989424087,144
Load,B3,2025-02-16,0.008294999992358498,1008
Load,B4,2025-02-16,0.00989859999390319,864
PV,B0,2025-02-16,0.007193099998403341,1
PV,B1,2025-02-16,0.008246000012150034,144
PV,B2,2025-02-16,0.008080200001131743,144
PV,B3,2025-02-16,0.009260899998480454,1008
PV,B4,2025-02-16,0.009061700009624474,864
Load,B0,2025-02-17,0.007208800001535565,1
Load,B1,2025-02-17,0.007984600000781938,144
Load,B2,2025-02-17,0.008058599996729754,144
Load,B3,2025-02-17,0.008417200006078929,1008
Load,B4,2025-02-17,0.00948969999444671,864
PV,B0,2025-02-17,0.0074939999904017895,1
PV,B1,2025-02-17,0.008038599989959039,144
PV,B2,2025-02-17,0.0079258000041591,144
PV,B3,2025-02-17,0.01142470000195317,1008
PV,B4,2025-02-17,0.01124829999753274,864
Load,B0,2025-02-18,0.0076135999988764524,1
Load,B1,2025-02-18,0.008647599999676459,144
Load,B2,2025-02-18,0.00844360000337474,144
Load,B3,2025-02-18,0.008643000008305535,1008
Load,B4,2025-02-18,0.008876699997927062,864
PV,B0,2025-02-18,0.007833399999071844,1
PV,B1,2025-02-18,0.008099999991827644,144
PV,B2,2025-02-18,0.008380500003113411,144
PV,B3,2025-02-18,0.009503099994617514,1008
PV,B4,2025-02-18,0.009182399997371249,864
Load,B0,2025-02-19,0.007123799994587898,1
Load,B1,2025-02-19,0.00892359999124892,144
Load,B2,2025-02-19,0.008139600002323277,144
Load,B3,2025-02-19,0.009044699996593408,1008
Load,B4,2025-02-19,0.009252100004232489,1008
PV,B0,2025-02-19,0.007368799997493625,1
PV,B1,2025-02-19,0.008067999995546415,144
PV,B2,2025-02-19,0.008326999988639727,144
PV,B3,2025-02-19,0.008538800000678748,1008
PV,B4,2025-02-19,0.009099600007175468,1008
Load,B0,2025-02-20,0.007039799995254725,1
Load,B1,2025-02-20,0.008177399999112822,144
Load,B2,2025-02-20,0.008024900002055801,144
Load,B3,2025-02-20,0.009154400002444163,1008
Load,B4,2025-02-20,0.010235800000373274,1008
PV,B0,2025-02-20,0.00780220000888221,1
PV,B1,2025-02-20,0.00813630000629928,144
PV,B2,2025-02-20,0.008253100008005276,144
PV,B3,2025-02-20,0.008730600005947053,1008
PV,B4,2025-02-20,0.009425000011106022,1008
Load,B0,2025-02-21,0.00753909999912139,1
Load,B1,2025-02-21,0.008399300000746734,144
Load,B2,2025-02-21,0.00868379999883473,144
Load,B3,2025-02-21,0.009649500003433786,1008
Load,B4,2025-02-21,0.010650800002622418,1008
PV,B0,2025-02-21,0.00867919999291189,1
PV,B1,2025-02-21,0.009222799999406561,144
PV,B2,2025-02-21,0.009546000001137145,144
PV,B3,2025-02-21,0.008805000004940666,1008
PV,B4,2025-02-21,0.009709400008432567,1008
Load,B0,2025-02-22,0.007258800003910437,1
Load,B1,2025-02-22,0.008321100001921877,144
Load,B2,2025-02-22,0.00822439999319613,144
Load,B3,2025-02-22,0.009575000003678724,1008
Load,B4,2025-02-22,0.009246400004485622,1008
PV,B0,2025-02-22,0.007290300010936335,1
PV,B1,2025-02-22,0.00830820000555832,144
PV,B2,2025-02-22,0.009347400002297945,144
PV,B3,2025-02-22,0.009532199997920543,1008
PV,B4,2025-02-22,0.009632200002670288,1008
Load,B0,2025-02-23,0.007156600011512637,1
Load,B1,2025-02-23,0.00906070000200998,144
Load,B2,2025-02-23,0.009888799992040731,144
Load,B3,2025-02-23,0.008685400011017919,1008
Load,B4,2025-02-23,0.009319000004325062,1008
PV,B0,2025-02-23,0.007248599999002181,1
PV,B1,2025-02-23,0.008534699998563156,144
PV,B2,2025-02-23,0.008262900009867735,144
PV,B3,2025-02-23,0.008678800004418008,1008
PV,B4,2025-02-23,0.00945030000002589,1008
Load,B0,2025-02-24,0.008456600000499748,1
Load,B1,2025-02-24,0.009248999995179474,144
Load,B2,2025-02-24,0.008438000004389323,144
Load,B3,2025-02-24,0.008566499993321486,1008
Load,B4,2025-02-24,0.00981050000700634,1008
PV,B0,2025-02-24,0.007488300005206838,1
PV,B1,2025-02-24,0.008256100001744926,144
PV,B2,2025-02-24,0.010747899999842048,144
PV,B3,2025-02-24,0.010497499999473803,1008
PV,B4,2025-02-24,0.01019119999546092,1008
Load,B0,2025-02-25,0.007431999998516403,1
Load,B1,2025-02-25,0.008303399998112582,144
Load,B2,2025-02-25,0.008366900001419708,144
Load,B3,2025-02-25,0.008872999998857267,1008
Load,B4,2025-02-25,0.009701999995741062,1008
PV,B0,2025-02-25,0.009159499997622333,1
PV,B1,2025-02-25,0.009692200008430518,144
PV,B2,2025-02-25,0.008408499998040497,144
PV,B3,2025-02-25,0.014928900011000223,1008
PV,B4,2025-02-25,0.011754799998016097,1008
Load,B0,2025-02-26,0.007131300008040853,1
Load,B1,2025-02-26,0.009063400008017197,144
Load,B2,2025-02-26,0.009922600002028048,144
Load,B3,2025-02-26,0.010131600007298402,1008
Load,B4,2025-02-26,0.009895499999402091,1152
PV,B0,2025-02-26,0.007390400001895614,1
PV,B1,2025-02-26,0.008781399999861605,144
PV,B2,2025-02-26,0.008388500005821697,144
PV,B3,2025-02-26,0.009515899990219623,1008
PV,B4,2025-02-26,0.009456700005102903,1152
Load,B0,2025-02-27,0.007470299999113195,1
Load,B1,2025-02-27,0.010282100003678352,144
Load,B2,2025-02-27,0.008982600003946573,144
Load,B3,2025-02-27,0.008769699998083524,1008
Load,B4,2025-02-27,0.009773099998710677,1152
PV,B0,2025-02-27,0.007380399998510256,1
PV,B1,2025-02-27,0.00936159999400843,144
PV,B2,2025-02-27,0.008738100004848093,144
PV,B3,2025-02-27,0.008821099996566772,1008
PV,B4,2025-02-27,0.00997490000736434,1152
Load,B0,2025-02-28,0.0078104999993229285,1
Load,B1,2025-02-28,0.008839600006467663,144
Load,B2,2025-02-28,0.009999500005505979,144
Load,B3,2025-02-28,0.009022600002936088,1008
Load,B4,2025-02-28,0.009394099994096905,1152
PV,B0,2025-02-28,0.007446400006301701,1
PV,B1,2025-02-28,0.008655400000861846,144
PV,B2,2025-02-28,0.008411500006332062,144
PV,B3,2025-02-28,0.008994599993457086,1008
PV,B4,2025-02-28,0.009315200004493818,1152
Load,B0,2025-03-01,0.007524200002080761,1
Load,B1,2025-03-01,0.008865300012985244,144
Load,B2,2025-03-01,0.008572699996875599,144
Load,B3,2025-03-01,0.008828299993183464,1008
Load,B4,2025-03-01,0.009347200000775047,1152
PV,B0,2025-03-01,0.00751839998702053,1
PV,B1,2025-03-01,0.008630199998151511,144
PV,B2,2025-03-01,0.008421999998972751,144
PV,B3,2025-03-01,0.009255899989511818,1008
PV,B4,2025-03-01,0.010412599993287586,1152
Load,B0,2025-03-02,0.008074800003669225,1
Load,B1,2025-03-02,0.01171139998768922,144
Load,B2,2025-03-02,0.008499100003973581,144
Load,B3,2025-03-02,0.008902699992177077,1008
Load,B4,2025-03-02,0.011137800000142306,1152
PV,B0,2025-03-02,0.007668499994906597,1
PV,B1,2025-03-02,0.008461100005661137,144
PV,B2,2025-03-02,0.008635999998659827,144
PV,B3,2025-03-02,0.009120499991695397,1008
PV,B4,2025-03-02,0.01102619999437593,1152
Load,B0,2025-03-03,0.007828899993910454,1
Load,B1,2025-03-03,0.008905499998945743,144
Load,B2,2025-03-03,0.008456800002022646,144
Load,B3,2025-03-03,0.008978699988801964,1008
Load,B4,2025-03-03,0.010112299991305918,1152
PV,B0,2025-03-03,0.00842670000565704,1
PV,B1,2025-03-03,0.009091100000659935,144
PV,B2,2025-03-03,0.009730100005981512,144
PV,B3,2025-03-03,0.009482300010859035,1008
PV,B4,2025-03-03,0.010164299994357862,1152
Load,B0,2025-03-04,0.00789930000610184,1
Load,B1,2025-03-04,0.008739599987166002,144
Load,B2,2025-03-04,0.009090599996852688,144
Load,B3,2025-03-04,0.009770899996510707,1008
Load,B4,2025-03-04,0.010224199999356642,1152
PV,B0,2025-03-04,0.007809400005498901,1
PV,B1,2025-03-04,0.009212299992213957,144
PV,B2,2025-03-04,0.009109499995247461,144
PV,B3,2025-03-04,0.009550799994030967,1008
PV,B4,2025-03-04,0.009716000000480562,1152
Load,B0,2025-03-05,0.008612599995103665,1
Load,B1,2025-03-05,0.010387199989054352,144
Load,B2,2025-03-05,0.008835200002067722,144
Load,B3,2025-03-05,0.009810999996261671,1008
Load,B4,2025-03-05,0.010134899988770485,1296
PV,B0,2025-03-05,0.00791620000381954,1
PV,B1,2025-03-05,0.0088392999896314,144
PV,B2,2025-03-05,0.008688599991728552,144
PV,B3,2025-03-05,0.009162499991361983,1008
PV,B4,2025-03-05,0.010624799993820488,1296
Load,B0,2025-03-06,0.008085299996309914,1
Load,B1,2025-03-06,0.009374500004923902,144
Load,B2,2025-03-06,0.00872880000679288,144
Load,B3,2025-03-06,0.009602800011634827,1008
Load,B4,2025-03-06,0.010089399991557002,1296
PV,B0,2025-03-06,0.007641899996087886,1
PV,B1,2025-03-06,0.00882149999961257,144
PV,B2,2025-03-06,0.00863029999891296,144
PV,B3,2025-03-06,0.009096900001168251,1008
PV,B4,2025-03-06,0.01011629999266006,1296
Load,B0,2025-03-07,0.00779480001074262,1
Load,B1,2025-03-07,0.0086717999947723,144
Load,B2,2025-03-07,0.010023699986049905,144
Load,B3,2025-03-07,0.01047120000293944,1008
Load,B4,2025-03-07,0.010736199998063967,1296
PV,B0,2025-03-07,0.008844299998600036,1
PV,B1,2025-03-07,0.009616900002583861,144
PV,B2,2025-03-07,0.009582300001056865,144
PV,B3,2025-03-07,0.010369900002842769,1008
PV,B4,2025-03-07,0.01065060000109952,1296
Load,B0,2025-03-08,0.008489300002111122,1
Load,B1,2025-03-08,0.010272300001815893,144
Load,B2,2025-03-08,0.00879490000079386,144
Load,B3,2025-03-08,0.00921270000981167,1008
Load,B4,2025-03-08,0.009744299997691996,1296
PV,B0,2025-03-08,0.007777000006171875,1
PV,B1,2025-03-08,0.009354499998153187,144
PV,B2,2025-03-08,0.008835899992845953,144
PV,B3,2025-03-08,0.010424899999634363,1008
PV,B4,2025-03-08,0.010815600006026216,1296
Load,B0,2025-03-09,0.007984100011526607,1
Load,B1,2025-03-09,0.00931039999704808,144
Load,B2,2025-03-09,0.00988379999762401,144
Load,B3,2025-03-09,0.009471400000620633,1008
Load,B4,2025-03-09,0.010568099998636171,1296
PV,B0,2025-03-09,0.007848599998396821,1
PV,B1,2025-03-09,0.010596699998131953,144
PV,B2,2025-03-09,0.009038999996846542,144
PV,B3,2025-03-09,0.009495200007222593,1008
PV,B4,2025-03-09,0.010382099993876182,1296
Load,B0,2025-03-10,0.008410499998717569,1
Load,B1,2025-03-10,0.009195099992211908,144
Load,B2,2025-03-10,0.009194000012939796,144
Load,B3,2025-03-10,0.009536400000797585,1008
Load,B4,2025-03-10,0.009968700003810227,1296
PV,B0,2025-03-10,0.008606099989265203,1
PV,B1,2025-03-10,0.009182900001178496,144
PV,B2,2025-03-10,0.009032899994053878,144
PV,B3,2025-03-10,0.011051699999370612,1008
PV,B4,2025-03-10,0.010648600000422448,1296
Load,B0,2025-03-11,0.008490599997458048,1
Load,B1,2025-03-11,0.009506600006716326,144
Load,B2,2025-03-11,0.009267599991289899,144
Load,B3,2025-03-11,0.009824000007938594,1008
Load,B4,2025-03-11,0.010429799993289635,1296
PV,B0,2025-03-11,0.010812900000018999,1
PV,B1,2025-03-11,0.009964900003978983,144
PV,B2,2025-03-11,0.008980099999462254,144
PV,B3,2025-03-11,0.009567400004016235,1008
PV,B4,2025-03-11,0.010146000000531785,1296
Load,B0,2025-03-12,0.008290099998703226,1
Load,B1,2025-03-12,0.009098499998799525,144
Load,B2,2025-03-12,0.009323200007202104,144
Load,B3,2025-03-12,0.009446200012462214,1008
Load,B4,2025-03-12,0.010299000001396053,1440
PV,B0,2025-03-12,0.008184299993445165,1
PV,B1,2025-03-12,0.00888509998912923,144
PV,B2,2025-03-12,0.008984600004623644,144
PV,B3,2025-03-12,0.009319299992057495,1008
PV,B4,2025-03-12,0.010743399994680658,1440
Load,B0,2025-03-13,0.009009400004288182,1
Load,B1,2025-03-13,0.010804399993503466,144
Load,B2,2025-03-13,0.008945399997173809,144
Load,B3,2025-03-13,0.010352400000556372,1008
Load,B4,2025-03-13,0.010215300004347228,1440
PV,B0,2025-03-13,0.008164200000464916,1
PV,B1,2025-03-13,0.009696799999801442,144
PV,B2,2025-03-13,0.009024600003613159,144
PV,B3,2025-03-13,0.009742299997014925,1008
PV,B4,2025-03-13,0.010051599994767457,1440
Load,B0,2025-03-14,0.00799620000179857,1
Load,B1,2025-03-14,0.008883900009095669,144
Load,B2,2025-03-14,0.008955900004366413,144
Load,B3,2025-03-14,0.010377500002505258,1008
Load,B4,2025-03-14,0.010530999992624857,1440
PV,B0,2025-03-14,0.008486800012178719,1
PV,B1,2025-03-14,0.00984759999846574,144
PV,B2,2025-03-14,0.010256699999445118,144
PV,B3,2025-03-14,0.010436299999128096,1008
PV,B4,2025-03-14,0.01021339998987969,1440
Load,B0,2025-03-15,0.008134500007145107,1
Load,B1,2025-03-15,0.009202600005664863,144
Load,B2,2025-03-15,0.009140499998466112,144
Load,B3,2025-03-15,0.01095720000739675,1008
Load,B4,2025-03-15,0.010372400007327087,1440
PV,B0,2025-03-15,0.009494300000369549,1
PV,B1,2025-03-15,0.009951600004569627,144
PV,B2,2025-03-15,0.009600900011719204,144
PV,B3,2025-03-15,0.009417699999175966,1008
PV,B4,2025-03-15,0.01003330000094138,1440
Load,B0,2025-03-16,0.008181799988960847,1
Load,B1,2025-03-16,0.009536800003843382,144
Load,B2,2025-03-16,0.009024600003613159,144
Load,B3,2025-03-16,0.009669299994129688,1008
Load,B4,2025-03-16,0.010741199992480688,1440
PV,B0,2025-03-16,0.007974199994350784,1
PV,B1,2025-03-16,0.00907549999828916,144
PV,B2,2025-03-16,0.009040300006745383,144
PV,B3,2025-03-16,0.00953789999766741,1008
PV,B4,2025-03-16,0.01044670000555925,1440
Load,B0,2025-03-17,0.008781199998338707,1
Load,B1,2025-03-17,0.010087800008477643,144
Load,B2,2025-03-17,0.009206300004734658,144
Load,B3,2025-03-17,0.010590400008368306,1008
Load,B4,2025-03-17,0.010719500001869164,1440
PV,B0,2025-03-17,0.008214999994379468,1
PV,B1,2025-03-17,0.009469399999943562,144
PV,B2,2025-03-17,0.009214200006681494,144
PV,B3,2025-03-17,0.009439899993594736,1008
PV,B4,2025-03-17,0.01113650000479538,1440
Load,B0,2025-03-18,0.008297099993797019,1
Load,B1,2025-03-18,0.009367100006784312,144
Load,B2,2025-03-18,0.009227300004567951,144
Load,B3,2025-03-18,0.0098230000003241,1008
Load,B4,2025-03-18,0.010886000003665686,1440
PV,B0,2025-03-18,0.010208699997747317,1
PV,B1,2025-03-18,0.00952069999766536,144
PV,B2,2025-03-18,0.010247400001389906,144
PV,B3,2025-03-18,0.01012599999376107,1008
PV,B4,2025-03-18,0.011057900002924725,1440
Load,B0,2025-03-19,0.01078100000449922,1
Load,B1,2025-03-19,0.009330200002295896,144
Load,B2,2025-03-19,0.010724799998570234,144
Load,B3,2025-03-19,0.009925799997290596,1008
Load,B4,2025-03-19,0.010981799990986474,1584
PV,B0,2025-03-19,0.008777299997746013,1
PV,B1,2025-03-19,0.010308500000974163,144
PV,B2,2025-03-19,0.009160600005998276,144
PV,B3,2025-03-19,0.01101270000799559,1008
PV,B4,2025-03-19,0.012690800009295344,1584
Load,B0,2025-03-20,0.0082747999986168,1
Load,B1,2025-03-20,0.010536900008446537,144
Load,B2,2025-03-20,0.009219899991876446,144
Load,B3,2025-03-20,0.009778199993888848,1008
Load,B4,2025-03-20,0.01155049999943003,1584
PV,B0,2025-03-20,0.008510400002705865,1
PV,B1,2025-03-20,0.010353199992096052,144
PV,B2,2025-03-20,0.009518899998511188,144
PV,B3,2025-03-20,0.01006230000348296,1008
PV,B4,2025-03-20,0.010706800007028505,1584
Load,B0,2025-03-21,0.008503599994583055,1
Load,B1,2025-03-21,0.010315000006812625,144
Load,B2,2025-03-21,0.010595900006592274,144
Load,B3,2025-03-21,0.011462900001788512,1008
Load,B4,2025-03-21,0.01146399999561254,1584
PV,B0,2025-03-21,0.0084843000076944,1
PV,B1,2025-03-21,0.00974960000894498,144
PV,B2,2025-03-21,0.00960970000596717,144
PV,B3,2025-03-21,0.009838199999649078,1008
PV,B4,2025-03-21,0.010873500010347925,1584
Load,B0,2025-03-22,0.009539599996060133,1
Load,B1,2025-03-22,0.011161400005221367,144
Load,B2,2025-03-22,0.009392799998749979,144
Load,B3,2025-03-22,0.009878599987132475,1008
Load,B4,2025-03-22,0.010952500000712462,1584
PV,B0,2025-03-22,0.008576699998229742,1
PV,B1,2025-03-22,0.009360399999422953,144
PV,B2,2025-03-22,0.011529700001119636,144
PV,B3,2025-03-22,0.009971000006771646,1008
PV,B4,2025-03-22,0.011435300009907223,1584
Load,B0,2025-03-23,0.008816599991405383,1
Load,B1,2025-03-23,0.009524099994450808,144
Load,B2,2025-03-23,0.00991329998942092,144
Load,B3,2025-03-23,0.01024679999682121,1008
Load,B4,2025-03-23,0.011675300003844313,1584
PV,B0,2025-03-23,0.00877549999859184,1
PV,B1,2025-03-23,0.01010610000230372,144
PV,B2,2025-03-23,0.010224300000118092,144
PV,B3,2025-03-23,0.012405800007400103,1008
PV,B4,2025-03-23,0.011072399996919557,1584
Load,B0,2025-03-24,0.00955190000240691,1
Load,B1,2025-03-24,0.010579100009636022,144
Load,B2,2025-03-24,0.010370599993621,144
Load,B3,2025-03-24,0.010821299991221167,1008
Load,B4,2025-03-24,0.011989699996775016,1584
PV,B0,2025-03-24,0.009849200010648929,1
PV,B1,2025-03-24,0.013607600005343556,144
PV,B2,2025-03-24,0.011130400002002716,144
PV,B3,2025-03-24,0.013384700010647066,1008
PV,B4,2025-03-24,0.01255220000166446,1584
Load,B0,2025-03-25,0.00982809999550227,1
Load,B1,2025-03-25,0.010292200007825159,144
Load,B2,2025-03-25,0.01043430001300294,144
Load,B3,2025-03-25,0.011956899994402193,1008
Load,B4,2025-03-25,0.012412399999448098,1584
PV,B0,2025-03-25,0.009262699997634627,1
PV,B1,2025-03-25,0.011112499996670522,144
PV,B2,2025-03-25,0.01126759999897331,144
PV,B3,2025-03-25,0.010195900002145208,1008
PV,B4,2025-03-25,0.01227219999418594,1584
Load,B0,2025-03-26,0.011348200001521036,1
Load,B1,2025-03-26,0.012631799996597692,144
Load,B2,2025-03-26,0.010437900011311285,144
Load,B3,2025-03-26,0.011480600005597807,1008
Load,B4,2025-03-26,0.012422999992850237,1728
PV,B0,2025-03-26,0.009634299989556894,1
PV,B1,2025-03-26,0.010426699998788536,144
PV,B2,2025-03-26,0.012318499997491017,144
PV,B3,2025-03-26,0.010319900000467896,1008
PV,B4,2025-03-26,0.012642200003028847,1728
Load,B0,2025-03-27,0.009261999992304482,1
Load,B1,2025-03-27,0.010285900003509596,144
Load,B2,2025-03-27,0.009807599999476224,144
Load,B3,2025-03-27,0.010210100008407608,1008
Load,B4,2025-03-27,0.010918400002992712,1728
PV,B0,2025-03-27,0.00963870000850875,1
PV,B1,2025-03-27,0.00993699999526143,144
PV,B2,2025-03-27,0.009703200004878454,144
PV,B3,2025-03-27,0.010884199989959598,1008
PV,B4,2025-03-27,0.011621700003161095,1728
Load,B0,2025-03-28,0.01225430000340566,1
Load,B1,2025-03-28,0.011080299998866394,144
Load,B2,2025-03-28,0.011847900008433498,144
Load,B3,2025-03-28,0.011848899986944161,1008
Load,B4,2025-03-28,0.013413199994829483,1728
PV,B0,2025-03-28,0.009377499998663552,1
PV,B1,2025-03-28,0.012261199997738004,144
PV,B2,2025-03-28,0.01062899999669753,144
PV,B3,2025-03-28,0.010022000002209097,1008
PV,B4,2025-03-28,0.011335499992128462,1728
Load,B0,2025-03-29,0.009114300002693199,1
Load,B1,2025-03-29,0.01000670000212267,144
Load,B2,2025-03-29,0.010177599993767217,144
Load,B3,2025-03-29,0.010251900006551296,1008
Load,B4,2025-03-29,0.01098160000401549,1728
PV,B0,2025-03-29,0.009498800005530939,1
PV,B1,2025-03-29,0.009940699994331226,144
PV,B2,2025-03-29,0.009881800011498854,144
PV,B3,2025-03-29,0.011245600006077439,1008
PV,B4,2025-03-29,0.010926499991910532,1728
Load,B0,2025-03-30,0.01011060000746511,1
Load,B1,2025-03-30,0.010252799998852424,144
Load,B2,2025-03-30,0.011241199987125583,144
Load,B3,2025-03-30,0.012735899988911115,1008
Load,B4,2025-03-30,0.01229659999080468,1728
PV,B0,2025-03-30,0.009577299992088228,1
PV,B1,2025-03-30,0.010427499990328215,144
PV,B2,2025-03-30,0.009932600005413406,144
PV,B3,2025-03-30,0.010371399999712594,1008
PV,B4,2025-03-30,0.011090700005297549,1728
Load,B0,2025-03-31,0.009193200006848201,1
Load,B1,2025-03-31,0.010057000006781891,144
Load,B2,2025-03-31,0.010056700004497543,144
Load,B3,2025-03-31,0.010308800003258511,1008
Load,B4,2025-03-31,0.011234100005822256,1728
PV,B0,2025-03-31,0.008980500002508052,1
PV,B1,2025-03-31,0.01037940000242088,144
PV,B2,2025-03-31,0.009898800009978004,144
PV,B3,2025-03-31,0.010957000005873851,1008
PV,B4,2025-03-31,0.01132829999551177,1728
Load,B0,2025-04-01,0.010014600004069507,1
Load,B1,2025-04-01,0.010297500004526228,144
Load,B2,2025-04-01,0.010238200004096143,144
Load,B3,2025-04-01,0.010468799999216571,1008
Load,B4,2025-04-01,0.012495799994212575,1728
PV,B0,2025-04-01,0.009448400000110269,1
PV,B1,2025-04-01,0.010873699997318909,144
PV,B2,2025-04-01,0.009919899996020831,144
PV,B3,2025-04-01,0.010263499993016012,1008
PV,B4,2025-04-01,0.011385099991457537,1728
Load,B0,2025-04-02,0.009357699993415736,1
Load,B1,2025-04-02,0.010412699994049035,144
Load,B2,2025-04-02,0.011080399999627843,144
Load,B3,2025-04-02,0.01116530000581406,1008
Load,B4,2025-04-02,0.013020600003073923,1872
PV,B0,2025-04-02,0.010043299989774823,1
PV,B1,2025-04-02,0.010446100000990555,144
PV,B2,2025-04-02,0.010925299997325055,144
PV,B3,2025-04-02,0.010663399996701628,1008
PV,B4,2025-04-02,0.01142979999713134,1872
Load,B0,2025-04-03,0.00904140000056941,1
Load,B1,2025-04-03,0.012218499992741272,144
Load,B2,2025-04-03,0.009922099998220801,144
Load,B3,2025-04-03,0.011400400006095879,1008
Load,B4,2025-04-03,0.011706999997841194,1872
PV,B0,2025-04-03,0.01005339999392163,1
PV,B1,2025-04-03,0.010063499998068437,144
PV,B2,2025-04-03,0.009928700004820712,144
PV,B3,2025-04-03,0.011113999993540347,1008
PV,B4,2025-04-03,0.011375000001862645,1872
Load,B0,2025-04-04,0.010775100003229454,1
Load,B1,2025-04-04,0.011166399999638088,144
Load,B2,2025-04-04,0.009991899991291575,144
Load,B3,2025-04-04,0.010510799998883158,1008
Load,B4,2025-04-04,0.01137860000017099,1872
PV,B0,2025-04-04,0.010002800001529977,1
PV,B1,2025-04-04,0.011090699990745634,144
PV,B2,2025-04-04,0.010168099994189106,144
PV,B3,2025-04-04,0.010862700000870973,1008
PV,B4,2025-04-04,0.011525800000526942,1872
Load,B0,2025-04-05,0.009611200002836995,1
Load,B1,2025-04-05,0.011344800004735589,144
Load,B2,2025-04-05,0.012034700004733168,144
Load,B3,2025-04-05,0.011888000008184463,1008
Load,B4,2025-04-05,0.01301140000578016,1872
PV,B0,2025-04-05,0.010204599995631725,1
PV,B1,2025-04-05,0.011118499998701736,144
PV,B2,2025-04-05,0.010341600005631335,144
PV,B3,2025-04-05,0.010470299996086396,1008
PV,B4,2025-04-05,0.012423799998941831,1872
Load,B0,2025-04-06,0.009675199995399453,1
Load,B1,2025-04-06,0.010275499997078441,144
Load,B2,2025-04-06,0.010566199998720549,144
Load,B3,2025-04-06,0.010428900000988506,1008
Load,B4,2025-04-06,0.011409500002628192,1872
PV,B0,2025-04-06,0.00940150000678841,1
PV,B1,2025-04-06,0.010081200001877733,144
PV,B2,2025-04-06,0.009916700000758283,144
PV,B3,2025-04-06,0.010786600003484637,1008
PV,B4,2025-04-06,0.011683399992762133,1872
Load,B0,2025-04-07,0.00947720000112895,1
Load,B1,2025-04-07,0.010416899996926077,144
Load,B2,2025-04-07,0.010149499998078682,144
Load,B3,2025-04-07,0.010333600002923049,1008
Load,B4,2025-04-07,0.01152110000839457,1872
PV,B0,2025-04-07,0.009621200006222352,1
PV,B1,2025-04-07,0.010610699988319539,144
PV,B2,2025-04-07,0.010134500000276603,144
PV,B3,2025-04-07,0.010701800012611784,1008
PV,B4,2025-04-07,0.011492999998154119,1872
Load,B0,2025-04-08,0.009761900000739843,1
Load,B1,2025-04-08,0.010573400009889156,144
Load,B2,2025-04-08,0.009825900007854216,144
Load,B3,2025-04-08,0.011125100005301647,1008
Load,B4,2025-04-08,0.011562200001208112,1872
PV,B0,2025-04-08,0.011029599991161376,1
PV,B1,2025-04-08,0.010849600002984516,144
PV,B2,2025-04-08,0.01008160000492353,144
PV,B3,2025-04-08,0.01072970000677742,1008
PV,B4,2025-04-08,0.011668199993437156,1872
Load,B0,2025-04-09,0.010121200000867248,1
Load,B1,2025-04-09,0.011561200008145534,144
Load,B2,2025-04-09,0.010252899999613874,144
Load,B3,2025-04-09,0.011100299991085194,1008
Load,B4,2025-04-09,0.011999199996353127,2016
PV,B0,2025-04-09,0.010730699999839999,1
PV,B1,2025-04-09,0.0106594000098994,144
PV,B2,2025-04-09,0.010947199989459477,144
PV,B3,2025-04-09,0.01158749999012798,1008
PV,B4,2025-04-09,0.01279429999704007,2016
Load,B0,2025-04-10,0.010063900001114234,1
Load,B1,2025-04-10,0.01126460000523366,144
Load,B2,2025-04-10,0.01273580000270158,144
Load,B3,2025-04-10,0.012409399991156533,1008
Load,B4,2025-04-10,0.01269230000616517,2016
PV,B0,2025-04-10,0.010606600000755861,1
PV,B1,2025-04-10,0.011017700002412312,144
PV,B2,2025-04-10,0.011469300006865524,144
PV,B3,2025-04-10,0.012230399996042252,1008
PV,B4,2025-04-10,0.012375399994198233,2016
Load,B0,2025-04-11,0.010344399997848086,1
Load,B1,2025-04-11,0.010713900002883747,144
Load,B2,2025-04-11,0.011355399998137727,144
Load,B3,2025-04-11,0.011452499995357357,1008
Load,B4,2025-04-11,0.014540399992256425,2016
PV,B0,2025-04-11,0.00995849999890197,1
PV,B1,2025-04-11,0.01122840000607539,144
PV,B2,2025-04-11,0.010605100003886037,144
PV,B3,2025-04-11,0.01079349999781698,1008
PV,B4,2025-04-11,0.012432799994712695,2016
Load,B0,2025-04-12,0.010985499990056269,1
Load,B1,2025-04-12,0.011124900003778748,144
Load,B2,2025-04-12,0.010510199994314462,144
Load,B3,2025-04-12,0.012622299997019581,1008
Load,B4,2025-04-12,0.01286259999324102,2016
PV,B0,2025-04-12,0.012079799998900853,1
PV,B1,2025-04-12,0.010831799998413771,144
PV,B2,2025-04-12,0.010281800001394004,144
PV,B3,2025-04-12,0.011940500000491738,1008
PV,B4,2025-04-12,0.013655799994012341,2016
Load,B0,2025-04-13,0.010161099999095313,1
Load,B1,2025-04-13,0.010976999998092651,144
Load,B2,2025-04-13,0.010419300000648946,144
Load,B3,2025-04-13,0.011987100006081164,1008
Load,B4,2025-04-13,0.013543399996706285,2016
PV,B0,2025-04-13,0.010826600002474152,1
PV,B1,2025-04-13,0.01218689999950584,144
PV,B2,2025-04-13,0.010455099996761419,144
PV,B3,2025-04-13,0.011827199996332638,1008
PV,B4,2025-04-13,0.012552400003187358,2016
Load,B0,2025-04-14,0.010062500005005859,1
Load,B1,2025-04-14,0.011016299991752021,144
Load,B2,2025-04-14,0.010514399997191504,144
Load,B3,2025-04-14,0.011275700002443045,1008
Load,B4,2025-04-14,0.012369899995974265,2016
PV,B0,2025-04-14,0.009746199997607619,1
PV,B1,2025-04-14,0.011559900012798607,144
PV,B2,2025-04-14,0.010625199996866286,144
PV,B3,2025-04-14,0.010904800001299009,1008
PV,B4,2025-04-14,0.012040699992212467,2016
Load,B0,2025-04-15,0.010120399994775653,1
Load,B1,2025-04-15,0.010424599997350015,144
Load,B2,2025-04-15,0.010745999999926426,144
Load,B3,2025-04-15,0.010980799997923896,1008
Load,B4,2025-04-15,0.012348600008408539,2016
PV,B0,2025-04-15,0.0120974000019487,1
PV,B1,2025-04-15,0.012352399993687868,144
PV,B2,2025-04-15,0.010699100006604567,144
PV,B3,2025-04-15,0.014307200006442145,1008
PV,B4,2025-04-15,0.013124699995387346,2016
Load,B0,2025-04-16,0.009973699998226948,1
Load,B1,2025-04-16,0.010586599993985146,144
Load,B2,2025-04-16,0.01052229999913834,144
Load,B3,2025-04-16,0.011063400001148693,1008
Load,B4,2025-04-16,0.011897900010808371,2160
PV,B0,2025-04-16,0.009927400009473786,1
PV,B1,2025-04-16,0.010466399995493703,144
PV,B2,2025-04-16,0.011053099995478988,144
PV,B3,2025-04-16,0.010710000002291054,1008
PV,B4,2025-04-16,0.011808800001745112,2160
Load,B0,2025-04-17,0.010021800000686198,1
Load,B1,2025-04-17,0.01078820000111591,144
Load,B2,2025-04-17,0.010652199998730794,144
Load,B3,2025-04-17,0.011501199987833388,1008
Load,B4,2025-04-17,0.012299699999857694,2160
PV,B0,2025-04-17,0.00983779999660328,1
PV,B1,2025-04-17,0.012972500000614673,144
PV,B2,2025-04-17,0.01133359999221284,144
PV,B3,2025-04-17,0.011179799999808893,1008
PV,B4,2025-04-17,0.012133199998061173,2160
Load,B0,2025-04-18,0.011330900000757538,1
Load,B1,2025-04-18,0.010824099997989833,144
Load,B2,2025-04-18,0.011886600012076087,144
Load,B3,2025-04-18,0.013926500003435649,1008
Load,B4,2025-04-18,0.013127400001394562,2160
PV,B0,2025-04-18,0.010916900006122887,1
PV,B1,2025-04-18,0.011213800011319108,144
PV,B2,2025-04-18,0.011281300001428463,144
PV,B3,2025-04-18,0.011980099996435456,1008
PV,B4,2025-04-18,0.012529300001915544,2160
Load,B0,2025-04-19,0.012451599992346019,1
Load,B1,2025-04-19,0.010444999992614612,144
Load,B2,2025-04-19,0.010451499998453073,144
Load,B3,2025-04-19,0.011065800004871562,1008
Load,B4,2025-04-19,0.011884399995324202,2160
PV,B0,2025-04-19,0.010658999992301688,1
PV,B1,2025-04-19,0.010463099999469705,144
PV,B2,2025-04-19,0.010381300002336502,144
PV,B3,2025-04-19,0.011206399998627603,1008
PV,B4,2025-04-19,0.01274540000304114,2160
Load,B0,2025-04-20,0.010473700007423759,1
Load,B1,2025-04-20,0.011008299989043735,144
Load,B2,2025-04-20,0.011432600003900006,144
Load,B3,2025-04-20,0.011917399999219924,1008
Load,B4,2025-04-20,0.012446599997929297,2160
PV,B0,2025-04-20,0.010982799998600967,1
PV,B1,2025-04-20,0.010974399992846884,144
PV,B2,2025-04-20,0.010748400003649294,144
PV,B3,2025-04-20,0.01133799999661278,1008
PV,B4,2025-04-20,0.012525199999799952,2160
Load,B0,2025-04-21,0.011202599998796359,1
Load,B1,2025-04-21,0.011926299994229339,144
Load,B2,2025-04-21,0.010458799995831214,144
Load,B3,2025-04-21,0.011675999994622543,1008
Load,B4,2025-04-21,0.012314099993091077,2160
PV,B0,2025-04-21,0.01113210000039544,1
PV,B1,2025-04-21,0.010668900009477511,144
PV,B2,2025-04-21,0.010559999995166436,144
PV,B3,2025-04-21,0.011255499994149432,1008
PV,B4,2025-04-21,0.012430899994797073,2160
Load,B0,2025-04-22,0.01005950001126621,1
Load,B1,2025-04-22,0.01134979999915231,144
Load,B2,2025-04-22,0.010776199997053482,144
Load,B3,2025-04-22,0.01095720000739675,1008
Load,B4,2025-04-22,0.012056999999913387,2160
PV,B0,2025-04-22,0.01027500000782311,1
PV,B1,2025-04-22,0.010487399995326996,144
PV,B2,2025-04-22,0.010763099999167025,144
PV,B3,2025-04-22,0.010998500001733191,1008
PV,B4,2025-04-22,0.012038300003041513,2160
Load,B0,2025-04-23,0.010187700012465939,1
Load,B1,2025-04-23,0.011741299997083843,144
Load,B2,2025-04-23,0.01304119999986142,144
Load,B3,2025-04-23,0.011145299999043345,1008
Load,B4,2025-04-23,0.012882299997727387,2304
PV,B0,2025-04-23,0.010224400000879541,1
PV,B1,2025-04-23,0.010676100006094202,144
PV,B2,2025-04-23,0.01148240000475198,144
PV,B3,2025-04-23,0.011193800004548393,1008
PV,B4,2025-04-23,0.01241519999166485,2304
Load,B0,2025-04-24,0.011698600006639026,1
Load,B1,2025-04-24,0.013367599996854551,144
Load,B2,2025-04-24,0.013927799998782575,144
Load,B3,2025-04-24,0.012560999995912425,1008
Load,B4,2025-04-24,0.01417310000397265,2304
PV,B0,2025-04-24,0.012468800006899983,1
PV,B1,2025-04-24,0.012124999993829988,144
PV,B2,2025-04-24,0.011128300000564195,144
PV,B3,2025-04-24,0.011708099991665222,1008
PV,B4,2025-04-24,0.013096099995891564,2304
Load,B0,2025-04-25,0.011501499990117736,1
Load,B1,2025-04-25,0.01087270000425633,144
Load,B2,2025-04-25,0.010944699999527074,144
Load,B3,2025-04-25,0.012119299994083121,1008
Load,B4,2025-04-25,0.013672500004759058,2304
PV,B0,2025-04-25,0.011041599995223805,1
PV,B1,2025-04-25,0.011442400005762465,144
PV,B2,2025-04-25,0.011456299995188601,144
PV,B3,2025-04-25,0.0115728999953717,1008
PV,B4,2025-04-25,0.013417599999229424,2304
Load,B0,2025-04-26,0.011665799989714287,1
Load,B1,2025-04-26,0.010961199994198978,144
Load,B2,2025-04-26,0.012548999991849996,144
Load,B3,2025-04-26,0.011469899996882305,1008
Load,B4,2025-04-26,0.013032500006374903,2304
PV,B0,2025-04-26,0.010945500005618669,1
PV,B1,2025-04-26,0.013206699994043447,144
PV,B2,2025-04-26,0.011418699999921955,144
PV,B3,2025-04-26,0.012456500000553206,1008
PV,B4,2025-04-26,0.013097200004267506,2304
Load,B0,2025-04-27,0.010618900007102638,1
Load,B1,2025-04-27,0.01148990000365302,144
Load,B2,2025-04-27,0.010884200004511513,144
Load,B3,2025-04-27,0.011284600012004375,1008
Load,B4,2025-04-27,0.013645300001371652,2304
PV,B0,2025-04-27,0.010309099990990944,1
PV,B1,2025-04-27,0.011133499996503815,144
PV,B2,2025-04-27,0.010850999999092892,144
PV,B3,2025-04-27,0.012086100003216416,1008
PV,B4,2025-04-27,0.012916100007714704,2304
Load,B0,2025-04-28,0.010780199998407625,1
Load,B1,2025-04-28,0.011265799999819137,144
Load,B2,2025-04-28,0.011373000001185574,144
Load,B3,2025-04-28,0.012618900000234134,1008
Load,B4,2025-04-28,0.013074699993012473,2304
PV,B0,2025-04-28,0.010424599997350015,1
PV,B1,2025-04-28,0.011248099996009842,144
PV,B2,2025-04-28,0.011022499995306134,144
PV,B3,2025-04-28,0.012560999995912425,1008
PV,B4,2025-04-28,0.012524899997515604,2304
Load,B0,2025-04-29,0.011166299998876639,1
Load,B1,2025-04-29,0.011490300006698817,144
Load,B2,2025-04-29,0.011945200007176027,144
Load,B3,2025-04-29,0.011566000001039356,1008
Load,B4,2025-04-29,0.01275659998646006,2304
PV,B0,2025-04-29,0.011762599999201484,1
PV,B1,2025-04-29,0.013738599998760037,144
PV,B2,2025-04-29,0.012323800008744001,144
PV,B3,2025-04-29,0.012323400005698204,1008
PV,B4,2025-04-29,0.013107999999192543,2304
Load,B0,2025-04-30,0.010735899995779619,1
Load,B1,2025-04-30,0.011683599994285032,144
Load,B2,2025-04-30,0.011260699990089051,144
Load,B3,2025-04-30,0.01181890000589192,1008
Load,B4,2025-04-30,0.0141418999992311,2448
PV,B0,2025-04-30,0.012211599998408929,1
PV,B1,2025-04-30,0.011911300010979176,144
PV,B2,2025-04-30,0.011698999995132908,144
PV,B3,2025-04-30,0.012101200001779944,1008
PV,B4,2025-04-30,0.013809399999445304,2448
Load,B0,2025-05-01,0.010555900007602759,1
Load,B1,2025-05-01,0.012318300010520034,144
Load,B2,2025-05-01,0.012380600004689768,144
Load,B3,2025-05-01,0.012487400003010407,1008
Load,B4,2025-05-01,0.013926799991168082,2448
PV,B0,2025-05-01,0.01134759999695234,1
PV,B1,2025-05-01,0.012248500002897345,144
PV,B2,2025-05-01,0.011704999997164123,144
PV,B3,2025-05-01,0.011900500001502223,1008
PV,B4,2025-05-01,0.013280900006066076,2448
Load,B0,2025-05-02,0.014175499993143603,1
Load,B1,2025-05-02,0.013392900000326335,144
Load,B2,2025-05-02,0.011376099995686673,144
Load,B3,2025-05-02,0.011687500009429641,1008
Load,B4,2025-05-02,0.013416400004643947,2448
PV,B0,2025-05-02,0.011766600000555627,1
PV,B1,2025-05-02,0.011945999998715706,144
PV,B2,2025-05-02,0.01264860000810586,144
PV,B3,2025-05-02,0.012858400004915893,1008
PV,B4,2025-05-02,0.013681500000529923,2448
Load,B0,2025-05-03,0.011822800006484613,1
Load,B1,2025-05-03,0.012706599998637103,144
Load,B2,2025-05-03,0.011687299993354827,144
Load,B3,2025-05-03,0.013087400002405047,1008
Load,B4,2025-05-03,0.013765999989118427,2448
PV,B0,2025-05-03,0.011039999997592531,1
PV,B1,2025-05-03,0.012056100007612258,144
PV,B2,2025-05-03,0.013247800001408905,144
PV,B3,2025-05-03,0.012283400006708689,1008
PV,B4,2025-05-03,0.013168899997253902,2448
Load,B0,2025-05-04,0.010981300001731142,1
Load,B1,2025-05-04,0.011602300000959076,144
Load,B2,2025-05-04,0.012861499999416992,144
Load,B3,2025-05-04,0.011953299996093847,1008
Load,B4,2025-05-04,0.012979899998754263,2448
PV,B0,2025-05-04,0.010788499988848343,1
PV,B1,2025-05-04,0.011490300006698817,144
PV,B2,2025-05-04,0.011459999994258396,144
PV,B3,2025-05-04,0.01197199999296572,1008
PV,B4,2025-05-04,0.012950799995451234,2448
Load,B0,2025-05-05,0.011186899995664135,1
Load,B1,2025-05-05,0.011593200004426762,144
Load,B2,2025-05-05,0.011368200008291751,144
Load,B3,2025-05-05,0.011538399994606152,1008
Load,B4,2025-05-05,0.013410899991868064,2448
PV,B0,2025-05-05,0.010962600004859269,1
PV,B1,2025-05-05,0.011456200008979067,144
PV,B2,2025-05-05,0.01254180000978522,144
PV,B3,2025-05-05,0.011880399993970059,1008
PV,B4,2025-05-05,0.013315999996848404,2448
Load,B0,2025-05-06,0.010810799998580478,1
Load,B1,2025-05-06,0.01180769999336917,144
Load,B2,2025-05-06,0.014218599986634217,144
Load,B3,2025-05-06,0.013980699994135648,1008
Load,B4,2025-05-06,0.01465539999480825,2448
PV,B0,2025-05-06,0.011952300003031269,1
PV,B1,2025-05-06,0.012372199998935685,144
PV,B2,2025-05-06,0.012446499997167848,144
PV,B3,2025-05-06,0.013028200002736412,1008
PV,B4,2025-05-06,0.01690430000599008,2448
Load,B0,2025-05-07,0.01143130000855308,1
Load,B1,2025-05-07,0.011520700005348772,144
Load,B2,2025-05-07,0.012384100002236664,144
Load,B3,2025-05-07,0.012539300005300902,1008
Load,B4,2025-05-07,0.01325810000707861,2592
PV,B0,2025-05-07,0.011114099994301796,1
PV,B1,2025-05-07,0.01398779998999089,144
PV,B2,2025-05-07,0.013543399996706285,144
PV,B3,2025-05-07,0.013589299996965565,1008
PV,B4,2025-05-07,0.014028100005816668,2592
Load,B0,2025-05-08,0.012433900003088638,1
Load,B1,2025-05-08,0.011930100008612499,144
Load,B2,2025-05-08,0.011554800003068522,144
Load,B3,2025-05-08,0.01228619999892544,1008
Load,B4,2025-05-08,0.013606499996967614,2592
PV,B0,2025-05-08,0.012066499999491498,1
PV,B1,2025-05-08,0.011670800013234839,144
PV,B2,2025-05-08,0.012983799999346957,144
PV,B3,2025-05-08,0.012121399995521642,1008
PV,B4,2025-05-08,0.013895800002501346,2592
Load,B0,2025-05-09,0.01120319998881314,1
Load,B1,2025-05-09,0.011786200004280545,144
Load,B2,2025-05-09,0.013467900003888644,144
Load,B3,2025-05-09,0.012942300003487617,1008
Load,B4,2025-05-09,0.01389960000233259,2592
PV,B0,2025-05-09,0.011875999989570118,1
PV,B1,2025-05-09,0.011955699999816716,144
PV,B2,2025-05-09,0.011720800001057796,144
PV,B3,2025-05-09,0.012710499999229796,1008
PV,B4,2025-05-09,0.01618859999871347,2592
Load,B0,2025-05-10,0.013148100013495423,1
Load,B1,2025-05-10,0.011627500003669411,144
Load,B2,2025-05-10,0.012383599998429418,144
Load,B3,2025-05-10,0.014317000008304603,1008
Load,B4,2025-05-10,0.01411230000667274,2592
PV,B0,2025-05-10,0.011560500002815388,1
PV,B1,2025-05-10,0.012499099990236573,144
PV,B2,2025-05-10,0.012584899988723919,144
PV,B3,2025-05-10,0.014095699996687472,1008
PV,B4,2025-05-10,0.013584700005594641,2592
Load,B0,2025-05-11,0.011200699998880737,1
Load,B1,2025-05-11,0.01232779999554623,144
Load,B2,2025-05-11,0.012623700007679872,144
Load,B3,2025-05-11,0.013298599995323457,1008
Load,B4,2025-05-11,0.01400179999473039,2592
PV,B0,2025-05-11,0.011318099990603514,1
PV,B1,2025-05-11,0.011828100003185682,144
PV,B2,2025-05-11,0.011584799998672679,144
PV,B3,2025-05-11,0.012320200010435656,1008
PV,B4,2025-05-11,0.013924800005042925,2592
Load,B0,2025-05-12,0.011093900000560097,1
Load,B1,2025-05-12,0.011464199997135438,144
Load,B2,2025-05-12,0.011796899998444133,144
Load,B3,2025-05-12,0.012387199996737763,1008
Load,B4,2025-05-12,0.014030999998794869,2592
PV,B0,2025-05-12,0.013504500006092712,1
PV,B1,2025-05-12,0.013536500002373941,144
PV,B2,2025-05-12,0.012060599998221733,144
PV,B3,2025-05-12,0.013429099999484606,1008
PV,B4,2025-05-12,0.014750599992112257,2592
Load,B0,2025-05-13,0.012530299994978122,1
Load,B1,2025-05-13,0.011797699989983812,144
Load,B2,2025-05-13,0.012074500002199784,144
Load,B3,2025-05-13,0.013709000006201677,1008
Load,B4,2025-05-13,0.015843200002564117,2592
PV,B0,2025-05-13,0.012435700002242811,1
PV,B1,2025-05-13,0.011707099998602644,144
PV,B2,2025-05-13,0.01182169999810867,144
PV,B3,2025-05-13,0.012999999991734512,1008
PV,B4,2025-05-13,0.015084600003319792,2592
Load,B0,2025-05-14,0.012493500005803071,1
Load,B1,2025-05-14,0.013382099990849383,144
Load,B2,2025-05-14,0.01222770000458695,144
Load,B3,2025-05-14,0.012457500008167699,1008
Load,B4,2025-05-14,0.013398600000073202,2736
PV,B0,2025-05-14,0.011772300000302494,1
PV,B1,2025-05-14,0.01182390000030864,144
PV,B2,2025-05-14,0.011834099990664981,144
PV,B3,2025-05-14,0.01217430000542663,1008
PV,B4,2025-05-14,0.013516300008632243,2736
Load,B0,2025-05-15,0.012335499995970167,1
Load,B1,2025-05-15,0.013460600006510504,144
Load,B2,2025-05-15,0.012133199998061173,144
Load,B3,2025-05-15,0.01215569999476429,1008
Load,B4,2025-05-15,0.013479799992637709,2736
PV,B0,2025-05-15,0.011549400005606003,1
PV,B1,2025-05-15,0.01230990000476595,144
PV,B2,2025-05-15,0.011918300006072968,144
PV,B3,2025-05-15,0.012223900004755706,1008
PV,B4,2025-05-15,0.013403000004473142,2736
Load,B0,2025-05-16,0.011617199997999705,1
Load,B1,2025-05-16,0.011880000005476177,144
Load,B2,2025-05-16,0.011509999996633269,144
Load,B3,2025-05-16,0.012714099997538142,1008
Load,B4,2025-05-16,0.013374100002693012,2736
PV,B0,2025-05-16,0.011225700000068173,1
PV,B1,2025-05-16,0.014372999998158775,144
PV,B2,2025-05-16,0.011744300005375408,144
PV,B3,2025-05-16,0.012090800009900704,1008
PV,B4,2025-05-16,0.015335200005210936,2736
Load,B0,2025-05-17,0.011237600003369153,1
Load,B1,2025-05-17,0.012687400012509897,144
Load,B2,2025-05-17,0.01251820000470616,144
Load,B3,2025-05-17,0.012626099996850826,1008
Load,B4,2025-05-17,0.01446849999774713,2736
PV,B0,2025-05-17,0.011808399998699315,1
PV,B1,2025-05-17,0.011970000006840564,144
PV,B2,2025-05-17,0.012636400002520531,144
PV,B3,2025-05-17,0.01349379999737721,1008
PV,B4,2025-05-17,0.014422300009755418,2736
Load,B0,2025-05-18,0.012460199999623,1
Load,B1,2025-05-18,0.012067399991792627,144
Load,B2,2025-05-18,0.012597599998116493,144
Load,B3,2025-05-18,0.013115199995809235,1008
Load,B4,2025-05-18,0.013920800003688782,2736
PV,B0,2025-05-18,0.01242840000486467,1
PV,B1,2025-05-18,0.01167350000469014,144
PV,B2,2025-05-18,0.011801300002844073,144
PV,B3,2025-05-18,0.012531799991847947,1008
PV,B4,2025-05-18,0.01423390000127256,2736
Load,B0,2025-05-19,0.011272700008703396,1
Load,B1,2025-05-19,0.01185589999658987,144
Load,B2,2025-05-19,0.012419399994541891,144
Load,B3,2025-05-19,0.012286699988180771,1008
Load,B4,2025-05-19,0.013852799995220266,2736
PV,B0,2025-05-19,0.011289499991107732,1
PV,B1,2025-05-19,0.012081599998055026,144
PV,B2,2025-05-19,0.01233360001060646,144
PV,B3,2025-05-19,0.012257599999429658,1008
PV,B4,2025-05-19,0.014205200001015328,2736
Load,B0,2025-05-20,0.011341000004904345,1
Load,B1,2025-05-20,0.012746000007609837,144
Load,B2,2025-05-20,0.012979299994185567,144
Load,B3,2025-05-20,0.013228399999206886,1008
Load,B4,2025-05-20,0.013865200002328493,2736
PV,B0,2025-05-20,0.01199800000176765,1
PV,B1,2025-05-20,0.012168500004918315,144
PV,B2,2025-05-20,0.012422900006640702,144
PV,B3,2025-05-20,0.01314470000215806,1008
PV,B4,2025-05-20,0.014653400008683093,2736
Load,B0,2025-05-21,0.0120009999955073,1
Load,B1,2025-05-21,0.012429599999450147,144
Load,B2,2025-05-21,0.01271429999906104,144
Load,B3,2025-05-21,0.012834199995268136,1008
Load,B4,2025-05-21,0.018665399999008514,2880
PV,B0,2025-05-21,0.011333200003718957,1
PV,B1,2025-05-21,0.012191399990115315,144
PV,B2,2025-05-21,0.012197999996715225,144
PV,B3,2025-05-21,0.01250320000690408,1008
PV,B4,2025-05-21,0.013851900002919137,2880
Load,B0,2025-05-22,0.012264299992239103,1
Load,B1,2025-05-22,0.01277890001074411,144
Load,B2,2025-05-22,0.011971800005994737,144
Load,B3,2025-05-22,0.012504199999966659,1008
Load,B4,2025-05-22,0.01421969999501016,2880
PV,B0,2025-05-22,0.011841600004117936,1
PV,B1,2025-05-22,0.012130000002798624,144
PV,B2,2025-05-22,0.01251359999878332,144
PV,B3,2025-05-22,0.013418599992292002,1008
PV,B4,2025-05-22,0.014203099999576807,2880
Load,B0,2025-05-23,0.011887300002854317,1
Load,B1,2025-05-23,0.012930500000948086,144
Load,B2,2025-05-23,0.012677799997618422,144
Load,B3,2025-05-23,0.012892699989606626,1008
Load,B4,2025-05-23,0.014404599991394207,2880
PV,B0,2025-05-23,0.01144170000043232,1
PV,B1,2025-05-23,0.011999200010905042,144
PV,B2,2025-05-23,0.01184089999878779,144
PV,B3,2025-05-23,0.012468600005377084,1008
PV,B4,2025-05-23,0.013708300000871532,2880
Load,B0,2025-05-24,0.013490799989085644,1
Load,B1,2025-05-24,0.012647499999729916,144
Load,B2,2025-05-24,0.012059400003636256,144
Load,B3,2025-05-24,0.01337680000870023,1008
Load,B4,2025-05-24,0.014771300004213117,2880
PV,B0,2025-05-24,0.012014599997201003,1
PV,B1,2025-05-24,0.013032200004090555,144
PV,B2,2025-05-24,0.014126299996860325,144
PV,B3,2025-05-24,0.01403289999871049,1008
PV,B4,2025-05-24,0.01662900000519585,2880
Load,B0,2025-05-25,0.013065699997241609,1
Load,B1,2025-05-25,0.0129056000005221,144
Load,B2,2025-05-25,0.013628100001369603,144
Load,B3,2025-05-25,0.014280800009146333,1008
Load,B4,2025-05-25,0.020124200003920123,2880
PV,B0,2025-05-25,0.011289800007943995,1
PV,B1,2025-05-25,0.012234599998919293,144
PV,B2,2025-05-25,0.012086899994756095,144
PV,B3,2025-05-25,0.014819500007433817,1008
PV,B4,2025-05-25,0.01616009999997914,2880
Load,B0,2025-05-26,0.01264689999516122,1
Load,B1,2025-05-26,0.013378600007854402,144
Load,B2,2025-05-26,0.012066700001014397,144
Load,B3,2025-05-26,0.0129196000052616,1008
Load,B4,2025-05-26,0.015181399998255074,2880
PV,B0,2025-05-26,0.012683900000411086,1
PV,B1,2025-05-26,0.013635399998747744,144
PV,B2,2025-05-26,0.013285000008181669,144
PV,B3,2025-05-26,0.013074699993012473,1008
PV,B4,2025-05-26,0.014939999993657693,2880
Load,B0,2025-05-27,0.012200100012705661,1
Load,B1,2025-05-27,0.012435799988452345,144
Load,B2,2025-05-27,0.012830399995436892,144
Load,B3,2025-05-27,0.012793000001693144,1008
Load,B4,2025-05-27,0.014327400000183843,2880
PV,B0,2025-05-27,0.012681300009717233,1
PV,B1,2025-05-27,0.013448400000925176,144
PV,B2,2025-05-27,0.012793300003977492,144
PV,B3,2025-05-27,0.01393669999379199,1008
PV,B4,2025-05-27,0.016401800006860867,2880
Load,B0,2025-05-28,0.013868800000636838,1
Load,B1,2025-05-28,0.01280399999814108,144
Load,B2,2025-05-28,0.015776699990965426,144
Load,B3,2025-05-28,0.016205299994908273,1008
Load,B4,2025-05-28,0.017030000002705492,3024
PV,B0,2025-05-28,0.015110100008314475,1
PV,B1,2025-05-28,0.013853900003596209,144
PV,B2,2025-05-28,0.013590800008387305,144
PV,B3,2025-05-28,0.01314319999073632,1008
PV,B4,2025-05-28,0.017102600002544932,3024
Load,B0,2025-05-29,0.013009800008148886,1
Load,B1,2025-05-29,0.012395600002491847,144
Load,B2,2025-05-29,0.012339699998847209,144
Load,B3,2025-05-29,0.013942299992777407,1008
Load,B4,2025-05-29,0.016347700002370402,3024
PV,B0,2025-05-29,0.014237499999580905,1
PV,B1,2025-05-29,0.014221699995687231,144
PV,B2,2025-05-29,0.013551800002460368,144
PV,B3,2025-05-29,0.013374099988141097,1008
PV,B4,2025-05-29,0.0147514999989653,3024
Load,B0,2025-05-30,0.012286900004255585,1
Load,B1,2025-05-30,0.015431899999384768,144
Load,B2,2025-05-30,0.014136699988739565,144
Load,B3,2025-05-30,0.013750899990554899,1008
Load,B4,2025-05-30,0.014772499998798594,3024
PV,B0,2025-05-30,0.016882199997780845,1
PV,B1,2025-05-30,0.013270199997350574,144
PV,B2,2025-05-30,0.0131863999995403,144
PV,B3,2025-05-30,0.01601469999877736,1008
PV,B4,2025-05-30,0.018432600001688115,3024
Load,B0,2025-05-31,0.012768300002790056,1
Load,B1,2025-05-31,0.015511300007347018,144
Load,B2,2025-05-31,0.01586230000248179,144
Load,B3,2025-05-31,0.015164899989031255,1008
Load,B4,2025-05-31,0.02074420001008548,3024
PV,B0,2025-05-31,0.012719700011075474,1
PV,B1,2025-05-31,0.014149099995847791,144
PV,B2,2025-05-31,0.014995299992733635,144
PV,B3,2025-05-31,0.01539760000014212,1008
PV,B4,2025-05-31,0.015011199997388758,3024
Load,B0,2025-06-01,0.012005999989924021,1
Load,B1,2025-06-01,0.01338039999245666,144
Load,B2,2025-06-01,0.012754800001857802,144
Load,B3,2025-06-01,0.013861300001735799,1008
Load,B4,2025-06-01,0.014565600009518676,3024
PV,B0,2025-06-01,0.012607899989234284,1
PV,B1,2025-06-01,0.01258909999160096,144
PV,B2,2025-06-01,0.01296389999333769,144
PV,B3,2025-06-01,0.012820599993574433,1008
PV,B4,2025-06-01,0.01462710001214873,3024
Load,B0,2025-06-02,0.015831800003070384,1
Load,B1,2025-06-02,0.013330500005395152,144
Load,B2,2025-06-02,0.013000700011616573,144
Load,B3,2025-06-02,0.01301670000248123,1008
Load,B4,2025-06-02,0.015136300004087389,3024
PV,B0,2025-06-02,0.012159100006101653,1
PV,B1,2025-06-02,0.012584399999468587,144
PV,B2,2025-06-02,0.013966599988634698,144
PV,B3,2025-06-02,0.013285299995914102,1008
PV,B4,2025-06-02,0.015180400005192496,3024
Load,B0,2025-06-03,0.012049299999489449,1
Load,B1,2025-06-03,0.012954799996805377,144
Load,B2,2025-06-03,0.012897600012365729,144
Load,B3,2025-06-03,0.013305300002684817,1008
Load,B4,2025-06-03,0.01599980000173673,3024
PV,B0,2025-06-03,0.013238700004876591,1
PV,B1,2025-06-03,0.01289600000018254,144
PV,B2,2025-06-03,0.012857300011091866,144
PV,B3,2025-06-03,0.013987300000735559,1008
PV,B4,2025-06-03,0.015604300002451055,3024
Load,B0,2025-06-04,0.01228619999892544,1
Load,B1,2025-06-04,0.013300999999046326,144
Load,B2,2025-06-04,0.012785099999746308,144
Load,B3,2025-06-04,0.016665600007399917,1008
Load,B4,2025-06-04,0.014660599990747869,3168
PV,B0,2025-06-04,0.012294000000110827,1
PV,B1,2025-06-04,0.012433200012310408,144
PV,B2,2025-06-04,0.012454099996830337,144
PV,B3,2025-06-04,0.013746900003752671,1008
PV,B4,2025-06-04,0.014636599997174926,3168
Load,B0,2025-06-05,0.012150499998824671,1
Load,B1,2025-06-05,0.015004100001533516,144
Load,B2,2025-06-05,0.012775399998645298,144
Load,B3,2025-06-05,0.01292480000120122,1008
Load,B4,2025-06-05,0.014664000002085231,3168
PV,B0,2025-06-05,0.01211580001108814,1
PV,B1,2025-06-05,0.012490099994465709,144
PV,B2,2025-06-05,0.01290990000416059,144
PV,B3,2025-06-05,0.013538700004573911,1008
PV,B4,2025-06-05,0.014753199997358024,3168
Load,B0,2025-06-06,0.012333599996054545,1
Load,B1,2025-06-06,0.012802600002032705,144
Load,B2,2025-06-06,0.012832199994591065,144
Load,B3,2025-06-06,0.01310640000156127,1008
Load,B4,2025-06-06,0.018019899987848476,3168
PV,B0,2025-06-06,0.01261740000336431,1
PV,B1,2025-06-06,0.012740399994072504,144
PV,B2,2025-06-06,0.01277660000778269,144
PV,B3,2025-06-06,0.0141559000039706,1008
PV,B4,2025-06-06,0.015163899995968677,3168
Load,B0,2025-06-07,0.013037099997745827,1
Load,B1,2025-06-07,0.012820200005080551,144
Load,B2,2025-06-07,0.013067800013232045,144
Load,B3,2025-06-07,0.0137589000078151,1008
Load,B4,2025-06-07,0.0163338999991538,3168
PV,B0,2025-06-07,0.014033299987204373,1
PV,B1,2025-06-07,0.013557600002968684,144
PV,B2,2025-06-07,0.014158199992380105,144
PV,B3,2025-06-07,0.01422479999018833,1008
PV,B4,2025-06-07,0.016342899994924664,3168
Load,B0,2025-06-08,0.012429499998688698,1
Load,B1,2025-06-08,0.013259399987873621,144
Load,B2,2025-06-08,0.014224800004740246,144
Load,B3,2025-06-08,0.014384499998413958,1008
Load,B4,2025-06-08,0.01979849999770522,3168
PV,B0,2025-06-08,0.0121765000076266,1
PV,B1,2025-06-08,0.013592100003734231,144
PV,B2,2025-06-08,0.01267439998628106,144
PV,B3,2025-06-08,0.013550200004829094,1008
PV,B4,2025-06-08,0.014672600009362213,3168
Load,B0,2025-06-09,0.012997900004847907,1
Load,B1,2025-06-09,0.013056499999947846,144
Load,B2,2025-06-09,0.013401600008364767,144
Load,B3,2025-06-09,0.013163700001314282,1008
Load,B4,2025-06-09,0.01607450000301469,3168
PV,B0,2025-06-09,0.014228299987735227,1
PV,B1,2025-06-09,0.014192100003128871,144
PV,B2,2025-06-09,0.013098499999614432,144
PV,B3,2025-06-09,0.014203200000338256,1008
PV,B4,2025-06-09,0.015034100011689588,3168
Load,B0,2025-06-10,0.013479700006428175,1
Load,B1,2025-06-10,0.01329000000259839,144
Load,B2,2025-06-10,0.014149800001177937,144
Load,B3,2025-06-10,0.013374300004215911,1008
Load,B4,2025-06-10,0.01645999999891501,3168
PV,B0,2025-06-10,0.012419799997587688,1
PV,B1,2025-06-10,0.012803399993572384,144
PV,B2,2025-06-10,0.012899800000013784,144
PV,B3,2025-06-10,0.013299300000653602,1008
PV,B4,2025-06-10,0.01462560000072699,3168
Load,B0,2025-06-11,0.012315500003751367,1
Load,B1,2025-06-11,0.01332489999185782,144
Load,B2,2025-06-11,0.013688499995623715,144
Load,B3,2025-06-11,0.014165799992042594,1008
Load,B4,2025-06-11,0.014964000001782551,3312
PV,B0,2025-06-11,0.012542900003609248,1
PV,B1,2025-06-11,0.012981899999431334,144
PV,B2,2025-06-11,0.013181599992094561,144
PV,B3,2025-06-11,0.013622400001622736,1008
PV,B4,2025-06-11,0.015597100005834363,3312
Load,B0,2025-06-12,0.01258459998643957,1
Load,B1,2025-06-12,0.014047300006495789,144
Load,B2,2025-06-12,0.01313809999555815,144
Load,B3,2025-06-12,0.013231099990662187,1008
Load,B4,2025-06-12,0.014965700000175275,3312
PV,B0,2025-06-12,0.013149099992006086,1
PV,B1,2025-06-12,0.01308190000418108,144
PV,B2,2025-06-12,0.013234700003522448,144
PV,B3,2025-06-12,0.014315599997644313,1008
PV,B4,2025-06-12,0.015388600004371256,3312
Load,B0,2025-06-13,0.013299199999892153,1
Load,B1,2025-06-13,0.01300259999698028,144
Load,B2,2025-06-13,0.012967499991646037,144
Load,B3,2025-06-13,0.013696900001377799,1008
Load,B4,2025-06-13,0.015508500000578351,3312
PV,B0,2025-06-13,0.013315999996848404,1
PV,B1,2025-06-13,0.013459499998134561,144
PV,B2,2025-06-13,0.012768500004312955,144
PV,B3,2025-06-13,0.013416799993137829,1008
PV,B4,2025-06-13,0.015132499989704229,3312
Load,B0,2025-06-14,0.013847700000042096,1
Load,B1,2025-06-14,0.01548719999846071,144
Load,B2,2025-06-14,0.015273400000296533,144
Load,B3,2025-06-14,0.015477399996598251,1008
Load,B4,2025-06-14,0.017819599990616553,3312
PV,B0,2025-06-14,0.012965399990207516,1
PV,B1,2025-06-14,0.01394399999117013,144
PV,B2,2025-06-14,0.013239199994131923,144
PV,B3,2025-06-14,0.014143200009129941,1008
PV,B4,2025-06-14,0.017879399994853884,3312
Load,B0,2025-06-15,0.013926799991168082,1
Load,B1,2025-06-15,0.01339659999939613,144
Load,B2,2025-06-15,0.013506500006769784,144
Load,B3,2025-06-15,0.013900799996918067,1008
Load,B4,2025-06-15,0.018827099993359298,3312
PV,B0,2025-06-15,0.01390420000825543,1
PV,B1,2025-06-15,0.013465099997119978,144
PV,B2,2025-06-15,0.013202000001911074,144
PV,B3,2025-06-15,0.013621599995531142,1008
PV,B4,2025-06-15,0.01696720000472851,3312
Load,B0,2025-06-16,0.014207600004738197,1
Load,B1,2025-06-16,0.015947899999446236,144
Load,B2,2025-06-16,0.014356900006532669,144
Load,B3,2025-06-16,0.016929999997955747,1008
Load,B4,2025-06-16,0.016557399998418987,3312
PV,B0,2025-06-16,0.015272999997250736,1
PV,B1,2025-06-16,0.01525989999936428,144
PV,B2,2025-06-16,0.013295900003868155,144
PV,B3,2025-06-16,0.014765100000659004,1008
PV,B4,2025-06-16,0.016685599999618717,3312
Load,B0,2025-06-17,0.014170099995681085,1
Load,B1,2025-06-17,0.01544339999963995,144
Load,B2,2025-06-17,0.0158235999988392,144
Load,B3,2025-06-17,0.014980300009483472,1008
Load,B4,2025-06-17,0.017492200000560842,3312
PV,B0,2025-06-17,0.013108699989970773,1
PV,B1,2025-06-17,0.013504100003046915,144
PV,B2,2025-06-17,0.01611340000818018,144
PV,B3,2025-06-17,0.01426779999746941,1008
PV,B4,2025-06-17,0.01676420000148937,3312
Load,B0,2025-06-18,0.012530799998785369,1
Load,B1,2025-06-18,0.015770499987411313,144
Load,B2,2025-06-18,0.013048199994955212,144
Load,B3,2025-06-18,0.013859099999535829,1008
Load,B4,2025-06-18,0.01607170001079794,3456
PV,B0,2025-06-18,0.013879099991754629,1
PV,B1,2025-06-18,0.01411299999745097,144
PV,B2,2025-06-18,0.01408860000083223,144
PV,B3,2025-06-18,0.013871500006644055,1008
PV,B4,2025-06-18,0.015557799997623079,3456
Load,B0,2025-06-19,0.012916299994685687,1
Load,B1,2025-06-19,0.013366400002269074,144
Load,B2,2025-06-19,0.014120100007858127,144
Load,B3,2025-06-19,0.01376410000375472,1008
Load,B4,2025-06-19,0.017108900006860495,3456
PV,B0,2025-06-19,0.013454999992973171,1
PV,B1,2025-06-19,0.01425300000119023,144
PV,B2,2025-06-19,0.01340560000971891,144
PV,B3,2025-06-19,0.014091899996856228,1008
PV,B4,2025-06-19,0.01920899999095127,3456
Load,B0,2025-06-20,0.015360000004875474,1
Load,B1,2025-06-20,0.014038399996934459,144
Load,B2,2025-06-20,0.01402329999837093,144
Load,B3,2025-06-20,0.014576500005205162,1008
Load,B4,2025-06-20,0.017653899994911626,3456
PV,B0,2025-06-20,0.013720100003411062,1
PV,B1,2025-06-20,0.013907800006563775,144
PV,B2,2025-06-20,0.013576700002886355,144
PV,B3,2025-06-20,0.01365520000399556,1008
PV,B4,2025-06-20,0.01633600000059232,3456
Load,B0,2025-06-21,0.012720200000330806,1
Load,B1,2025-06-21,0.013749099991400726,144
Load,B2,2025-06-21,0.01462270000774879,144
Load,B3,2025-06-21,0.014731400005985051,1008
Load,B4,2025-06-21,0.015558600003714673,3456
PV,B0,2025-06-21,0.012923000002047047,1
PV,B1,2025-06-21,0.013310499998624437,144
PV,B2,2025-06-21,0.013633900001877919,144
PV,B3,2025-06-21,0.01622410000709351,1008
PV,B4,2025-06-21,0.015871600000537,3456
Load,B0,2025-06-22,0.013929599997936748,1
Load,B1,2025-06-22,0.01328930001182016,144
Load,B2,2025-06-22,0.01573369999823626,144
Load,B3,2025-06-22,0.013671199994860217,1008
Load,B4,2025-06-22,0.01788959999976214,3456
PV,B0,2025-06-22,0.012533800007076934,1
PV,B1,2025-06-22,0.013125299999956042,144
PV,B2,2025-06-22,0.013069499997072853,144
PV,B3,2025-06-22,0.013903900005971082,1008
PV,B4,2025-06-22,0.01576930000737775,3456
Load,B0,2025-06-23,0.013598399993497878,1
Load,B1,2025-06-23,0.015032499999506399,144
Load,B2,2025-06-23,0.014436999990721233,144
Load,B3,2025-06-23,0.014299499991466291,1008
Load,B4,2025-06-23,0.01865929999621585,3456
PV,B0,2025-06-23,0.012902200003736652,1
PV,B1,2025-06-23,0.013685700003406964,144
PV,B2,2025-06-23,0.014074400009121746,144
PV,B3,2025-06-23,0.013975800000480376,1008
PV,B4,2025-06-23,0.016362199996365234,3456
Load,B0,2025-06-24,0.012877700006356463,1
Load,B1,2025-06-24,0.014526600003591739,144
Load,B2,2025-06-24,0.01345209999999497,144
Load,B3,2025-06-24,0.015083999998751096,1008
Load,B4,2025-06-24,0.016620800000964664,3456
PV,B0,2025-06-24,0.015018399994005449,1
PV,B1,2025-06-24,0.013869200003682636,144
PV,B2,2025-06-24,0.013479400004143827,144
PV,B3,2025-06-24,0.013941600001999177,1008
PV,B4,2025-06-24,0.017837899998994544,3456
Load,B0,2025-06-25,0.013819400002830662,1
Load,B1,2025-06-25,0.013870299997506663,144
Load,B2,2025-06-25,0.013609299989184365,144
Load,B3,2025-06-25,0.01390259999607224,1008
Load,B4,2025-06-25,0.01591240000561811,3600
PV,B0,2025-06-25,0.013134499997249804,1
PV,B1,2025-06-25,0.014449100010097027,144
PV,B2,2025-06-25,0.016577000002143905,144
PV,B3,2025-06-25,0.01607240000157617,1008
PV,B4,2025-06-25,0.016856600006576627,3600
Load,B0,2025-06-26,0.013572299998486415,1
Load,B1,2025-06-26,0.014888399993651547,144
Load,B2,2025-06-26,0.014095799997448921,144
Load,B3,2025-06-26,0.014228499989258125,1008
Load,B4,2025-06-26,0.01691160000336822,3600
PV,B0,2025-06-26,0.01375509999343194,1
PV,B1,2025-06-26,0.014904700001352467,144
PV,B2,2025-06-26,0.015544299996690825,144
PV,B3,2025-06-26,0.01659749999816995,1008
PV,B4,2025-06-26,0.016052100007073022,3600
Load,B0,2025-06-27,0.013312900002347305,1
Load,B1,2025-06-27,0.013798800006043166,144
Load,B2,2025-06-27,0.01399219999439083,144
Load,B3,2025-06-27,0.013907600005040877,1008
Load,B4,2025-06-27,0.020745300003909506,3600
PV,B0,2025-06-27,0.013390799998887815,1
PV,B1,2025-06-27,0.014138700003968552,144
PV,B2,2025-06-27,0.015396399991004728,144
PV,B3,2025-06-27,0.014191700000083074,1008
PV,B4,2025-06-27,0.019615800003521144,3600
Load,B0,2025-06-28,0.013402500000665896,1
Load,B1,2025-06-28,0.014277400012360886,144
Load,B2,2025-06-28,0.01426500000525266,144
Load,B3,2025-06-28,0.014404699992155656,1008
Load,B4,2025-06-28,0.015706200007116422,3600
PV,B0,2025-06-28,0.014099299994995818,1
PV,B1,2025-06-28,0.013374699992709793,144
PV,B2,2025-06-28,0.013583600011770613,144
PV,B3,2025-06-28,0.013789000004180707,1008
PV,B4,2025-06-28,0.015930900000967085,3600
Load,B0,2025-06-29,0.013630100002046674,1
Load,B1,2025-06-29,0.013504399990779348,144
Load,B2,2025-06-29,0.013424899996607564,144
Load,B3,2025-06-29,0.014421699990634806,1008
Load,B4,2025-06-29,0.015744300006190315,3600
PV,B0,2025-06-29,0.013197499996749684,1
PV,B1,2025-06-29,0.014246999999159016,144
PV,B2,2025-06-29,0.01379810000071302,144
PV,B3,2025-06-29,0.01436499999545049,1008
PV,B4,2025-06-29,0.01628740000887774,3600
Load,B0,2025-06-30,0.013516300008632243,1
Load,B1,2025-06-30,0.014760499994736165,144
Load,B2,2025-06-30,0.013923299993621185,144
Load,B3,2025-06-30,0.015061099999002181,1008
Load,B4,2025-06-30,0.01604070000757929,3600
PV,B0,2025-06-30,0.013681600001291372,1
PV,B1,2025-06-30,0.013897700002416968,144
PV,B2,2025-06-30,0.013534099998651072,144
PV,B3,2025-06-30,0.014183199993567541,1008
PV,B4,2025-06-30,0.016309800004819408,3600
Load,B0,2025-07-01,0.01648869999917224,1
Load,B1,2025-07-01,0.013672599990968592,144
Load,B2,2025-07-01,0.014474299998255447,144
Load,B3,2025-07-01,0.01549380000506062,1008
Load,B4,2025-07-01,0.016987900002277456,3600
PV,B0,2025-07-01,0.015717999995104037,1
PV,B1,2025-07-01,0.01406940000015311,144
PV,B2,2025-07-01,0.017267499992158264,144
PV,B3,2025-07-01,0.015817200008314103,1008
PV,B4,2025-07-01,0.0186052000062773,3600
Load,B0,2025-07-02,0.014377900006365962,1
Load,B1,2025-07-02,0.01488489999610465,144
Load,B2,2025-07-02,0.015556199999991804,144
Load,B3,2025-07-02,0.015096299990545958,1008
Load,B4,2025-07-02,0.0169437000004109,3744
PV,B0,2025-07-02,0.013964400000986643,1
PV,B1,2025-07-02,0.014791900001000613,144
PV,B2,2025-07-02,0.015656400006264448,144
PV,B3,2025-07-02,0.015176799992332235,1008
PV,B4,2025-07-02,0.01675029999751132,3744
Load,B0,2025-07-03,0.013368100000661798,1
Load,B1,2025-07-03,0.015251899996655993,144
Load,B2,2025-07-03,0.014333700004499406,144
Load,B3,2025-07-03,0.015148500009672716,1008
Load,B4,2025-07-03,0.016267700004391372,3744
PV,B0,2025-07-03,0.01514339999994263,1
PV,B1,2025-07-03,0.014578999995137565,144
PV,B2,2025-07-03,0.014202999998815358,144
PV,B3,2025-07-03,0.01441819999308791,1008
PV,B4,2025-07-03,0.01672149999649264,3744
Load,B0,2025-07-04,0.014779199991608039,1
Load,B1,2025-07-04,0.014375500002643093,144
Load,B2,2025-07-04,0.014423900007386692,144
Load,B3,2025-07-04,0.01564430000144057,1008
Load,B4,2025-07-04,0.017461099996580742,3744
PV,B0,2025-07-04,0.01442500000121072,1
PV,B1,2025-07-04,0.015059700002893806,144
PV,B2,2025-07-04,0.016189600006327964,144
PV,B3,2025-07-04,0.017069900000933558,1008
PV,B4,2025-07-04,0.01663410000037402,3744
Load,B0,2025-07-05,0.015742300005513243,1
Load,B1,2025-07-05,0.016506400002981536,144
Load,B2,2025-07-05,0.014193700000760145,144
Load,B3,2025-07-05,0.01476629999524448,1008
Load,B4,2025-07-05,0.0182080000085989,3744
PV,B0,2025-07-05,0.013860899998690002,1
PV,B1,2025-07-05,0.020743400003993884,144
PV,B2,2025-07-05,0.01729190000332892,144
PV,B3,2025-07-05,0.017375000010360964,1008
PV,B4,2025-07-05,0.023965700005646795,3744
Load,B0,2025-07-06,0.014077600004384294,1
Load,B1,2025-07-06,0.014251100001274608,144
Load,B2,2025-07-06,0.014370999997481704,144
Load,B3,2025-07-06,0.015792400008649565,1008
Load,B4,2025-07-06,0.017549800002598204,3744
PV,B0,2025-07-06,0.013842200001818128,1
PV,B1,2025-07-06,0.014355499995872378,144
PV,B2,2025-07-06,0.014410999996471219,144
PV,B3,2025-07-06,0.014966899994760752,1008
PV,B4,2025-07-06,0.0189430999889737,3744
Load,B0,2025-07-07,0.013983299999381416,1
Load,B1,2025-07-07,0.015115500005776994,144
Load,B2,2025-07-07,0.017082499995012768,144
Load,B3,2025-07-07,0.01698000000033062,1008
Load,B4,2025-07-07,0.01701609999872744,3744
PV,B0,2025-07-07,0.014714899996761233,1
PV,B1,2025-07-07,0.016325300006428733,144
PV,B2,2025-07-07,0.014207300002453849,144
PV,B3,2025-07-07,0.014669700001832098,1008
PV,B4,2025-07-07,0.016937599997618236,3744
Load,B0,2025-07-08,0.016927700009546243,1
Load,B1,2025-07-08,0.016508900007465854,144
Load,B2,2025-07-08,0.014781899997615255,144
Load,B3,2025-07-08,0.015652699992642738,1008
Load,B4,2025-07-08,0.01921419998689089,3744
PV,B0,2025-07-08,0.015962500008754432,1
PV,B1,2025-07-08,0.015233600002829917,144
PV,B2,2025-07-08,0.015618000004906207,144
PV,B3,2025-07-08,0.015919199999189004,1008
PV,B4,2025-07-08,0.01757779999752529,3744
Load,B0,2025-07-09,0.014936300009139813,1
Load,B1,2025-07-09,0.014081000001169741,144
Load,B2,2025-07-09,0.016105499991681427,144
Load,B3,2025-07-09,0.01648509998631198,1008
Load,B4,2025-07-09,0.01852389999839943,3888
PV,B0,2025-07-09,0.014889800004311837,1
PV,B1,2025-07-09,0.014566199999535456,144
PV,B2,2025-07-09,0.015136300004087389,144
PV,B3,2025-07-09,0.014636799998697825,1008
PV,B4,2025-07-09,0.017387600004440174,3888
Load,B0,2025-07-10,0.014990700001362711,1
Load,B1,2025-07-10,0.01504189999832306,144
Load,B2,2025-07-10,0.014056500003789552,144
Load,B3,2025-07-10,0.014768299995921552,1008
Load,B4,2025-07-10,0.01716160000069067,3888
PV,B0,2025-07-10,0.0138981999916723,1
PV,B1,2025-07-10,0.015567399997962639,144
PV,B2,2025-07-10,0.018592399996123277,144
PV,B3,2025-07-10,0.01624749999609776,1008
PV,B4,2025-07-10,0.018948299999465235,3888
Load,B0,2025-07-11,0.01409899999271147,1
Load,B1,2025-07-11,0.01611399999819696,144
Load,B2,2025-07-11,0.015180200003669597,144
Load,B3,2025-07-11,0.020162000000709668,1008
Load,B4,2025-07-11,0.017700099997455254,3888
PV,B0,2025-07-11,0.01504999998724088,1
PV,B1,2025-07-11,0.016218699995079078,144
PV,B2,2025-07-11,0.014817299990681931,144
PV,B3,2025-07-11,0.016732799995224923,1008
PV,B4,2025-07-11,0.019067199988057837,3888
Load,B0,2025-07-12,0.014274000001023524,1
Load,B1,2025-07-12,0.015113299989025109,144
Load,B2,2025-07-12,0.01799939999182243,144
Load,B3,2025-07-12,0.015996599991922267,1008
Load,B4,2025-07-12,0.017741799994837493,3888
PV,B0,2025-07-12,0.01457739999750629,1
PV,B1,2025-07-12,0.01804009999614209,144
PV,B2,2025-07-12,0.01568039999983739,144
PV,B3,2025-07-12,0.018917599998530932,1008
PV,B4,2025-07-12,0.01946239999961108,3888
Load,B0,2025-07-13,0.01977430000260938,1
Load,B1,2025-07-13,0.01886299999023322,144
Load,B2,2025-07-13,0.015631799993570894,144
Load,B3,2025-07-13,0.01773279999906663,1008
Load,B4,2025-07-13,0.01729180000256747,3888
PV,B0,2025-07-13,0.014727199988556094,1
PV,B1,2025-07-13,0.015822399989701807,144
PV,B2,2025-07-13,0.01446340000256896,144
PV,B3,2025-07-13,0.014957299994421192,1008
PV,B4,2025-07-13,0.017225500007043593,3888
Load,B0,2025-07-14,0.013828199997078627,1
Load,B1,2025-07-14,0.014244400008465163,144
Load,B2,2025-07-14,0.015489900004467927,144
Load,B3,2025-07-14,0.015381999997771345,1008
Load,B4,2025-07-14,0.018113700003596023,3888
PV,B0,2025-07-14,0.015248099996824749,1
PV,B1,2025-07-14,0.01472259999718517,144
PV,B2,2025-07-14,0.015296600002329797,144
PV,B3,2025-07-14,0.015053399998578243,1008
PV,B4,2025-07-14,0.01690240000607446,3888
Load,B0,2025-07-15,0.013863600004697219,1
Load,B1,2025-07-15,0.014360600005602464,144
Load,B2,2025-07-15,0.014677200000733137,144
Load,B3,2025-07-15,0.014956500002881512,1008
Load,B4,2025-07-15,0.022699199995258823,3888
PV,B0,2025-07-15,0.014224300000932999,1
PV,B1,2025-07-15,0.01418559999729041,144
PV,B2,2025-07-15,0.015412599997944199,144
PV,B3,2025-07-15,0.015431400010129437,1008
PV,B4,2025-07-15,0.01764730000286363,3888
Load,B0,2025-07-16,0.015748600009828806,1
Load,B1,2025-07-16,0.01494789999560453,144
Load,B2,2025-07-16,0.014982799999415874,144
Load,B3,2025-07-16,0.015706800011685118,1008
Load,B4,2025-07-16,0.019453300003078766,4032
PV,B0,2025-07-16,0.014620599991758354,1
PV,B1,2025-07-16,0.01515540000400506,144
PV,B2,2025-07-16,0.014757600001757964,144
PV,B3,2025-07-16,0.015404100005980581,1008
PV,B4,2025-07-16,0.01772440000786446,4032
Load,B0,2025-07-17,0.014599500005715527,1
Load,B1,2025-07-17,0.01584269999875687,144
Load,B2,2025-07-17,0.014231099994503893,144
Load,B3,2025-07-17,0.014469599991571158,1008
Load,B4,2025-07-17,0.01661269999749493,4032
PV,B0,2025-07-17,0.013848400005372241,1
PV,B1,2025-07-17,0.014270400002715178,144
PV,B2,2025-07-17,0.013888300003600307,144
PV,B3,2025-07-17,0.01492780000262428,1008
PV,B4,2025-07-17,0.01670790000935085,4032
Load,B0,2025-07-18,0.015220300003420562,1
Load,B1,2025-07-18,0.014527200008160435,144
Load,B2,2025-07-18,0.014494400005787611,144
Load,B3,2025-07-18,0.016245200007688254,1008
Load,B4,2025-07-18,0.01781950000440702,4032
PV,B0,2025-07-18,0.014420700012124144,1
PV,B1,2025-07-18,0.014711900003021583,144
PV,B2,2025-07-18,0.01449450000654906,144
PV,B3,2025-07-18,0.015429000006406568,1008
PV,B4,2025-07-18,0.017835799997556023,4032
Load,B0,2025-07-19,0.014663699999800883,1
Load,B1,2025-07-19,0.015143099997658283,144
Load,B2,2025-07-19,0.014917900000000373,144
Load,B3,2025-07-19,0.015378399999463,1008
Load,B4,2025-07-19,0.017605499990168028,4032
PV,B0,2025-07-19,0.013898000004701316,1
PV,B1,2025-07-19,0.015388899992103688,144
PV,B2,2025-07-19,0.014510299995890819,144
PV,B3,2025-07-19,0.015063800005009398,1008
PV,B4,2025-07-19,0.0169886000076076,4032
Load,B0,2025-07-20,0.01971140000387095,1
Load,B1,2025-07-20,0.017430899999453686,144
Load,B2,2025-07-20,0.016211800000746734,144
Load,B3,2025-07-20,0.015531500001088716,1008
Load,B4,2025-07-20,0.01699400000507012,4032
PV,B0,2025-07-20,0.014387400005944073,1
PV,B1,2025-07-20,0.014464400010183454,144
PV,B2,2025-07-20,0.01646870000695344,144
PV,B3,2025-07-20,0.014805500002694316,1008
PV,B4,2025-07-20,0.020302500008256175,4032
Load,B0,2025-07-21,0.014162599996780045,1
Load,B1,2025-07-21,0.014764599996851757,144
Load,B2,2025-07-21,0.015019400001619942,144
Load,B3,2025-07-21,0.01480430000810884,1008
Load,B4,2025-07-21,0.01702090000617318,4032
PV,B0,2025-07-21,0.014345999996294267,1
PV,B1,2025-07-21,0.01586440000392031,144
PV,B2,2025-07-21,0.014641699992353097,144
PV,B3,2025-07-21,0.015930900000967085,1008
PV,B4,2025-07-21,0.01741559999936726,4032
Load,B0,2025-07-22,0.014856699999654666,1
Load,B1,2025-07-22,0.017757000008714385,144
Load,B2,2025-07-22,0.015114000008907169,144
Load,B3,2025-07-22,0.015377800009446219,1008
Load,B4,2025-07-22,0.01879279999411665,4032
PV,B0,2025-07-22,0.01690309999685269,1
PV,B1,2025-07-22,0.018795199997839518,144
PV,B2,2025-07-22,0.020288600004278123,144
PV,B3,2025-07-22,0.016937299995333888,1008
PV,B4,2025-07-22,0.01886470000317786,4032
Load,B0,2025-07-23,0.015740699993330054,1
Load,B1,2025-07-23,0.015756799999508075,144
Load,B2,2025-07-23,0.015785800002049655,144
Load,B3,2025-07-23,0.015182699993602,1008
Load,B4,2025-07-23,0.018311699997866526,4176
PV,B0,2025-07-23,0.015115300004254095,1
PV,B1,2025-07-23,0.014404999994440004,144
PV,B2,2025-07-23,0.015479199995752424,144
PV,B3,2025-07-23,0.015306300003430806,1008
PV,B4,2025-07-23,0.01807839999673888,4176
Load,B0,2025-07-24,0.014515499991830438,1
Load,B1,2025-07-24,0.01481739999144338,144
Load,B2,2025-07-24,0.014632099992013536,144
Load,B3,2025-07-24,0.015118600000278093,1008
Load,B4,2025-07-24,0.01756940000632312,4176
PV,B0,2025-07-24,0.01430199999595061,1
PV,B1,2025-07-24,0.01578440000594128,144
PV,B2,2025-07-24,0.01615910000691656,144
PV,B3,2025-07-24,0.015510299999732524,1008
PV,B4,2025-07-24,0.01795480000146199,4176
Load,B0,2025-07-25,0.014682799999718554,1
Load,B1,2025-07-25,0.016218600008869544,144
Load,B2,2025-07-25,0.014315799999167211,144
Load,B3,2025-07-25,0.01470790000166744,1008
Load,B4,2025-07-25,0.017060600002878346,4176
PV,B0,2025-07-25,0.013992899999720976,1
PV,B1,2025-07-25,0.01634349999949336,144
PV,B2,2025-07-25,0.01571759999205824,144
PV,B3,2025-07-25,0.01500129999476485,1008
PV,B4,2025-07-25,0.01713180000660941,4176
Load,B0,2025-07-26,0.014957700012018904,1
Load,B1,2025-07-26,0.015460900001926348,144
Load,B2,2025-07-26,0.014729900009115227,144
Load,B3,2025-07-26,0.016188299996429123,1008
Load,B4,2025-07-26,0.01753939999616705,4176
PV,B0,2025-07-26,0.014108200004557148,1
PV,B1,2025-07-26,0.01442710000264924,144
PV,B2,2025-07-26,0.014726399997016415,144
PV,B3,2025-07-26,0.015184299991233274,1008
PV,B4,2025-07-26,0.019451799991657026,4176
Load,B0,2025-07-27,0.016540900003747083,1
Load,B1,2025-07-27,0.01480710000032559,144
Load,B2,2025-07-27,0.014395800011698157,144
Load,B3,2025-07-27,0.015050899994093925,1008
Load,B4,2025-07-27,0.017273799996473826,4176
PV,B0,2025-07-27,0.014859899994917214,1
PV,B1,2025-07-27,0.014806999999564141,144
PV,B2,2025-07-27,0.01470559999870602,144
PV,B3,2025-07-27,0.015025400003651157,1008
PV,B4,2025-07-27,0.017473900006734766,4176
Load,B0,2025-07-28,0.014471399990725331,1
Load,B1,2025-07-28,0.014477299991995096,144
Load,B2,2025-07-28,0.014962200002628379,144
Load,B3,2025-07-28,0.015228999996907078,1008
Load,B4,2025-07-28,0.01742049999302253,4176
PV,B0,2025-07-28,0.014371400000527501,1
PV,B1,2025-07-28,0.01577769999857992,144
PV,B2,2025-07-28,0.015288199996575713,144
PV,B3,2025-07-28,0.01535469999362249,1008
PV,B4,2025-07-28,0.0173860000068089,4176
Load,B0,2025-07-29,0.014433000003919005,1
Load,B1,2025-07-29,0.015083500009495765,144
Load,B2,2025-07-29,0.015510899989749305,144
Load,B3,2025-07-29,0.01679419999709353,1008
Load,B4,2025-07-29,0.017658299999311566,4176
PV,B0,2025-07-29,0.014312200000858866,1
PV,B1,2025-07-29,0.014795700000831857,144
PV,B2,2025-07-29,0.014426599998841994,144
PV,B3,2025-07-29,0.016991299999062903,1008
PV,B4,2025-07-29,0.01866869999503251,4176
Load,B0,2025-07-30,0.0159711000014795,1
Load,B1,2025-07-30,0.01661339998827316,144
Load,B2,2025-07-30,0.015812099998584017,144
Load,B3,2025-07-30,0.017284700006712228,1008
Load,B4,2025-07-30,0.02240699999674689,4320
PV,B0,2025-07-30,0.01756010000826791,1
PV,B1,2025-07-30,0.018362100003287196,144
PV,B2,2025-07-30,0.015287200003513135,144
PV,B3,2025-07-30,0.017043500003637746,1008
PV,B4,2025-07-30,0.01788420000229962,4320
Load,B0,2025-07-31,0.015340900004957803,1
Load,B1,2025-07-31,0.01602880000427831,144
Load,B2,2025-07-31,0.01544429999194108,144
Load,B3,2025-07-31,0.015431399995577522,1008
Load,B4,2025-07-31,0.01788240000314545,4320
PV,B0,2025-07-31,0.015427699996507727,1
PV,B1,2025-07-31,0.017206699994858354,144
PV,B2,2025-07-31,0.014602299997932278,144
PV,B3,2025-07-31,0.015140999996219762,1008
PV,B4,2025-07-31,0.017924400002812035,4320
Load,B0,2025-08-01,0.014636299994890578,1
Load,B1,2025-08-01,0.015032800001790747,144
Load,B2,2025-08-01,0.015059199999086559,144
Load,B3,2025-08-01,0.015312800009269267,1008
Load,B4,2025-08-01,0.017319999999017455,4320
PV,B0,2025-08-01,0.014456499993684702,1
PV,B1,2025-08-01,0.015238799998769537,144
PV,B2,2025-08-01,0.015380800003185868,144
PV,B3,2025-08-01,0.01544790000480134,1008
PV,B4,2025-08-01,0.017861799991806038,4320
Load,B0,2025-08-02,0.015265699999872595,1
Load,B1,2025-08-02,0.016856099988217466,144
Load,B2,2025-08-02,0.015564699991955422,144
Load,B3,2025-08-02,0.01662670000223443,1008
Load,B4,2025-08-02,0.018246899999212474,4320
PV,B0,2025-08-02,0.01818499999353662,1
PV,B1,2025-08-02,0.01761379999516066,144
PV,B2,2025-08-02,0.017121600001701154,144
PV,B3,2025-08-02,0.016522499994607642,1008
PV,B4,2025-08-02,0.01835399999981746,4320
Load,B0,2025-08-03,0.01455010000790935,1
Load,B1,2025-08-03,0.01526420000300277,144
Load,B2,2025-08-03,0.014721600004122593,144
Load,B3,2025-08-03,0.014984499997808598,1008
Load,B4,2025-08-03,0.017733400003635325,4320
PV,B0,2025-08-03,0.015402599994558841,1
PV,B1,2025-08-03,0.015256600003340282,144
PV,B2,2025-08-03,0.014750100002856925,144
PV,B3,2025-08-03,0.01606740000715945,1008
PV,B4,2025-08-03,0.017966200000955723,4320
Load,B0,2025-08-04,0.014903699993737973,1
Load,B1,2025-08-04,0.01512499999080319,144
Load,B2,2025-08-04,0.014781799996853806,144
Load,B3,2025-08-04,0.015300900005968288,1008
Load,B4,2025-08-04,0.018338499998208135,4320
PV,B0,2025-08-04,0.014282299991464242,1
PV,B1,2025-08-04,0.014671699987957254,144
PV,B2,2025-08-04,0.01608190000115428,144
PV,B3,2025-08-04,0.016083900001831353,1008
PV,B4,2025-08-04,0.01797410000290256,4320
Load,B0,2025-08-05,0.015289799994206987,1
Load,B1,2025-08-05,0.015003799999249168,144
Load,B2,2025-08-05,0.014920200002961792,144
Load,B3,2025-08-05,0.015675000002374873,1008
Load,B4,2025-08-05,0.018028200007393025,4320
PV,B0,2025-08-05,0.014724500011652708,1
PV,B1,2025-08-05,0.01507839999976568,144
PV,B2,2025-08-05,0.015077800009748898,144
PV,B3,2025-08-05,0.016244800004642457,1008
PV,B4,2025-08-05,0.01803920000384096,4320
Load,B0,2025-08-06,0.01467150000098627,1
Load,B1,2025-08-06,0.01705180000863038,144
Load,B2,2025-08-06,0.015427599995746277,144
Load,B3,2025-08-06,0.015980099997250363,1008
Load,B4,2025-08-06,0.020753100005094893,4464
PV,B0,2025-08-06,0.01530280000588391,1
PV,B1,2025-08-06,0.015635600007954054,144
PV,B2,2025-08-06,0.014995499994256534,144
PV,B3,2025-08-06,0.01643309999781195,1008
PV,B4,2025-08-06,0.018178700003772974,4464
Load,B0,2025-08-07,0.014888000005157664,1
Load,B1,2025-08-07,0.014953100006096065,144
Load,B2,2025-08-07,0.014950400000088848,144
Load,B3,2025-08-07,0.015248000010615215,1008
Load,B4,2025-08-07,0.017932799994014204,4464
PV,B0,2025-08-07,0.015929899993352592,1
PV,B1,2025-08-07,0.01549449999583885,144
PV,B2,2025-08-07,0.015320000005885959,144
PV,B3,2025-08-07,0.015624299994669855,1008
PV,B4,2025-08-07,0.017718100003548898,4464
Load,B0,2025-08-08,0.015541400003712624,1
Load,B1,2025-08-08,0.015127800012123771,144
Load,B2,2025-08-08,0.016136399994138628,144
Load,B3,2025-08-08,0.01559599999745842,1008
Load,B4,2025-08-08,0.020734199992148206,4464
PV,B0,2025-08-08,0.01487020000058692,1
PV,B1,2025-08-08,0.014972100005252287,144
PV,B2,2025-08-08,0.015176899993093684,144
PV,B3,2025-08-08,0.015446899997186847,1008
PV,B4,2025-08-08,0.018454000004567206,4464
Load,B0,2025-08-09,0.015288499998860061,1
Load,B1,2025-08-09,0.015452199993887916,144
Load,B2,2025-08-09,0.015346200001658872,144
Load,B3,2025-08-09,0.01602640000055544,1008
Load,B4,2025-08-09,0.02300660000764765,4464
PV,B0,2025-08-09,0.014711199997691438,1
PV,B1,2025-08-09,0.014972100005252287,144
PV,B2,2025-08-09,0.014986100009991787,144
PV,B3,2025-08-09,0.016778699995484203,1008
PV,B4,2025-08-09,0.018674499995540828,4464
Load,B0,2025-08-10,0.01475600000412669,1
Load,B1,2025-08-10,0.016439699989859946,144
Load,B2,2025-08-10,0.015204399998765439,144
Load,B3,2025-08-10,0.015309199996409006,1008
Load,B4,2025-08-10,0.017689300002530217,4464
PV,B0,2025-08-10,0.01444719999562949,1
PV,B1,2025-08-10,0.01535239999066107,144
PV,B2,2025-08-10,0.01554049999685958,144
PV,B3,2025-08-10,0.016090899996925145,1008
PV,B4,2025-08-10,0.019584200010285713,4464
Load,B0,2025-08-11,0.01530800000182353,1
Load,B1,2025-08-11,0.015229100012220442,144
Load,B2,2025-08-11,0.015113699992070906,144
Load,B3,2025-08-11,0.015727799996966496,1008
Load,B4,2025-08-11,0.01773700000194367,4464
PV,B0,2025-08-11,0.015390500004286878,1
PV,B1,2025-08-11,0.01571160000457894,144
PV,B2,2025-08-11,0.01570860001083929,144
PV,B3,2025-08-11,0.015635800009476952,1008
PV,B4,2025-08-11,0.018199700003606267,4464
Load,B0,2025-08-12,0.014860799987218343,1
Load,B1,2025-08-12,0.01555029999872204,144
Load,B2,2025-08-12,0.015012800009571947,144
Load,B3,2025-08-12,0.01590369999757968,1008
Load,B4,2025-08-12,0.018019399998593144,4464
PV,B0,2025-08-12,0.014950400000088848,1
PV,B1,2025-08-12,0.015700300005846657,144
PV,B2,2025-08-12,0.015115600006538443,144
PV,B3,2025-08-12,0.016484400010085665,1008
PV,B4,2025-08-12,0.019347800000105053,4464
Load,B0,2025-08-13,0.016224399994825944,1
Load,B1,2025-08-13,0.01522639999166131,144
Load,B2,2025-08-13,0.015257999999448657,144
Load,B3,2025-08-13,0.015439499999047257,1008
Load,B4,2025-08-13,0.01791100000264123,4608
PV,B0,2025-08-13,0.01492869999492541,1
PV,B1,2025-08-13,0.015221699999528937,144
PV,B2,2025-08-13,0.015459000002010725,144
PV,B3,2025-08-13,0.016009099999791943,1008
PV,B4,2025-08-13,0.018873599998187274,4608
Load,B0,2025-08-14,0.015030399998067878,1
Load,B1,2025-08-14,0.017677800002275035,144
Load,B2,2025-08-14,0.016274399997200817,144
Load,B3,2025-08-14,0.0160984000103781,1008
Load,B4,2025-08-14,0.01886880000529345,4608
PV,B0,2025-08-14,0.014941600005840883,1
PV,B1,2025-08-14,0.015417200003867038,144
PV,B2,2025-08-14,0.015698999995947815,144
PV,B3,2025-08-14,0.016008000005967915,1008
PV,B4,2025-08-14,0.018993699995917268,4608
Load,B0,2025-08-15,0.015675899994676,1
Load,B1,2025-08-15,0.015635000003385358,144
Load,B2,2025-08-15,0.015551299991784617,144
Load,B3,2025-08-15,0.01659539999673143,1008
Load,B4,2025-08-15,0.019117500007268973,4608
PV,B0,2025-08-15,0.014771600006497465,1
PV,B1,2025-08-15,0.015564100001938641,144
PV,B2,2025-08-15,0.016103200003271922,144
PV,B3,2025-08-15,0.01613770000403747,1008
PV,B4,2025-08-15,0.01858879999781493,4608
Load,B0,2025-08-16,0.015293999997084029,1
Load,B1,2025-08-16,0.016066199998022057,144
Load,B2,2025-08-16,0.016263499986962415,144
Load,B3,2025-08-16,0.015814300000783987,1008
Load,B4,2025-08-16,0.01869789999909699,4608
PV,B0,2025-08-16,0.016193800009205006,1
PV,B1,2025-08-16,0.01599260000512004,144
PV,B2,2025-08-16,0.01621700001123827,144
PV,B3,2025-08-16,0.016222499994910322,1008
PV,B4,2025-08-16,0.018994799989741296,4608
Load,B0,2025-08-17,0.015568799994071014,1
Load,B1,2025-08-17,0.016456199999083765,144
Load,B2,2025-08-17,0.016086699994048104,144
Load,B3,2025-08-17,0.015751800005091354,1008
Load,B4,2025-08-17,0.0191525999980513,4608
PV,B0,2025-08-17,0.01510940000298433,1
PV,B1,2025-08-17,0.015520599990850314,144
PV,B2,2025-08-17,0.015812400000868365,144
PV,B3,2025-08-17,0.01709919999120757,1008
PV,B4,2025-08-17,0.019110799999907613,4608
Load,B0,2025-08-18,0.015194999999948777,1
Load,B1,2025-08-18,0.015524100002949126,144
Load,B2,2025-08-18,0.015296500001568347,144
Load,B3,2025-08-18,0.016479500001878478,1008
Load,B4,2025-08-18,0.01921569999831263,4608
PV,B0,2025-08-18,0.014917900000000373,1
PV,B1,2025-08-18,0.015315700002247468,144
PV,B2,2025-08-18,0.015688600004068576,144
PV,B3,2025-08-18,0.016090799996163696,1008
PV,B4,2025-08-18,0.01822449998871889,4608
Load,B0,2025-08-19,0.015398900010040961,1
Load,B1,2025-08-19,0.015914999996311963,144
Load,B2,2025-08-19,0.016113099991343915,144
Load,B3,2025-08-19,0.016350499994587153,1008
Load,B4,2025-08-19,0.018611300009069964,4608
PV,B0,2025-08-19,0.01489830001082737,1
PV,B1,2025-08-19,0.015808399999514222,144
PV,B2,2025-08-19,0.016940999994403683,144
PV,B3,2025-08-19,0.018122000008588657,1008
PV,B4,2025-08-19,0.01922230000491254,4608
Load,B0,2025-08-20,0.014871000006678514,1
Load,B1,2025-08-20,0.01703050000651274,144
Load,B2,2025-08-20,0.016954899998381734,144
Load,B3,2025-08-20,0.0158095999940997,1008
Load,B4,2025-08-20,0.018418599996948615,4752
PV,B0,2025-08-20,0.017288300005020574,1
PV,B1,2025-08-20,0.020963999995728955,144
PV,B2,2025-08-20,0.0181799999991199,144
PV,B3,2025-08-20,0.01732600000104867,1008
PV,B4,2025-08-20,0.02111970000260044,4752
Load,B0,2025-08-21,0.01653779999469407,1
Load,B1,2025-08-21,0.016175199998542666,144
Load,B2,2025-08-21,0.01645549999375362,144
Load,B3,2025-08-21,0.017257799991057254,1008
Load,B4,2025-08-21,0.020364199997857213,4752
PV,B0,2025-08-21,0.017538100000820123,1
PV,B1,2025-08-21,0.01656830000865739,144
PV,B2,2025-08-21,0.016604000004008412,144
PV,B3,2025-08-21,0.017089200002374128,1008
PV,B4,2025-08-21,0.019064899999648333,4752
Load,B0,2025-08-22,0.015380199998617172,1
Load,B1,2025-08-22,0.016298600006848574,144
Load,B2,2025-08-22,0.016954400009126402,144
Load,B3,2025-08-22,0.018074999999953434,1008
Load,B4,2025-08-22,0.019827099997201003,4752
PV,B0,2025-08-22,0.01558130000194069,1
PV,B1,2025-08-22,0.015979899995727465,144
PV,B2,2025-08-22,0.01679839999997057,144
PV,B3,2025-08-22,0.016963899994152598,1008
PV,B4,2025-08-22,0.018913600011728704,4752
Load,B0,2025-08-23,0.015105500002391636,1
Load,B1,2025-08-23,0.01598359999479726,144
Load,B2,2025-08-23,0.015974899986758828,144
Load,B3,2025-08-23,0.016282299999147654,1008
Load,B4,2025-08-23,0.019963800004916266,4752
PV,B0,2025-08-23,0.018748600006802008,1
PV,B1,2025-08-23,0.018906700002844445,144
PV,B2,2025-08-23,0.01671479998913128,144
PV,B3,2025-08-23,0.018809300003340468,1008
PV,B4,2025-08-23,0.02157650000299327,4752
Load,B0,2025-08-24,0.015645999999833293,1
Load,B1,2025-08-24,0.0167420000070706,144
Load,B2,2025-08-24,0.017452900006901473,144
Load,B3,2025-08-24,0.016779700003098696,1008
Load,B4,2025-08-24,0.018902600000728853,4752
PV,B0,2025-08-24,0.017472999999881722,1
PV,B1,2025-08-24,0.016115599995828234,144
PV,B2,2025-08-24,0.016946700008702464,144
PV,B3,2025-08-24,0.017556000006152317,1008
PV,B4,2025-08-24,0.019137600000249222,4752
Load,B0,2025-08-25,0.016366800002288073,1
Load,B1,2025-08-25,0.016615999993518926,144
Load,B2,2025-08-25,0.019079299992881715,144
Load,B3,2025-08-25,0.019102200007182546,1008
Load,B4,2025-08-25,0.019618499994976446,4752
PV,B0,2025-08-25,0.015652700007194653,1
PV,B1,2025-08-25,0.01557600000523962,144
PV,B2,2025-08-25,0.01710730000922922,144
PV,B3,2025-08-25,0.01651339999807533,1008
PV,B4,2025-08-25,0.019415699993260205,4752
Load,B0,2025-08-26,0.016306999998050742,1
Load,B1,2025-08-26,0.016252900008112192,144
Load,B2,2025-08-26,0.015914100004010834,144
Load,B3,2025-08-26,0.016400000007706694,1008
Load,B4,2025-08-26,0.01896060000581201,4752
PV,B0,2025-08-26,0.015980999989551492,1
PV,B1,2025-08-26,0.01810250000562519,144
PV,B2,2025-08-26,0.01603300000715535,144
PV,B3,2025-08-26,0.016795100003946573,1008
PV,B4,2025-08-26,0.019649699999717996,4752
Load,B0,2025-08-27,0.016185000000405125,1
Load,B1,2025-08-27,0.01821629999903962,144
Load,B2,2025-08-27,0.016551299995626323,144
Load,B3,2025-08-27,0.016997800004901364,1008
Load,B4,2025-08-27,0.01941839999926742,4896
PV,B0,2025-08-27,0.016941100009717047,1
PV,B1,2025-08-27,0.02079500000400003,144
PV,B2,2025-08-27,0.019044600005145185,144
PV,B3,2025-08-27,0.016818500007502735,1008
PV,B4,2025-08-27,0.022523799998452887,4896
Load,B0,2025-08-28,0.016755300006479956,1
Load,B1,2025-08-28,0.018298199996934272,144
Load,B2,2025-08-28,0.017624899992370047,144
Load,B3,2025-08-28,0.017483199990238063,1008
Load,B4,2025-08-28,0.024075499997707084,4896
PV,B0,2025-08-28,0.015822599991224706,1
PV,B1,2025-08-28,0.01742950000334531,144
PV,B2,2025-08-28,0.017361100006382912,144
PV,B3,2025-08-28,0.01822459998948034,1008
PV,B4,2025-08-28,0.019419100004597567,4896
Load,B0,2025-08-29,0.01622259999567177,1
Load,B1,2025-08-29,0.016451300005428493,144
Load,B2,2025-08-29,0.015787900003488176,144
Load,B3,2025-08-29,0.016503200007718988,1008
Load,B4,2025-08-29,0.01885710000351537,4896
PV,B0,2025-08-29,0.016355100000509992,1
PV,B1,2025-08-29,0.0166458000021521,144
PV,B2,2025-08-29,0.01591970000299625,144
PV,B3,2025-08-29,0.016547699997317977,1008
PV,B4,2025-08-29,0.019470600003842264,4896
Load,B0,2025-08-30,0.01679790001071524,1
Load,B1,2025-08-30,0.01752870000200346,144
Load,B2,2025-08-30,0.0170908000000054,144
Load,B3,2025-08-30,0.017194399988511577,1008
Load,B4,2025-08-30,0.018971600002259947,4896
PV,B0,2025-08-30,0.015781899986905046,1
PV,B1,2025-08-30,0.01645450000069104,144
PV,B2,2025-08-30,0.01593460000003688,144
PV,B3,2025-08-30,0.016676499988534488,1008
PV,B4,2025-08-30,0.01950389999547042,4896
Load,B0,2025-08-31,0.016219099998124875,1
Load,B1,2025-08-31,0.01768459999584593,144
Load,B2,2025-08-31,0.016274800000246614,144
Load,B3,2025-08-31,0.01660299999639392,1008
Load,B4,2025-08-31,0.01930509999510832,4896
PV,B0,2025-08-31,0.015893199990387075,1
PV,B1,2025-08-31,0.01738910000131,144
PV,B2,2025-08-31,0.016732000003685243,144
PV,B3,2025-08-31,0.01684519999253098,1008
PV,B4,2025-08-31,0.019754399996600114,4896
Load,B0,2025-09-01,0.015752699997392483,1
Load,B1,2025-09-01,0.016601299998001195,144
Load,B2,2025-09-01,0.01654009999765549,144
Load,B3,2025-09-01,0.01627179999195505,1008
Load,B4,2025-09-01,0.019120999990263954,4896
PV,B0,2025-09-01,0.01584599999478087,1
PV,B1,2025-09-01,0.016334400002961047,144
PV,B2,2025-09-01,0.015942900005029514,144
PV,B3,2025-09-01,0.01799990001018159,1008
PV,B4,2025-09-01,0.02243909999378957,4896
Load,B0,2025-09-02,0.015989699997589923,1
Load,B1,2025-09-02,0.018256499999552034,144
Load,B2,2025-09-02,0.017752900006598793,144
Load,B3,2025-09-02,0.01871499999833759,1008
Load,B4,2025-09-02,0.020658599998569116,4896
PV,B0,2025-09-02,0.017678800009889528,1
PV,B1,2025-09-02,0.017372999995131977,144
PV,B2,2025-09-02,0.017041300001437776,144
PV,B3,2025-09-02,0.017760899994755164,1008
PV,B4,2025-09-02,0.02148539999325294,4896
Load,B0,2025-09-03,0.016636500004096888,1
Load,B1,2025-09-03,0.017446300000301562,144
Load,B2,2025-09-03,0.01646489999257028,144
Load,B3,2025-09-03,0.017626299988478422,1008
Load,B4,2025-09-03,0.020493899995926768,5040
PV,B0,2025-09-03,0.016381399997044355,1
PV,B1,2025-09-03,0.01720569998724386,144
PV,B2,2025-09-03,0.016550899992580526,144
PV,B3,2025-09-03,0.01852449998841621,1008
PV,B4,2025-09-03,0.020953600003849715,5040
Load,B0,2025-09-04,0.019016900012502447,1
Load,B1,2025-09-04,0.017929900001036003,144
Load,B2,2025-09-04,0.016716700003598817,144
Load,B3,2025-09-04,0.0188266999903135,1008
Load,B4,2025-09-04,0.020622900003218092,5040
PV,B0,2025-09-04,0.01655080000637099,1
PV,B1,2025-09-04,0.01960240000335034,144
PV,B2,2025-09-04,0.016029099992010742,144
PV,B3,2025-09-04,0.01658789999783039,1008
PV,B4,2025-09-04,0.01950909999141004,5040
Load,B0,2025-09-05,0.01668420000351034,1
Load,B1,2025-09-05,0.016460500002722256,144
Load,B2,2025-09-05,0.01678590000665281,144
Load,B3,2025-09-05,0.016616299995803274,1008
Load,B4,2025-09-05,0.0228930000012042,5040
PV,B0,2025-09-05,0.01593700000375975,1
PV,B1,2025-09-05,0.016978100000414997,144
PV,B2,2025-09-05,0.016229000000748783,144
PV,B3,2025-09-05,0.018288099992787465,1008
PV,B4,2025-09-05,0.021313899997039698,5040
Load,B0,2025-09-06,0.016672900004778057,1
Load,B1,2025-09-06,0.017075899988412857,144
Load,B2,2025-09-06,0.016438099992228672,144
Load,B3,2025-09-06,0.01622960000531748,1008
Load,B4,2025-09-06,0.01974309999786783,5040
PV,B0,2025-09-06,0.016979800013359636,1
PV,B1,2025-09-06,0.020263700003852136,144
PV,B2,2025-09-06,0.0161668000073405,144
PV,B3,2025-09-06,0.016547999999602325,1008
PV,B4,2025-09-06,0.01964589999988675,5040
Load,B0,2025-09-07,0.016079700013506226,1
Load,B1,2025-09-07,0.016499400007887743,144
Load,B2,2025-09-07,0.016449399990960956,144
Load,B3,2025-09-07,0.016968900003121234,1008
Load,B4,2025-09-07,0.021015199992689304,5040
PV,B0,2025-09-07,0.017032100004144013,1
PV,B1,2025-09-07,0.016776399992522784,144
PV,B2,2025-09-07,0.017204199990374036,144
PV,B3,2025-09-07,0.01739389999420382,1008
PV,B4,2025-09-07,0.01945119998708833,5040
Load,B0,2025-09-08,0.01848009999957867,1
Load,B1,2025-09-08,0.017573200006154366,144
Load,B2,2025-09-08,0.016722200001822785,144
Load,B3,2025-09-08,0.017257100000279024,1008
Load,B4,2025-09-08,0.02048379999177996,5040
PV,B0,2025-09-08,0.016198900004383177,1
PV,B1,2025-09-08,0.016638100001728162,144
PV,B2,2025-09-08,0.0163481000054162,144
PV,B3,2025-09-08,0.01718059999984689,1008
PV,B4,2025-09-08,0.01949839999724645,5040
Load,B0,2025-09-09,0.016816200004541315,1
Load,B1,2025-09-09,0.017159100010758266,144
Load,B2,2025-09-09,0.01645239999925252,144
Load,B3,2025-09-09,0.017359600009513088,1008
Load,B4,2025-09-09,0.01971140000387095,5040
PV,B0,2025-09-09,0.016419699997641146,1
PV,B1,2025-09-09,0.018423000001348555,144
PV,B2,2025-09-09,0.01889470001333393,144
PV,B3,2025-09-09,0.018232300004456192,1008
PV,B4,2025-09-09,0.023094300006050617,5040
Load,B0,2025-09-10,0.01882599999953527,1
Load,B1,2025-09-10,0.02257390000158921,144
Load,B2,2025-09-10,0.017160999996121973,144
Load,B3,2025-09-10,0.01858129999891389,1008
Load,B4,2025-09-10,0.021614799989038147,5184
PV,B0,2025-09-10,0.019723399993381463,1
PV,B1,2025-09-10,0.021190400002524257,144
PV,B2,2025-09-10,0.019001199994818307,144
PV,B3,2025-09-10,0.018273700014105998,1008
PV,B4,2025-09-10,0.02288350000162609,5184
Load,B0,2025-09-11,0.01699930000177119,1
Load,B1,2025-09-11,0.01891950001299847,144
Load,B2,2025-09-11,0.018212199996924028,144
Load,B3,2025-09-11,0.020985199997085147,1008
Load,B4,2025-09-11,0.020227400003932416,5184
PV,B0,2025-09-11,0.019011199998203665,1
PV,B1,2025-09-11,0.018154699995648116,144
PV,B2,2025-09-11,0.016737799989641644,144
PV,B3,2025-09-11,0.01939489999494981,1008
PV,B4,2025-09-11,0.021115600000484847,5184
Load,B0,2025-09-12,0.020364199997857213,1
Load,B1,2025-09-12,0.021195900000748225,144
Load,B2,2025-09-12,0.016998599996441044,144
Load,B3,2025-09-12,0.018423899993649684,1008
Load,B4,2025-09-12,0.024618800001917407,5184
PV,B0,2025-09-12,0.017017299993312918,1
PV,B1,2025-09-12,0.023972200011485256,144
PV,B2,2025-09-12,0.016941900001256727,144
PV,B3,2025-09-12,0.0181799999991199,1008
PV,B4,2025-09-12,0.021754400004283525,5184
Load,B0,2025-09-13,0.019090999994659796,1
Load,B1,2025-09-13,0.016432299991720356,144
Load,B2,2025-09-13,0.016456600002129562,144
Load,B3,2025-09-13,0.017592100004549138,1008
Load,B4,2025-09-13,0.02043699999921955,5184
PV,B0,2025-09-13,0.01615959999617189,1
PV,B1,2025-09-13,0.01672639999014791,144
PV,B2,2025-09-13,0.01632340000651311,144
PV,B3,2025-09-13,0.016954799997620285,1008
PV,B4,2025-09-13,0.020359100002679043,5184
Load,B0,2025-09-14,0.0168273000017507,1
Load,B1,2025-09-14,0.01785309999831952,144
Load,B2,2025-09-14,0.01713029999518767,144
Load,B3,2025-09-14,0.017619899997953326,1008
Load,B4,2025-09-14,0.02021220000460744,5184
PV,B0,2025-09-14,0.016478599995025434,1
PV,B1,2025-09-14,0.01725629999418743,144
PV,B2,2025-09-14,0.016777299999375828,144
PV,B3,2025-09-14,0.017054399999324232,1008
PV,B4,2025-09-14,0.020907300000544637,5184
Load,B0,2025-09-15,0.01745870000740979,1
Load,B1,2025-09-15,0.018839000011212192,144
Load,B2,2025-09-15,0.01785350000136532,144
Load,B3,2025-09-15,0.01895479999075178,1008
Load,B4,2025-09-15,0.021403799997642636,5184
PV,B0,2025-09-15,0.01688159999321215,1
PV,B1,2025-09-15,0.018759699989459477,144
PV,B2,2025-09-15,0.01733750000130385,144
PV,B3,2025-09-15,0.020343700001831166,1008
PV,B4,2025-09-15,0.022440100001404062,5184
Load,B0,2025-09-16,0.01732600000104867,1
Load,B1,2025-09-16,0.01770599999872502,144
Load,B2,2025-09-16,0.017294199991738424,144
Load,B3,2025-09-16,0.018672499994863756,1008
Load,B4,2025-09-16,0.022463700006483123,5184
PV,B0,2025-09-16,0.018711500000790693,1
PV,B1,2025-09-16,0.01914589999068994,144
PV,B2,2025-09-16,0.017310700000962242,144
PV,B3,2025-09-16,0.017656700001680292,1008
PV,B4,2025-09-16,0.020973200007574633,5184
Load,B0,2025-09-17,0.016634500003419816,1
Load,B1,2025-09-17,0.0170316999865463,144
Load,B2,2025-09-17,0.017717399998218752,144
Load,B3,2025-09-17,0.017077900003641844,1008
Load,B4,2025-09-17,0.02078849999816157,5328
PV,B0,2025-09-17,0.02335079999465961,1
PV,B1,2025-09-17,0.022836799995275214,144
PV,B2,2025-09-17,0.022868900006869808,144
PV,B3,2025-09-17,0.01906530000269413,1008
PV,B4,2025-09-17,0.023810400001821108,5328
Load,B0,2025-09-18,0.018675200000870973,1
Load,B1,2025-09-18,0.018037700006971136,144
Load,B2,2025-09-18,0.017739600007189438,144
Load,B3,2025-09-18,0.01713329998892732,1008
Load,B4,2025-09-18,0.021061099992948584,5328
PV,B0,2025-09-18,0.016649400000460446,1
PV,B1,2025-09-18,0.017491100006736815,144
PV,B2,2025-09-18,0.017246700008399785,144
PV,B3,2025-09-18,0.01718359999358654,1008
PV,B4,2025-09-18,0.04553269999451004,5328
Load,B0,2025-09-19,0.01710820000153035,1
Load,B1,2025-09-19,0.018633700005011633,144
Load,B2,2025-09-19,0.017305500005022623,144
Load,B3,2025-09-19,0.018543999991379678,1008
Load,B4,2025-09-19,0.022756200007279404,5328
PV,B0,2025-09-19,0.02517269999952987,1
PV,B1,2025-09-19,0.02095750000444241,144
PV,B2,2025-09-19,0.01785540000128094,144
PV,B3,2025-09-19,0.017936700009158812,1008
PV,B4,2025-09-19,0.020627399993827567,5328
Load,B0,2025-09-20,0.018145599999115802,1
Load,B1,2025-09-20,0.01771980000194162,144
Load,B2,2025-09-20,0.017759800000931136,144
Load,B3,2025-09-20,0.017472399995313026,1008
Load,B4,2025-09-20,0.021051000003353693,5328
PV,B0,2025-09-20,0.018029300001217052,1
PV,B1,2025-09-20,0.018563100005849265,144
PV,B2,2025-09-20,0.017332200004602782,144
PV,B3,2025-09-20,0.017937399999937043,1008
PV,B4,2025-09-20,0.020712999990792014,5328
Load,B0,2025-09-21,0.01691669999854639,1
Load,B1,2025-09-21,0.0176013000018429,144
Load,B2,2025-09-21,0.016691199998604134,144
Load,B3,2025-09-21,0.017405800012056716,1008
Load,B4,2025-09-21,0.02057500000228174,5328
PV,B0,2025-09-21,0.016627899996819906,1
PV,B1,2025-09-21,0.017860299994936213,144
PV,B2,2025-09-21,0.01668200000131037,144
PV,B3,2025-09-21,0.01717909998842515,1008
PV,B4,2025-09-21,0.020286200000555255,5328
Load,B0,2025-09-22,0.01685850000649225,1
Load,B1,2025-09-22,0.018294100009370595,144
Load,B2,2025-09-22,0.016578900002059527,144
Load,B3,2025-09-22,0.01743620001070667,1008
Load,B4,2025-09-22,0.020787799992831424,5328
PV,B0,2025-09-22,0.01956820000486914,1
PV,B1,2025-09-22,0.01791760000924114,144
PV,B2,2025-09-22,0.016978600004222244,144
PV,B3,2025-09-22,0.017958500000531785,1008
PV,B4,2025-09-22,0.02036779999616556,5328
Load,B0,2025-09-23,0.01713549999112729,1
Load,B1,2025-09-23,0.017916800003149547,144
Load,B2,2025-09-23,0.016947099997196347,144
Load,B3,2025-09-23,0.01756970000860747,1008
Load,B4,2025-09-23,0.020189000002574176,5328
PV,B0,2025-09-23,0.01801040000282228,1
PV,B1,2025-09-23,0.018254199996590614,144
PV,B2,2025-09-23,0.017281899999943562,144
PV,B3,2025-09-23,0.018652800004929304,1008
PV,B4,2025-09-23,0.023979600009624846,5328
Load,B0,2025-09-24,0.0179846999963047,1
Load,B1,2025-09-24,0.020208600006299093,144
Load,B2,2025-09-24,0.017260800013900734,144
Load,B3,2025-09-24,0.018826400002581067,1008
Load,B4,2025-09-24,0.02169310000317637,5472
PV,B0,2025-09-24,0.018225099993287586,1
PV,B1,2025-09-24,0.018882500007748604,144
PV,B2,2025-09-24,0.017552900011651218,144
PV,B3,2025-09-24,0.01731090000248514,1008
PV,B4,2025-09-24,0.020288400002755225,5472
Load,B0,2025-09-25,0.017411799999536015,1
Load,B1,2025-09-25,0.01869730000908021,144
Load,B2,2025-09-25,0.017692199995508417,144
Load,B3,2025-09-25,0.017972700006794184,1008
Load,B4,2025-09-25,0.021149599997443147,5472
PV,B0,2025-09-25,0.017756599991116673,1
PV,B1,2025-09-25,0.018819999997504056,144
PV,B2,2025-09-25,0.019431599997915328,144
PV,B3,2025-09-25,0.02242340000520926,1008
PV,B4,2025-09-25,0.020745700006955303,5472
Load,B0,2025-09-26,0.017334200005279854,1
Load,B1,2025-09-26,0.018955300009110942,144
Load,B2,2025-09-26,0.017428499995730817,144
Load,B3,2025-09-26,0.01993929999298416,1008
Load,B4,2025-09-26,0.020358900001156144,5472
PV,B0,2025-09-26,0.017338999998173676,1
PV,B1,2025-09-26,0.017972200002986938,144
PV,B2,2025-09-26,0.016927100004977547,144
PV,B3,2025-09-26,0.01729549998708535,1008
PV,B4,2025-09-26,0.020871200002147816,5472
Load,B0,2025-09-27,0.0176124000136042,1
Load,B1,2025-09-27,0.019557599996915087,144
Load,B2,2025-09-27,0.01787039999908302,144
Load,B3,2025-09-27,0.018543600002885796,1008
Load,B4,2025-09-27,0.020502800005488098,5472
PV,B0,2025-09-27,0.017402599987690337,1
PV,B1,2025-09-27,0.017685099999653175,144
PV,B2,2025-09-27,0.01738570000452455,144
PV,B3,2025-09-27,0.01766900000802707,1008
PV,B4,2025-09-27,0.02331290001166053,5472
Load,B0,2025-09-28,0.018610199986142106,1
Load,B1,2025-09-28,0.019744699995499104,144
Load,B2,2025-09-28,0.01934139999502804,144
Load,B3,2025-09-28,0.019912300005671568,1008
Load,B4,2025-09-28,0.022105900003225543,5472
PV,B0,2025-09-28,0.018815699993865564,1
PV,B1,2025-09-28,0.01867189999029506,144
PV,B2,2025-09-28,0.016889699996681884,144
PV,B3,2025-09-28,0.017672999994829297,1008
PV,B4,2025-09-28,0.022132699989015236,5472
Load,B0,2025-09-29,0.01740010001230985,1
Load,B1,2025-09-29,0.018205600004876032,144
Load,B2,2025-09-29,0.017336600009002723,144
Load,B3,2025-09-29,0.017422500008251518,1008
Load,B4,2025-09-29,0.020755100005771965,5472
PV,B0,2025-09-29,0.017472999999881722,1
PV,B1,2025-09-29,0.018246400009957142,144
PV,B2,2025-09-29,0.017136299997218885,144
PV,B3,2025-09-29,0.017479899994214065,1008
PV,B4,2025-09-29,0.020734700010507368,5472
Load,B0,2025-09-30,0.017036500008543953,1
Load,B1,2025-09-30,0.01802250000764616,144
Load,B2,2025-09-30,0.017075399999157526,144
Load,B3,2025-09-30,0.017268700001295656,1008
Load,B4,2025-09-30,0.02089640000485815,5472
PV,B0,2025-09-30,0.017174799999338575,1
PV,B1,2025-09-30,0.020418300002347678,144
PV,B2,2025-09-30,0.01737650000723079,144
PV,B3,2025-09-30,0.017689300002530217,1008
PV,B4,2025-09-30,0.020869600004516542,5472
Load,B0,2025-10-01,0.017503200011560693,1
Load,B1,2025-10-01,0.017941900005098432,144
Load,B2,2025-10-01,0.017092900001443923,144
Load,B3,2025-10-01,0.01739120000274852,1008
Load,B4,2025-10-01,0.02149450000433717,5616
PV,B0,2025-10-01,0.017234500002814457,1
PV,B1,2025-10-01,0.017614700002013706,144
PV,B2,2025-10-01,0.017158899994683452,144
PV,B3,2025-10-01,0.017423199999029748,1008
PV,B4,2025-10-01,0.020694500009994954,5616
Load,B0,2025-10-02,0.01739760000782553,1
Load,B1,2025-10-02,0.017435600006137975,144
Load,B2,2025-10-02,0.01718059999984689,144
Load,B3,2025-10-02,0.017624200001591817,1008
Load,B4,2025-10-02,0.022252700000535697,5616
PV,B0,2025-10-02,0.017402400000719354,1
PV,B1,2025-10-02,0.018755099998088554,144
PV,B2,2025-10-02,0.018655799998668954,144
PV,B3,2025-10-02,0.018630699996720068,1008
PV,B4,2025-10-02,0.02066339999146294,5616
Load,B0,2025-10-03,0.017012299998896196,1
Load,B1,2025-10-03,0.01763460000802297,144
Load,B2,2025-10-03,0.017217400003573857,144
Load,B3,2025-10-03,0.01784060000500176,1008
Load,B4,2025-10-03,0.02095450001070276,5616
PV,B0,2025-10-03,0.01749639998888597,1
PV,B1,2025-10-03,0.01763539999956265,144
PV,B2,2025-10-03,0.018012000000453554,144
PV,B3,2025-10-03,0.017909800008055754,1008
PV,B4,2025-10-03,0.021170400010305457,5616
Load,B0,2025-10-04,0.018114099992089905,1
Load,B1,2025-10-04,0.018418100007693283,144
Load,B2,2025-10-04,0.017220900001120754,144
Load,B3,2025-10-04,0.018478800004231744,1008
Load,B4,2025-10-04,0.02241160000266973,5616
PV,B0,2025-10-04,0.01745550001214724,1
PV,B1,2025-10-04,0.018088500000885688,144
PV,B2,2025-10-04,0.017499399997177534,144
PV,B3,2025-10-04,0.01777570000558626,1008
PV,B4,2025-10-04,0.02125269999669399,5616
Load,B0,2025-10-05,0.01912530000845436,1
Load,B1,2025-10-05,0.01886029999877792,144
Load,B2,2025-10-05,0.017679800002952106,144
Load,B3,2025-10-05,0.018115800005034544,1008
Load,B4,2025-10-05,0.021701000005123205,5616
PV,B0,2025-10-05,0.017537100007757545,1
PV,B1,2025-10-05,0.01866159999917727,144
PV,B2,2025-10-05,0.01798649999545887,144
PV,B3,2025-10-05,0.018054900006973185,1008
PV,B4,2025-10-05,0.022175200007040985,5616
Load,B0,2025-10-06,0.017802500005927868,1
Load,B1,2025-10-06,0.01758809998864308,144
Load,B2,2025-10-06,0.01742200000444427,144
Load,B3,2025-10-06,0.017608399997698143,1008
Load,B4,2025-10-06,0.021308800001861528,5616
PV,B0,2025-10-06,0.017336500008241273,1
PV,B1,2025-10-06,0.01754090000758879,144
PV,B2,2025-10-06,0.017218099994352087,144
PV,B3,2025-10-06,0.017762000003131106,1008
PV,B4,2025-10-06,0.021372500006691553,5616
Load,B0,2025-10-07,0.017956999989110045,1
Load,B1,2025-10-07,0.018510399997467175,144
Load,B2,2025-10-07,0.018154200006392784,144
Load,B3,2025-10-07,0.018021799987764098,1008
Load,B4,2025-10-07,0.021363299994845875,5616
PV,B0,2025-10-07,0.0170090000028722,1
PV,B1,2025-10-07,0.017725200013956055,144
PV,B2,2025-10-07,0.0181148999981815,144
PV,B3,2025-10-07,0.018340399998123758,1008
PV,B4,2025-10-07,0.021164100005989894,5616
Load,B0,2025-10-08,0.018024599994532764,1
Load,B1,2025-10-08,0.018501299986382946,144
Load,B2,2025-10-08,0.018643200004589744,144
Load,B3,2025-10-08,0.01810430000477936,1008
Load,B4,2025-10-08,0.02260920000844635,5760
PV,B0,2025-10-08,0.018492199989850633,1
PV,B1,2025-10-08,0.01911949999339413,144
PV,B2,2025-10-08,0.017519900007755496,144
PV,B3,2025-10-08,0.01831559999845922,1008
PV,B4,2025-10-08,0.022128099997644313,5760
Load,B0,2025-10-09,0.018438300001434982,1
Load,B1,2025-10-09,0.01904659999127034,144
Load,B2,2025-10-09,0.018048099998850375,144
Load,B3,2025-10-09,0.018360000001848675,1008
Load,B4,2025-10-09,0.021805700002005324,5760
PV,B0,2025-10-09,0.01785319999908097,1
PV,B1,2025-10-09,0.018763500003842637,144
PV,B2,2025-10-09,0.017889200011268258,144
PV,B3,2025-10-09,0.01911509998899419,1008
PV,B4,2025-10-09,0.021423500002129003,5760
Load,B0,2025-10-10,0.018648400000529364,1
Load,B1,2025-10-10,0.01878450000367593,144
Load,B2,2025-10-10,0.01782130000356119,144
Load,B3,2025-10-10,0.017977100011194125,1008
Load,B4,2025-10-10,0.021381800004746765,5760
PV,B0,2025-10-10,0.017443699995055795,1
PV,B1,2025-10-10,0.019620399994892068,144
PV,B2,2025-10-10,0.017561800006660633,144
PV,B3,2025-10-10,0.01857949999975972,1008
PV,B4,2025-10-10,0.023241500006406568,5760
Load,B0,2025-10-11,0.018306700003449805,1
Load,B1,2025-10-11,0.02001110000128392,144
Load,B2,2025-10-11,0.0178794000094058,144
Load,B3,2025-10-11,0.021246999996947125,1008
Load,B4,2025-10-11,0.024557199998525903,5760
PV,B0,2025-10-11,0.017494400002760813,1
PV,B1,2025-10-11,0.018626399993081577,144
PV,B2,2025-10-11,0.01786139998876024,144
PV,B3,2025-10-11,0.01819239999167621,1008
PV,B4,2025-10-11,0.02341159999195952,5760
Load,B0,2025-10-12,0.018146800008253194,1
Load,B1,2025-10-12,0.019001100008608773,144
Load,B2,2025-10-12,0.017810999997891486,144
Load,B3,2025-10-12,0.018650800004252233,1008
Load,B4,2025-10-12,0.023289299992029555,5760
PV,B0,2025-10-12,0.018683300004340708,1
PV,B1,2025-10-12,0.01828139999997802,144
PV,B2,2025-10-12,0.01781459999619983,144
PV,B3,2025-10-12,0.01853030000347644,1008
PV,B4,2025-10-12,0.022826999993412755,5760
Load,B0,2025-10-13,0.017812199992476963,1
Load,B1,2025-10-13,0.018952700003865175,144
Load,B2,2025-10-13,0.02141729999857489,144
Load,B3,2025-10-13,0.0178853999968851,1008
Load,B4,2025-10-13,0.0213787999964552,5760
PV,B0,2025-10-13,0.019269800002803095,1
PV,B1,2025-10-13,0.018718999999691732,144
PV,B2,2025-10-13,0.01829570000700187,144
PV,B3,2025-10-13,0.018619700000272132,1008
PV,B4,2025-10-13,0.024323400008142926,5760
Load,B0,2025-10-14,0.01804439999978058,1
Load,B1,2025-10-14,0.018425100002787076,144
Load,B2,2025-10-14,0.018176599987782538,144
Load,B3,2025-10-14,0.018214800002169795,1008
Load,B4,2025-10-14,0.021515600004931912,5760
PV,B0,2025-10-14,0.01799240001128055,1
PV,B1,2025-10-14,0.01834450000023935,144
PV,B2,2025-10-14,0.01771800000278745,144
PV,B3,2025-10-14,0.018122300010873005,1008
PV,B4,2025-10-14,0.02202410000609234,5760
Load,B0,2025-10-15,0.018210399997769855,1
Load,B1,2025-10-15,0.01824579999083653,144
Load,B2,2025-10-15,0.017840000000433065,144
Load,B3,2025-10-15,0.018836400005966425,1008
Load,B4,2025-10-15,0.022089600010076538,5904
PV,B0,2025-10-15,0.020305300000472926,1
PV,B1,2025-10-15,0.01885579999361653,144
PV,B2,2025-10-15,0.017789399993489496,144
PV,B3,2025-10-15,0.018660999994608574,1008
PV,B4,2025-10-15,0.02176319999853149,5904
Load,B0,2025-10-16,0.018756799996481277,1
Load,B1,2025-10-16,0.019112800000584684,144
Load,B2,2025-10-16,0.020940800008247606,144
Load,B3,2025-10-16,0.018875699999625795,1008
Load,B4,2025-10-16,0.021263799993903376,5904
PV,B0,2025-10-16,0.017637199998716824,1
PV,B1,2025-10-16,0.019809499994153157,144
PV,B2,2025-10-16,0.01920310000423342,144
PV,B3,2025-10-16,0.018255400005728006,1008
PV,B4,2025-10-16,0.024452000012388453,5904
Load,B0,2025-10-17,0.01884799999243114,1
Load,B1,2025-10-17,0.020762900006957352,144
Load,B2,2025-10-17,0.018686100011109374,144
Load,B3,2025-10-17,0.0196319999959087,1008
Load,B4,2025-10-17,0.022821499995188788,5904
PV,B0,2025-10-17,0.01854619999357965,1
PV,B1,2025-10-17,0.018698199986829422,144
PV,B2,2025-10-17,0.01813689999107737,144
PV,B3,2025-10-17,0.019146599996020086,1008
PV,B4,2025-10-17,0.022537599987117574,5904
Load,B0,2025-10-18,0.017603400003281422,1
Load,B1,2025-10-18,0.018193800002336502,144
Load,B2,2025-10-18,0.017851800002972595,144
Load,B3,2025-10-18,0.018503500003134832,1008
Load,B4,2025-10-18,0.021935800003120676,5904
PV,B0,2025-10-18,0.018135399994207546,1
PV,B1,2025-10-18,0.01867260001017712,144
PV,B2,2025-10-18,0.017883100008475594,144
PV,B3,2025-10-18,0.018611000006785616,1008
PV,B4,2025-10-18,0.022354100001393817,5904
Load,B0,2025-10-19,0.018647200005943887,1
Load,B1,2025-10-19,0.018391000005067326,144
Load,B2,2025-10-19,0.018112500009010546,144
Load,B3,2025-10-19,0.018520199999329634,1008
Load,B4,2025-10-19,0.021971000009216368,5904
PV,B0,2025-10-19,0.01829839999845717,1
PV,B1,2025-10-19,0.018955499996081926,144
PV,B2,2025-10-19,0.01786819999688305,144
PV,B3,2025-10-19,0.019447099999524653,1008
PV,B4,2025-10-19,0.022585099999560043,5904
Load,B0,2025-10-20,0.017829700009315275,1
Load,B1,2025-10-20,0.017846600007032976,144
Load,B2,2025-10-20,0.018077200002153404,144
Load,B3,2025-10-20,0.0193542999913916,1008
Load,B4,2025-10-20,0.022213299991562963,5904
PV,B0,2025-10-20,0.018762000006972812,1
PV,B1,2025-10-20,0.019344800006365404,144
PV,B2,2025-10-20,0.018616500005009584,144
PV,B3,2025-10-20,0.01882760001171846,1008
PV,B4,2025-10-20,0.02389969999785535,5904
Load,B0,2025-10-21,0.018470900002284907,1
Load,B1,2025-10-21,0.021046499998192303,144
Load,B2,2025-10-21,0.02331830000912305,144
Load,B3,2025-10-21,0.021554499995545484,1008
Load,B4,2025-10-21,0.02484339999500662,5904
PV,B0,2025-10-21,0.01720729999942705,1
PV,B1,2025-10-21,0.017732899999828078,144
PV,B2,2025-10-21,0.017689900007098913,144
PV,B3,2025-10-21,0.01892440000665374,1008
PV,B4,2025-10-21,0.021623100008582696,5904
Load,B0,2025-10-22,0.02150039999105502,1
Load,B1,2025-10-22,0.01902229999541305,144
Load,B2,2025-10-22,0.020330799990915693,144
Load,B3,2025-10-22,0.020351600003778003,1008
Load,B4,2025-10-22,0.02351030000136234,6048
PV,B0,2025-10-22,0.019891300005838275,1
PV,B1,2025-10-22,0.02139090000127908,144
PV,B2,2025-10-22,0.01848440000321716,144
PV,B3,2025-10-22,0.018402399990009144,1008
PV,B4,2025-10-22,0.02340849999745842,6048
Load,B0,2025-10-23,0.020033900000271387,1
Load,B1,2025-10-23,0.020432500008610077,144
Load,B2,2025-10-23,0.018765099986921996,144
Load,B3,2025-10-23,0.0193509999953676,1008
Load,B4,2025-10-23,0.023423899998306297,6048
PV,B0,2025-10-23,0.018730600000708364,1
PV,B1,2025-10-23,0.01987119999830611,144
PV,B2,2025-10-23,0.02012910001212731,144
PV,B3,2025-10-23,0.02017419999174308,1008
PV,B4,2025-10-23,0.02421410000533797,6048
Load,B0,2025-10-24,0.021511700004339218,1
Load,B1,2025-10-24,0.0216736000002129,144
Load,B2,2025-10-24,0.018660000001545995,144
Load,B3,2025-10-24,0.01915430001099594,1008
Load,B4,2025-10-24,0.022454899997683242,6048
PV,B0,2025-10-24,0.018454000004567206,1
PV,B1,2025-10-24,0.019637499994132668,144
PV,B2,2025-10-24,0.01859110000077635,144
PV,B3,2025-10-24,0.01884279999649152,1008
PV,B4,2025-10-24,0.022261499994783662,6048
Load,B0,2025-10-25,0.02026099999784492,1
Load,B1,2025-10-25,0.021353699994506314,144
Load,B2,2025-10-25,0.0203038000036031,144
Load,B3,2025-10-25,0.019396599993342534,1008
Load,B4,2025-10-25,0.023131900001317263,6048
PV,B0,2025-10-25,0.01968460000352934,1
PV,B1,2025-10-25,0.019982599987997673,144
PV,B2,2025-10-25,0.019786199991358444,144
PV,B3,2025-10-25,0.020931799997924827,1008
PV,B4,2025-10-25,0.024140900000929832,6048
Load,B0,2025-10-26,0.02125069999601692,1
Load,B1,2025-10-26,0.022930299994186498,144
Load,B2,2025-10-26,0.025641800006269477,144
Load,B3,2025-10-26,0.02148400001169648,1008
Load,B4,2025-10-26,0.02380500000435859,6048
PV,B0,2025-10-26,0.018060300004435703,1
PV,B1,2025-10-26,0.018758899997919798,144
PV,B2,2025-10-26,0.01856759999645874,144
PV,B3,2025-10-26,0.01926029998867307,1008
PV,B4,2025-10-26,0.024219499988248572,6048
Load,B0,2025-10-27,0.018578499992145225,1
Load,B1,2025-10-27,0.01929579999705311,144
Load,B2,2025-10-27,0.02049879998958204,144
Load,B3,2025-10-27,0.02097529999446124,1008
Load,B4,2025-10-27,0.02466629999980796,6048
PV,B0,2025-10-27,0.01877809999859892,1
PV,B1,2025-10-27,0.018962200003443286,144
PV,B2,2025-10-27,0.01938529999461025,144
PV,B3,2025-10-27,0.019870099989930168,1008
PV,B4,2025-10-27,0.024931100007961504,6048
Load,B0,2025-10-28,0.019789800004218705,1
Load,B1,2025-10-28,0.020502100000157952,144
Load,B2,2025-10-28,0.019247100004577078,144
Load,B3,2025-10-28,0.019366300010005943,1008
Load,B4,2025-10-28,0.02380999999877531,6048
PV,B0,2025-10-28,0.018869999999878928,1
PV,B1,2025-10-28,0.01811170000291895,144
PV,B2,2025-10-28,0.018660599991562776,144
PV,B3,2025-10-28,0.01872009999351576,1008
PV,B4,2025-10-28,0.022209000002476387,6048
Load,B0,2025-10-29,0.019241300004068762,1
Load,B1,2025-10-29,0.018063199997413903,144
Load,B2,2025-10-29,0.021991700006765313,144
Load,B3,2025-10-29,0.018788000001222827,1008
Load,B4,2025-10-29,0.021830599987879395,6192
PV,B0,2025-10-29,0.018759500002488494,1
PV,B1,2025-10-29,0.01863049999519717,144
PV,B2,2025-10-29,0.018729300005361438,144
PV,B3,2025-10-29,0.019733700013603084,1008
PV,B4,2025-10-29,0.02262679999694228,6192
Load,B0,2025-10-30,0.01996040000813082,1
Load,B1,2025-10-30,0.01897540000209119,144
Load,B2,2025-10-30,0.01860080000187736,144
Load,B3,2025-10-30,0.018893800006480888,1008
Load,B4,2025-10-30,0.02322699999785982,6192
PV,B0,2025-10-30,0.019323000000440516,1
PV,B1,2025-10-30,0.019875199999660254,144
PV,B2,2025-10-30,0.02024589999928139,144
PV,B3,2025-10-30,0.01915809999627527,1008
PV,B4,2025-10-30,0.022449299998697825,6192
Load,B0,2025-10-31,0.018413800004054792,1
Load,B1,2025-10-31,0.018598300011944957,144
Load,B2,2025-10-31,0.018926000004285015,144
Load,B3,2025-10-31,0.01885440001206007,1008
Load,B4,2025-10-31,0.02372470000409521,6192
PV,B0,2025-10-31,0.018701199995120987,1
PV,B1,2025-10-31,0.019168400001944974,144
PV,B2,2025-10-31,0.02018189999216702,144
PV,B3,2025-10-31,0.019384699990041554,1008
PV,B4,2025-10-31,0.027149200002895668,6192
Load,B0,2025-11-01,0.019065700005739927,1
Load,B1,2025-11-01,0.020179400002234615,144
Load,B2,2025-11-01,0.020935500011546537,144
Load,B3,2025-11-01,0.020271200002753176,1008
Load,B4,2025-11-01,0.024874299997463822,6192
PV,B0,2025-11-01,0.018931300000986084,1
PV,B1,2025-11-01,0.01895840000361204,144
PV,B2,2025-11-01,0.01829199999338016,144
PV,B3,2025-11-01,0.01895430000149645,1008
PV,B4,2025-11-01,0.022693299993989058,6192
Load,B0,2025-11-02,0.01849200000287965,1
Load,B1,2025-11-02,0.019028099995921366,144
Load,B2,2025-11-02,0.020026499987579882,144
Load,B3,2025-11-02,0.019579700005124323,1008
Load,B4,2025-11-02,0.028722300005028956,6192
PV,B0,2025-11-02,0.01864239999849815,1
PV,B1,2025-11-02,0.019728699990082532,144
PV,B2,2025-11-02,0.01888689999759663,144
PV,B3,2025-11-02,0.019833199999993667,1008
PV,B4,2025-11-02,0.022647899997537024,6192
Load,B0,2025-11-03,0.01903630000015255,1
Load,B1,2025-11-03,0.01852399999916088,144
Load,B2,2025-11-03,0.018793299997923896,144
Load,B3,2025-11-03,0.019416000010096468,1008
Load,B4,2025-11-03,0.02411099999153521,6192
PV,B0,2025-11-03,0.019095399999059737,1
PV,B1,2025-11-03,0.020467499998630956,144
PV,B2,2025-11-03,0.019043299995246343,144
PV,B3,2025-11-03,0.020892399988952093,1008
PV,B4,2025-11-03,0.02334839999093674,6192
Load,B0,2025-11-04,0.019490299993776716,1
Load,B1,2025-11-04,0.019665599989821203,144
Load,B2,2025-11-04,0.01938769999833312,144
Load,B3,2025-11-04,0.019301699998322874,1008
Load,B4,2025-11-04,0.022991099991486408,6192
PV,B0,2025-11-04,0.0195469000027515,1
PV,B1,2025-11-04,0.019739600000320934,144
PV,B2,2025-11-04,0.0191354999988107,144
PV,B3,2025-11-04,0.020133300000452437,1008
PV,B4,2025-11-04,0.023663899992243387,6192
Load,B0,2025-11-05,0.019511699996655807,1
Load,B1,2025-11-05,0.02048699998704251,144
Load,B2,2025-11-05,0.020073799998499453,144
Load,B3,2025-11-05,0.019708299994817935,1008
Load,B4,2025-11-05,0.027443099999800324,6336
PV,B0,2025-11-05,0.019567700001061894,1
PV,B1,2025-11-05,0.019420099997660145,144
PV,B2,2025-11-05,0.021910399998887442,144
PV,B3,2025-11-05,0.02239470000495203,1008
PV,B4,2025-11-05,0.027345800001057796,6336
Load,B0,2025-11-06,0.018238900011056103,1
Load,B1,2025-11-06,0.01880469999741763,144
Load,B2,2025-11-06,0.019488399993861094,144
Load,B3,2025-11-06,0.019775799999479204,1008
Load,B4,2025-11-06,0.02580280000984203,6336
PV,B0,2025-11-06,0.01861759999883361,1
PV,B1,2025-11-06,0.018998400002601556,144
PV,B2,2025-11-06,0.019856099999742582,144
PV,B3,2025-11-06,0.020049400001880713,1008
PV,B4,2025-11-06,0.02476139999635052,6336
Load,B0,2025-11-07,0.019685000006575137,1
Load,B1,2025-11-07,0.02048089999880176,144
Load,B2,2025-11-07,0.019424700003582984,144
Load,B3,2025-11-07,0.019094500006758608,1008
Load,B4,2025-11-07,0.023119300007238053,6336
PV,B0,2025-11-07,0.019968100008554757,1
PV,B1,2025-11-07,0.02032520000648219,144
PV,B2,2025-11-07,0.0190504000056535,144
PV,B3,2025-11-07,0.019351700000697747,1008
PV,B4,2025-11-07,0.023074199998518452,6336
Load,B0,2025-11-08,0.01883869999437593,1
Load,B1,2025-11-08,0.019551900011720136,144
Load,B2,2025-11-08,0.019550700002582744,144
Load,B3,2025-11-08,0.019650000002002344,1008
Load,B4,2025-11-08,0.023155600007157773,6336
PV,B0,2025-11-08,0.01872539999021683,1
PV,B1,2025-11-08,0.019685000006575137,144
PV,B2,2025-11-08,0.021939900005236268,144
PV,B3,2025-11-08,0.020742100008646958,1008
PV,B4,2025-11-08,0.024531200004275888,6336
Load,B0,2025-11-09,0.020017899994854815,1
Load,B1,2025-11-09,0.020341399998869747,144
Load,B2,2025-11-09,0.02201420000346843,144
Load,B3,2025-11-09,0.020394699997268617,1008
Load,B4,2025-11-09,0.025461099998210557,6336
PV,B0,2025-11-09,0.01971890000277199,1
PV,B1,2025-11-09,0.019173100008629262,144
PV,B2,2025-11-09,0.019053700001677498,144
PV,B3,2025-11-09,0.01961920000030659,1008
PV,B4,2025-11-09,0.025488699990091845,6336
Load,B0,2025-11-10,0.020357399989734404,1
Load,B1,2025-11-10,0.020014900001115166,144
Load,B2,2025-11-10,0.01897140000073705,144
Load,B3,2025-11-10,0.019995700000436045,1008
Load,B4,2025-11-10,0.022776300000259653,6336
PV,B0,2025-11-10,0.01910949999000877,1
PV,B1,2025-11-10,0.019689099994138815,144
PV,B2,2025-11-10,0.01991709999856539,144
PV,B3,2025-11-10,0.020086800010176376,1008
PV,B4,2025-11-10,0.02274790000228677,6336
Load,B0,2025-11-11,0.019855399994412437,1
Load,B1,2025-11-11,0.021242200004053302,144
Load,B2,2025-11-11,0.021002900000894442,144
Load,B3,2025-11-11,0.020958900000550784,1008
Load,B4,2025-11-11,0.02452060001087375,6336
PV,B0,2025-11-11,0.020129399999859743,1
PV,B1,2025-11-11,0.020034600005601533,144
PV,B2,2025-11-11,0.02068149999831803,144
PV,B3,2025-11-11,0.021280799992382526,1008
PV,B4,2025-11-11,0.023751300002913922,6336
Load,B0,2025-11-12,0.020438899999135174,1
Load,B1,2025-11-12,0.020175199999357574,144
Load,B2,2025-11-12,0.019823499998892657,144
Load,B3,2025-11-12,0.019437599999946542,1008
Load,B4,2025-11-12,0.02335750000202097,6480
PV,B0,2025-11-12,0.01941729999089148,1
PV,B1,2025-11-12,0.019696199989994057,144
PV,B2,2025-11-12,0.019083799998043105,144
PV,B3,2025-11-12,0.020340500006568618,1008
PV,B4,2025-11-12,0.024143900009221397,6480
Load,B0,2025-11-13,0.019122500001685694,1
Load,B1,2025-11-13,0.022857500007376075,144
Load,B2,2025-11-13,0.02072790000238456,144
Load,B3,2025-11-13,0.020510300004389137,1008
Load,B4,2025-11-13,0.024019399992539547,6480
PV,B0,2025-11-13,0.019115300005069003,1
PV,B1,2025-11-13,0.018890899998950772,144
PV,B2,2025-11-13,0.01932329998817295,144
PV,B3,2025-11-13,0.021601499989628792,1008
PV,B4,2025-11-13,0.02434249999350868,6480
Load,B0,2025-11-14,0.019517599997925572,1
Load,B1,2025-11-14,0.01896459999261424,144
Load,B2,2025-11-14,0.021183699995162897,144
Load,B3,2025-11-14,0.020373899998958223,1008
Load,B4,2025-11-14,0.0239679999940563,6480
PV,B0,2025-11-14,0.019682799989823252,1
PV,B1,2025-11-14,0.019258599990280345,144
PV,B2,2025-11-14,0.020390199992107227,144
PV,B3,2025-11-14,0.01967700000386685,1008
PV,B4,2025-11-14,0.023317099999985658,6480
Load,B0,2025-11-15,0.0191045999963535,1
Load,B1,2025-11-15,0.01984009999432601,144
Load,B2,2025-11-15,0.019250600002123974,144
Load,B3,2025-11-15,0.019398400007048622,1008
Load,B4,2025-11-15,0.02448300000105519,6480
PV,B0,2025-11-15,0.019896800004062243,1
PV,B1,2025-11-15,0.020280500000808388,144
PV,B2,2025-11-15,0.020424699992872775,144
PV,B3,2025-11-15,0.01993439999932889,1008
PV,B4,2025-11-15,0.02580160000070464,6480
Load,B0,2025-11-16,0.01882610000029672,1
Load,B1,2025-11-16,0.020059899994521402,144
Load,B2,2025-11-16,0.019759499991778284,144
Load,B3,2025-11-16,0.019483999989461154,1008
Load,B4,2025-11-16,0.024290300003485754,6480
PV,B0,2025-11-16,0.01982660000794567,1
PV,B1,2025-11-16,0.020099700006539933,144
PV,B2,2025-11-16,0.019584100009524263,144
PV,B3,2025-11-16,0.020358699999633245,1008
PV,B4,2025-11-16,0.024425299998256378,6480
Load,B0,2025-11-17,0.02015209999808576,1
Load,B1,2025-11-17,0.020852000001468696,144
Load,B2,2025-11-17,0.02118470000277739,144
Load,B3,2025-11-17,0.021418599993921816,1008
Load,B4,2025-11-17,0.024157499996363185,6480
PV,B0,2025-11-17,0.021931100010988303,1
PV,B1,2025-11-17,0.020520899997791275,144
PV,B2,2025-11-17,0.019150799998897128,144
PV,B3,2025-11-17,0.019938799989176914,1008
PV,B4,2025-11-17,0.023457099989173003,6480
Load,B0,2025-11-18,0.019836699997540563,1
Load,B1,2025-11-18,0.020433799989405088,144
Load,B2,2025-11-18,0.02011060000222642,144
Load,B3,2025-11-18,0.020322099997429177,1008
Load,B4,2025-11-18,0.023423200007528067,6480
PV,B0,2025-11-18,0.019168700004229322,1
PV,B1,2025-11-18,0.0201253999985056,144
PV,B2,2025-11-18,0.019601199994212948,144
PV,B3,2025-11-18,0.02037160001054872,1008
PV,B4,2025-11-18,0.023992300004465505,6480
Load,B0,2025-11-19,0.019465100005618297,1
Load,B1,2025-11-19,0.020249799999874085,144
Load,B2,2025-11-19,0.021596199992927723,144
Load,B3,2025-11-19,0.02141739999933634,1008
Load,B4,2025-11-19,0.024028299987548962,6624
PV,B0,2025-11-19,0.020093900006031618,1
PV,B1,2025-11-19,0.020334000000730157,144
PV,B2,2025-11-19,0.019689500011736527,144
PV,B3,2025-11-19,0.020831100002396852,1008
PV,B4,2025-11-19,0.024243799998657778,6624
Load,B0,2025-11-20,0.019588600000133738,1
Load,B1,2025-11-20,0.022423699992941692,144
Load,B2,2025-11-20,0.019922000006772578,144
Load,B3,2025-11-20,0.020805899999686517,1008
Load,B4,2025-11-20,0.023958899997523986,6624
PV,B0,2025-11-20,0.019729000006918795,1
PV,B1,2025-11-20,0.020428699994226918,144
PV,B2,2025-11-20,0.020192399999359623,144
PV,B3,2025-11-20,0.02043720000074245,1008
PV,B4,2025-11-20,0.02441519999410957,6624
Load,B0,2025-11-21,0.01946829998632893,1
Load,B1,2025-11-21,0.02056530000118073,144
Load,B2,2025-11-21,0.019792200007941574,144
Load,B3,2025-11-21,0.02057950000744313,1008
Load,B4,2025-11-21,0.024013900008867495,6624
PV,B0,2025-11-21,0.018892899999627843,1
PV,B1,2025-11-21,0.02069490001304075,144
PV,B2,2025-11-21,0.021983900005579926,144
PV,B3,2025-11-21,0.020246700005372986,1008
PV,B4,2025-11-21,0.02378419999149628,6624
Load,B0,2025-11-22,0.019727000006241724,1
Load,B1,2025-11-22,0.021719099997426383,144
Load,B2,2025-11-22,0.019718099996680394,144
Load,B3,2025-11-22,0.021200699993642047,1008
Load,B4,2025-11-22,0.02385169999615755,6624
PV,B0,2025-11-22,0.01875770000333432,1
PV,B1,2025-11-22,0.01982560000033118,144
PV,B2,2025-11-22,0.019560999993700534,144
PV,B3,2025-11-22,0.019850500000757165,1008
PV,B4,2025-11-22,0.02489919999788981,6624
Load,B0,2025-11-23,0.02046630000404548,1
Load,B1,2025-11-23,0.02179939999768976,144
Load,B2,2025-11-23,0.020520500009297393,144
Load,B3,2025-11-23,0.020007900006021373,1008
Load,B4,2025-11-23,0.023954699994646944,6624
PV,B0,2025-11-23,0.02153369999723509,1
PV,B1,2025-11-23,0.02046679999330081,144
PV,B2,2025-11-23,0.019913399999495596,144
PV,B3,2025-11-23,0.02013699999952223,1008
PV,B4,2025-11-23,0.028424899996025488,6624
Load,B0,2025-11-24,0.020433900004718453,1
Load,B1,2025-11-24,0.020721599998068996,144
Load,B2,2025-11-24,0.01919859999907203,144
Load,B3,2025-11-24,0.020541199992294423,1008
Load,B4,2025-11-24,0.023680600002990104,6624
PV,B0,2025-11-24,0.020215600001392886,1
PV,B1,2025-11-24,0.020660599999246188,144
PV,B2,2025-11-24,0.021053699994808994,144
PV,B3,2025-11-24,0.02042549999896437,1008
PV,B4,2025-11-24,0.024730999997700565,6624
Load,B0,2025-11-25,0.020646799996029586,1
Load,B1,2025-11-25,0.02006370000890456,144
Load,B2,2025-11-25,0.02143130000331439,144
Load,B3,2025-11-25,0.02145380000001751,1008
Load,B4,2025-11-25,0.024943199998233467,6624
PV,B0,2025-11-25,0.019513099992764182,1
PV,B1,2025-11-25,0.019790999998804182,144
PV,B2,2025-11-25,0.019422500001383014,144
PV,B3,2025-11-25,0.020402800000738353,1008
PV,B4,2025-11-25,0.023841299989726394,6624
Load,B0,2025-11-26,0.020269400003599003,1
Load,B1,2025-11-26,0.021214000007603317,144
Load,B2,2025-11-26,0.020933599997079,144
Load,B3,2025-11-26,0.021058899990748614,1008
Load,B4,2025-11-26,0.02413900000101421,6768
PV,B0,2025-11-26,0.02078099999926053,1
PV,B1,2025-11-26,0.021476599999004975,144
PV,B2,2025-11-26,0.02102790000208188,144
PV,B3,2025-11-26,0.023080700004356913,1008
PV,B4,2025-11-26,0.027367300004698336,6768
Load,B0,2025-11-27,0.022020100004738197,1
Load,B1,2025-11-27,0.021585800001048483,144
Load,B2,2025-11-27,0.022328899998683482,144
Load,B3,2025-11-27,0.021978500008117408,1008
Load,B4,2025-11-27,0.025306199997430667,6768
PV,B0,2025-11-27,0.02673779999895487,1
PV,B1,2025-11-27,0.02904850000049919,144
PV,B2,2025-11-27,0.023031899996567518,144
PV,B3,2025-11-27,0.02102230000309646,1008
PV,B4,2025-11-27,0.025094899989198893,6768
Load,B0,2025-11-28,0.0211944000038784,1
Load,B1,2025-11-28,0.020613899992895313,144
Load,B2,2025-11-28,0.02057149999018293,144
Load,B3,2025-11-28,0.02132309999433346,1008
Load,B4,2025-11-28,0.024694399995496497,6768
PV,B0,2025-11-28,0.01939130001119338,1
PV,B1,2025-11-28,0.022621099997195415,144
PV,B2,2025-11-28,0.020665900010499172,144
PV,B3,2025-11-28,0.020709799995529465,1008
PV,B4,2025-11-28,0.02419759999611415,6768
Load,B0,2025-11-29,0.021120899997185916,1
Load,B1,2025-11-29,0.02287800000340212,144
Load,B2,2025-11-29,0.02129790000617504,144
Load,B3,2025-11-29,0.02139819999865722,1008
Load,B4,2025-11-29,0.024774100005743094,6768
PV,B0,2025-11-29,0.020309500003349967,1
PV,B1,2025-11-29,0.021502800009329803,144
PV,B2,2025-11-29,0.01988300000084564,144
PV,B3,2025-11-29,0.020040800009155646,1008
PV,B4,2025-11-29,0.02508999999554362,6768
Load,B0,2025-11-30,0.02099959999031853,1
Load,B1,2025-11-30,0.021441199991386384,144
Load,B2,2025-11-30,0.019913299998734146,144
Load,B3,2025-11-30,0.021261300003970973,1008
Load,B4,2025-11-30,0.024546799992094748,6768
PV,B0,2025-11-30,0.021436099996208213,1
PV,B1,2025-11-30,0.024183199988328852,144
PV,B2,2025-11-30,0.019635599994217046,144
PV,B3,2025-11-30,0.021406100000604056,1008
PV,B4,2025-11-30,0.02629569999407977,6768
Load,B0,2025-12-01,0.021316099999239668,1
Load,B1,2025-12-01,0.020436100006918423,144
Load,B2,2025-12-01,0.021747599996160716,144
Load,B3,2025-12-01,0.022100899994256906,1008
Load,B4,2025-12-01,0.02570969999942463,6768
PV,B0,2025-12-01,0.021965000007185154,1
PV,B1,2025-12-01,0.020464400004129857,144
PV,B2,2025-12-01,0.02220340000349097,144
PV,B3,2025-12-01,0.019949900000938214,1008
PV,B4,2025-12-01,0.0245205000101123,6768
Load,B0,2025-12-02,0.02060779999010265,1
Load,B1,2025-12-02,0.021052800002507865,144
Load,B2,2025-12-02,0.01981700000760611,144
Load,B3,2025-12-02,0.020694999999250285,1008
Load,B4,2025-12-02,0.025149900000542402,6768
PV,B0,2025-12-02,0.01976959999592509,1
PV,B1,2025-12-02,0.02715860000171233,144
PV,B2,2025-12-02,0.01958330000343267,144
PV,B3,2025-12-02,0.02003409998724237,1008
PV,B4,2025-12-02,0.024179499989259057,6768
Load,B0,2025-12-03,0.01993189999484457,1
Load,B1,2025-12-03,0.02144840000255499,144
Load,B2,2025-12-03,0.020608799997717142,144
Load,B3,2025-12-03,0.02164180000545457,1008
Load,B4,2025-12-03,0.024716200001421385,6912
PV,B0,2025-12-03,0.02095289999851957,1
PV,B1,2025-12-03,0.023519399997894652,144
PV,B2,2025-12-03,0.02114389999769628,144
PV,B3,2025-12-03,0.020476199992117472,1008
PV,B4,2025-12-03,0.02494479999586474,6912
Load,B0,2025-12-04,0.02022910000232514,1
Load,B1,2025-12-04,0.022814200012362562,144
Load,B2,2025-12-04,0.02115339999727439,144
Load,B3,2025-12-04,0.025658699989435263,1008
Load,B4,2025-12-04,0.027381799998693168,6912
PV,B0,2025-12-04,0.024756500002695248,1
PV,B1,2025-12-04,0.023609700001543388,144
PV,B2,2025-12-04,0.02279590000398457,144
PV,B3,2025-12-04,0.024362800002563745,1008
PV,B4,2025-12-04,0.02938749999157153,6912
Load,B0,2025-12-05,0.020930300001055002,1
Load,B1,2025-12-05,0.024282900005346164,144
Load,B2,2025-12-05,0.02007519999460783,144
Load,B3,2025-12-05,0.022346599987940863,1008
Load,B4,2025-12-05,0.026268499990692362,6912
PV,B0,2025-12-05,0.02022749999014195,1
PV,B1,2025-12-05,0.021692199996323325,144
PV,B2,2025-12-05,0.020490099996095523,144
PV,B3,2025-12-05,0.020241900012479164,1008
PV,B4,2025-12-05,0.02501979999942705,6912
Load,B0,2025-12-06,0.023052699994877912,1
Load,B1,2025-12-06,0.027010499994503334,144
Load,B2,2025-12-06,0.022483599997940473,144
Load,B3,2025-12-06,0.02560010000888724,1008
Load,B4,2025-12-06,0.02672720000555273,6912
PV,B0,2025-12-06,0.02526860000216402,1
PV,B1,2025-12-06,0.024806800007354468,144
PV,B2,2025-12-06,0.023388900008285418,144
PV,B3,2025-12-06,0.022244399995543063,1008
PV,B4,2025-12-06,0.030665899990708567,6912
Load,B0,2025-12-07,0.02081940000061877,1
Load,B1,2025-12-07,0.021408300002804026,144
Load,B2,2025-12-07,0.02146790000551846,144
Load,B3,2025-12-07,0.020769599999766797,1008
Load,B4,2025-12-07,0.026935699992463924,6912
PV,B0,2025-12-07,0.02029110000876244,1
PV,B1,2025-12-07,0.021710600005462766,144
PV,B2,2025-12-07,0.027230100007727742,144
PV,B3,2025-12-07,0.022371500002918765,1008
PV,B4,2025-12-07,0.02540969999972731,6912
Load,B0,2025-12-08,0.021302299996023066,1
Load,B1,2025-12-08,0.021401500009233132,144
Load,B2,2025-12-08,0.02035700000124052,144
Load,B3,2025-12-08,0.020577399991452694,1008
Load,B4,2025-12-08,0.025423099999898113,6912
PV,B0,2025-12-08,0.02140009999857284,1
PV,B1,2025-12-08,0.02227659999334719,144
PV,B2,2025-12-08,0.020196099998429418,144
PV,B3,2025-12-08,0.020599099996616133,1008
PV,B4,2025-12-08,0.026264899992384017,6912
Load,B0,2025-12-09,0.021905699992203154,1
Load,B1,2025-12-09,0.022186700007296167,144
Load,B2,2025-12-09,0.020652500010328367,144
Load,B3,2025-12-09,0.02159570000367239,1008
Load,B4,2025-12-09,0.025405000007594936,6912
PV,B0,2025-12-09,0.020750600000610575,1
PV,B1,2025-12-09,0.021340999999665655,144
PV,B2,2025-12-09,0.02033280000614468,144
PV,B3,2025-12-09,0.021358400001190603,1008
PV,B4,2025-12-09,0.025670600007288158,6912
Load,B0,2025-12-10,0.021249400000669993,1
Load,B1,2025-12-10,0.020944300005794503,144
Load,B2,2025-12-10,0.021873400008189492,144
Load,B3,2025-12-10,0.020910199993522838,1008
Load,B4,2025-12-10,0.025529499995172955,7056
PV,B0,2025-12-10,0.020426400005817413,1
PV,B1,2025-12-10,0.021457199996802956,144
PV,B2,2025-12-10,0.020063000003574416,144
PV,B3,2025-12-10,0.02056159998755902,1008
PV,B4,2025-12-10,0.024588400003267452,7056
Load,B0,2025-12-11,0.02107160000014119,1
Load,B1,2025-12-11,0.021441099990624934,144
Load,B2,2025-12-11,0.02043809999304358,144
Load,B3,2025-12-11,0.021582100001978688,1008
Load,B4,2025-12-11,0.030000499988091178,7056
PV,B0,2025-12-11,0.021260800000163727,1
PV,B1,2025-12-11,0.020965099989552982,144
PV,B2,2025-12-11,0.02048809999541845,144
PV,B3,2025-12-11,0.025412799994228408,1008
PV,B4,2025-12-11,0.025240300004952587,7056
Load,B0,2025-12-12,0.02281510000466369,1
Load,B1,2025-12-12,0.022110200006864034,144
Load,B2,2025-12-12,0.02394359999743756,144
Load,B3,2025-12-12,0.02184680000937078,1008
Load,B4,2025-12-12,0.025386799999978393,7056
PV,B0,2025-12-12,0.02120600000489503,1
PV,B1,2025-12-12,0.021358300000429153,144
PV,B2,2025-12-12,0.02040850000048522,144
PV,B3,2025-12-12,0.020900999996229075,1008
PV,B4,2025-12-12,0.02491300000110641,7056
Load,B0,2025-12-13,0.020469499999308027,1
Load,B1,2025-12-13,0.023331400007009506,144
Load,B2,2025-12-13,0.019957199998316355,144
Load,B3,2025-12-13,0.020675799998571165,1008
Load,B4,2025-12-13,0.025708699991810136,7056
PV,B0,2025-12-13,0.021326200003386475,1
PV,B1,2025-12-13,0.022670499995001592,144
PV,B2,2025-12-13,0.02072839999163989,144
PV,B3,2025-12-13,0.02106889999413397,1008
PV,B4,2025-12-13,0.02526639999996405,7056
Load,B0,2025-12-14,0.02047040000616107,1
Load,B1,2025-12-14,0.02115559999947436,144
Load,B2,2025-12-14,0.021976899995934218,144
Load,B3,2025-12-14,0.021442400000523776,1008
Load,B4,2025-12-14,0.026121300004888326,7056
PV,B0,2025-12-14,0.02024709999386687,1
PV,B1,2025-12-14,0.020878600000287406,144
PV,B2,2025-12-14,0.02015660000324715,144
PV,B3,2025-12-14,0.020888000013655983,1008
PV,B4,2025-12-14,0.025962100000469945,7056
Load,B0,2025-12-15,0.020291399996494874,1
Load,B1,2025-12-15,0.022038099996279925,144
Load,B2,2025-12-15,0.02189070000895299,144
Load,B3,2025-12-15,0.02181449999625329,1008
Load,B4,2025-12-15,0.02711799999815412,7056
PV,B0,2025-12-15,0.020265399987692945,1
PV,B1,2025-12-15,0.022385400006896816,144
PV,B2,2025-12-15,0.021198300004471093,144
PV,B3,2025-12-15,0.020655400003306568,1008
PV,B4,2025-12-15,0.025700300000607967,7056
Load,B0,2025-12-16,0.021977600001264364,1
Load,B1,2025-12-16,0.020988700009183958,144
Load,B2,2025-12-16,0.020692500009317882,144
Load,B3,2025-12-16,0.0212312999938149,1008
Load,B4,2025-12-16,0.025960099999792874,7056
PV,B0,2025-12-16,0.02099590000580065,1
PV,B1,2025-12-16,0.02094770000257995,144
PV,B2,2025-12-16,0.023133700000471435,144
PV,B3,2025-12-16,0.021135999995749444,1008
PV,B4,2025-12-16,0.025606999988667667,7056
Load,B0,2025-12-17,0.023300800006836653,1
Load,B1,2025-12-17,0.022202099993592128,144
Load,B2,2025-12-17,0.02084610000019893,144
Load,B3,2025-12-17,0.02113120000285562,1008
Load,B4,2025-12-17,0.025866099997074343,7200
PV,B0,2025-12-17,0.021185600009630434,1
PV,B1,2025-12-17,0.02204189999611117,144
PV,B2,2025-12-17,0.021175399990170263,144
PV,B3,2025-12-17,0.022344400000292808,1008
PV,B4,2025-12-17,0.026388400001451373,7200
Load,B0,2025-12-18,0.023082999992766418,1
Load,B1,2025-12-18,0.022843700004159473,144
Load,B2,2025-12-18,0.022933699990971945,144
Load,B3,2025-12-18,0.02340320000075735,1008
Load,B4,2025-12-18,0.027329599994118325,7200
PV,B0,2025-12-18,0.021818399996845983,1
PV,B1,2025-12-18,0.02280419999442529,144
PV,B2,2025-12-18,0.023074799988535233,144
PV,B3,2025-12-18,0.026589999994030222,1008
PV,B4,2025-12-18,0.02802480000536889,7200
Load,B0,2025-12-19,0.022279299999354407,1
Load,B1,2025-12-19,0.022714099992299452,144
Load,B2,2025-12-19,0.02361699999892153,144
Load,B3,2025-12-19,0.024376300003496,1008
Load,B4,2025-12-19,0.02728910000587348,7200
PV,B0,2025-12-19,0.021987100000842474,1
PV,B1,2025-12-19,0.022807300003478304,144
PV,B2,2025-12-19,0.022734199999831617,144
PV,B3,2025-12-19,0.023129199995310046,1008
PV,B4,2025-12-19,0.028181000001495704,7200
Load,B0,2025-12-20,0.02239739999640733,1
Load,B1,2025-12-20,0.023247999997693114,144
Load,B2,2025-12-20,0.02463970000098925,144
Load,B3,2025-12-20,0.023206899990327656,1008
Load,B4,2025-12-20,0.02896070000133477,7200
PV,B0,2025-12-20,0.022186499991221353,1
PV,B1,2025-12-20,0.022875099995872006,144
PV,B2,2025-12-20,0.02333609999914188,144
PV,B3,2025-12-20,0.02367680000315886,1008
PV,B4,2025-12-20,0.027839200003654696,7200
Load,B0,2025-12-21,0.022865999999339692,1
Load,B1,2025-12-21,0.024931399995693937,144
Load,B2,2025-12-21,0.0249688000039896,144
Load,B3,2025-12-21,0.023655800003325567,1008
Load,B4,2025-12-21,0.030009499998413958,7200
PV,B0,2025-12-21,0.02286420000018552,1
PV,B1,2025-12-21,0.0227796999970451,144
PV,B2,2025-12-21,0.02262699999846518,144
PV,B3,2025-12-21,0.024060099996859208,1008
PV,B4,2025-12-21,0.02843370000482537,7200
Load,B0,2025-12-22,0.022523899999214336,1
Load,B1,2025-12-22,0.023787400001310743,144
Load,B2,2025-12-22,0.02453399999649264,144
Load,B3,2025-12-22,0.02610370000184048,1008
Load,B4,2025-12-22,0.02870029999758117,7200
PV,B0,2025-12-22,0.022775799996452406,1
PV,B1,2025-12-22,0.022763799992389977,144
PV,B2,2025-12-22,0.02273320000676904,144
PV,B3,2025-12-22,0.023114600000553764,1008
PV,B4,2025-12-22,0.030531900003552437,7200
Load,B0,2025-12-23,0.02257889999600593,1
Load,B1,2025-12-23,0.023242100010975264,144
Load,B2,2025-12-23,0.023470500003895722,144
Load,B3,2025-12-23,0.024221700005000457,1008
Load,B4,2025-12-23,0.031219299999065697,7200
PV,B0,2025-12-23,0.023206300000310875,1
PV,B1,2025-12-23,0.025299100001575425,144
PV,B2,2025-12-23,0.02384629999869503,144
PV,B3,2025-12-23,0.02554890001192689,1008
PV,B4,2025-12-23,0.027689499998814426,7200
Load,B0,2025-12-24,0.025417199998628348,1
Load,B1,2025-12-24,0.023970200010808185,144
Load,B2,2025-12-24,0.02297819999512285,144
Load,B3,2025-12-24,0.02366479999909643,1008
Load,B4,2025-12-24,0.027832000007038005,7344
PV,B0,2025-12-24,0.024034399990341626,1
PV,B1,2025-12-24,0.023097400000551715,144
PV,B2,2025-12-24,0.02337759999500122,144
PV,B3,2025-12-24,0.024478200008161366,1008
PV,B4,2025-12-24,0.027479399999720044,7344
Load,B0,2025-12-25,0.023488899998483248,1
Load,B1,2025-12-25,0.024590799992438406,144
Load,B2,2025-12-25,0.02450299999327399,144
Load,B3,2025-12-25,0.02524299999640789,1008
Load,B4,2025-12-25,0.027742000005673617,7344
PV,B0,2025-12-25,0.02279380000254605,1
PV,B1,2025-12-25,0.023661999992327765,144
PV,B2,2025-12-25,0.02344689999881666,144
PV,B3,2025-12-25,0.0244302999926731,1008
PV,B4,2025-12-25,0.028820599996834062,7344
Load,B0,2025-12-26,0.025160600009257905,1
Load,B1,2025-12-26,0.02455539999937173,144
Load,B2,2025-12-26,0.02509549999376759,144
Load,B3,2025-12-26,0.02379089999885764,1008
Load,B4,2025-12-26,0.028758800006471574,7344
PV,B0,2025-12-26,0.024120500005665235,1
PV,B1,2025-12-26,0.02312810000148602,144
PV,B2,2025-12-26,0.02310780000698287,144
PV,B3,2025-12-26,0.023843000002671033,1008
PV,B4,2025-12-26,0.027922199995373376,7344
Load,B0,2025-12-27,0.023313199999392964,1
Load,B1,2025-12-27,0.025171899993438274,144
Load,B2,2025-12-27,0.02413140000135172,144
Load,B3,2025-12-27,0.024294899994856678,1008
Load,B4,2025-12-27,0.03173349999997299,7344
PV,B0,2025-12-27,0.02384629999869503,1
PV,B1,2025-12-27,0.02406350000819657,144
PV,B2,2025-12-27,0.023329100004048087,144
PV,B3,2025-12-27,0.023803300005965866,1008
PV,B4,2025-12-27,0.028786299997591414,7344
Load,B0,2025-12-28,0.022609499996178783,1
Load,B1,2025-12-28,0.02313000000140164,144
Load,B2,2025-12-28,0.023602500004926696,144
Load,B3,2025-12-28,0.025437000003876165,1008
Load,B4,2025-12-28,0.030152100007398985,7344
PV,B0,2025-12-28,0.02428729999519419,1
PV,B1,2025-12-28,0.023655100012547337,144
PV,B2,2025-12-28,0.025046800001291558,144
PV,B3,2025-12-28,0.02332839999871794,1008
PV,B4,2025-12-28,0.027878900000359863,7344
Load,B0,2025-12-29,0.023400799997034483,1
Load,B1,2025-12-29,0.02444649999961257,144
Load,B2,2025-12-29,0.024289300010423176,144
Load,B3,2025-12-29,0.02468129999761004,1008
Load,B4,2025-12-29,0.02929879998555407,7344
PV,B0,2025-12-29,0.023861499998020008,1
PV,B1,2025-12-29,0.022884500009240583,144
PV,B2,2025-12-29,0.02331360000243876,144
PV,B3,2025-12-29,0.024345000012544915,1008
PV,B4,2025-12-29,0.02778319999924861,7344
Load,B0,2025-12-30,0.025651700008893386,1
Load,B1,2025-12-30,0.023854200000641868,144
Load,B2,2025-12-30,0.0239278000080958,144
Load,B3,2025-12-30,0.02537990000564605,1008
Load,B4,2025-12-30,0.030975600006058812,7344
PV,B0,2025-12-30,0.0231569000025047,1
PV,B1,2025-12-30,0.024056499998550862,144
PV,B2,2025-12-30,0.025412800008780323,144
PV,B3,2025-12-30,0.02550600000540726,1008
PV,B4,2025-12-30,0.028829200004111044,7344
Load,B0,2025-12-31,0.022836999996798113,1
Load,B1,2025-12-31,0.023087699999450706,144
Load,B2,2025-12-31,0.02420719999645371,144
Load,B3,2025-12-31,0.025060299987671897,1008
Load,B4,2025-12-31,0.028326799991191365,7488
PV,B0,2025-12-31,0.022401199996238574,1
PV,B1,2025-12-31,0.02626800000143703,144
PV,B2,2025-12-31,0.026143299997784197,144
PV,B3,2025-12-31,0.024531900009606034,1008
PV,B4,2025-12-31,0.028794600002584048,7488
