series,model,horizon_step,n,mae_kw,mean_abs_actual_kw,daylight_n,daylight_mae_kw,rmse_kw,nmae,all_day_mae_kw,nmae_defined
Load,B0,1,334,120.231942515,3449.16017665,0,,153.931075566,0.0348583238694,,True
Load,B0,2,334,159.936918263,3444.09948533,0,,207.609489106,0.0464379495844,,True
Load,B0,3,334,153.793712575,3447.99326347,0,,199.743413312,0.044603832091,,True
Load,B0,4,334,141.645407485,3459.90922066,0,,180.281148267,0.0409390531518,,True
Load,B0,5,334,155.789108683,3463.78178772,0,,193.710471756,0.0449765944364,,True
Load,B0,6,334,167.725299401,3458.99179641,0,,211.676939084,0.0484896493757,,True
Load,B0,7,334,166.626522754,3459.08269401,0,,212.159133366,0.0481707254478,,True
Load,B0,8,334,175.334927246,3458.26008772,0,,221.515119485,0.0507003298763,,True
Load,B0,9,334,190.921287425,3460.12413174,0,,240.03707952,0.0551775832763,,True
Load,B0,10,334,187.587632335,3475.34069281,0,,234.918393961,0.0539767605297,,True
Load,B0,11,334,194.38146497,3485.9928991,0,,244.669235474,0.0557607174186,,True
Load,B0,12,334,216.293443114,3487.61311377,0,,266.574339942,0.0620176137828,,True
Load,B0,13,334,211.979457485,3492.63351018,0,,262.589137482,0.0606933011629,,True
Load,B0,14,334,222.240047006,3498.20960569,0,,270.140573288,0.0635296543251,,True
Load,B0,15,334,237.198532934,3500.60299401,0,,288.768134502,0.0677593355602,,True
Load,B0,16,334,244.062134731,3499.66061317,0,,298.551135475,0.0697388009031,,True
Load,B0,17,334,256.534528144,3497.06081257,0,,309.03749267,0.073357182472,,True
Load,B0,18,334,262.560479042,3497.25799401,0,,324.029262109,0.0750760966138,,True
Load,B0,19,334,260.153857784,3504.38746198,0,,315.987326673,0.0742366135615,,True
Load,B0,20,334,267.006329641,3512.12491228,0,,327.539421817,0.0760241552649,,True
Load,B0,21,334,288.333203593,3516.69251497,0,,351.236438902,0.0819898817896,,True
Load,B0,22,334,296.350073054,3519.74112994,0,,361.085445027,0.0841965536991,,True
Load,B0,23,334,307.127763174,3523.71643563,0,,366.830385147,0.0871601812417,,True
Load,B0,24,334,326.103113772,3527.31517964,0,,387.608785138,0.09245080101,,True
Load,B0,25,334,324.073730838,3526.90938054,0,,390.791216763,0.0918860384184,,True
Load,B0,26,334,321.256271557,3525.31190569,0,,390.892887643,0.0911284675374,,True
Load,B0,27,334,330.762125749,3531.02047904,0,,396.821852102,0.093673239142,,True
Load,B0,28,334,345.401805389,3548.67437006,0,,408.083080795,0.0973326288553,,True
Load,B0,29,334,357.898175749,3552.5327482,0,,421.338185824,0.100744511343,,True
Load,B0,30,334,364.263323353,3536.09215569,0,,432.562390659,0.103012961008,,True
Load,B0,31,334,369.168842216,3523.64814042,0,,440.055950078,0.104768929105,,True
Load,B0,32,334,373.180377545,3550.15700988,0,,442.565488609,0.105116584001,,True
Load,B0,33,334,369.435988024,3538.5447006,0,,438.994411522,0.104403368979,,True
Load,B0,34,334,362.222957784,3445.69849431,0,,444.515789019,0.105123230713,,True
Load,B0,35,334,494.359103293,3784.61948114,0,,578.11057751,0.130623198913,,True
Load,B0,36,334,989.325419162,4359.2808982,0,,1137.75456755,0.226946930529,,True
Load,B0,37,334,1049.62306108,4413.70009461,0,,1203.17648788,0.237810235988,,True
Load,B0,38,334,963.10018982,4330.21665329,0,,1112.76016875,0.222413857535,,True
Load,B0,39,334,978.467005988,4350.3798503,0,,1137.82063613,0.224915303872,,True
Load,B0,40,334,978.893067365,4339.86303683,0,,1137.65894788,0.225558516262,,True
Load,B0,41,334,997.576731138,4391.86301856,0,,1138.74859228,0.227142041298,,True
Load,B0,42,334,1046.42646707,4484.03997006,0,,1171.66699803,0.23336689103,,True
Load,B0,43,334,1044.55692305,4481.80608892,0,,1167.69933174,0.233066068083,,True
Load,B0,44,334,1065.5133024,4499.83665749,0,,1195.37770551,0.236789328924,,True
Load,B0,45,334,1045.09931138,4477.67688623,0,,1171.47949764,0.233402127472,,True
Load,B0,46,334,913.684991317,4341.91077994,0,,1036.9421243,0.21043384759,,True
Load,B0,47,334,1436.18993353,4868.00004731,0,,1592.4103942,0.295026688491,,True
Load,B0,48,334,2314.50787425,5752.92802395,0,,2592.49329596,0.402318239445,,True
Load,B0,49,334,2404.64574431,5840.44940359,0,,2696.52197844,0.411722725109,,True
Load,B0,50,334,2272.95509042,5706.23317006,0,,2544.76927716,0.398328463398,,True
Load,B0,51,334,2297.59616766,5725.10296407,0,,2575.3185617,0.401319623784,,True
Load,B0,52,334,2285.25478263,5706.07145868,0,,2566.7090612,0.40049529684,,True
Load,B0,53,334,2329.45907365,5776.49677365,0,,2569.6988956,0.403265017697,,True
Load,B0,54,334,2456.91592814,5910.29655689,0,,2623.18392323,0.415700955865,,True
Load,B0,55,334,2461.29977006,5914.6803988,0,,2623.36194493,0.416134026542,,True
Load,B0,56,334,2432.30650898,5885.68713772,0,,2603.8023845,0.413257866425,,True
Load,B0,57,334,2428.64209581,5882.02272455,0,,2594.01099646,0.412892334753,,True
Load,B0,58,334,2411.88687006,5865.2674988,0,,2577.82176844,0.411215152685,,True
Load,B0,59,334,2402.52390359,5855.90453234,0,,2570.4748187,0.410273748543,,True
Load,B0,60,334,2407.15556886,5860.5361976,0,,2574.1188843,0.410739817603,,True
Load,B0,61,334,2406.32988563,5859.71051437,0,,2574.1071656,0.410656785813,,True
Load,B0,62,334,2395.9253982,5849.30602695,0,,2562.24277234,0.409608488112,,True
Load,B0,63,334,2380.34077844,5833.71685629,0,,2542.95593973,0.408031592393,,True
Load,B0,64,334,2366.74334731,5820.12397605,0,,2527.56174082,0.406648270216,,True
Load,B0,65,334,2356.16943293,5809.55006168,0,,2518.34549452,0.405568315604,,True
Load,B0,66,334,2350.65422156,5804.0348503,0,,2513.88229836,0.405003464346,,True
Load,B0,67,334,2349.8046976,5803.18532635,0,,2510.4871307,0.404916363249,,True
Load,B0,68,334,2335.04246886,5788.4230976,0,,2495.4666219,0.403398720081,,True
Load,B0,69,334,2327.88502994,5781.26565868,0,,2492.20077925,0.402660103751,,True
Load,B0,70,334,2346.12583473,5799.50646347,0,,2510.27804084,0.40453887749,,True
Load,B0,71,334,2226.06497814,5679.44560689,0,,2372.83863754,0.391951104426,,True
Load,B0,72,334,2033.09916168,5486.47979042,0,,2156.95174371,0.370565324095,,True
Load,B0,73,334,2012.41287964,5465.79350838,0,,2130.26052412,0.368183114959,,True
Load,B0,74,334,2034.33634132,5487.71697006,0,,2157.37467117,0.370707227143,,True
Load,B0,75,334,2005.27700599,5458.65763473,0,,2130.64367315,0.367357167306,,True
Load,B0,76,334,1982.79399731,5436.17462605,0,,2095.90475319,0.36474067404,,True
Load,B0,77,334,2088.61857305,5541.9992018,0,,2213.35218113,0.376870962446,,True
Load,B0,78,334,2250.10592814,5703.48655689,0,,2405.68783038,0.394514110922,,True
Load,B0,79,334,2264.79303563,5718.17366437,0,,2422.26356419,0.396069299144,,True
Load,B0,80,334,2241.43273623,5694.81336497,0,,2389.3603608,0.393591956852,,True
Load,B0,81,334,2247.1704491,5700.55107784,0,,2392.21581058,0.394202318059,,True
Load,B0,82,334,2240.08091347,5693.46154222,0,,2387.39300246,0.393447974815,,True
Load,B0,83,334,2228.30663772,5681.68726647,0,,2377.2479328,0.392191004752,,True
Load,B0,84,334,2222.92188623,5676.30251497,0,,2369.6032265,0.391614414553,,True
Load,B0,85,334,2222.25778263,5675.63841138,0,,2367.46045521,0.391543227662,,True
Load,B0,86,334,2217.76837545,5671.14900419,0,,2363.33236286,0.391061559802,,True
Load,B0,87,334,2208.51706587,5661.89769461,0,,2354.25368435,0.390066579262,,True
Load,B0,88,334,2203.7804997,5657.16112844,0,,2345.69020339,0.38955590086,,True
Load,B0,89,334,2215.64744461,5669.02807335,0,,2355.45837009,0.390833740095,,True
Load,B0,90,334,2229.35973054,5682.74035928,0,,2370.35531128,0.392303640425,,True
Load,B0,91,334,2216.8971494,5670.27777814,0,,2357.87888314,0.390967997714,,True
Load,B0,92,334,2205.70267275,5659.0833015,0,,2348.08603887,0.389763245254,,True
Load,B0,93,334,2208.18170659,5661.56233533,0,,2353.75000733,0.390030450218,,True
Load,B0,94,334,2211.68026257,5665.06089132,0,,2354.97387957,0.390407147426,,True
Load,B0,95,334,2219.66014341,5673.04077216,0,,2360.79923904,0.391264620256,,True
Load,B0,96,334,2229.31784431,5682.69847305,0,,2370.80459408,0.392299161196,,True
Load,B0,97,334,2229.7613497,5683.14197844,0,,2372.44399672,0.39234658542,,True
Load,B0,98,334,2221.09182934,5674.47245808,0,,2367.71846559,0.391418205965,,True
Load,B0,99,334,2226.44317365,5679.8238024,0,,2369.84308919,0.391991591837,,True
Load,B0,100,334,2252.43996138,5705.82059012,0,,2380.64296651,0.394761792069,,True
Load,B0,101,334,2168.74543084,5622.12605958,0,,2346.88256339,0.385751832644,,True
Load,B0,102,334,2036.1994012,5485.68583832,0,,2319.44570289,0.371184107368,,True
Load,B0,103,334,2041.36896168,5488.35072156,0,,2335.64769181,0.371945793052,,True
Load,B0,104,334,2035.85797305,5486.24672754,0,,2309.09672525,0.371083925707,,True
Load,B0,105,334,2065.39781437,5513.75520958,0,,2346.82856657,0.374590045416,,True
Load,B0,106,334,2195.56642425,5645.6185512,0,,2502.43112731,0.388897408555,,True
Load,B0,107,334,1665.79513623,5116.07608234,0,,1878.08774665,0.325600149298,,True
Load,B0,108,334,783.518323353,4232.75482036,0,,857.453006274,0.18510836479,,True
Load,B0,109,334,697.101956587,4149.09456138,0,,761.046648213,0.168013031825,,True
Load,B0,110,334,832.238638024,4284.4414488,0,,912.274109018,0.194246705894,,True
Load,B0,111,334,805.048383234,4255.23452096,0,,885.650411234,0.189190132593,,True
Load,B0,112,334,814.045816467,4263.40367575,0,,896.752380223,0.190938010655,,True
Load,B0,113,334,826.772317665,4276.98008114,0,,907.034302082,0.193307497809,,True
Load,B0,114,334,818.326137725,4270.07784431,0,,894.660822623,0.191641971777,,True
Load,B0,115,334,824.220927246,4276.60332725,0,,906.887851373,0.192727934806,,True
Load,B0,116,334,830.812947605,4283.96602006,0,,914.065413007,0.193935466275,,True
Load,B0,117,334,834.896556886,4287.76365269,0,,910.142462004,0.194716086173,,True
Load,B0,118,334,846.540986527,4297.98353323,0,,918.816564259,0.196962361531,,True
Load,B0,119,334,850.339755988,4300.81673743,0,,926.958455016,0.197715877682,,True
Load,B0,120,334,850.132754491,4300.03979042,0,,929.682960685,0.197703462276,,True
Load,B0,121,334,860.700626347,4313.7325988,0,,935.93937339,0.19952572549,,True
Load,B0,122,334,870.205232934,4323.13168922,0,,939.601088102,0.201290475399,,True
Load,B0,123,334,869.067305389,4322.44793413,0,,941.070199938,0.201059056959,,True
Load,B0,124,334,871.737937425,4323.86058353,0,,942.47174076,0.201611018807,,True
Load,B0,125,334,870.895268563,4322.44967335,0,,944.40186266,0.201481875875,,True
Load,B0,126,334,874.50497006,4327.25625749,0,,952.880107197,0.20209225385,,True
Load,B0,127,334,895.324698802,4348.23560958,0,,969.29900892,0.205905286464,,True
Load,B0,128,334,878.009534132,4331.39016287,0,,949.226578711,0.202708484139,,True
Load,B0,129,334,896.931556886,4350.31218563,0,,966.293317005,0.206176365882,,True
Load,B0,130,334,1000.15367964,4452.8799988,0,,1068.4831982,0.22460827148,,True
Load,B0,131,334,603.25975479,4052.24812126,0,,662.186993637,0.148870389161,,True
Load,B0,132,334,175.972035928,3385.39967066,0,,215.081299469,0.0519796931078,,True
Load,B0,133,334,200.603314371,3332.89587545,0,,240.646380158,0.0601888933432,,True
Load,B0,134,334,168.208479341,3435.82172725,0,,210.10441889,0.0489572779657,,True
Load,B0,135,334,180.017065868,3403.03577844,0,,219.792105159,0.0528989636279,,True
Load,B0,136,334,168.889558084,3406.86518383,0,,208.175943027,0.0495733024263,,True
Load,B0,137,334,164.78370479,3422.00430778,0,,207.99091999,0.0481541488465,,True
Load,B0,138,334,172.48497006,3420.87434132,0,,217.401024181,0.0504213112936,,True
Load,B0,139,334,155.173519162,3423.52977126,0,,193.459074105,0.0453255936211,,True
Load,B0,140,334,150.392765269,3429.54660299,0,,187.857363108,0.0438520838697,,True
Load,B0,141,334,155.099341317,3435.0258982,0,,194.435112633,0.0451523062456,,True
Load,B0,142,334,151.982957485,3439.78204132,0,,192.57518943,0.0441838917872,,True
Load,B0,143,334,199.050715868,3449.06375958,0,,256.698713113,0.0577115210803,,True
Load,B0,144,334,395.316886228,3457.61482036,0,,561.042202963,0.11433225121,,True
Load,B1,1,334,406.101570359,3449.16017665,0,,587.989025701,0.117739261026,,True
Load,B1,2,334,364.665763772,3444.09948533,0,,529.330312848,0.105881309563,,True
Load,B1,3,334,380.658652695,3447.99326347,0,,544.09888164,0.110400056963,,True
Load,B1,4,334,367.229394311,3459.90922066,0,,540.021621137,0.106138447829,,True
Load,B1,5,334,375.692537425,3463.78178772,0,,548.052088451,0.108463107796,,True
Load,B1,6,334,398.769700599,3458.99179641,0,,561.088209451,0.115284951243,,True
Load,B1,7,334,391.67485988,3459.08269401,0,,553.696524691,0.113230846015,,True
Load,B1,8,334,374.938802695,3458.26008772,0,,537.20902851,0.108418335574,,True
Load,B1,9,334,372.986886228,3460.12413174,0,,532.021340853,0.107795810794,,True
Load,B1,10,334,360.026757186,3475.34069281,0,,531.322056659,0.103594665677,,True
Load,B1,11,334,373.963938922,3485.9928991,0,,543.975932267,0.107276161985,,True
Load,B1,12,334,384.32502994,3487.61311377,0,,548.529342143,0.11019715129,,True
Load,B1,13,334,381.795249401,3492.63351018,0,,541.918874142,0.109314432301,,True
Load,B1,14,334,370.227219461,3498.20960569,0,,538.243476922,0.105833343679,,True
Load,B1,15,334,372.029161677,3500.60299401,0,,545.230700045,0.106275736584,,True
Load,B1,16,334,380.251513174,3499.66061317,0,,550.02963202,0.108653825386,,True
Load,B1,17,334,376.658684731,3497.06081257,0,,546.198755379,0.107707216122,,True
Load,B1,18,334,381.539550898,3497.25799401,0,,544.910642234,0.10909676997,,True
Load,B1,19,334,370.900554192,3504.38746198,0,,534.534656891,0.105838911426,,True
Load,B1,20,334,369.173755988,3512.12491228,0,,532.398395228,0.105114073448,,True
Load,B1,21,334,378.298652695,3516.69251497,0,,544.528282137,0.107572285915,,True
Load,B1,22,334,394.203160778,3519.74112994,0,,562.791329233,0.111997770923,,True
Load,B1,23,334,374.62735,3523.71643563,0,,547.265638067,0.106315975432,,True
Load,B1,24,334,375.114371257,3527.31517964,0,,533.72910173,0.106345577912,,True
Load,B1,25,334,375.725426048,3526.90938054,0,,536.586243052,0.106531068851,,True
Load,B1,26,334,386.276138024,3525.31190569,0,,545.767132909,0.109572187755,,True
Load,B1,27,334,385.851676647,3531.02047904,0,,543.771339047,0.109274833986,,True
Load,B1,28,334,360.475388922,3548.67437006,0,,529.718292381,0.101580294874,,True
Load,B1,29,334,359.847503293,3552.5327482,0,,529.382199147,0.101293226213,,True
Load,B1,30,334,378.783233533,3536.09215569,0,,545.732089868,0.107119163431,,True
Load,B1,31,334,375.890226347,3523.64814042,0,,557.641273354,0.106676436286,,True
Load,B1,32,334,369.893523653,3550.15700988,0,,553.76556408,0.104190750613,,True
Load,B1,33,334,355.929011976,3538.5447006,0,,516.478335073,0.100586269806,,True
Load,B1,34,334,319.988097605,3445.69849431,0,,458.241715507,0.0928659597272,,True
Load,B1,35,334,470.098649401,3784.61948114,0,,713.048409959,0.124212923319,,True
Load,B1,36,334,708.856976048,4359.2808982,0,,1135.9033806,0.162608694553,,True
Load,B1,37,334,709.964942814,4413.70009461,0,,1184.48262731,0.16085482194,,True
Load,B1,38,334,675.233765269,4330.21665329,0,,1111.75652375,0.15593533057,,True
Load,B1,39,334,700.704520958,4350.3798503,0,,1125.26069087,0.161067434355,,True
Load,B1,40,334,707.673797605,4339.86303683,0,,1152.09166849,0.163063624727,,True
Load,B1,41,334,657.184054192,4391.86301856,0,,1053.91427587,0.149636737625,,True
Load,B1,42,334,562.173502994,4484.03997006,0,,880.793653443,0.125372098988,,True
Load,B1,43,334,540.865607186,4481.80608892,0,,845.08498785,0.120680278543,,True
Load,B1,44,334,564.957522455,4499.83665749,0,,888.151528019,0.125550673382,,True
Load,B1,45,334,573.466976048,4477.67688623,0,,875.736482259,0.128072433679,,True
Load,B1,46,334,507.88637994,4341.91077994,0,,781.837207466,0.11697301158,,True
Load,B1,47,334,715.304199102,4868.00004731,0,,1171.15322801,0.146940055906,,True
Load,B1,48,334,1073.33443114,5752.92802395,0,,1824.58386204,0.186571851181,,True
Load,B1,49,334,1106.00138862,5840.44940359,0,,1895.59705546,0.189369226954,,True
Load,B1,50,334,1058.1759021,5706.23317006,0,,1794.81775416,0.185442107001,,True
Load,B1,51,334,1084.55511976,5725.10296407,0,,1825.92345116,0.189438535266,,True
Load,B1,52,334,1083.34440958,5706.07145868,0,,1851.52157527,0.189858191827,,True
Load,B1,53,334,997.774752695,5776.49677365,0,,1693.85232977,0.172730080495,,True
Load,B1,54,334,875.597844311,5910.29655689,0,,1460.08038539,0.148147869719,,True
Load,B1,55,334,858.379776048,5914.6803988,0,,1433.01178619,0.145126992191,,True
Load,B1,56,334,875.997410778,5885.68713772,0,,1460.07104145,0.148835198046,,True
Load,B1,57,334,880.812335329,5882.02272455,0,,1445.48911345,0.149746503299,,True
Load,B1,58,334,862.250730838,5865.2674988,0,,1440.60434298,0.147009617381,,True
Load,B1,59,334,864.10426018,5855.90453234,0,,1448.19662152,0.147561193221,,True
Load,B1,60,334,875.683982036,5860.5361976,0,,1455.97674596,0.149420454462,,True
Load,B1,61,334,863.055016467,5859.71051437,0,,1458.95495841,0.147286289033,,True
Load,B1,62,334,864.827987126,5849.30602695,0,,1450.02708317,0.147851383248,,True
Load,B1,63,334,866.579760479,5833.71685629,0,,1436.64459482,0.148546763895,,True
Load,B1,64,334,857.751742814,5820.12397605,0,,1435.86027547,0.147376885156,,True
Load,B1,65,334,866.564809281,5809.55006168,0,,1453.89416221,0.149162121004,,True
Load,B1,66,334,885.612634731,5804.0348503,0,,1467.2234308,0.15258568523,,True
Load,B1,67,334,865.956941317,5803.18532635,0,,1450.3316464,0.149220969626,,True
Load,B1,68,334,872.917031737,5788.4230976,0,,1444.63084826,0.150803943841,,True
Load,B1,69,334,894.120299401,5781.26565868,0,,1463.98002211,0.154658227487,,True
Load,B1,70,334,884.423070958,5799.50646347,0,,1476.8369716,0.152499712955,,True
Load,B1,71,334,834.093293713,5679.44560689,0,,1392.45178704,0.146861745221,,True
Load,B1,72,334,774.94511976,5486.47979042,0,,1260.7625753,0.141246327219,,True
Load,B1,73,334,750.848008683,5465.79350838,0,,1230.20008921,0.137372187136,,True
Load,B1,74,334,759.764480838,5487.71697006,0,,1255.79951584,0.138448189836,,True
Load,B1,75,334,776.563832335,5458.65763473,0,,1263.70083587,0.142262784058,,True
Load,B1,76,334,743.116673952,5436.17462605,0,,1223.96746102,0.136698455269,,True
Load,B1,77,334,791.302423952,5541.9992018,0,,1302.78050539,0.142782846973,,True
Load,B1,78,334,882.268502994,5703.48655689,0,,1459.52068866,0.154689328044,,True
Load,B1,79,334,887.475605389,5718.17366437,0,,1484.80876196,0.155202632428,,True
Load,B1,80,334,876.728152096,5694.81336497,0,,1452.98044643,0.15395204301,,True
Load,B1,81,334,870.821886228,5700.55107784,0,,1438.35376263,0.152761000531,,True
Load,B1,82,334,870.203428443,5693.46154222,0,,1445.60594021,0.152842593559,,True
Load,B1,83,334,877.168155689,5681.68726647,0,,1454.52849593,0.154385152605,,True
Load,B1,84,334,874.716916168,5676.30251497,0,,1455.28218514,0.154099770733,,True
Load,B1,85,334,877.178427246,5675.63841138,0,,1463.36119209,0.154551499526,,True
Load,B1,86,334,879.88847485,5671.14900419,0,,1465.37579687,0.15515171162,,True
Load,B1,87,334,892.716916168,5661.89769461,0,,1459.51051367,0.157670972582,,True
Load,B1,88,334,873.216980539,5657.16112844,0,,1447.17068952,0.154356038429,,True
Load,B1,89,334,874.22004491,5669.02807335,0,,1445.04973817,0.154209863419,,True
Load,B1,90,334,876.650419162,5682.74035928,0,,1447.71257855,0.154265435993,,True
Load,B1,91,334,868.791671856,5670.27777814,0,,1442.19618988,0.153218538112,,True
Load,B1,92,334,871.500584132,5659.0833015,0,,1447.48167027,0.154000310245,,True
Load,B1,93,334,895.231946108,5661.56233533,0,,1464.03430278,0.158124541087,,True
Load,B1,94,334,885.743152096,5665.06089132,0,,1456.35292957,0.156351920851,,True
Load,B1,95,334,874.692936826,5673.04077216,0,,1456.31900857,0.154184144263,,True
Load,B1,96,334,896.500209581,5682.69847305,0,,1471.91400992,0.157759594994,,True
Load,B1,97,334,893.239466766,5683.14197844,0,,1472.70424869,0.157173526573,,True
Load,B1,98,334,884.30187485,5674.47245808,0,,1470.78281772,0.155838605506,,True
Load,B1,99,334,885.665568862,5679.8238024,0,,1451.19376175,0.155931873888,,True
Load,B1,100,334,850.412047305,5705.82059012,0,,1410.70780271,0.149042899943,,True
Load,B1,101,334,939.746769461,5622.12605958,0,,1573.2971317,0.167151493848,,True
Load,B1,102,334,1085.02784431,5485.68583832,0,,1839.47416516,0.197792559817,,True
Load,B1,103,334,1105.13900689,5488.35072156,0,,1869.23484579,0.201360857378,,True
Load,B1,104,334,1067.51617904,5486.24672754,0,,1805.54538991,0.194580417553,,True
Load,B1,105,334,1089.67853293,5513.75520958,0,,1840.7558965,0.197629109657,,True
Load,B1,106,334,1135.98281317,5645.6185512,0,,1938.90485708,0.20121494268,,True
Load,B1,107,334,915.939111377,5116.07608234,0,,1538.17135278,0.179031565723,,True
Load,B1,108,334,574.50502994,4232.75482036,0,,882.28710942,0.135728397775,,True
Load,B1,109,334,524.74105988,4149.09456138,0,,808.51283399,0.126471222123,,True
Load,B1,110,334,585.962353293,4284.4414488,0,,908.600052345,0.136765167711,,True
Load,B1,111,334,585.864161677,4255.23452096,0,,899.405876161,0.137680816132,,True
Load,B1,112,334,583.412216168,4263.40367575,0,,909.500368569,0.136841889846,,True
Load,B1,113,334,582.798569162,4276.98008114,0,,899.64892863,0.136264036331,,True
Load,B1,114,334,575.01491018,4270.07784431,0,,878.277168551,0.134661458443,,True
Load,B1,115,334,576.320383533,4276.60332725,0,,903.586147348,0.13476124378,,True
Load,B1,116,334,574.032965269,4283.96602006,0,,908.34791446,0.133995685909,,True
Load,B1,117,334,576.23005988,4287.76365269,0,,878.316982002,0.134389417551,,True
Load,B1,118,334,571.337598204,4297.98353323,0,,875.785739702,0.13293154657,,True
Load,B1,119,334,573.113757784,4300.81673743,0,,891.078154371,0.133256958567,,True
Load,B1,120,334,587.751257485,4300.03979042,0,,901.484280544,0.136685074123,,True
Load,B1,121,334,561.36934012,4313.7325988,0,,876.999630352,0.130135405304,,True
Load,B1,122,334,550.86267485,4323.13168922,0,,864.081928085,0.127422136185,,True
Load,B1,123,334,571.357664671,4322.44793413,0,,874.653826377,0.132183816527,,True
Load,B1,124,334,559.821572754,4323.86058353,0,,873.906143366,0.129472623351,,True
Load,B1,125,334,558.25127485,4322.44967335,0,,881.663408129,0.12915159621,,True
Load,B1,126,334,576.982964072,4327.25625749,0,,890.262526127,0.133336906746,,True
Load,B1,127,334,561.928205389,4348.23560958,0,,873.712282084,0.129231314916,,True
Load,B1,128,334,560.113008383,4331.39016287,0,,862.35382293,0.129314835958,,True
Load,B1,129,334,569.34251497,4350.31218563,0,,879.002076998,0.130873944369,,True
Load,B1,130,334,573.249523353,4452.8799988,0,,908.745983418,0.128736800342,,True
Load,B1,131,334,498.808582036,4052.24812126,0,,767.930415367,0.123094284237,,True
Load,B1,132,334,389.404311377,3385.39967066,0,,555.714394542,0.11502462021,,True
Load,B1,133,334,375.326671257,3332.89587545,0,,538.069471165,0.112612780382,,True
Load,B1,134,334,385.159638623,3435.82172725,0,,559.54862741,0.112101170899,,True
Load,B1,135,334,388.373802395,3403.03577844,0,,544.094084103,0.11412568885,,True
Load,B1,136,334,368.848786527,3406.86518383,0,,529.761344162,0.108266328905,,True
Load,B1,137,334,373.546004192,3422.00430778,0,,528.991401243,0.109160004078,,True
Load,B1,138,334,377.912335329,3420.87434132,0,,533.035920317,0.110472439974,,True
Load,B1,139,334,384.96915509,3423.52977126,0,,547.131780308,0.112448023184,,True
Load,B1,140,334,382.844687126,3429.54660299,0,,543.908050368,0.11163128292,,True
Load,B1,141,334,380.399520958,3435.0258982,0,,545.822862608,0.110741383684,,True
Load,B1,142,334,406.926027844,3439.78204132,0,,594.163487911,0.118299945449,,True
Load,B1,143,334,334.986912575,3449.06375958,0,,435.712318325,0.097124012754,,True
Load,B1,144,334,395.316886228,3457.61482036,0,,561.042202963,0.11433225121,,True
Load,B2,1,334,175.747127844,3449.16017665,0,,247.148358899,0.0509535999616,,True
Load,B2,2,334,171.239744012,3444.09948533,0,,246.909302032,0.0497197437941,,True
Load,B2,3,334,196.980988024,3447.99326347,0,,264.829608913,0.0571291684676,,True
Load,B2,4,334,162.97713024,3459.90922066,0,,232.560955982,0.0471044527025,,True
Load,B2,5,334,174.881495808,3463.78178772,0,,244.547617483,0.0504886007624,,True
Load,B2,6,334,200.680988024,3458.99179641,0,,274.216198349,0.058017191088,,True
Load,B2,7,334,190.874227545,3459.08269401,0,,272.203129343,0.0551805910496,,True
Load,B2,8,334,183.305449102,3458.26008772,0,,251.803951195,0.0530051079016,,True
Load,B2,9,334,182.819730539,3460.12413174,0,,249.883837406,0.0528361768476,,True
Load,B2,10,334,169.879523952,3475.34069281,0,,239.971617985,0.0488814015568,,True
Load,B2,11,334,170.323768263,3485.9928991,0,,236.364757844,0.0488594708002,,True
Load,B2,12,334,184.808263473,3487.61311377,0,,250.040047792,0.0529898980891,,True
Load,B2,13,334,184.077492814,3492.63351018,0,,256.420164534,0.0527044971303,,True
Load,B2,14,334,178.505300898,3498.20960569,0,,255.8934248,0.0510276172725,,True
Load,B2,15,334,163.294790419,3500.60299401,0,,230.257995071,0.0466476177671,,True
Load,B2,16,334,158.514156587,3499.66061317,0,,217.265790729,0.0452941510929,,True
Load,B2,17,334,164.170585629,3497.06081257,0,,225.086315431,0.0469453047652,,True
Load,B2,18,334,188.823742515,3497.25799401,0,,247.291885698,0.0539919396391,,True
Load,B2,19,334,172.486310778,3504.38746198,0,,230.081448122,0.0492201026998,,True
Load,B2,20,334,165.315268263,3512.12491228,0,,221.293682504,0.047069871486,,True
Load,B2,21,334,165.40997006,3516.69251497,0,,218.457763528,0.0470356647207,,True
Load,B2,22,334,164.614898802,3519.74112994,0,,225.269674749,0.0467690357686,,True
Load,B2,23,334,155.323233832,3523.71643563,0,,216.882737642,0.0440793794477,,True
Load,B2,24,334,175.191107784,3527.31517964,0,,238.548608287,0.0496669843386,,True
Load,B2,25,334,163.977228743,3526.90938054,0,,225.273177337,0.0464931788855,,True
Load,B2,26,334,163.438085928,3525.31190569,0,,221.233933218,0.0463613122188,,True
Load,B2,27,334,179.450508982,3531.02047904,0,,235.396601799,0.050821146478,,True
Load,B2,28,334,159.796658982,3548.67437006,0,,215.562921075,0.045029958322,,True
Load,B2,29,334,155.764999401,3552.5327482,0,,206.616302065,0.0438461825524,,True
Load,B2,30,334,175.990778443,3536.09215569,0,,235.29693418,0.0497698506415,,True
Load,B2,31,334,173.968238623,3523.64814042,0,,228.670565875,0.0493716261358,,True
Load,B2,32,334,159.633252096,3550.15700988,0,,212.547931076,0.0449651245428,,True
Load,B2,33,334,158.720898204,3538.5447006,0,,209.232069902,0.0448548518199,,True
Load,B2,34,334,159.544292515,3445.69849431,0,,204.721280438,0.0463024529797,,True
Load,B2,35,334,151.050997904,3784.61948114,0,,207.816819647,0.0399118058386,,True
Load,B2,36,334,182.841317365,4359.2808982,0,,236.537497087,0.0419429996908,,True
Load,B2,37,334,151.890490719,4413.70009461,0,,195.611435089,0.0344134144737,,True
Load,B2,38,334,148.852263473,4330.21665329,0,,191.601494545,0.0343752461808,,True
Load,B2,39,334,163.21257485,4350.3798503,0,,218.320032125,0.037516856106,,True
Load,B2,40,334,161.375113174,4339.86303683,0,,211.927827768,0.0371843792775,,True
Load,B2,41,334,159.697099102,4391.86301856,0,,213.253405869,0.0363620400788,,True
Load,B2,42,334,162.80502994,4484.03997006,0,,214.25991094,0.036307666976,,True
Load,B2,43,334,147.329865868,4481.80608892,0,,198.55252901,0.0328728782426,,True
Load,B2,44,334,159.468901497,4499.83665749,0,,214.048188278,0.0354388200362,,True
Load,B2,45,334,174.482095808,4477.67688623,0,,231.418968218,0.038967102862,,True
Load,B2,46,334,164.933681138,4341.91077994,0,,217.279967872,0.03798642798,,True
Load,B2,47,334,157.900342515,4868.00004731,0,,205.951626754,0.0324363888621,,True
Load,B2,48,334,177.555568862,5752.92802395,0,,230.797462881,0.0308635130012,,True
Load,B2,49,334,159.251426946,5840.44940359,0,,211.5155049,0.0272669816895,,True
Load,B2,50,334,162.520147006,5706.23317006,0,,221.560036923,0.0284811612429,,True
Load,B2,51,334,169.072245509,5725.10296407,0,,230.613222492,0.0295317388299,,True
Load,B2,52,334,158.363348204,5706.07145868,0,,210.015227266,0.0277534814189,,True
Load,B2,53,334,151.297569461,5776.49677365,0,,198.727084626,0.026191924862,,True
Load,B2,54,334,162.833892216,5910.29655689,0,,215.029573542,0.0275508835552,,True
Load,B2,55,334,146.566884132,5914.6803988,0,,198.45444549,0.0247801866288,,True
Load,B2,56,334,154.258317665,5885.68713772,0,,205.636208405,0.0262090583572,,True
Load,B2,57,334,173.010269461,5882.02272455,0,,226.218383203,0.0294133969831,,True
Load,B2,58,334,150.809968862,5865.2674988,0,,196.284093672,0.0257123769535,,True
Load,B2,59,334,157.497548204,5855.90453234,0,,202.331195772,0.0268955115873,,True
Load,B2,60,334,168.748592814,5860.5361976,0,,219.158852246,0.0287940535003,,True
Load,B2,61,334,155.013753892,5859.71051437,0,,213.423715526,0.0264541658691,,True
Load,B2,62,334,159.169503293,5849.30602695,0,,217.806517136,0.0272116901663,,True
Load,B2,63,334,166.574221557,5833.71685629,0,,220.679081908,0.0285537035239,,True
Load,B2,64,334,152.893007485,5820.12397605,0,,204.035689892,0.0262697166099,,True
Load,B2,65,334,155.317517365,5809.55006168,0,,205.016238509,0.0267348616875,,True
Load,B2,66,334,160.142874251,5804.0348503,0,,210.076253889,0.0275916458777,,True
Load,B2,67,334,163.54608024,5803.18532635,0,,215.320019478,0.0281821225831,,True
Load,B2,68,334,170.535357186,5788.4230976,0,,223.660440796,0.0294614533717,,True
Load,B2,69,334,193.936137725,5781.26565868,0,,251.241185587,0.0335456194498,,True
Load,B2,70,334,171.252915569,5799.50646347,0,,233.118324672,0.0295288774394,,True
Load,B2,71,334,151.091050898,5679.44560689,0,,204.555231725,0.0266031337134,,True
Load,B2,72,334,171.298712575,5486.47979042,0,,226.037915799,0.0312219709392,,True
Load,B2,73,334,176.999936527,5465.79350838,0,,239.376889864,0.0323832095478,,True
Load,B2,74,334,152.716389222,5487.71697006,0,,221.95766145,0.0278287655968,,True
Load,B2,75,334,176.945359281,5458.65763473,0,,235.736161295,0.0324155444657,,True
Load,B2,76,334,170.713026048,5436.17462605,0,,222.007839177,0.0314031534657,,True
Load,B2,77,334,175.844863174,5541.9992018,0,,241.804100733,0.0317294999098,,True
Load,B2,78,334,189.707065868,5703.48655689,0,,263.977450138,0.0332615960389,,True
Load,B2,79,334,170.657004491,5718.17366437,0,,234.934118432,0.0298446697333,,True
Load,B2,80,334,165.288436228,5694.81336497,0,,219.146895263,0.0290243815968,,True
Load,B2,81,334,176.079820359,5700.55107784,0,,238.70912024,0.0308882102721,,True
Load,B2,82,334,172.920898802,5693.46154222,0,,235.396889932,0.0303718392616,,True
Load,B2,83,334,179.391262874,5681.68726647,0,,240.751715461,0.0315735897562,,True
Load,B2,84,334,185.117904192,5676.30251497,0,,252.619192331,0.0326124098748,,True
Load,B2,85,334,164.787259281,5675.63841138,0,,233.857148092,0.0290341363099,,True
Load,B2,86,334,170.933901796,5671.14900419,0,,247.267226676,0.030140964674,,True
Load,B2,87,334,201.651766467,5661.89769461,0,,282.143471622,0.035615579324,,True
Load,B2,88,334,181.53418503,5657.16112844,0,,256.936409461,0.0320892725005,,True
Load,B2,89,334,173.922185928,5669.02807335,0,,243.077180945,0.0306793657886,,True
Load,B2,90,334,188.859820359,5682.74035928,0,,257.939534225,0.0332339344082,,True
Load,B2,91,334,169.508999701,5670.27777814,0,,244.920169413,0.0298943025955,,True
Load,B2,92,334,171.814534731,5659.0833015,0,,245.190160451,0.0303608421323,,True
Load,B2,93,334,193.834580838,5661.56233533,0,,277.800198673,0.0342369419177,,True
Load,B2,94,334,182.302668563,5665.06089132,0,,253.253360476,0.0321801781235,,True
Load,B2,95,334,179.627113174,5673.04077216,0,,247.04907319,0.0316632861261,,True
Load,B2,96,334,184.15497006,5682.69847305,0,,253.030626174,0.0324062539889,,True
Load,B2,97,334,182.422988922,5683.14197844,0,,252.176775825,0.0320989673695,,True
Load,B2,98,334,175.98757006,5674.47245808,0,,251.44143293,0.0310139085809,,True
Load,B2,99,334,197.911407186,5679.8238024,0,,273.412641254,0.0348446385084,,True
Load,B2,100,334,189.636359281,5705.82059012,0,,276.036996802,0.0332355979804,,True
Load,B2,101,334,192.675658982,5622.12605958,0,,279.746188201,0.0342709602987,,True
Load,B2,102,334,188.180389222,5485.68583832,0,,266.600291964,0.0343038946757,,True
Load,B2,103,334,189.710864072,5488.35072156,0,,268.572689958,0.0345660971203,,True
Load,B2,104,334,189.874080838,5486.24672754,0,,266.779714917,0.0346091035033,,True
Load,B2,105,334,207.604760479,5513.75520958,0,,287.19567368,0.037652154038,,True
Load,B2,106,334,196.381301796,5645.6185512,0,,277.862614961,0.0347847273094,,True
Load,B2,107,334,192.547379641,5116.07608234,0,,275.801824944,0.0376357537578,,True
Load,B2,108,334,197.787814371,4232.75482036,0,,271.417262443,0.0467279166324,,True
Load,B2,109,334,176.930191018,4149.09456138,0,,249.484215388,0.0426430847503,,True
Load,B2,110,334,181.198688024,4284.4414488,0,,257.962454849,0.0422922544722,,True
Load,B2,111,334,211.239161677,4255.23452096,0,,297.626276365,0.0496421902568,,True
Load,B2,112,334,186.515068862,4263.40367575,0,,280.016569003,0.0437479260815,,True
Load,B2,113,334,191.931538323,4276.98008114,0,,271.533713771,0.0448754809895,,True
Load,B2,114,334,200.656556886,4270.07784431,0,,272.309838058,0.0469913112131,,True
Load,B2,115,334,185.089950898,4276.60332725,0,,256.993190137,0.0432796630258,,True
Load,B2,116,334,187.244535629,4283.96602006,0,,263.18295271,0.0437082214826,,True
Load,B2,117,334,203.204850299,4287.76365269,0,,285.270533032,0.0473918029907,,True
Load,B2,118,334,175.900559581,4297.98353323,0,,246.37812491,0.0409262990937,,True
Load,B2,119,334,173.257404491,4300.81673743,0,,248.542130932,0.0402847680031,,True
Load,B2,120,334,199.473802395,4300.03979042,0,,279.148552309,0.046388827108,,True
Load,B2,121,334,186.216411377,4313.7325988,0,,268.666301231,0.043168278773,,True
Load,B2,122,334,182.615565569,4323.13168922,0,,267.802601756,0.0422414996111,,True
Load,B2,123,334,213.005389222,4322.44793413,0,,297.997466737,0.0492788791138,,True
Load,B2,124,334,187.137779042,4323.86058353,0,,268.328064616,0.0432802527803,,True
Load,B2,125,334,185.555979042,4322.44967335,0,,267.225665655,0.0429284301876,,True
Load,B2,126,334,207.836856287,4327.25625749,0,,279.259450749,0.0480297084158,,True
Load,B2,127,334,195.86649491,4348.23560958,0,,270.29825276,0.0450450510268,,True
Load,B2,128,334,204.054750299,4331.39016287,0,,281.980509818,0.0471106833202,,True
Load,B2,129,334,201.948622754,4350.31218563,0,,283.397880655,0.0464216392151,,True
Load,B2,130,334,178.993573353,4452.8799988,0,,262.703422818,0.0401972596166,,True
Load,B2,131,334,185.861294012,4052.24812126,0,,267.65512498,0.0458662175786,,True
Load,B2,132,334,201.911137725,3385.39967066,0,,288.155172319,0.0596417431816,,True
Load,B2,133,334,190.476896407,3332.89587545,0,,269.549888362,0.0571505692123,,True
Load,B2,134,334,185.029417665,3435.82172725,0,,261.162737568,0.0538530320702,,True
Load,B2,135,334,218.381646707,3403.03577844,0,,290.107603479,0.0641725979168,,True
Load,B2,136,334,188.489827545,3406.86518383,0,,264.588790709,0.0553264709268,,True
Load,B2,137,334,187.184956287,3422.00430778,0,,263.268723992,0.0547003859293,,True
Load,B2,138,334,202.248323353,3420.87434132,0,,276.764081424,0.0591218218426,,True
Load,B2,139,334,172.919982934,3423.52977126,0,,239.904811094,0.0505092680618,,True
Load,B2,140,334,183.96390988,3429.54660299,0,,256.344964821,0.0536408835266,,True
Load,B2,141,334,200.337724551,3435.0258982,0,,283.058753177,0.0583220419548,,True
Load,B2,142,334,190.006884431,3439.78204132,0,,265.948124862,0.0552380593156,,True
Load,B2,143,334,191.171098802,3449.06375958,0,,253.46307123,0.0554269541325,,True
Load,B2,144,334,189.765568862,3457.61482036,0,,267.381968448,0.0548833744421,,True
Load,B3,1,334,426.315968862,3449.16017665,0,,496.303023552,0.123599933615,,True
Load,B3,2,334,393.972893242,3444.09948533,0,,462.039650399,0.114390683231,,True
Load,B3,3,334,394.772249786,3447.99326347,0,,464.408843821,0.114493335578,,True
Load,B3,4,334,392.315855774,3459.90922066,0,,454.487494694,0.11338906045,,True
Load,B3,5,334,394.693420915,3463.78178772,0,,458.392507555,0.113948696859,,True
Load,B3,6,334,404.237792986,3458.99179641,0,,473.20435884,0.116865785402,,True
Load,B3,7,334,409.559283362,3459.08269401,0,,478.01039085,0.118401125267,,True
Load,B3,8,334,396.889359624,3458.26008772,0,,462.75371149,0.114765618998,,True
Load,B3,9,334,382.979516681,3460.12413174,0,,450.193304717,0.110683750669,,True
Load,B3,10,334,396.551954106,3475.34069281,0,,462.399893054,0.114104483318,,True
Load,B3,11,334,405.597858896,3485.9928991,0,,470.469087524,0.116350741564,,True
Load,B3,12,334,397.60763473,3487.61311377,0,,467.245262171,0.114005659963,,True
Load,B3,13,334,404.119633276,3492.63351018,0,,466.241184126,0.11570628069,,True
Load,B3,14,334,399.735717109,3498.20960569,0,,464.568033234,0.114268658018,,True
Load,B3,15,334,389.035235244,3500.60299401,0,,456.296292141,0.111133777783,,True
Load,B3,16,334,390.175021258,3499.66061317,0,,454.470198878,0.111489388368,,True
Load,B3,17,334,395.873115783,3497.06081257,0,,461.53623317,0.113201667629,,True
Load,B3,18,334,400.609756202,3497.25799401,0,,471.379052273,0.114549672025,,True
Load,B3,19,334,392.869602951,3504.38746198,0,,458.256084493,0.112107923914,,True
Load,B3,20,334,392.195090077,3512.12491228,0,,456.104183227,0.111668889881,,True
Load,B3,21,334,400.004088965,3516.69251497,0,,465.02291007,0.113744402521,,True
Load,B3,22,334,402.525825535,3519.74112994,0,,468.876181191,0.114362338216,,True
Load,B3,23,334,392.820989136,3523.71643563,0,,456.293882522,0.111479171583,,True
Load,B3,24,334,386.929148845,3527.31517964,0,,453.099839056,0.109695087946,,True
Load,B3,25,334,392.264991574,3526.90938054,0,,457.939423601,0.111220604005,,True
Load,B3,26,334,398.72947408,3525.31190569,0,,464.258400409,0.113104736474,,True
Load,B3,27,334,396.60094953,3531.02047904,0,,464.009262013,0.112319073731,,True
Load,B3,28,334,396.045285415,3548.67437006,0,,459.768960149,0.111603726946,,True
Load,B3,29,334,391.454384345,3552.5327482,0,,456.050928026,0.110190225423,,True
Load,B3,30,334,392.092467921,3536.09215569,0,,458.870035582,0.11088298909,,True
Load,B3,31,334,397.313785415,3523.64814042,0,,466.956951053,0.11275637339,,True
Load,B3,32,334,408.187945039,3550.15700988,0,,475.502979874,0.114977434492,,True
Load,B3,33,334,389.562091531,3538.5447006,0,,452.606144731,0.110091047166,,True
Load,B3,34,334,338.96054444,3445.69849431,0,,396.801526375,0.098372084789,,True
Load,B3,35,334,527.569018221,3784.61948114,0,,603.075232681,0.139398166936,,True
Load,B3,36,334,855.81471343,4359.2808982,0,,962.899929943,0.196320157708,,True
Load,B3,37,334,901.637999059,4413.70009461,0,,1008.80565107,0.204281663849,,True
Load,B3,38,334,844.58550911,4330.21665329,0,,945.417195257,0.195044630958,,True
Load,B3,39,334,846.696351583,4350.3798503,0,,951.449849721,0.194625844344,,True
Load,B3,40,334,872.066396536,4339.86303683,0,,977.493437997,0.200943299163,,True
Load,B3,41,334,791.875790932,4391.86301856,0,,889.761884209,0.180305211612,,True
Load,B3,42,334,650.653430282,4484.03997006,0,,737.454877732,0.145104288683,,True
Load,B3,43,334,628.671137511,4481.80608892,0,,711.382633908,0.140271829043,,True
Load,B3,44,334,670.372948332,4499.83665749,0,,758.076600425,0.14897717392,,True
Load,B3,45,334,657.606077844,4477.67688623,0,,746.520701876,0.146863227194,,True
Load,B3,46,334,586.408126561,4341.91077994,0,,666.684226225,0.135057617782,,True
Load,B3,47,334,884.832280411,4868.00004731,0,,991.026874528,0.181765051728,,True
Load,B3,48,334,1382.24174936,5752.92802395,0,,1539.69380918,0.240267520053,,True
Load,B3,49,334,1437.9778219,5840.44940359,0,,1599.20143288,0.246210132565,,True
Load,B3,50,334,1364.82551121,5706.23317006,0,,1518.99567953,0.239181517917,,True
Load,B3,51,334,1393.21733533,5725.10296407,0,,1551.92037481,0.243352363106,,True
Load,B3,52,334,1414.43897494,5706.07145868,0,,1573.93440607,0.247883151338,,True
Load,B3,53,334,1287.04926001,5776.49677365,0,,1433.07922428,0.222807925018,,True
Load,B3,54,334,1101.48855432,5910.29655689,0,,1230.44912373,0.186367730235,,True
Load,B3,55,334,1089.59254795,5914.6803988,0,,1215.49101537,0.184218330405,,True
Load,B3,56,334,1110.1557772,5885.68713772,0,,1238.60809826,0.188619570022,,True
Load,B3,57,334,1089.84370402,5882.02272455,0,,1218.4928651,0.18528383093,,True
Load,B3,58,334,1096.12575257,5865.2674988,0,,1222.40255997,0.18688418777,,True
Load,B3,59,334,1106.21653246,5855.90453234,0,,1233.4658024,0.188906176041,,True
Load,B3,60,334,1105.9060864,5860.5361976,0,,1234.54689972,0.188703908501,,True
Load,B3,61,334,1108.35297271,5859.71051437,0,,1236.99658081,0.189148076512,,True
Load,B3,62,334,1105.1144423,5849.30602695,0,,1233.84103816,0.188930864142,,True
Load,B3,63,334,1097.41238238,5833.71685629,0,,1226.52600575,0.18811546899,,True
Load,B3,64,334,1097.62963234,5820.12397605,0,,1224.36777332,0.18859213942,,True
Load,B3,65,334,1101.24268807,5809.55006168,0,,1227.74467723,0.189557311044,,True
Load,B3,66,334,1102.9169846,5804.0348503,0,,1230.94505343,0.190025906641,,True
Load,B3,67,334,1102.25052395,5803.18532635,0,,1230.67982658,0.189938880454,,True
Load,B3,68,334,1104.17963794,5788.4230976,0,,1233.31441865,0.190756553092,,True
Load,B3,69,334,1113.75896065,5781.26565868,0,,1245.54343703,0.192649676802,,True
Load,B3,70,334,1119.16876784,5799.50646347,0,,1249.91351884,0.192976553244,,True
Load,B3,71,334,1051.21069166,5679.44560689,0,,1173.87635672,0.185090370508,,True
Load,B3,72,334,949.460568862,5486.47979042,0,,1064.16235044,0.173054600606,,True
Load,B3,73,334,933.87788071,5465.79350838,0,,1047.74042208,0.170858609876,,True
Load,B3,74,334,954.990976133,5487.71697006,0,,1069.21874204,0.174023365517,,True
Load,B3,75,334,952.787707442,5458.65763473,0,,1068.25673894,0.17454615607,,True
Load,B3,76,334,928.940375406,5436.17462605,0,,1040.34352015,0.170881261054,,True
Load,B3,77,334,991.698777588,5541.9992018,0,,1110.75215385,0.178942425193,,True
Load,B3,78,334,1106.07881523,5703.48655689,0,,1238.41037942,0.193930292321,,True
Load,B3,79,334,1118.43560659,5718.17366437,0,,1250.5258282,0.195593151281,,True
Load,B3,80,334,1092.93688088,5694.81336497,0,,1221.33486785,0.191917945477,,True
Load,B3,81,334,1088.30458084,5700.55107784,0,,1217.56130228,0.190912170767,,True
Load,B3,82,334,1100.33066476,5693.46154222,0,,1230.06377953,0.193262158108,,True
Load,B3,83,334,1104.376834,5681.68726647,0,,1235.71270827,0.194374801394,,True
Load,B3,84,334,1098.00375535,5676.30251497,0,,1229.14553928,0.193436440791,,True
Load,B3,85,334,1099.47014996,5675.63841138,0,,1228.87362927,0.193717441152,,True
Load,B3,86,334,1103.30873238,5671.14900419,0,,1233.89218745,0.19454765367,,True
Load,B3,87,334,1101.27872113,5661.89769461,0,,1235.45716367,0.19450699757,,True
Load,B3,88,334,1092.50471437,5657.16112844,0,,1223.15887048,0.193118896487,,True
Load,B3,89,334,1091.57670381,5669.02807335,0,,1220.86414463,0.192550943421,,True
Load,B3,90,334,1097.93085971,5682.74035928,0,,1229.71848375,0.193204473598,,True
Load,B3,91,334,1097.98273644,5670.27777814,0,,1227.24543773,0.193638262428,,True
Load,B3,92,334,1100.70762904,5659.0833015,0,,1230.49963848,0.194502814396,,True
Load,B3,93,334,1106.53080838,5661.56233533,0,,1241.24841658,0.19544619362,,True
Load,B3,94,334,1103.85456766,5665.06089132,0,,1235.22734667,0.194853080813,,True
Load,B3,95,334,1101.23460766,5673.04077216,0,,1230.57771876,0.194117167827,,True
Load,B3,96,334,1102.89257913,5682.69847305,0,,1233.66787534,0.194079025019,,True
Load,B3,97,334,1108.48494902,5683.14197844,0,,1237.9422097,0.195047907165,,True
Load,B3,98,334,1116.96815569,5674.47245808,0,,1247.4693871,0.196840880617,,True
Load,B3,99,334,1105.77380239,5679.8238024,0,,1238.20137978,0.194684525588,,True
Load,B3,100,334,1072.02988396,5705.82059012,0,,1200.8482168,0.187883559784,,True
Load,B3,101,334,1189.35906313,5622.12605958,0,,1329.86679113,0.211549696774,,True
Load,B3,102,334,1389.83399059,5485.68583832,0,,1550.03041032,0.253356468371,,True
Load,B3,103,334,1414.94019042,5488.35072156,0,,1577.17799026,0.257807902994,,True
Load,B3,104,334,1366.34981287,5486.24672754,0,,1524.40484648,0.249050011917,,True
Load,B3,105,334,1389.95470488,5513.75520958,0,,1552.64209637,0.25208857703,,True
Load,B3,106,334,1468.03668597,5645.6185512,0,,1636.97513975,0.260031150291,,True
Load,B3,107,334,1160.97009157,5116.07608234,0,,1298.66170941,0.226925884778,,True
Load,B3,108,334,653.047386655,4232.75482036,0,,744.791949828,0.154284246164,,True
Load,B3,109,334,598.300582292,4149.09456138,0,,681.92578721,0.144200276335,,True
Load,B3,110,334,675.529763174,4284.4414488,0,,764.429965288,0.157670438783,,True
Load,B3,111,334,666.674555175,4255.23452096,0,,757.314306437,0.156671636285,,True
Load,B3,112,334,669.13864846,4263.40367575,0,,760.386352378,0.156949399905,,True
Load,B3,113,334,665.516264927,4276.98008114,0,,757.673072112,0.155604246993,,True
Load,B3,114,334,654.551591104,4270.07784431,0,,745.881085225,0.153287976231,,True
Load,B3,115,334,671.095921214,4276.60332725,0,,761.926492648,0.156922648621,,True
Load,B3,116,334,672.024449829,4283.96602006,0,,762.462333431,0.156869696604,,True
Load,B3,117,334,653.766621044,4287.76365269,0,,743.39225627,0.152472634687,,True
Load,B3,118,334,655.684251583,4297.98353323,0,,742.406289097,0.152556250277,,True
Load,B3,119,334,666.814860565,4300.81673743,0,,754.848286593,0.155043774538,,True
Load,B3,120,334,669.083173653,4300.03979042,0,,761.077180528,0.155599298207,,True
Load,B3,121,334,660.616553379,4313.7325988,0,,747.439387349,0.153142675919,,True
Load,B3,122,334,652.088381138,4323.13168922,0,,738.036522692,0.150837038521,,True
Load,B3,123,334,649.90468349,4322.44793413,0,,741.315195622,0.150355699685,,True
Load,B3,124,334,647.307571557,4323.86058353,0,,736.472562633,0.149705930395,,True
Load,B3,125,334,651.737141018,4322.44967335,0,,739.978092139,0.150779578774,,True
Load,B3,126,334,657.852964072,4327.25625749,0,,750.116388137,0.152025423254,,True
Load,B3,127,334,659.001247177,4348.23560958,0,,749.648850893,0.151556011759,,True
Load,B3,128,334,651.542485287,4331.39016287,0,,741.426758991,0.150423411604,,True
Load,B3,129,334,658.161154833,4350.31218563,0,,744.253037448,0.151290557263,,True
Load,B3,130,334,679.652231351,4452.8799988,0,,767.025293431,0.152632056452,,True
Load,B3,131,334,574.934497049,4052.24812126,0,,654.0216966,0.141880378458,,True
Load,B3,132,334,407.512399487,3385.39967066,0,,478.045898461,0.120373497705,,True
Load,B3,133,334,390.830462746,3332.89587545,0,,460.721157247,0.117264528312,,True
Load,B3,134,334,409.861450556,3435.82172725,0,,477.907423374,0.11929066264,,True
Load,B3,135,334,395.475188195,3403.03577844,0,,467.012367698,0.116212468497,,True
Load,B3,136,334,395.428340975,3406.86518383,0,,463.517875678,0.11606809182,,True
Load,B3,137,334,391.196740932,3422.00430778,0,,458.537458197,0.114318015335,,True
Load,B3,138,334,384.199961506,3420.87434132,0,,451.911194676,0.112310457261,,True
Load,B3,139,334,392.430548589,3423.52977126,0,,459.824056845,0.114627467792,,True
Load,B3,140,334,397.732798289,3429.54660299,0,,467.83126818,0.115972413946,,True
Load,B3,141,334,402.789559452,3435.0258982,0,,474.754830546,0.117259540798,,True
Load,B3,142,334,421.229987553,3439.78204132,0,,493.689478057,0.122458336747,,True
Load,B3,143,334,337.135884731,3449.06375958,0,,400.65704376,0.0977470723161,,True
Load,B3,144,334,407.642262618,3457.61482036,0,,476.909154247,0.11789695608,,True
Load,B4,1,334,348.523733083,3449.16017665,0,,458.012623841,0.101045969231,,True
Load,B4,2,334,344.77286102,3444.09948533,0,,449.70270301,0.100105372243,,True
Load,B4,3,334,345.107904386,3447.99326347,0,,452.530467168,0.100089494966,,True
Load,B4,4,334,328.322005213,3459.90922066,0,,430.644316849,0.0948932426472,,True
Load,B4,5,334,319.878568563,3463.78178772,0,,421.680118528,0.0923495151156,,True
Load,B4,6,334,324.742518841,3458.99179641,0,,423.793402518,0.0938835758957,,True
Load,B4,7,334,318.961185497,3459.08269401,0,,407.575699609,0.0922097601336,,True
Load,B4,8,334,307.248895382,3458.26008772,0,,387.420145354,0.0888449357734,,True
Load,B4,9,334,291.695529957,3460.12413174,0,,374.159219657,0.0843020420227,,True
Load,B4,10,334,283.7815225,3475.34069281,0,,358.447695893,0.0816557418635,,True
Load,B4,11,334,278.987203028,3485.9928991,0,,349.195735502,0.0800309154675,,True
Load,B4,12,334,275.411442129,3487.61311377,0,,350.349474308,0.0789684615651,,True
Load,B4,13,334,278.88665447,3492.63351018,0,,350.767235907,0.0798499624015,,True
Load,B4,14,334,274.354591811,3498.20960569,0,,344.985874566,0.0784271449502,,True
Load,B4,15,334,263.193450129,3500.60299401,0,,327.973913121,0.0751851754052,,True
Load,B4,16,334,256.154485574,3499.66061317,0,,314.803280722,0.0731940933386,,True
Load,B4,17,334,254.152376629,3497.06081257,0,,307.636446459,0.0726759957149,,True
Load,B4,18,334,256.153220923,3497.25799401,0,,309.413927473,0.0732440161295,,True
Load,B4,19,334,245.844351602,3504.38746198,0,,299.320591395,0.0701533019022,,True
Load,B4,20,334,250.397935774,3512.12491228,0,,298.728744627,0.0712952819244,,True
Load,B4,21,334,255.994006833,3516.69251497,0,,299.194614371,0.0727939692605,,True
Load,B4,22,334,240.454899023,3519.74112994,0,,289.81774886,0.0683160750027,,True
Load,B4,23,334,231.591915239,3523.71643563,0,,275.503745869,0.0657237662194,,True
Load,B4,24,334,246.794152509,3527.31517964,0,,288.800331203,0.0699665722909,,True
Load,B4,25,334,256.320421095,3526.90938054,0,,291.79232335,0.0726756469869,,True
Load,B4,26,334,250.093810797,3525.31190569,0,,287.086551633,0.0709423215554,,True
Load,B4,27,334,240.838528178,3531.02047904,0,,283.533354245,0.0682064943004,,True
Load,B4,28,334,246.395982379,3548.67437006,0,,281.227608504,0.0694332465266,,True
Load,B4,29,334,243.388753653,3552.5327482,0,,276.94583202,0.0685113328726,,True
Load,B4,30,334,235.544917799,3536.09215569,0,,274.533815244,0.0666116456892,,True
Load,B4,31,334,248.210491781,3523.64814042,0,,286.906914867,0.0704413386041,,True
Load,B4,32,334,246.292952126,3550.15700988,0,,282.335316024,0.0693752280365,,True
Load,B4,33,334,234.555836473,3538.5447006,0,,269.052979803,0.0662859611277,,True
Load,B4,34,334,231.171979399,3445.69849431,0,,269.018350286,0.0670900195652,,True
Load,B4,35,334,235.265952978,3784.61948114,0,,271.688486778,0.0621637007764,,True
Load,B4,36,334,237.755571659,4359.2808982,0,,279.047019637,0.0545400898018,,True
Load,B4,37,334,233.15329493,4413.70009461,0,,271.637031957,0.0528249065257,,True
Load,B4,38,334,231.930262156,4330.21665329,0,,273.159457443,0.0535608909959,,True
Load,B4,39,334,242.278005212,4350.3798503,0,,285.188863398,0.0556912300877,,True
Load,B4,40,334,246.676413139,4339.86303683,0,,285.335254204,0.0568396769773,,True
Load,B4,41,334,242.327621322,4391.86301856,0,,281.693359,0.0551764980596,,True
Load,B4,42,334,235.773844047,4484.03997006,0,,276.502729913,0.0525806740398,,True
Load,B4,43,334,241.226744437,4481.80608892,0,,282.605535936,0.0538235567651,,True
Load,B4,44,334,248.950122039,4499.83665749,0,,289.478560607,0.0553242575206,,True
Load,B4,45,334,246.758792581,4477.67688623,0,,288.73707481,0.0551086643478,,True
Load,B4,46,334,239.892090286,4341.91077994,0,,286.585311659,0.0552503500059,,True
Load,B4,47,334,249.468374119,4868.00004731,0,,294.771435408,0.0512465841608,,True
Load,B4,48,334,258.841678908,5752.92802395,0,,304.253063049,0.0449930327357,,True
Load,B4,49,334,240.110227028,5840.44940359,0,,284.429520586,0.0411116012545,,True
Load,B4,50,334,234.414411944,5706.23317006,0,,280.558876558,0.0410804124118,,True
Load,B4,51,334,251.325817466,5725.10296407,0,,294.724685785,0.043898916586,,True
Load,B4,52,334,251.662020851,5706.07145868,0,,295.77132107,0.0441042532807,,True
Load,B4,53,334,246.103665396,5776.49677365,0,,288.771178229,0.0426043110624,,True
Load,B4,54,334,244.04189245,5910.29655689,0,,284.617758793,0.0412909724751,,True
Load,B4,55,334,241.287864087,5914.6803988,0,,277.839436531,0.040794742542,,True
Load,B4,56,334,242.290900294,5885.68713772,0,,280.942143348,0.0411661195412,,True
Load,B4,57,334,241.67835874,5882.02272455,0,,286.251005575,0.0410876275148,,True
Load,B4,58,334,237.340762766,5865.2674988,0,,278.425027349,0.0404654626262,,True
Load,B4,59,334,239.792724244,5855.90453234,0,,281.156536519,0.0409488786779,,True
Load,B4,60,334,244.184900211,5860.5361976,0,,284.340411766,0.0416659657031,,True
Load,B4,61,334,237.705776734,5859.71051437,0,,274.735872931,0.0405661297007,,True
Load,B4,62,334,234.824446987,5849.30602695,0,,273.299726394,0.0401456935072,,True
Load,B4,63,334,242.116648608,5833.71685629,0,,282.584999178,0.0415029825019,,True
Load,B4,64,334,243.933038217,5820.12397605,0,,277.502745727,0.0419120003665,,True
Load,B4,65,334,242.415748481,5809.55006168,0,,277.835781181,0.0417271124111,,True
Load,B4,66,334,237.194178458,5804.0348503,0,,280.497665987,0.0408671182333,,True
Load,B4,67,334,237.921930866,5803.18532635,0,,274.164032471,0.0409985064213,,True
Load,B4,68,334,242.598203012,5788.4230976,0,,278.889895341,0.0419109313403,,True
Load,B4,69,334,253.352983987,5781.26565868,0,,295.228912918,0.0438231001556,,True
Load,B4,70,334,246.553654948,5799.50646347,0,,289.70587665,0.0425128683795,,True
Load,B4,71,334,247.354764601,5679.44560689,0,,283.704901654,0.0435526249783,,True
Load,B4,72,334,254.797106407,5486.47979042,0,,294.673014445,0.0464409085863,,True
Load,B4,73,334,253.505536365,5465.79350838,0,,297.662274201,0.0463803720314,,True
Load,B4,74,334,246.681757841,5487.71697006,0,,287.949268611,0.044951618166,,True
Load,B4,75,334,244.473272603,5458.65763473,0,,291.286798391,0.0447863355723,,True
Load,B4,76,334,251.137246345,5436.17462605,0,,296.022392181,0.046197420727,,True
Load,B4,77,334,258.740734522,5541.9992018,0,,309.415522234,0.0466872558261,,True
Load,B4,78,334,258.917978976,5703.48655689,0,,314.704710891,0.0453964388964,,True
Load,B4,79,334,252.220676917,5718.17366437,0,,304.517355871,0.0441086073492,,True
Load,B4,80,334,257.138831892,5694.81336497,0,,310.532644647,0.045153162257,,True
Load,B4,81,334,270.216081438,5700.55107784,0,,332.924823019,0.0474017472606,,True
Load,B4,82,334,275.419338666,5693.46154222,0,,338.609587493,0.0483746727054,,True
Load,B4,83,334,280.166155804,5681.68726647,0,,347.604350381,0.049310379587,,True
Load,B4,84,334,284.529545817,5676.30251497,0,,355.559516123,0.0501258601117,,True
Load,B4,85,334,286.523112919,5675.63841138,0,,361.418399559,0.0504829751565,,True
Load,B4,86,334,300.631966289,5671.14900419,0,,379.879614226,0.0530107683763,,True
Load,B4,87,334,312.357138949,5661.89769461,0,,398.419624078,0.0551682767504,,True
Load,B4,88,334,302.182505478,5657.16112844,0,,387.305633649,0.0534159269318,,True
Load,B4,89,334,309.96471826,5669.02807335,0,,398.682414607,0.0546768712818,,True
Load,B4,90,334,324.992046899,5682.74035928,0,,427.56495305,0.0571893182429,,True
Load,B4,91,334,316.442564674,5670.27777814,0,,417.96040638,0.0558072420886,,True
Load,B4,92,334,317.23215497,5659.0833015,0,,419.490269517,0.0560571629837,,True
Load,B4,93,334,336.096206141,5661.56233533,0,,447.262270728,0.0593645686887,,True
Load,B4,94,334,350.7815211,5665.06089132,0,,446.05077738,0.0619201678198,,True
Load,B4,95,334,356.432442361,5673.04077216,0,,454.286438707,0.0628291698715,,True
Load,B4,96,334,358.549579317,5682.69847305,0,,473.503920648,0.0630949505798,,True
Load,B4,97,334,362.727528224,5683.14197844,0,,472.768837436,0.0638251744545,,True
Load,B4,98,334,368.724908541,5674.47245808,0,,478.098560932,0.064979592599,,True
Load,B4,99,334,379.719041375,5679.8238024,0,,497.641762971,0.0668540177627,,True
Load,B4,100,334,381.537415546,5705.82059012,0,,501.169229941,0.066868105914,,True
Load,B4,101,334,383.072575128,5622.12605958,0,,504.573571182,0.0681366036741,,True
Load,B4,102,334,389.276824978,5485.68583832,0,,510.015743272,0.0709622892107,,True
Load,B4,103,334,396.464697136,5488.35072156,0,,520.086744999,0.0722374930557,,True
Load,B4,104,334,403.331894937,5486.24672754,0,,527.731240839,0.0735169078183,,True
Load,B4,105,334,419.398919567,5513.75520958,0,,539.131791364,0.0760641166729,,True
Load,B4,106,334,431.2662936,5645.6185512,0,,556.436924327,0.0763895558456,,True
Load,B4,107,334,438.548067786,5116.07608234,0,,571.185462109,0.0857196141591,,True
Load,B4,108,334,441.993437038,4232.75482036,0,,572.63726662,0.104422168492,,True
Load,B4,109,334,432.146546222,4149.09456138,0,,561.877682568,0.104154422086,,True
Load,B4,110,334,435.823824508,4284.4414488,0,,565.117571669,0.101722436802,,True
Load,B4,111,334,454.522771515,4255.23452096,0,,582.367429711,0.106814975597,,True
Load,B4,112,334,453.905912149,4263.40367575,0,,586.942877894,0.106465619179,,True
Load,B4,113,334,453.552024589,4276.98008114,0,,584.726576241,0.106044923283,,True
Load,B4,114,334,448.93819411,4270.07784431,0,,582.73824376,0.105135833696,,True
Load,B4,115,334,451.96485606,4276.60332725,0,,584.297049973,0.105683137171,,True
Load,B4,116,334,459.577164742,4283.96602006,0,,592.113412933,0.10727843372,,True
Load,B4,117,334,459.042797718,4287.76365269,0,,594.39280203,0.107058792158,,True
Load,B4,118,334,446.862346753,4297.98353323,0,,574.647713187,0.103970232389,,True
Load,B4,119,334,450.118824359,4300.81673743,0,,580.237810537,0.104658917559,,True
Load,B4,120,334,466.266195519,4300.03979042,0,,604.537206267,0.108432995564,,True
Load,B4,121,334,457.701054783,4313.7325988,0,,596.729140168,0.106103251488,,True
Load,B4,122,334,454.65524806,4323.13168922,0,,587.97318713,0.105168031127,,True
Load,B4,123,334,464.575105143,4322.44793413,0,,597.981776372,0.107479630113,,True
Load,B4,124,334,468.753315774,4323.86058353,0,,600.9499581,0.108410830256,,True
Load,B4,125,334,463.170419125,4322.44967335,0,,590.176807821,0.107154612344,,True
Load,B4,126,334,461.074209064,4327.25625749,0,,576.16361556,0.106551168137,,True
Load,B4,127,334,451.302652414,4348.23560958,0,,576.185944437,0.10378983407,,True
Load,B4,128,334,452.534417173,4331.39016287,0,,583.646800395,0.104477869727,,True
Load,B4,129,334,451.211403551,4350.31218563,0,,581.059589509,0.103719315832,,True
Load,B4,130,334,451.839515672,4452.8799988,0,,574.053074932,0.101471298529,,True
Load,B4,131,334,439.280192868,4052.24812126,0,,559.485442298,0.108404070956,,True
Load,B4,132,334,425.102123571,3385.39967066,0,,549.656133344,0.125569257673,,True
Load,B4,133,334,425.710886638,3332.89587545,0,,556.754717269,0.127730028944,,True
Load,B4,134,334,429.238108519,3435.82172725,0,,558.172085897,0.124930261985,,True
Load,B4,135,334,426.186606641,3403.03577844,0,,550.566597396,0.125237180679,,True
Load,B4,136,334,417.932927175,3406.86518383,0,,535.800886502,0.122673749803,,True
Load,B4,137,334,407.073568258,3422.00430778,0,,527.818694518,0.118957643429,,True
Load,B4,138,334,398.605901986,3420.87434132,0,,519.125332235,0.116521643947,,True
Load,B4,139,334,378.131943254,3423.52977126,0,,491.890422348,0.110450899662,,True
Load,B4,140,334,371.158867169,3429.54660299,0,,483.348269488,0.108223887917,,True
Load,B4,141,334,374.39119434,3435.0258982,0,,490.266399124,0.108992247929,,True
Load,B4,142,334,371.69446481,3439.78204132,0,,484.217923811,0.108057563051,,True
Load,B4,143,334,369.553444974,3449.06375958,0,,479.424636603,0.107146017219,,True
Load,B4,144,334,365.299783936,3457.61482036,0,,478.065251549,0.105650803492,,True
PV,B0,1,334,0,0,0,,0,,0,False
PV,B0,2,334,0,0,0,,0,,0,False
PV,B0,3,334,0,0,0,,0,,0,False
PV,B0,4,334,0,0,0,,0,,0,False
PV,B0,5,334,0,0,0,,0,,0,False
PV,B0,6,334,0,0,0,,0,,0,False
PV,B0,7,334,0,0,0,,0,,0,False
PV,B0,8,334,0,0,0,,0,,0,False
PV,B0,9,334,0,0,0,,0,,0,False
PV,B0,10,334,0,0,0,,0,,0,False
PV,B0,11,334,0,0,0,,0,,0,False
PV,B0,12,334,0,0,0,,0,,0,False
PV,B0,13,334,0,0,0,,0,,0,False
PV,B0,14,334,0,0,0,,0,,0,False
PV,B0,15,334,0,0,0,,0,,0,False
PV,B0,16,334,0,0,0,,0,,0,False
PV,B0,17,334,0,0,0,,0,,0,False
PV,B0,18,334,0,0,0,,0,,0,False
PV,B0,19,334,0.000191616766467,0.000191616766467,45,0.00142222222222,0.000529602720835,1,0.000191616766467,True
PV,B0,20,334,4.34131736527e-05,4.34131736527e-05,11,0.00131818181818,0.000241688174416,1,4.34131736527e-05,True
PV,B0,21,334,0,0,0,,0,,0,False
PV,B0,22,334,0.00334071856287,0.00334071856287,86,0.0129744186047,0.00777349635035,1,0.00334071856287,True
PV,B0,23,334,0.00128622754491,0.00128622754491,51,0.00842352941176,0.00415741167751,1,0.00128622754491,True
PV,B0,24,334,0,0,0,,0,,0,False
PV,B0,25,334,0.0469991017964,0.0469991017964,120,0.130814166667,0.108337613104,1,0.0469991017964,True
PV,B0,26,334,0.0183646706587,0.0183646706587,84,0.0730214285714,0.0579448002865,1,0.0183646706587,True
PV,B0,27,334,0,0,0,,0,,0,False
PV,B0,28,334,0.65498502994,0.65498502994,153,1.42983660131,1.50896039741,1,0.65498502994,True
PV,B0,29,334,0.256255988024,0.256255988024,113,0.75742920354,0.807058771743,1,0.256255988024,True
PV,B0,30,334,0.315269461078,0.315269461078,20,5.265,1.46687507734,1,0.315269461078,True
PV,B0,31,334,20.4116473054,20.4116473054,201,33.9178616915,46.86059293,1,20.4116473054,True
PV,B0,32,334,59.5247745509,59.5247745509,201,98.9118144279,120.877477497,1,59.5247745509,True
PV,B0,33,334,119.085965569,119.085965569,119,334.241281513,219.553041841,1,119.085965569,True
PV,B0,34,334,201.252302695,201.252302695,247,272.138741296,339.267135612,1,201.252302695,True
PV,B0,35,334,302.764457186,302.764457186,234,432.15097735,478.809497549,1,302.764457186,True
PV,B0,36,334,424.612387725,424.612387725,182,779.233722527,636.257133602,1,424.612387725,True
PV,B0,37,334,569.652829042,569.652829042,278,684.403039209,809.811808636,1,569.652829042,True
PV,B0,38,334,735.089382635,735.089382635,265,926.49001434,999.054419696,1,735.089382635,True
PV,B0,39,334,922.58241018,922.58241018,246,1252.61189024,1203.28985132,1,922.58241018,True
PV,B0,40,334,1136.0352024,1136.0352024,310,1223.98631484,1421.03902299,1,1136.0352024,True
PV,B0,41,334,1374.12984431,1374.12984431,302,1519.73300662,1656.79645163,1,1374.12984431,True
PV,B0,42,334,1636.90879491,1636.90879491,314,1741.17050159,1909.6084308,1,1636.90879491,True
PV,B0,43,334,1925.34350479,1925.34350479,334,1925.34350479,2171.51346572,1,1925.34350479,True
PV,B0,44,334,2222.24350359,2222.24350359,334,2222.24350359,2440.05416427,1,2222.24350359,True
PV,B0,45,334,2520.78884731,2520.78884731,334,2520.78884731,2714.81957544,1,2520.78884731,True
PV,B0,46,334,2824.5786976,2824.5786976,334,2824.5786976,2998.15391371,1,2824.5786976,True
PV,B0,47,334,3129.33161377,3129.33161377,334,3129.33161377,3285.82175155,1,3129.33161377,True
PV,B0,48,334,3433.21246257,3433.21246257,334,3433.21246257,3575.42661147,1,3433.21246257,True
PV,B0,49,334,3737.1011988,3737.1011988,334,3737.1011988,3866.78246049,1,3737.1011988,True
PV,B0,50,334,4034.88488623,4034.88488623,334,4034.88488623,4154.41914013,1,4034.88488623,True
PV,B0,51,334,4326.83083832,4326.83083832,334,4326.83083832,4438.45277165,1,4326.83083832,True
PV,B0,52,334,4617.74558832,4617.74558832,334,4617.74558832,4721.71858276,1,4617.74558832,True
PV,B0,53,334,4898.39558114,4898.39558114,334,4898.39558114,4997.9294755,1,4898.39558114,True
PV,B0,54,334,5167.71500749,5167.71500749,334,5167.71500749,5264.94314067,1,5167.71500749,True
PV,B0,55,334,5433.67198024,5433.67198024,334,5433.67198024,5527.0606354,1,5433.67198024,True
PV,B0,56,334,5693.20771527,5693.20771527,334,5693.20771527,5784.46774332,1,5693.20771527,True
PV,B0,57,334,5938.2822979,5938.2822979,334,5938.2822979,6027.9826287,1,5938.2822979,True
PV,B0,58,334,6161.27268263,6161.27268263,334,6161.27268263,6245.44275577,1,6161.27268263,True
PV,B0,59,334,6364.74223862,6364.74223862,334,6364.74223862,6444.6706815,1,6364.74223862,True
PV,B0,60,334,6556.97806886,6556.97806886,334,6556.97806886,6635.98846131,1,6556.97806886,True
PV,B0,61,334,6743.35005928,6743.35005928,334,6743.35005928,6819.98807369,1,6743.35005928,True
PV,B0,62,334,6906.27884611,6906.27884611,334,6906.27884611,6979.58602278,1,6906.27884611,True
PV,B0,63,334,7052.80542665,7052.80542665,334,7052.80542665,7124.62022627,1,7052.80542665,True
PV,B0,64,334,7207.41518533,7207.41518533,334,7207.41518533,7279.12237577,1,7207.41518533,True
PV,B0,65,334,7343.91929671,7343.91929671,334,7343.91929671,7415.13634196,1,7343.91929671,True
PV,B0,66,334,7448.55123503,7448.55123503,334,7448.55123503,7518.60469749,1,7448.55123503,True
PV,B0,67,334,7532.42737695,7532.42737695,334,7532.42737695,7601.37198866,1,7532.42737695,True
PV,B0,68,334,7604.24122844,7604.24122844,334,7604.24122844,7672.9892936,1,7604.24122844,True
PV,B0,69,334,7665.99835329,7665.99835329,334,7665.99835329,7736.36058463,1,7665.99835329,True
PV,B0,70,334,7712.44016467,7712.44016467,334,7712.44016467,7785.50662112,1,7712.44016467,True
PV,B0,71,334,7733.51182275,7733.51182275,334,7733.51182275,7807.34981208,1,7733.51182275,True
PV,B0,72,334,7741.89431138,7741.89431138,334,7741.89431138,7815.2985584,1,7741.89431138,True
PV,B0,73,334,7759.6213003,7759.6213003,334,7759.6213003,7834.59473537,1,7759.6213003,True
PV,B0,74,334,7751.9055488,7751.9055488,334,7751.9055488,7827.6138596,1,7751.9055488,True
PV,B0,75,334,7697.99090569,7697.99090569,334,7697.99090569,7773.45073107,1,7697.99090569,True
PV,B0,76,334,7612.25176048,7612.25176048,334,7612.25176048,7689.78513617,1,7612.25176048,True
PV,B0,77,334,7533.30977395,7533.30977395,334,7533.30977395,7610.75295177,1,7533.30977395,True
PV,B0,78,334,7453.65482784,7453.65482784,334,7453.65482784,7528.38558103,1,7453.65482784,True
PV,B0,79,334,7330.5255976,7330.5255976,334,7330.5255976,7405.27003918,1,7330.5255976,True
PV,B0,80,334,7186.99553443,7186.99553443,334,7186.99553443,7262.20488553,1,7186.99553443,True
PV,B0,81,334,7047.65523952,7047.65523952,334,7047.65523952,7122.89741035,1,7047.65523952,True
PV,B0,82,334,6912.76776766,6912.76776766,334,6912.76776766,6990.2370729,1,6912.76776766,True
PV,B0,83,334,6749.09307545,6749.09307545,334,6749.09307545,6828.28643341,1,6749.09307545,True
PV,B0,84,334,6555.23937126,6555.23937126,334,6555.23937126,6634.48915734,1,6555.23937126,True
PV,B0,85,334,6359.26407934,6359.26407934,334,6359.26407934,6439.16160588,1,6359.26407934,True
PV,B0,86,334,6147.57352575,6147.57352575,334,6147.57352575,6228.75432866,1,6147.57352575,True
PV,B0,87,334,5913.15022455,5913.15022455,334,5913.15022455,5996.54001268,1,5913.15022455,True
PV,B0,88,334,5665.80436437,5665.80436437,334,5665.80436437,5753.85665877,1,5665.80436437,True
PV,B0,89,334,5412.66612275,5412.66612275,334,5412.66612275,5503.83927407,1,5412.66612275,True
PV,B0,90,334,5153.7681512,5153.7681512,334,5153.7681512,5247.14902325,1,5153.7681512,True
PV,B0,91,334,4885.33699311,4885.33699311,334,4885.33699311,4984.22065549,1,4885.33699311,True
PV,B0,92,334,4612.75365269,4612.75365269,334,4612.75365269,4719.11380326,1,4612.75365269,True
PV,B0,93,334,4330.9010479,4330.9010479,334,4330.9010479,4443.75355089,1,4330.9010479,True
PV,B0,94,334,4030.35627006,4030.35627006,334,4030.35627006,4148.20812023,1,4030.35627006,True
PV,B0,95,334,3734.53881886,3734.53881886,334,3734.53881886,3861.79830485,1,3734.53881886,True
PV,B0,96,334,3444.39217814,3444.39217814,334,3444.39217814,3585.83479696,1,3444.39217814,True
PV,B0,97,334,3138.04414222,3138.04414222,334,3138.04414222,3292.46301229,1,3138.04414222,True
PV,B0,98,334,2825.44507934,2825.44507934,334,2825.44507934,2994.91061198,1,2825.44507934,True
PV,B0,99,334,2519.69079341,2519.69079341,334,2519.69079341,2709.44601035,1,2519.69079341,True
PV,B0,100,334,2223.97716497,2223.97716497,334,2223.97716497,2438.55525661,1,2223.97716497,True
PV,B0,101,334,1923.76084551,1923.76084551,334,1923.76084551,2166.88129237,1,1923.76084551,True
PV,B0,102,334,1628.89109281,1628.89109281,314,1732.64211783,1898.07034703,1,1628.89109281,True
PV,B0,103,334,1369.49402006,1369.49402006,301,1519.63788272,1650.9053872,1,1369.49402006,True
PV,B0,104,334,1132.38003503,1132.38003503,309,1223.99654272,1416.20106432,1,1132.38003503,True
PV,B0,105,334,914.44244012,914.44244012,246,1241.56006098,1191.29909934,1,914.44244012,True
PV,B0,106,334,726.848438323,726.848438323,268,905.848426866,986.219433786,1,726.848438323,True
PV,B0,107,334,564.620738024,564.620738024,276,683.272922101,801.167439903,1,564.620738024,True
PV,B0,108,334,422.561901198,422.561901198,182,775.470741758,632.321757394,1,422.561901198,True
PV,B0,109,334,301.381842216,301.381842216,236,426.531929237,476.415625081,1,301.381842216,True
PV,B0,110,334,199.932527545,199.932527545,245,272.561078367,337.387688191,1,199.932527545,True
PV,B0,111,334,118.397043413,118.397043413,119,332.307668067,218.940862775,1,118.397043413,True
PV,B0,112,334,59.3523805389,59.3523805389,203,97.6536704433,120.940931478,1,59.3523805389,True
PV,B0,113,334,20.388505988,20.388505988,201,33.8794079602,46.7594511418,1,20.388505988,True
PV,B0,114,334,0.300898203593,0.300898203593,20,5.025,1.36678068691,1,0.300898203593,True
PV,B0,115,334,0.250868263473,0.250868263473,116,0.722327586207,0.785511694398,1,0.250868263473,True
PV,B0,116,334,0.656498203593,0.656498203593,152,1.44256842105,1.51276676484,1,0.656498203593,True
PV,B0,117,334,0,0,0,,0,,0,False
PV,B0,118,334,0.0179766467066,0.0179766467066,86,0.0698162790698,0.0563967240098,1,0.0179766467066,True
PV,B0,119,334,0.0471050898204,0.0471050898204,119,0.13221092437,0.108611353907,1,0.0471050898204,True
PV,B0,120,334,0,0,0,,0,,0,False
PV,B0,121,334,0.00125628742515,0.00125628742515,53,0.00791698113208,0.00404787221403,1,0.00125628742515,True
PV,B0,122,334,0.00335389221557,0.00335389221557,87,0.012875862069,0.00779556913917,1,0.00335389221557,True
PV,B0,123,334,0,0,0,,0,,0,False
PV,B0,124,334,4.46107784431e-05,4.46107784431e-05,12,0.00124166666667,0.000237564992683,1,4.46107784431e-05,True
PV,B0,125,334,0.000198502994012,0.000198502994012,47,0.00141063829787,0.000536650735559,1,0.000198502994012,True
PV,B0,126,334,0,0,0,,0,,0,False
PV,B0,127,334,0,0,0,,0,,0,False
PV,B0,128,334,0,0,0,,0,,0,False
PV,B0,129,334,0,0,0,,0,,0,False
PV,B0,130,334,0,0,0,,0,,0,False
PV,B0,131,334,0,0,0,,0,,0,False
PV,B0,132,334,0,0,0,,0,,0,False
PV,B0,133,334,0,0,0,,0,,0,False
PV,B0,134,334,0,0,0,,0,,0,False
PV,B0,135,334,0,0,0,,0,,0,False
PV,B0,136,334,0,0,0,,0,,0,False
PV,B0,137,334,0,0,0,,0,,0,False
PV,B0,138,334,0,0,0,,0,,0,False
PV,B0,139,334,0,0,0,,0,,0,False
PV,B0,140,334,0,0,0,,0,,0,False
PV,B0,141,334,0,0,0,,0,,0,False
PV,B0,142,334,0,0,0,,0,,0,False
PV,B0,143,334,0,0,0,,0,,0,False
PV,B0,144,334,0,0,0,,0,,0,False
PV,B1,1,334,0,0,0,,0,,0,False
PV,B1,2,334,0,0,0,,0,,0,False
PV,B1,3,334,0,0,0,,0,,0,False
PV,B1,4,334,0,0,0,,0,,0,False
PV,B1,5,334,0,0,0,,0,,0,False
PV,B1,6,334,0,0,0,,0,,0,False
PV,B1,7,334,0,0,0,,0,,0,False
PV,B1,8,334,0,0,0,,0,,0,False
PV,B1,9,334,0,0,0,,0,,0,False
PV,B1,10,334,0,0,0,,0,,0,False
PV,B1,11,334,0,0,0,,0,,0,False
PV,B1,12,334,0,0,0,,0,,0,False
PV,B1,13,334,0,0,0,,0,,0,False
PV,B1,14,334,0,0,0,,0,,0,False
PV,B1,15,334,0,0,0,,0,,0,False
PV,B1,16,334,0,0,0,,0,,0,False
PV,B1,17,334,0,0,0,,0,,0,False
PV,B1,18,334,0,0,0,,0,,0,False
PV,B1,19,334,4.13173652695e-05,0.000191616766467,45,0.000253333333333,0.000160463400793,0.215625,4.13173652695e-05,True
PV,B1,20,334,1.85628742515e-05,4.34131736527e-05,11,0.000354545454545,0.000129253962517,0.427586206897,1.85628742515e-05,True
PV,B1,21,334,0,0,0,,0,,0,False
PV,B1,22,334,0.000534730538922,0.00334071856287,86,0.00202558139535,0.00147097670107,0.160064527693,0.000534730538922,True
PV,B1,23,334,0.000291017964072,0.00128622754491,51,0.00177647058824,0.000958760427263,0.22625698324,0.000291017964072,True
PV,B1,24,334,0,0,0,,0,,0,False
PV,B1,25,334,0.00748862275449,0.0469991017964,120,0.0207441666667,0.0203204389598,0.159335444046,0.00748862275449,True
PV,B1,26,334,0.00406646706587,0.0183646706587,84,0.0155154761905,0.0132443480206,0.22142880433,0.00406646706587,True
PV,B1,27,334,0,0,0,,0,,0,False
PV,B1,28,334,0.10434011976,0.65498502994,153,0.226890849673,0.283043664878,0.159301533609,0.10434011976,True
PV,B1,29,334,0.0566709580838,0.256255988024,113,0.161202654867,0.184476475384,0.22114979057,0.0566709580838,True
PV,B1,30,334,0.072754491018,0.315269461078,20,1.21125,0.334467413359,0.230769230769,0.072754491018,True
PV,B1,31,334,2.83167275449,20.4116473054,201,4.67736766169,7.71454301886,0.13872828156,2.83167275449,True
PV,B1,32,334,6.41543772455,59.5247745509,201,10.6400810945,16.4554643954,0.107777606433,6.41543772455,True
PV,B1,33,334,12.1023952096,119.085965569,119,33.8801470588,27.2721521267,0.101627384485,12.1023952096,True
PV,B1,34,334,19.7345338323,201.252302695,247,26.6455753036,40.807460828,0.0980586734567,19.7345338323,True
PV,B1,35,334,29.6631023952,302.764457186,234,42.3180264957,56.9895910777,0.0979741898073,29.6631023952,True
PV,B1,36,334,41.4622005988,424.612387725,182,76.0590659341,75.6464096482,0.097647176101,41.4622005988,True
PV,B1,37,334,52.2688248503,569.652829042,278,62.7671676259,91.6120640539,0.0917555784603,52.2688248503,True
PV,B1,38,334,67.5944649701,735.089382635,265,85.1755913208,110.140419114,0.091954076017,67.5944649701,True
PV,B1,39,334,89.4790419162,922.58241018,246,121.482926829,140.686224576,0.0969875871563,89.4790419162,True
PV,B1,40,334,105.783429341,1136.0352024,310,113.961460323,163.014303456,0.0931163304784,105.783429341,True
PV,B1,41,334,119.021840419,1374.12984431,302,131.628173841,181.10354669,0.0866161526961,119.021840419,True
PV,B1,42,334,139.405913174,1636.90879491,314,148.278821656,207.181914887,0.0851641298569,139.405913174,True
PV,B1,43,334,159.486990419,1925.34350479,334,159.486990419,229.047193408,0.0828356031131,159.486990419,True
PV,B1,44,334,186.837026946,2222.24350359,334,186.837026946,262.248543715,0.0840758569635,186.837026946,True
PV,B1,45,334,218.404041916,2520.78884731,334,218.404041916,297.584234644,0.0866411489204,218.404041916,True
PV,B1,46,334,235.562458683,2824.5786976,334,235.562458683,320.806998081,0.0833973784771,235.562458683,True
PV,B1,47,334,246.86598982,3129.33161377,334,246.86598982,339.539573457,0.0788877691114,246.86598982,True
PV,B1,48,334,262.595546407,3433.21246257,334,262.595546407,361.097311539,0.0764868324549,262.595546407,True
PV,B1,49,334,274.251250898,3737.1011988,334,274.251250898,369.240086289,0.0733860916012,274.251250898,True
PV,B1,50,334,293.520508982,4034.88488623,334,293.520508982,395.150823376,0.0727456959141,293.520508982,True
PV,B1,51,334,336.466392216,4326.83083832,334,336.466392216,441.779768127,0.0777627794541,336.466392216,True
PV,B1,52,334,337.462739521,4617.74558832,334,337.462739521,442.183091596,0.0730795434842,337.462739521,True
PV,B1,53,334,361.463738623,4898.39558114,334,361.463738623,463.030225109,0.0737922719052,361.463738623,True
PV,B1,54,334,418.262200599,5167.71500749,334,418.262200599,525.437733508,0.0809375517019,418.262200599,True
PV,B1,55,334,436.141958982,5433.67198024,334,436.141958982,569.818411627,0.0802665233691,436.141958982,True
PV,B1,56,334,439.090661677,5693.20771527,334,439.090661677,578.9555808,0.077125354218,439.090661677,True
PV,B1,57,334,454.090306886,5938.2822979,334,454.090306886,584.089295282,0.0764682923623,454.090306886,True
PV,B1,58,334,476.326414072,6161.27268263,334,476.326414072,604.634073803,0.0773097440427,476.326414072,True
PV,B1,59,334,495.626107485,6364.74223862,334,495.626107485,630.560155747,0.0778705702295,495.626107485,True
PV,B1,60,334,522.456511976,6556.97806886,334,522.456511976,670.540728327,0.0796794661335,522.456511976,True
PV,B1,61,334,544.531755689,6743.35005928,334,544.531755689,702.473902708,0.0807509251191,544.531755689,True
PV,B1,62,334,543.233093114,6906.27884611,334,543.233093114,712.782890601,0.0786578568892,543.233093114,True
PV,B1,63,334,553.184393713,7052.80542665,334,553.184393713,721.726987059,0.0784346597203,553.184393713,True
PV,B1,64,334,557.939993413,7207.41518533,334,557.939993413,718.750956584,0.0774119402125,557.939993413,True
PV,B1,65,334,564.453706287,7343.91929671,334,564.453706287,724.443086573,0.0768600094149,564.453706287,True
PV,B1,66,334,579.125411677,7448.55123503,334,579.125411677,747.460028141,0.0777500742632,579.125411677,True
PV,B1,67,334,590.916109581,7532.42737695,334,590.916109581,762.580480024,0.0784496258655,590.916109581,True
PV,B1,68,334,604.932008982,7604.24122844,334,604.932008982,770.618991474,0.0795519225139,604.932008982,True
PV,B1,69,334,625.361676647,7665.99835329,334,625.361676647,789.497714067,0.0815760254342,625.361676647,True
PV,B1,70,334,610.541603892,7712.44016467,334,610.541603892,783.513138481,0.0791632208298,610.541603892,True
PV,B1,71,334,606.399455988,7733.51182275,334,606.399455988,784.3543409,0.0784119129687,606.399455988,True
PV,B1,72,334,624.911452096,7741.89431138,334,624.911452096,797.431696365,0.0807181584974,624.911452096,True
PV,B1,73,334,634.556528144,7759.6213003,334,634.556528144,792.706196127,0.0817767393003,634.556528144,True
PV,B1,74,334,619.057961677,7751.9055488,334,619.057961677,777.445171301,0.0798588112019,619.057961677,True
PV,B1,75,334,606.84375,7697.99090569,334,606.84375,766.897820409,0.0788314454297,606.84375,True
PV,B1,76,334,617.924458982,7612.25176048,334,617.924458982,781.151376841,0.0811749897961,617.924458982,True
PV,B1,77,334,611.068363174,7533.30977395,334,611.068363174,775.600729067,0.0811155231246,611.068363174,True
PV,B1,78,334,593.924887725,7453.65482784,334,593.924887725,753.56219913,0.0796823707889,593.924887725,True
PV,B1,79,334,582.414049102,7330.5255976,334,582.414049102,737.760831042,0.0794505170669,582.414049102,True
PV,B1,80,334,562.723628743,7186.99553443,334,562.723628743,709.167528313,0.0782974785565,562.723628743,True
PV,B1,81,334,526.380202096,7047.65523952,334,526.380202096,666.189854895,0.0746886991781,526.380202096,True
PV,B1,82,334,500.537036826,6912.76776766,334,500.537036826,633.523942282,0.0724076164062,500.537036826,True
PV,B1,83,334,470.381791617,6749.09307545,334,470.381791617,598.910973636,0.0696955555892,470.381791617,True
PV,B1,84,334,442.18372006,6555.23937126,334,442.18372006,566.813451577,0.0674550073638,442.18372006,True
PV,B1,85,334,422.745565868,6359.26407934,334,422.745565868,551.865670769,0.0664771207162,422.745565868,True
PV,B1,86,334,413.686602096,6147.57352575,334,413.686602096,541.278380969,0.0672926643924,413.686602096,True
PV,B1,87,334,416.660479042,5913.15022455,334,416.660479042,534.371772233,0.0704633677852,416.660479042,True
PV,B1,88,334,417.984636527,5665.80436437,334,417.984636527,523.754030447,0.0737732208255,417.984636527,True
PV,B1,89,334,403.64039521,5412.66612275,334,403.64039521,503.498327015,0.0745733038128,403.64039521,True
PV,B1,90,334,394.398952096,5153.7681512,334,394.398952096,490.56765555,0.0765263280235,394.398952096,True
PV,B1,91,334,373.245300299,4885.33699311,334,373.245300299,472.287512253,0.0764011368766,373.245300299,True
PV,B1,92,334,345.219377844,4612.75365269,334,345.219377844,449.051708515,0.0748401939138,345.219377844,True
PV,B1,93,334,318.938510479,4330.9010479,334,318.938510479,419.068808049,0.0736425300304,318.938510479,True
PV,B1,94,334,302.155092515,4030.35627006,334,302.155092515,389.395070035,0.0749698220873,302.155092515,True
PV,B1,95,334,290.810296108,3734.53881886,334,290.810296108,373.488759177,0.0778704708166,290.810296108,True
PV,B1,96,334,279.538922156,3444.39217814,334,279.538922156,365.203932299,0.0811576927649,279.538922156,True
PV,B1,97,334,256.620472754,3138.04414222,334,256.620472754,334.652415532,0.0817772029725,256.620472754,True
PV,B1,98,334,231.178334431,2825.44507934,334,231.178334431,300.123965454,0.0818201479552,231.178334431,True
PV,B1,99,334,209.335890719,2519.69079341,334,209.335890719,277.549695241,0.0830799919045,209.335890719,True
PV,B1,100,334,181.235069162,2223.97716497,334,181.235069162,250.362594,0.0814914253691,181.235069162,True
PV,B1,101,334,157.709276946,1923.76084551,334,157.709276946,222.343492851,0.0819796687901,157.709276946,True
PV,B1,102,334,137.369236527,1628.89109281,314,146.113017516,196.225674269,0.084332977897,137.369236527,True
PV,B1,103,334,117.05455479,1369.49402006,301,129.875613289,174.366074671,0.0854728484213,117.05455479,True
PV,B1,104,334,100.433615269,1132.38003503,309,108.546039482,157.706982116,0.088692499128,100.433615269,True
PV,B1,105,334,86.5450598802,914.44244012,246,117.49847561,139.120851618,0.0946424357436,86.5450598802,True
PV,B1,106,334,66.4281715569,726.848438323,268,82.7809313433,109.455645968,0.0913920537686,66.4281715569,True
PV,B1,107,334,49.7912598802,564.620738024,276,60.2435228261,84.4601739305,0.0881853189709,49.7912598802,True
PV,B1,108,334,38.393488024,422.561901198,182,70.4278846154,67.276673722,0.0908588491181,38.393488024,True
PV,B1,109,334,28.9383386228,301.381842216,236,40.9310101695,55.7869658316,0.0960188523967,28.9383386228,True
PV,B1,110,334,19.1718107784,199.932527545,245,26.1230559184,38.7156841749,0.0958914040345,19.1718107784,True
PV,B1,111,334,9.44034431138,118.397043413,119,26.418592437,20.0281480907,0.0797346288322,9.44034431138,True
PV,B1,112,334,4.57156736527,59.3523805389,203,7.51669458128,10.9287712162,0.0770241618577,4.57156736527,True
PV,B1,113,334,2.00131826347,20.388505988,201,3.31575621891,5.33154141044,0.0981591424427,2.00131826347,True
PV,B1,114,334,0.0572604790419,0.300898203593,20,0.9525,0.260050591002,0.190298507463,0.0572604790419,True
PV,B1,115,334,0.0564916167665,0.250868263473,116,0.157803448276,0.178645060566,0.225184389545,0.0564916167665,True
PV,B1,116,334,0.081477245509,0.656498203593,152,0.175953947368,0.208359468429,0.124108862847,0.081477245509,True
PV,B1,117,334,0,0,0,,0,,0,False
PV,B1,118,334,0.00405329341317,0.0179766467066,86,0.0152430232558,0.0128255872623,0.225475500483,0.00405329341317,True
PV,B1,119,334,0.00584670658683,0.0471050898204,119,0.0160084033613,0.0149591819879,0.124120484838,0.00584670658683,True
PV,B1,120,334,0,0,0,,0,,0,False
PV,B1,121,334,0.000295808383234,0.00125628742515,53,0.00174905660377,0.00095494301802,0.235462345091,0.000295808383234,True
PV,B1,122,334,0.000416167664671,0.00335389221557,87,0.00154252873563,0.00108003104857,0.124084984824,0.000416167664671,True
PV,B1,123,334,0,0,0,,0,,0,False
PV,B1,124,334,1.85628742515e-05,4.46107784431e-05,12,0.000333333333333,0.000126206749869,0.41610738255,1.85628742515e-05,True
PV,B1,125,334,3.17365269461e-05,0.000198502994012,47,0.000176595744681,0.000139931548706,0.15987933635,3.17365269461e-05,True
PV,B1,126,334,0,0,0,,0,,0,False
PV,B1,127,334,0,0,0,,0,,0,False
PV,B1,128,334,0,0,0,,0,,0,False
PV,B1,129,334,0,0,0,,0,,0,False
PV,B1,130,334,0,0,0,,0,,0,False
PV,B1,131,334,0,0,0,,0,,0,False
PV,B1,132,334,0,0,0,,0,,0,False
PV,B1,133,334,0,0,0,,0,,0,False
PV,B1,134,334,0,0,0,,0,,0,False
PV,B1,135,334,0,0,0,,0,,0,False
PV,B1,136,334,0,0,0,,0,,0,False
PV,B1,137,334,0,0,0,,0,,0,False
PV,B1,138,334,0,0,0,,0,,0,False
PV,B1,139,334,0,0,0,,0,,0,False
PV,B1,140,334,0,0,0,,0,,0,False
PV,B1,141,334,0,0,0,,0,,0,False
PV,B1,142,334,0,0,0,,0,,0,False
PV,B1,143,334,0,0,0,,0,,0,False
PV,B1,144,334,0,0,0,,0,,0,False
PV,B2,1,334,0,0,0,,0,,0,False
PV,B2,2,334,0,0,0,,0,,0,False
PV,B2,3,334,0,0,0,,0,,0,False
PV,B2,4,334,0,0,0,,0,,0,False
PV,B2,5,334,0,0,0,,0,,0,False
PV,B2,6,334,0,0,0,,0,,0,False
PV,B2,7,334,0,0,0,,0,,0,False
PV,B2,8,334,0,0,0,,0,,0,False
PV,B2,9,334,0,0,0,,0,,0,False
PV,B2,10,334,0,0,0,,0,,0,False
PV,B2,11,334,0,0,0,,0,,0,False
PV,B2,12,334,0,0,0,,0,,0,False
PV,B2,13,334,0,0,0,,0,,0,False
PV,B2,14,334,0,0,0,,0,,0,False
PV,B2,15,334,0,0,0,,0,,0,False
PV,B2,16,334,0,0,0,,0,,0,False
PV,B2,17,334,0,0,0,,0,,0,False
PV,B2,18,334,0,0,0,,0,,0,False
PV,B2,19,334,8.74251497006e-05,0.000191616766467,45,0.000457777777778,0.000286628136481,0.45625,8.74251497006e-05,True
PV,B2,20,334,8.68263473054e-05,4.34131736527e-05,11,0.00131818181818,0.000341798694125,2,8.68263473054e-05,True
PV,B2,21,334,0,0,0,,0,,0,False
PV,B2,22,334,0.00137604790419,0.00334071856287,86,0.00463023255814,0.00303028624564,0.411901774512,0.00137604790419,True
PV,B2,23,334,0.00153233532934,0.00128622754491,51,0.00712745098039,0.0041810378908,1.19134078212,0.00153233532934,True
PV,B2,24,334,0,0,0,,0,,0,False
PV,B2,25,334,0.0193251497006,0.0469991017964,120,0.04865,0.0419424306047,0.411181255853,0.0193251497006,True
PV,B2,26,334,0.021525748503,0.0183646706587,84,0.0636452380952,0.0581190652755,1.17212820764,0.021525748503,True
PV,B2,27,334,0,0,0,,0,,0,False
PV,B2,28,334,0.26935508982,0.65498502994,153,0.532523529412,0.584190756671,0.411238543643,0.26935508982,True
PV,B2,29,334,0.299998502994,0.256255988024,113,0.661953982301,0.809440590353,1.17069850858,0.299998502994,True
PV,B2,30,334,0.348952095808,0.315269461078,20,4.513125,1.39827303398,1.10683760684,0.348952095808,True
PV,B2,31,334,7.23931407186,20.4116473054,201,11.0226865672,15.8439140616,0.354665841691,7.23931407186,True
PV,B2,32,334,16.4335188623,59.5247745509,201,26.5841074627,31.9385967252,0.276078640974,16.4335188623,True
PV,B2,33,334,27.4883982036,119.085965569,119,74.1044117647,51.825982604,0.230828192661,27.4883982036,True
PV,B2,34,334,42.2454709581,201.252302695,247,55.7505481781,71.1677686571,0.209912981827,42.2454709581,True
PV,B2,35,334,58.3844661677,302.764457186,234,82.5399576923,92.7402989581,0.192837913375,58.3844661677,True
PV,B2,36,334,74.4058383234,424.612387725,182,134.273695055,115.033462665,0.175232377751,74.4058383234,True
PV,B2,37,334,91.2268919162,569.652829042,278,108.315969784,133.997922838,0.160144718441,91.2268919162,True
PV,B2,38,334,113.141221557,735.089382635,265,141.819387925,157.601123035,0.153914917328,113.141221557,True
PV,B2,39,334,141.029640719,922.58241018,246,189.924390244,194.656790025,0.152864003435,141.029640719,True
PV,B2,40,334,166.533361377,1136.0352024,310,178.534835484,226.39411774,0.14659172623,166.533361377,True
PV,B2,41,334,188.295915868,1374.12984431,302,208.054475828,247.915802504,0.137029201897,188.295915868,True
PV,B2,42,334,212.269872754,1636.90879491,314,225.502547771,273.886836087,0.129677275493,212.269872754,True
PV,B2,43,334,228.269748503,1925.34350479,334,228.269748503,298.476347351,0.118560531113,228.269748503,True
PV,B2,44,334,248.433236228,2222.24350359,334,248.433236228,328.139723478,0.111793885695,248.433236228,True
PV,B2,45,334,276.316504491,2520.78884731,334,276.316504491,360.151463734,0.109615093222,276.316504491,True
PV,B2,46,334,299.515801796,2824.5786976,334,299.515801796,383.728192034,0.106039106664,299.515801796,True
PV,B2,47,334,322.841483832,3129.33161377,334,322.841483832,411.987966403,0.103166274361,322.841483832,True
PV,B2,48,334,348.58125,3433.21246257,334,348.58125,442.444291415,0.101532093862,348.58125,True
PV,B2,49,334,353.146417964,3737.1011988,334,353.146417964,450.748752342,0.0944974190362,353.146417964,True
PV,B2,50,334,377.934632635,4034.88488623,334,377.934632635,475.615894872,0.0936667695093,377.934632635,True
PV,B2,51,334,409.991654192,4326.83083832,334,409.991654192,522.484023781,0.0947556466872,409.991654192,True
PV,B2,52,334,419.934140419,4617.74558832,334,419.934140419,536.071033663,0.090939211004,419.934140419,True
PV,B2,53,334,444.915309581,4898.39558114,334,444.915309581,564.805988706,0.0908287830599,444.915309581,True
PV,B2,54,334,497.107185629,5167.71500749,334,497.107185629,620.350956479,0.096194775623,497.107185629,True
PV,B2,55,334,532.420047605,5433.67198024,334,532.420047605,665.081111419,0.0979853126102,532.420047605,True
PV,B2,56,334,545.241979641,5693.20771527,334,545.241979641,687.092165823,0.0957706106837,545.241979641,True
PV,B2,57,334,543.806586826,5938.2822979,334,543.806586826,689.544754205,0.0915764120911,543.806586826,True
PV,B2,58,334,537.96127994,6161.27268263,334,537.96127994,686.29117721,0.0873133373006,537.96127994,True
PV,B2,59,334,543.082838623,6364.74223862,334,543.082838623,689.822950374,0.0853267608116,543.082838623,True
PV,B2,60,334,569.448278443,6556.97806886,334,569.448278443,714.141640477,0.0868461465728,569.448278443,True
PV,B2,61,334,585.084298204,6743.35005928,334,585.084298204,736.673174541,0.0867646337592,585.084298204,True
PV,B2,62,334,587.960779641,6906.27884611,334,587.960779641,746.37633666,0.0851342369375,587.960779641,True
PV,B2,63,334,601.136564371,7052.80542665,334,601.136564371,755.815395189,0.0852336805011,601.136564371,True
PV,B2,64,334,604.178593413,7207.41518533,334,604.178593413,764.712804321,0.0838273608329,604.178593413,True
PV,B2,65,334,605.244978144,7343.91929671,334,605.244978144,769.795923332,0.0824144375354,605.244978144,True
PV,B2,66,334,591.905052395,7448.55123503,334,591.905052395,772.157275292,0.0794657959271,591.905052395,True
PV,B2,67,334,599.820588323,7532.42737695,334,599.820588323,784.150215107,0.0796317784834,599.820588323,True
PV,B2,68,334,615.611836826,7604.24122844,334,615.611836826,795.870562706,0.0809563792537,615.611836826,True
PV,B2,69,334,630.280576347,7665.99835329,334,630.280576347,821.699463189,0.0822176769809,630.280576347,True
PV,B2,70,334,651.935509281,7712.44016467,334,651.935509281,852.130600474,0.0845303814826,651.935509281,True
PV,B2,71,334,669.546952994,7733.51182275,334,669.546952994,869.886385955,0.0865773491189,669.546952994,True
PV,B2,72,334,684.949738024,7741.89431138,334,684.949738024,879.385076185,0.088473145005,684.949738024,True
PV,B2,73,334,690.964689222,7759.6213003,334,690.964689222,881.018896053,0.0890461869827,690.964689222,True
PV,B2,74,334,666.719489222,7751.9055488,334,666.719489222,867.534987758,0.0860071739812,666.719489222,True
PV,B2,75,334,648.131811377,7697.99090569,334,648.131811377,851.510785176,0.0841949307706,648.131811377,True
PV,B2,76,334,663.460526347,7612.25176048,334,663.460526347,856.7719995,0.0871569342716,663.460526347,True
PV,B2,77,334,668.105865569,7533.30977395,334,668.105865569,858.85636776,0.0886868966784,668.105865569,True
PV,B2,78,334,655.748128743,7453.65482784,334,655.748128743,842.188008539,0.0879767233509,655.748128743,True
PV,B2,79,334,628.780936228,7330.5255976,334,628.780936228,798.014239236,0.0857756961429,628.780936228,True
PV,B2,80,334,591.132675749,7186.99553443,334,591.132675749,748.640707929,0.0822503190543,591.132675749,True
PV,B2,81,334,551.859767964,7047.65523952,334,551.859767964,710.160724177,0.0783040244179,551.859767964,True
PV,B2,82,334,542.699012575,6912.76776766,334,542.699012575,702.989841654,0.0785067618087,542.699012575,True
PV,B2,83,334,534.576633533,6749.09307545,334,534.576633533,688.245710595,0.079207180514,534.576633533,True
PV,B2,84,334,513.811414671,6555.23937126,334,513.811414671,667.822345432,0.0783817928791,513.811414671,True
PV,B2,85,334,513.358383234,6359.26407934,334,513.358383234,667.684671373,0.080726067801,513.358383234,True
PV,B2,86,334,513.972414371,6147.57352575,334,513.972414371,658.706779081,0.0836057368356,513.972414371,True
PV,B2,87,334,506.241916168,5913.15022455,334,506.241916168,639.033536337,0.0856128961625,506.241916168,True
PV,B2,88,334,494.00041018,5665.80436437,334,494.00041018,631.454415583,0.087189810733,494.00041018,True
PV,B2,89,334,476.513131138,5412.66612275,334,476.513131138,609.472206454,0.0880366755183,476.513131138,True
PV,B2,90,334,451.422417665,5153.7681512,334,451.422417665,579.587550806,0.0875907499952,451.422417665,True
PV,B2,91,334,429.578327844,4885.33699311,334,429.578327844,549.048869529,0.0879321791823,429.578327844,True
PV,B2,92,334,415.110048204,4612.75365269,334,415.110048204,535.750749323,0.0899918095477,415.110048204,True
PV,B2,93,334,387.728892216,4330.9010479,334,387.728892216,504.152641848,0.08952614893,387.728892216,True
PV,B2,94,334,347.201419162,4030.35627006,334,347.201419162,444.664919123,0.0861465825592,347.201419162,True
PV,B2,95,334,329.477454192,3734.53881886,334,329.477454192,416.910230565,0.0882244020406,329.477454192,True
PV,B2,96,334,316.684468563,3444.39217814,334,316.684468563,408.951914972,0.0919420473001,316.684468563,True
PV,B2,97,334,290.407290719,3138.04414222,334,290.407290719,376.431441607,0.0925440425811,290.407290719,True
PV,B2,98,334,261.112398802,2825.44507934,334,261.112398802,339.90908013,0.0924146077769,261.112398802,True
PV,B2,99,334,245.555052395,2519.69079341,334,245.555052395,316.934623596,0.0974544388689,245.555052395,True
PV,B2,100,334,229.030731737,2223.97716497,334,229.030731737,293.758708848,0.102982501504,229.030731737,True
PV,B2,101,334,209.906852096,1923.76084551,334,209.906852096,266.166088421,0.109112758265,209.906852096,True
PV,B2,102,334,194.3625,1628.89109281,314,206.444426752,242.086998394,0.119321973616,194.3625,True
PV,B2,103,334,174.936602395,1369.49402006,301,193.827675415,222.537286426,0.127738127975,174.936602395,True
PV,B2,104,334,153.094463174,1132.38003503,309,164.643583172,203.263601949,0.135197070275,153.094463174,True
PV,B2,105,334,134.151197605,914.44244012,246,180.60472561,184.895630089,0.146702724763,134.151197605,True
PV,B2,106,334,112.002296108,726.848438323,268,138.96803806,155.621443805,0.154093054621,112.002296108,True
PV,B2,107,334,88.9167568862,564.620738024,276,106.301178986,126.763399689,0.157480501332,88.9167568862,True
PV,B2,108,334,69.8312874251,422.561901198,182,125.883791209,105.823949611,0.165256941592,69.8312874251,True
PV,B2,109,334,54.5504365269,301.381842216,236,76.3840169492,87.8602063998,0.181001072015,54.5504365269,True
PV,B2,110,334,40.707198503,199.932527545,245,54.0946138776,68.7974705292,0.203604681053,40.707198503,True
PV,B2,111,334,28.1876497006,118.397043413,119,76.1029411765,51.3265901614,0.238077310784,28.1876497006,True
PV,B2,112,334,16.9757008982,59.3523805389,203,27.2721729064,31.9193043278,0.286015501721,16.9757008982,True
PV,B2,113,334,6.92915299401,20.388505988,201,10.4732437811,15.1049830201,0.339855848098,6.92915299401,True
PV,B2,114,334,0.307410179641,0.300898203593,20,3.85125,1.25015305949,1.02164179104,0.307410179641,True
PV,B2,115,334,0.293244311377,0.250868263473,116,0.656375,0.781363979719,1.16891753193,0.293244311377,True
PV,B2,116,334,0.263871856287,0.656498203593,152,0.509806578947,0.570827151602,0.401938428534,0.263871856287,True
PV,B2,117,334,0,0,0,,0,,0,False
PV,B2,118,334,0.0210461077844,0.0179766467066,86,0.0632872093023,0.0561019548796,1.17074714367,0.0210461077844,True
PV,B2,119,334,0.0189299401198,0.0471050898204,119,0.0464453781513,0.0409848482299,0.401866129371,0.0189299401198,True
PV,B2,120,334,0,0,0,,0,,0,False
PV,B2,121,334,0.00149760479042,0.00125628742515,53,0.00720377358491,0.00404735442534,1.19208770257,0.00149760479042,True
PV,B2,122,334,0.00134850299401,0.00335389221557,87,0.00444827586207,0.00295160567283,0.40207105874,0.00134850299401,True
PV,B2,123,334,0,0,0,,0,,0,False
PV,B2,124,334,8.92215568862e-05,4.46107784431e-05,12,0.00124166666667,0.000335967634597,2,8.92215568862e-05,True
PV,B2,125,334,8.44311377246e-05,0.000198502994012,47,0.000421276595745,0.000276418497262,0.425339366516,8.44311377246e-05,True
PV,B2,126,334,0,0,0,,0,,0,False
PV,B2,127,334,0,0,0,,0,,0,False
PV,B2,128,334,0,0,0,,0,,0,False
PV,B2,129,334,0,0,0,,0,,0,False
PV,B2,130,334,0,0,0,,0,,0,False
PV,B2,131,334,0,0,0,,0,,0,False
PV,B2,132,334,0,0,0,,0,,0,False
PV,B2,133,334,0,0,0,,0,,0,False
PV,B2,134,334,0,0,0,,0,,0,False
PV,B2,135,334,0,0,0,,0,,0,False
PV,B2,136,334,0,0,0,,0,,0,False
PV,B2,137,334,0,0,0,,0,,0,False
PV,B2,138,334,0,0,0,,0,,0,False
PV,B2,139,334,0,0,0,,0,,0,False
PV,B2,140,334,0,0,0,,0,,0,False
PV,B2,141,334,0,0,0,,0,,0,False
PV,B2,142,334,0,0,0,,0,,0,False
PV,B2,143,334,0,0,0,,0,,0,False
PV,B2,144,334,0,0,0,,0,,0,False
PV,B3,1,334,0,0,0,,0,,0,False
PV,B3,2,334,0,0,0,,0,,0,False
PV,B3,3,334,0,0,0,,0,,0,False
PV,B3,4,334,0,0,0,,0,,0,False
PV,B3,5,334,0,0,0,,0,,0,False
PV,B3,6,334,0,0,0,,0,,0,False
PV,B3,7,334,0,0,0,,0,,0,False
PV,B3,8,334,0,0,0,,0,,0,False
PV,B3,9,334,0,0,0,,0,,0,False
PV,B3,10,334,0,0,0,,0,,0,False
PV,B3,11,334,0,0,0,,0,,0,False
PV,B3,12,334,0,0,0,,0,,0,False
PV,B3,13,334,0,0,0,,0,,0,False
PV,B3,14,334,0,0,0,,0,,0,False
PV,B3,15,334,0,0,0,,0,,0,False
PV,B3,16,334,0,0,0,,0,,0,False
PV,B3,17,334,0,0,0,,0,,0,False
PV,B3,18,334,0,0,0,,0,,0,False
PV,B3,19,334,5.97091531224e-05,0.000191616766467,45,0.00030253968254,0.000194272127538,0.311607142857,5.97091531224e-05,True
PV,B3,20,334,5.91958939264e-05,4.34131736527e-05,11,0.000898701298701,0.000236100857286,1.36354679803,5.91958939264e-05,True
PV,B3,21,334,0,0,0,,0,,0,False
PV,B3,22,334,0.000846449957228,0.00334071856287,86,0.00294568106312,0.00186681727045,0.253373620465,0.000846449957228,True
PV,B3,23,334,0.000924807527801,0.00128622754491,51,0.00475238095238,0.00254685266781,0.719007714818,0.000924807527801,True
PV,B3,24,334,0,0,0,,0,,0,False
PV,B3,25,334,0.0118972626176,0.0469991017964,120,0.0309554761905,0.025808657144,0.253138084833,0.0118972626176,True
PV,B3,26,334,0.012981094953,0.0183646706587,84,0.0423818027211,0.0353826900645,0.706851497324,0.012981094953,True
PV,B3,27,334,0,0,0,,0,,0,False
PV,B3,28,334,0.165833875107,0.65498502994,153,0.338940429505,0.359471613674,0.253187275322,0.165833875107,True
PV,B3,29,334,0.180888708298,0.256255988024,113,0.440581415929,0.492782026762,0.705890659151,0.180888708298,True
PV,B3,30,334,0.203378956373,0.315269461078,20,2.88321428571,0.832567321262,0.645095645095,0.203378956373,True
PV,B3,31,334,4.36445530368,20.4116473054,201,6.83206496091,9.70511025129,0.213821806657,4.36445530368,True
PV,B3,32,334,9.97460085543,59.5247745509,201,16.2746530917,19.6434594004,0.167570577641,9.97460085543,True
PV,B3,33,334,16.6592386655,119.085965569,119,45.49992497,32.1257863753,0.139892543894,16.6592386655,True
PV,B3,34,334,26.0350420873,201.252302695,247,34.6308766339,44.839348013,0.129365188565,26.0350420873,True
PV,B3,35,334,35.9016203593,302.764457186,234,50.9083706349,59.133665277,0.118579375839,35.9016203593,True
PV,B3,36,334,46.9954234389,424.612387725,182,85.3463795134,74.6132001736,0.110678408821,46.9954234389,True
PV,B3,37,334,58.4076569717,569.652829042,278,69.6537779547,88.3606991384,0.102532023004,58.4076569717,True
PV,B3,38,334,72.8001020957,735.089382635,265,91.4275897573,104.92099364,0.0990357143165,72.8001020957,True
PV,B3,39,334,92.6292985458,922.58241018,246,125.183057491,129.798702933,0.100402194453,92.6292985458,True
PV,B3,40,334,110.018741916,1136.0352024,310,118.188327696,150.842750565,0.0968444830618,110.018741916,True
PV,B3,41,334,123.761945381,1374.12984431,302,136.802908656,165.733133831,0.0900656847626,123.761945381,True
PV,B3,42,334,140.060398845,1636.90879491,314,148.867066652,185.67708801,0.0855639601184,140.060398845,True
PV,B3,43,334,154.890472156,1925.34350479,334,154.890472156,203.903715566,0.0804482274307,154.890472156,True
PV,B3,44,334,171.747855731,2222.24350359,334,171.747855731,224.835746576,0.0772857949426,171.747855731,True
PV,B3,45,334,189.104576561,2520.78884731,334,189.104576561,246.820421466,0.0750180153975,189.104576561,True
PV,B3,46,334,203.661972156,2824.5786976,334,203.661972156,264.031056625,0.0721034865583,203.661972156,True
PV,B3,47,334,215.027750256,3129.33161377,334,215.027750256,283.667612431,0.0687136349852,215.027750256,True
PV,B3,48,334,228.412852866,3433.21246257,334,228.412852866,305.050585584,0.066530357604,228.412852866,True
PV,B3,49,334,238.173520145,3737.1011988,334,238.173520145,313.743259267,0.0637321569514,238.173520145,True
PV,B3,50,334,258.040234944,4034.88488623,334,258.040234944,334.519902944,0.0639523164155,258.040234944,True
PV,B3,51,334,289.177737382,4326.83083832,334,289.177737382,369.844464405,0.0668336129116,289.177737382,True
PV,B3,52,334,293.070238708,4617.74558832,334,293.070238708,379.341128385,0.0634660860159,293.070238708,True
PV,B3,53,334,316.960332463,4898.39558114,334,316.960332463,404.043831898,0.064706969295,316.960332463,True
PV,B3,54,334,349.317809025,5167.71500749,334,349.317809025,446.592019025,0.0675961829394,349.317809025,True
PV,B3,55,334,363.566556031,5433.67198024,334,363.566556031,472.189988787,0.0669099197289,363.566556031,True
PV,B3,56,334,371.695465056,5693.20771527,334,371.695465056,486.219507195,0.0652875292182,371.695465056,True
PV,B3,57,334,376.095792344,5938.2822979,334,376.095792344,497.643889182,0.0633341046243,376.095792344,True
PV,B3,58,334,388.863374252,6161.27268263,334,388.863374252,500.86606621,0.0631141314923,388.863374252,True
PV,B3,59,334,391.834454619,6364.74223862,334,391.834454619,508.01666821,0.061563287236,391.834454619,True
PV,B3,60,334,410.462264756,6556.97806886,334,410.462264756,530.830276697,0.0625993041986,410.462264756,True
PV,B3,61,334,420.364007656,6743.35005928,334,420.364007656,542.277723229,0.0623375627783,420.364007656,True
PV,B3,62,334,430.390735629,6906.27884611,334,430.390735629,543.189561832,0.0623187602498,430.390735629,True
PV,B3,63,334,440.559511335,7052.80542665,334,440.559511335,551.414362885,0.062465853612,440.559511335,True
PV,B3,64,334,446.68471296,7207.41518533,334,446.68471296,565.97363604,0.0619757154922,446.68471296,True
PV,B3,65,334,454.647856715,7343.91929671,334,454.647856715,578.354821549,0.0619080682053,454.647856715,True
PV,B3,66,334,455.688948888,7448.55123503,334,455.688948888,584.003178171,0.0611781988885,455.688948888,True
PV,B3,67,334,459.216472412,7532.42737695,334,459.216472412,587.309084425,0.0609652704808,459.216472412,True
PV,B3,68,334,461.318117622,7604.24122844,334,461.318117622,596.076760517,0.060665897328,461.318117622,True
PV,B3,69,334,477.906720488,7665.99835329,334,477.906720488,613.646712939,0.0623410935488,477.906720488,True
PV,B3,70,334,489.95894538,7712.44016467,334,489.95894538,622.369104732,0.063528395024,489.95894538,True
PV,B3,71,334,496.726592429,7733.51182275,334,496.726592429,625.782724523,0.0642304044804,496.726592429,True
PV,B3,72,334,495.076459581,7741.89431138,334,495.076459581,628.537917687,0.0639477161104,495.076459581,True
PV,B3,73,334,502.072728742,7759.6213003,334,502.072728742,629.638293292,0.0647032515263,502.072728742,True
PV,B3,74,334,490.467719247,7751.9055488,334,490.467719247,623.79333039,0.06327060052,490.467719247,True
PV,B3,75,334,478.278801326,7697.99090569,334,478.278801326,616.01542962,0.0621303411742,478.278801326,True
PV,B3,76,334,485.614772327,7612.25176048,334,485.614772327,626.777782111,0.0637938401943,485.614772327,True
PV,B3,77,334,481.877959581,7533.30977395,334,481.877959581,629.001403291,0.0639663008745,481.877959581,True
PV,B3,78,334,473.776363345,7453.65482784,334,473.776363345,607.166916442,0.0635629599555,473.776363345,True
PV,B3,79,334,445.255367622,7330.5255976,334,445.255367622,580.039706777,0.0607398967091,445.255367622,True
PV,B3,80,334,429.930682763,7186.99553443,334,429.930682763,552.580652964,0.0598206414215,429.930682763,True
PV,B3,81,334,404.376325919,7047.65523952,334,404.376325919,523.251222953,0.0573774272685,404.376325919,True
PV,B3,82,334,399.467317879,6912.76776766,334,399.467317879,511.500113624,0.0577868852686,399.467317879,True
PV,B3,83,334,390.83452438,6749.09307545,334,390.83452438,496.423258735,0.0579091916515,390.83452438,True
PV,B3,84,334,366.773994867,6555.23937126,334,366.773994867,474.284469386,0.0559512741023,366.773994867,True
PV,B3,85,334,366.515429513,6359.26407934,334,366.515429513,469.24604475,0.0576348811655,366.515429513,True
PV,B3,86,334,358.552459923,6147.57352575,334,358.552459923,460.769162595,0.0583242247402,358.552459923,True
PV,B3,87,334,352.787024166,5913.15022455,334,352.787024166,446.520571163,0.059661434391,352.787024166,True
PV,B3,88,334,347.718008041,5665.80436437,334,347.718008041,445.705252181,0.0613713403568,347.718008041,True
PV,B3,89,334,336.840091232,5412.66612275,334,336.840091232,433.992321078,0.0622318250548,336.840091232,True
PV,B3,90,334,318.7909645,5153.7681512,334,318.7909645,415.107850426,0.0618558994404,318.7909645,True
PV,B3,91,334,304.578025535,4885.33699311,334,304.578025535,399.779119896,0.0623453460762,304.578025535,True
PV,B3,92,334,295.748720488,4612.75365269,334,295.748720488,386.96356965,0.0641154379261,295.748720488,True
PV,B3,93,334,280.007720274,4330.9010479,334,280.007720274,361.230234009,0.0646534559845,280.007720274,True
PV,B3,94,334,245.568691018,4030.35627006,334,245.568691018,323.249346284,0.0609297725966,245.568691018,True
PV,B3,95,334,228.875056758,3734.53881886,334,228.875056758,301.241713301,0.0612860296435,228.875056758,True
PV,B3,96,334,228.00886976,3444.39217814,334,228.00886976,294.277401484,0.0661971279598,228.00886976,True
PV,B3,97,334,210.372700128,3138.04414222,334,210.372700128,271.940914663,0.0670394330336,210.372700128,True
PV,B3,98,334,190.774905518,2825.44507934,334,190.774905518,248.292894827,0.0675203021685,190.774905518,True
PV,B3,99,334,177.120712147,2519.69079341,334,177.120712147,233.043303033,0.0702946221061,177.120712147,True
PV,B3,100,334,161.47429521,2223.97716497,334,161.47429521,213.184690608,0.0726060940521,161.47429521,True
PV,B3,101,334,145.592870872,1923.76084551,334,145.592870872,190.749733597,0.0756813775539,145.592870872,True
PV,B3,102,334,132.985698246,1628.89109281,314,141.341679936,170.540463548,0.0816418598106,132.985698246,True
PV,B3,103,334,121.588578999,1369.49402006,301,134.793316801,156.656757905,0.0887835778895,121.588578999,True
PV,B3,104,334,106.90796112,1132.38003503,309,115.228426213,142.508014456,0.094409966454,106.90796112,True
PV,B3,105,334,89.1698674081,914.44244012,246,120.496929443,125.966287659,0.097512826938,89.1698674081,True
PV,B3,106,334,72.5466363132,726.848438323,268,90.1720383264,104.756900824,0.0998098537304,72.5466363132,True
PV,B3,107,334,57.2495571429,564.620738024,276,68.7571343685,84.5851673517,0.101394712038,57.2495571429,True
PV,B3,108,334,43.3466638152,422.561901198,182,78.66116562,68.5831474753,0.102580624738,43.3466638152,True
PV,B3,109,334,34.0683006844,301.381842216,236,47.8683118039,57.0285984876,0.113040322648,34.0683006844,True
PV,B3,110,334,25.296530154,199.932527545,245,33.9099826239,44.1573447229,0.126525335645,25.296530154,True
PV,B3,111,334,16.737927716,118.397043413,119,45.7353241296,31.3405749362,0.14137116294,16.737927716,True
PV,B3,112,334,10.0447362703,59.3523805389,203,16.2611278677,19.2840647115,0.169238978776,10.0447362703,True
PV,B3,113,334,4.18898045337,20.388505988,201,6.53632366736,9.14643444393,0.205457940657,4.18898045337,True
PV,B3,114,334,0.180827630453,0.300898203593,20,2.50098214286,0.746977480708,0.600959488273,0.180827630453,True
PV,B3,115,334,0.173905774166,0.250868263473,116,0.423886453202,0.472215688719,0.693215521798,0.173905774166,True
PV,B3,116,334,0.164626005133,0.656498203593,152,0.330503665414,0.34780831619,0.250763831845,0.164626005133,True
PV,B3,117,334,0,0,0,,0,,0,False
PV,B3,118,334,0.0124792985458,0.0179766467066,86,0.0408817275748,0.0339057759089,0.69419501587,0.0124792985458,True
PV,B3,119,334,0.0118103507271,0.0471050898204,119,0.0300280912365,0.0249721149141,0.250723452013,0.0118103507271,True
PV,B3,120,334,0,0,0,,0,,0,False
PV,B3,121,334,0.000890248075278,0.00125628742515,53,0.00463477088949,0.00245072844294,0.708634073267,0.000890248075278,True
PV,B3,122,334,0.000840975192472,0.00335389221557,87,0.00287405582923,0.00180010353145,0.250746040248,0.000840975192472,True
PV,B3,123,334,0,0,0,,0,,0,False
PV,B3,124,334,5.54319931565e-05,4.46107784431e-05,12,0.000771428571428,0.000225627968032,1.24256951103,5.54319931565e-05,True
PV,B3,125,334,5.62018819504e-05,0.000198502994012,47,0.000287537993921,0.000180176702546,0.28312863607,5.62018819504e-05,True
PV,B3,126,334,0,0,0,,0,,0,False
PV,B3,127,334,0,0,0,,0,,0,False
PV,B3,128,334,0,0,0,,0,,0,False
PV,B3,129,334,0,0,0,,0,,0,False
PV,B3,130,334,0,0,0,,0,,0,False
PV,B3,131,334,0,0,0,,0,,0,False
PV,B3,132,334,0,0,0,,0,,0,False
PV,B3,133,334,0,0,0,,0,,0,False
PV,B3,134,334,0,0,0,,0,,0,False
PV,B3,135,334,0,0,0,,0,,0,False
PV,B3,136,334,0,0,0,,0,,0,False
PV,B3,137,334,0,0,0,,0,,0,False
PV,B3,138,334,0,0,0,,0,,0,False
PV,B3,139,334,0,0,0,,0,,0,False
PV,B3,140,334,0,0,0,,0,,0,False
PV,B3,141,334,0,0,0,,0,,0,False
PV,B3,142,334,0,0,0,,0,,0,False
PV,B3,143,334,0,0,0,,0,,0,False
PV,B3,144,334,0,0,0,,0,,0,False
PV,B4,1,334,0,0,0,,0,,0,False
PV,B4,2,334,0,0,0,,0,,0,False
PV,B4,3,334,0,0,0,,0,,0,False
PV,B4,4,334,0,0,0,,0,,0,False
PV,B4,5,334,0,0,0,,0,,0,False
PV,B4,6,334,0,0,0,,0,,0,False
PV,B4,7,334,0,0,0,,0,,0,False
PV,B4,8,334,0,0,0,,0,,0,False
PV,B4,9,334,0,0,0,,0,,0,False
PV,B4,10,334,0,0,0,,0,,0,False
PV,B4,11,334,0,0,0,,0,,0,False
PV,B4,12,334,0,0,0,,0,,0,False
PV,B4,13,334,0,0,0,,0,,0,False
PV,B4,14,334,0,0,0,,0,,0,False
PV,B4,15,334,0,0,0,,0,,0,False
PV,B4,16,334,0,0,0,,0,,0,False
PV,B4,17,334,0,0,0,,0,,0,False
PV,B4,18,334,0,0,0,,0,,0,False
PV,B4,19,334,0.00029300449128,0.000191616766467,45,0.00127293629169,0.000506244081549,1.52911718887,0.00029300449128,True
PV,B4,20,334,7.6640286176e-05,4.34131736527e-05,11,0.00129787878788,0.000242502875648,1.76536935054,7.6640286176e-05,True
PV,B4,21,334,0,0,0,,0,,0,False
PV,B4,22,334,0.00467403991471,0.00334071856287,86,0.0111255368709,0.00722567779196,1.39911214511,0.00467403991471,True
PV,B4,23,334,0.00202494135267,0.00128622754491,51,0.00761973608646,0.00405737232347,1.57432591199,0.00202494135267,True
PV,B4,24,334,0,0,0,,0,,0,False
PV,B4,25,334,0.0652782820517,0.0469991017964,120,0.120455831369,0.100505004547,1.38892616149,0.0652782820517,True
PV,B4,26,334,0.028481631326,0.0183646706587,84,0.0687698436113,0.0564180260007,1.55089257278,0.028481631326,True
PV,B4,27,334,0,0,0,,0,,0,False
PV,B4,28,334,0.909382195741,0.65498502994,153,1.39128755625,1.39970111125,1.38840149648,0.909382195741,True
PV,B4,29,334,0.396930028281,0.256255988024,113,0.758230753575,0.785635380795,1.5489590364,0.396930028281,True
PV,B4,30,334,0.528415051148,0.315269461078,20,5.109071875,1.46451477155,1.67607433128,0.528415051148,True
PV,B4,31,334,28.3663301704,20.4116473054,201,37.1628317542,43.4343849426,1.38971292939,28.3663301704,True
PV,B4,32,334,76.9981117248,59.5247745509,201,99.319532521,108.712220036,1.2935473054,76.9981117248,True
PV,B4,33,334,145.455184111,119.085965569,119,253.47089389,191.376829087,1.22143011073,145.455184111,True
PV,B4,34,334,228.223959322,201.252302695,247,257.810248082,284.871381206,1.13401912061,228.223959322,True
PV,B4,35,334,322.234553957,302.764457186,234,366.238648657,388.846132834,1.06430773596,322.234553957,True
PV,B4,36,334,424.144233815,424.612387725,182,520.014946197,499.517372674,0.998897455837,424.144233815,True
PV,B4,37,334,530.418618618,569.652829042,278,553.152649835,611.065122731,0.931126102736,530.418618618,True
PV,B4,38,334,638.76536508,735.089382635,265,656.833200636,723.961674695,0.868962850191,638.76536508,True
PV,B4,39,334,746.139822858,922.58241018,246,743.444358405,834.760480753,0.808751407598,746.139822858,True
PV,B4,40,334,845.668179913,1136.0352024,310,830.030181092,934.52302808,0.74440314713,845.668179913,True
PV,B4,41,334,936.625742604,1374.12984431,302,894.811615225,1027.13080808,0.68161371102,936.625742604,True
PV,B4,42,334,1001.9227361,1636.90879491,314,965.517064719,1100.27744014,0.612082199824,1001.9227361,True
PV,B4,43,334,1022.706846,1925.34350479,334,1022.706846,1127.8787001,0.531181497461,1022.706846,True
PV,B4,44,334,1024.53184112,2222.24350359,334,1024.53184112,1135.33596307,0.461034913351,1024.53184112,True
PV,B4,45,334,1024.26296929,2520.78884731,334,1024.26296929,1139.84744885,0.406326365013,1024.26296929,True
PV,B4,46,334,1020.12500133,2824.5786976,334,1020.12500133,1140.61836317,0.361160056258,1020.12500133,True
PV,B4,47,334,1011.91057924,3129.33161377,334,1011.91057924,1140.13098114,0.323363166365,1011.91057924,True
PV,B4,48,334,1004.40103515,3433.21246257,334,1004.40103515,1138.5401013,0.292554290216,1004.40103515,True
PV,B4,49,334,1000.51712428,3737.1011988,334,1000.51712428,1133.49334911,0.267725456459,1000.51712428,True
PV,B4,50,334,995.668363779,4034.88488623,334,995.668363779,1130.93195182,0.246764998719,995.668363779,True
PV,B4,51,334,989.588354588,4326.83083832,334,989.588354588,1132.8467671,0.228709739661,989.588354588,True
PV,B4,52,334,983.821653437,4617.74558832,334,983.821653437,1130.30374378,0.213052372553,983.821653437,True
PV,B4,53,334,987.6918379,4898.39558114,334,987.6918379,1135.79886508,0.20163578493,987.6918379,True
PV,B4,54,334,997.265222921,5167.71500749,334,997.265222921,1149.0327776,0.192979918877,997.265222921,True
PV,B4,55,334,1003.07979876,5433.67198024,334,1003.07979876,1157.77690604,0.184604407922,1003.07979876,True
PV,B4,56,334,1009.83228668,5693.20771527,334,1009.83228668,1171.9683238,0.177374924153,1009.83228668,True
PV,B4,57,334,1016.82032865,5938.2822979,334,1016.82032865,1183.51697937,0.171231389422,1016.82032865,True
PV,B4,58,334,1005.79671527,6161.27268263,334,1005.79671527,1169.72154353,0.16324496043,1005.79671527,True
PV,B4,59,334,999.386291739,6364.74223862,334,999.386291739,1159.92814699,0.157019130433,999.386291739,True
PV,B4,60,334,1007.98721383,6556.97806886,334,1007.98721383,1166.19976923,0.153727403575,1007.98721383,True
PV,B4,61,334,997.63267781,6743.35005928,334,997.63267781,1158.96184079,0.147943183883,997.63267781,True
PV,B4,62,334,981.883392263,6906.27884611,334,981.883392263,1142.08855695,0.142172567043,981.883392263,True
PV,B4,63,334,976.780250245,7052.80542665,334,976.780250245,1140.03622122,0.138495278284,976.780250245,True
PV,B4,64,334,986.568697162,7207.41518533,334,986.568697162,1156.72399333,0.136882456719,986.568697162,True
PV,B4,65,334,995.910879923,7343.91929671,334,995.910879923,1166.77292254,0.135610270169,995.910879923,True
PV,B4,66,334,993.095628151,7448.55123503,334,993.095628151,1163.77670972,0.133327354114,993.095628151,True
PV,B4,67,334,988.346996311,7532.42737695,334,988.346996311,1159.65863952,0.131212283485,988.346996311,True
PV,B4,68,334,990.542311341,7604.24122844,334,990.542311341,1163.17871895,0.130261821211,990.542311341,True
PV,B4,69,334,1009.68634501,7665.99835329,334,1009.68634501,1179.69373024,0.131709700222,1009.68634501,True
PV,B4,70,334,1030.90782696,7712.44016467,334,1030.90782696,1198.74469317,0.133668178288,1030.90782696,True
PV,B4,71,334,1025.87813133,7733.51182275,334,1025.87813133,1200.85778533,0.132653593199,1025.87813133,True
PV,B4,72,334,1017.52233958,7741.89431138,334,1017.52233958,1198.78758444,0.131430667826,1017.52233958,True
PV,B4,73,334,1044.02858961,7759.6213003,334,1044.02858961,1220.41218903,0.134546332766,1044.02858961,True
PV,B4,74,334,1053.09145029,7751.9055488,334,1053.09145029,1227.17131749,0.135849365508,1053.09145029,True
PV,B4,75,334,1036.25530844,7697.99090569,334,1036.25530844,1212.31090833,0.134613735082,1036.25530844,True
PV,B4,76,334,1035.00567026,7612.25176048,334,1035.00567026,1213.79297918,0.135965769765,1035.00567026,True
PV,B4,77,334,1027.65119987,7533.30977395,334,1027.65119987,1209.07314849,0.136414302705,1027.65119987,True
PV,B4,78,334,1009.50862194,7453.65482784,334,1009.50862194,1187.76308187,0.135438069679,1009.50862194,True
PV,B4,79,334,994.370245394,7330.5255976,334,994.370245394,1172.33077102,0.135647878471,994.370245394,True
PV,B4,80,334,988.373518897,7186.99553443,334,988.373518897,1162.52009103,0.137522489636,988.373518897,True
PV,B4,81,334,994.992718222,7047.65523952,334,994.992718222,1158.78399382,0.141180674197,994.992718222,True
PV,B4,82,334,1005.06896907,6912.76776766,334,1005.06896907,1169.37939444,0.145393133814,1005.06896907,True
PV,B4,83,334,1003.77600803,6749.09307545,334,1003.77600803,1170.52760102,0.148727539657,1003.77600803,True
PV,B4,84,334,995.465841811,6555.23937126,334,995.465841811,1158.06169263,0.151858045974,995.465841811,True
PV,B4,85,334,993.219895662,6359.26407934,334,993.219895662,1151.29022701,0.15618472252,993.219895662,True
PV,B4,86,334,992.010124793,6147.57352575,334,992.010124793,1146.44386253,0.161366126105,992.010124793,True
PV,B4,87,334,986.829873303,5913.15022455,334,986.829873303,1140.84942248,0.166887333457,986.829873303,True
PV,B4,88,334,989.591923432,5665.80436437,334,989.591923432,1143.61964669,0.174660447095,989.591923432,True
PV,B4,89,334,983.093382218,5412.66612275,334,983.093382218,1138.37668367,0.181628306628,983.093382218,True
PV,B4,90,334,975.544189723,5153.7681512,334,975.544189723,1127.90148373,0.189287558366,975.544189723,True
PV,B4,91,334,972.617473848,4885.33699311,334,972.617473848,1126.32166049,0.199089126343,972.617473848,True
PV,B4,92,334,977.791337531,4612.75365269,334,977.791337531,1133.27328366,0.21197562479,977.791337531,True
PV,B4,93,334,980.249205791,4330.9010479,334,980.249205791,1134.14769906,0.226338398164,980.249205791,True
PV,B4,94,334,972.674276863,4030.35627006,334,972.674276863,1119.07638538,0.241337046079,972.674276863,True
PV,B4,95,334,977.511011887,3734.53881886,334,977.511011887,1118.53407066,0.261748788619,977.511011887,True
PV,B4,96,334,995.613523902,3444.39217814,334,995.613523902,1131.83461645,0.289053473707,995.613523902,True
PV,B4,97,334,1001.56015669,3138.04414222,334,1001.56015669,1129.52849852,0.319167006997,1001.56015669,True
PV,B4,98,334,1002.93561922,2825.44507934,334,1002.93561922,1123.95128867,0.354965533238,1002.93561922,True
PV,B4,99,334,1007.5893961,2519.69079341,334,1007.5893961,1124.3864528,0.399886128382,1007.5893961,True
PV,B4,100,334,1015.09669443,2223.97716497,334,1015.09669443,1125.63373743,0.456433056247,1015.09669443,True
PV,B4,101,334,1014.54893026,1923.76084551,334,1014.54893026,1119.65001633,0.527377887241,1014.54893026,True
PV,B4,102,334,991.809953869,1628.89109281,314,955.402253237,1090.33503011,0.608886596682,991.809953869,True
PV,B4,103,334,931.84085209,1369.49402006,301,888.214242253,1023.13499907,0.680427105515,931.84085209,True
PV,B4,104,334,843.263808986,1132.38003503,309,826.659841738,931.110630328,0.744682688585,843.263808986,True
PV,B4,105,334,739.699391293,914.44244012,246,737.081823497,825.272451436,0.8089075472,739.699391293,True
PV,B4,106,334,631.950019687,726.848438323,268,651.657277744,713.447675394,0.869438505151,631.950019687,True
PV,B4,107,334,525.983589771,564.620738024,276,548.190672512,603.604518651,0.931569732298,525.983589771,True
PV,B4,108,334,422.453301741,422.561901198,182,518.182970421,495.968243633,0.999742997521,422.453301741,True
PV,B4,109,334,320.373096001,301.381842216,236,363.614121268,386.803582285,1.06301392826,320.373096001,True
PV,B4,110,334,226.469537716,199.932527545,245,256.140768908,283.41590335,1.13272982889,226.469537716,True
PV,B4,111,334,144.861521525,118.397043413,119,252.714383703,191.054219129,1.22352313325,144.861521525,True
PV,B4,112,334,76.7464529179,59.3523805389,203,98.6355935455,108.881795129,1.2930644436,76.7464529179,True
PV,B4,113,334,28.3443012166,20.388505988,201,37.2693574018,43.3347920198,1.39020981887,28.3443012166,True
PV,B4,114,334,0.503854977511,0.300898203593,20,4.86973125,1.36307542969,1.67450310934,0.503854977511,True
PV,B4,115,334,0.385917155018,0.250868263473,116,0.723803619703,0.764008925769,1.53832593121,0.385917155018,True
PV,B4,116,334,0.910530855831,0.656498203593,152,1.40532260155,1.40339559265,1.38695102416,0.910530855831,True
PV,B4,117,334,0,0,0,,0,,0,False
PV,B4,118,334,0.0276947460211,0.0179766467066,86,0.0653345276534,0.0548645650833,1.54059577813,0.0276947460211,True
PV,B4,119,334,0.0653698274287,0.0471050898204,119,0.120947157391,0.100771930529,1.38774445985,0.0653698274287,True
PV,B4,120,334,0,0,0,,0,,0,False
PV,B4,121,334,0.00197719092713,0.00125628742515,53,0.00716498711086,0.00394835177807,1.57383643866,0.00197719092713,True
PV,B4,122,334,0.00468647398016,0.00335389221557,87,0.0110154774892,0.00724495167694,1.39732396837,0.00468647398016,True
PV,B4,123,334,0,0,0,,0,,0,False
PV,B4,124,334,7.61075334146e-05,4.46107784431e-05,12,0.00122416666667,0.000238184885652,1.70603464164,7.61075334146e-05,True
PV,B4,125,334,0.000301701334432,0.000198502994012,47,0.00125539065241,0.000511668270364,1.51988304224,0.000301701334432,True
PV,B4,126,334,0,0,0,,0,,0,False
PV,B4,127,334,0,0,0,,0,,0,False
PV,B4,128,334,0,0,0,,0,,0,False
PV,B4,129,334,0,0,0,,0,,0,False
PV,B4,130,334,0,0,0,,0,,0,False
PV,B4,131,334,0,0,0,,0,,0,False
PV,B4,132,334,0,0,0,,0,,0,False
PV,B4,133,334,0,0,0,,0,,0,False
PV,B4,134,334,0,0,0,,0,,0,False
PV,B4,135,334,0,0,0,,0,,0,False
PV,B4,136,334,0,0,0,,0,,0,False
PV,B4,137,334,0,0,0,,0,,0,False
PV,B4,138,334,0,0,0,,0,,0,False
PV,B4,139,334,0,0,0,,0,,0,False
PV,B4,140,334,0,0,0,,0,,0,False
PV,B4,141,334,0,0,0,,0,,0,False
PV,B4,142,334,0,0,0,,0,,0,False
PV,B4,143,334,0,0,0,,0,,0,False
PV,B4,144,334,0,0,0,,0,,0,False
