series,model,forecast_date,available_history_days,n,mae_kw,mean_abs_actual_kw,daylight_n,daylight_mae_kw,rmse_kw,nmae,all_day_mae_kw,nmae_defined
Load,B0,2025-02-01,31,144,672.182085417,3179.38359514,0,,856.672610391,0.211418995319,,True
Load,B0,2025-02-02,32,144,1618.98555903,5071.08219375,0,,2050.36776935,0.319258394396,,True
Load,B0,2025-02-03,33,144,1608.25173472,5108.490375,0,,2029.86335563,0.314819372587,,True
Load,B0,2025-02-04,34,144,1557.00465625,5065.75411875,0,,1990.31986367,0.307358908417,,True
Load,B0,2025-02-05,35,144,1769.20662917,5082.96185139,0,,2179.69203679,0.348066084479,,True
Load,B0,2025-02-06,36,144,1779.44092222,5093.8401125,0,,2207.68503196,0.3493319152,,True
Load,B0,2025-02-07,37,144,748.511395833,3173.69153889,0,,933.524428269,0.235848817272,,True
Load,B0,2025-02-08,38,144,781.374540972,3156.11614653,0,,962.919921573,0.247574710402,,True
Load,B0,2025-02-09,39,144,1854.43990972,5064.49598194,0,,2265.51861799,0.366164750912,,True
Load,B0,2025-02-10,40,144,1631.91369514,5061.56518819,0,,2054.44524977,0.32241285738,,True
Load,B0,2025-02-11,41,144,1557.24941875,5060.05340069,0,,1977.4217333,0.307753554248,,True
Load,B0,2025-02-12,42,144,1837.75561597,5056.82720347,0,,2243.86071778,0.36342068693,,True
Load,B0,2025-02-13,43,144,1825.97147847,5054.59515486,0,,2215.42215969,0.361249797962,,True
Load,B0,2025-02-14,44,144,757.94726875,3161.35991458,0,,939.833106383,0.239753552025,,True
Load,B0,2025-02-15,45,144,684.31824375,3168.93967708,0,,864.010749944,0.215945493914,,True
Load,B0,2025-02-16,46,144,1772.47854653,5053.20738681,0,,2186.46262183,0.350763072016,,True
Load,B0,2025-02-17,47,144,1731.18304931,5040.01553403,0,,2136.15346559,0.343487641579,,True
Load,B0,2025-02-18,48,144,1681.99700556,5055.46963472,0,,2113.83884003,0.332708358884,,True
Load,B0,2025-02-19,49,144,1812.94084097,5077.78308819,0,,2215.06603393,0.357033927894,,True
Load,B0,2025-02-20,50,144,1647.663475,5046.05237639,0,,2071.74913037,0.326525242328,,True
Load,B0,2025-02-21,51,144,684.021991667,3158.41675139,0,,875.71918685,0.216571163817,,True
Load,B0,2025-02-22,52,144,596.552193056,3153.42676111,0,,772.130842273,0.18917585162,,True
Load,B0,2025-02-23,53,144,1582.76883611,5047.58920556,0,,2013.41448722,0.313569264783,,True
Load,B0,2025-02-24,54,144,1650.97161319,5026.20785625,0,,2086.79621315,0.32847261005,,True
Load,B0,2025-02-25,55,144,1711.14550903,5045.55553681,0,,2130.29364225,0.339139168432,,True
Load,B0,2025-02-26,56,144,1842.92072708,5044.19725486,0,,2247.08005924,0.365354611243,,True
Load,B0,2025-02-27,57,144,1690.95442222,5024.97870556,0,,2112.24480579,0.336509768758,,True
Load,B0,2025-02-28,58,144,825.539854861,3141.04616458,0,,1001.27077879,0.262823216089,,True
Load,B0,2025-03-01,59,144,501.220060417,3010.17333958,0,,668.727882659,0.16650870361,,True
Load,B0,2025-03-02,60,144,1691.27816181,4910.85071181,0,,2093.04297031,0.34439616699,,True
Load,B0,2025-03-03,61,144,1530.03555972,4914.94773333,0,,1952.74776433,0.311302508742,,True
Load,B0,2025-03-04,62,144,1522.33800208,4922.45937431,0,,1938.94488359,0.309263700586,,True
Load,B0,2025-03-05,63,144,1536.66129722,4919.72682639,0,,1961.53093084,0.31234687442,,True
Load,B0,2025-03-06,64,144,1433.30561319,4903.06660625,0,,1850.04155111,0.292328399408,,True
Load,B0,2025-03-07,65,144,458.333302083,2986.68172708,0,,621.868414861,0.15345903714,,True
Load,B0,2025-03-08,66,144,558.553542361,3014.36298264,0,,723.475216059,0.185297373136,,True
Load,B0,2025-03-09,67,144,1679.96946806,4903.8744375,0,,2087.20020882,0.342580033291,,True
Load,B0,2025-03-10,68,144,1529.97153194,4914.29434861,0,,1948.40294654,0.31133086938,,True
Load,B0,2025-03-11,69,144,1485.14148403,4895.81470625,0,,1911.57125288,0.303349201948,,True
Load,B0,2025-03-12,70,144,1719.99320139,4921.34320139,0,,2108.04398826,0.349496698565,,True
Load,B0,2025-03-13,71,144,1485.67767986,4926.55321042,0,,1907.38178073,0.301565337145,,True
Load,B0,2025-03-14,72,144,590.288446528,3004.53620625,0,,758.289127336,0.196465745795,,True
Load,B0,2025-03-15,73,144,681.262888194,3030.20757431,0,,821.075580725,0.224823835163,,True
Load,B0,2025-03-16,74,144,1478.62681736,4915.96733264,0,,1914.09397301,0.300780440005,,True
Load,B0,2025-03-17,75,144,1422.55995139,4903.90090833,0,,1837.75178457,0.290087417748,,True
Load,B0,2025-03-18,76,144,1533.21303403,4885.55931597,0,,1968.09271641,0.313825487496,,True
Load,B0,2025-03-19,77,144,1504.15268056,4886.73158333,0,,1929.94238892,0.307803417255,,True
Load,B0,2025-03-20,78,144,1533.82174861,4902.01590556,0,,1948.42023931,0.312896118283,,True
Load,B0,2025-03-21,79,144,633.224020139,3024.73050903,0,,791.832020192,0.209348905051,,True
Load,B0,2025-03-22,80,144,566.108527778,2997.37206389,0,,728.231922535,0.18886828719,,True
Load,B0,2025-03-23,81,144,1458.57584583,4905.83238611,0,,1874.46525247,0.297314651426,,True
Load,B0,2025-03-24,82,144,1521.64088542,4892.71544236,0,,1948.94846776,0.31100130456,,True
Load,B0,2025-03-25,83,144,1460.02674653,4918.88199236,0,,1883.11688368,0.296820852542,,True
Load,B0,2025-03-26,84,144,1566.20408056,4904.35949167,0,,1993.34080353,0.319349363198,,True
Load,B0,2025-03-27,85,144,1491.63597778,4914.69159861,0,,1915.9948325,0.303505509522,,True
Load,B0,2025-03-28,86,144,561.872083333,2995.49030278,0,,729.323322455,0.187572659745,,True
Load,B0,2025-03-29,87,144,452.301576389,3004.92822778,0,,606.199230775,0.150519926635,,True
Load,B0,2025-03-30,88,144,1523.29371736,4916.44607708,0,,1950.40514047,0.309836352007,,True
Load,B0,2025-03-31,89,144,1420.13165486,4878.15273403,0,,1845.96091352,0.291120785324,,True
Load,B0,2025-04-01,90,144,1575.01320972,4915.2977625,0,,1984.36793352,0.320430884521,,True
Load,B0,2025-04-02,91,144,1517.86288403,4916.10956042,0,,1926.08633059,0.308752859426,,True
Load,B0,2025-04-03,92,144,1651.77507917,4911.8523375,0,,2049.77678391,0.336283537385,,True
Load,B0,2025-04-04,93,144,755.640817361,2988.98965903,0,,895.879802465,0.25280810694,,True
Load,B0,2025-04-05,94,144,556.959926389,3025.11427361,0,,716.008203563,0.18411202884,,True
Load,B0,2025-04-06,95,144,1593.29657569,4883.55960764,0,,1996.75093857,0.326257218854,,True
Load,B0,2025-04-07,96,144,1639.06012639,4875.63091806,0,,2039.88554975,0.336173954497,,True
Load,B0,2025-04-08,97,144,1462.24462361,4904.72042778,0,,1884.1421193,0.298130065748,,True
Load,B0,2025-04-09,98,144,1417.9148125,4903.23010556,0,,1837.89303411,0.289179741104,,True
Load,B0,2025-04-10,99,144,1554.78982292,4902.86252847,0,,1964.96100142,0.317118788032,,True
Load,B0,2025-04-11,100,144,652.931052083,3003.83319792,0,,801.041664752,0.217365948461,,True
Load,B0,2025-04-12,101,144,511.049130556,2998.21565694,0,,689.209261945,0.170451091259,,True
Load,B0,2025-04-13,102,144,1493.48499306,4886.79425833,0,,1920.66982957,0.305616507286,,True
Load,B0,2025-04-14,103,144,1706.74601458,4912.55719514,0,,2102.26247995,0.347425169171,,True
Load,B0,2025-04-15,104,144,1573.64852361,4877.37104861,0,,1996.23905241,0.322642773725,,True
Load,B0,2025-04-16,105,144,1661.15368333,4913.53687778,0,,2058.62229101,0.338076974826,,True
Load,B0,2025-04-17,106,144,1507.81239861,4895.29344306,0,,1920.2719274,0.308012668934,,True
Load,B0,2025-04-18,107,144,654.090963194,2978.75705625,0,,798.468409133,0.219585199747,,True
Load,B0,2025-04-19,108,144,610.992861806,2996.05897292,0,,768.18917552,0.203932188027,,True
Load,B0,2025-04-20,109,144,1484.63349236,4883.24234792,0,,1908.08343044,0.304026174944,,True
Load,B0,2025-04-21,110,144,1433.24167014,4936.73491181,0,,1849.27769045,0.290321780639,,True
Load,B0,2025-04-22,111,144,1634.60844236,4908.79170903,0,,2046.95894025,0.332996089314,,True
Load,B0,2025-04-23,112,144,1353.53025,4917.93811528,0,,1759.60228695,0.275223115516,,True
Load,B0,2025-04-24,113,144,1480.83749306,4895.74081944,0,,1890.56660343,0.30247465045,,True
Load,B0,2025-04-25,114,144,527.983770833,2990.13838333,0,,688.413550003,0.176575028693,,True
Load,B0,2025-04-26,115,144,741.719213889,3004.20518194,0,,884.892315482,0.246893660375,,True
Load,B0,2025-04-27,116,144,1546.31332222,4876.35510556,0,,1968.80389271,0.317104330745,,True
Load,B0,2025-04-28,117,144,1363.94097083,4897.38753333,0,,1766.83000638,0.278503786264,,True
Load,B0,2025-04-29,118,144,1474.76171319,4885.53161319,0,,1901.04612191,0.301863099035,,True
Load,B0,2025-04-30,119,144,1651.40697153,4903.45336319,0,,2064.13495505,0.336784476003,,True
Load,B0,2025-05-01,120,144,1371.26231736,5015.19099653,0,,1712.18033826,0.27342175369,,True
Load,B0,2025-05-02,121,144,558.163998611,3115.04278056,0,,695.582304695,0.179183413498,,True
Load,B0,2025-05-03,122,144,510.532478472,3120.61872014,0,,636.159668544,0.16359976154,,True
Load,B0,2025-05-04,123,144,1479.54862778,5027.92017639,0,,1887.35111371,0.294266530866,,True
Load,B0,2025-05-05,124,144,1557.9551375,5025.50682778,0,,1969.67642723,0.310009555432,,True
Load,B0,2025-05-06,125,144,1573.9454,5042.38292083,0,,1959.90207965,0.312143172129,,True
Load,B0,2025-05-07,126,144,1442.68714931,5048.34229236,0,,1845.9973052,0.285774431636,,True
Load,B0,2025-05-08,127,144,1410.11387292,5018.56155764,0,,1768.46647237,0.280979690439,,True
Load,B0,2025-05-09,128,144,476.548760417,3093.90939375,0,,601.36480092,0.154028027252,,True
Load,B0,2025-05-10,129,144,802.164597917,3110.33279375,0,,920.01560635,0.257903141274,,True
Load,B0,2025-05-11,130,144,1535.28621181,5030.96210069,0,,1926.97508923,0.305167516884,,True
Load,B0,2025-05-12,131,144,1402.27449236,5018.69181736,0,,1780.43428928,0.279410360985,,True
Load,B0,2025-05-13,132,144,1673.15006806,5011.23465,0,,2074.64827064,0.333879809052,,True
Load,B0,2025-05-14,133,144,1707.01914028,5024.66688611,0,,2093.8690565,0.339727822554,,True
Load,B0,2025-05-15,134,144,1441.97431597,4983.26290903,0,,1831.80142232,0.289363483785,,True
Load,B0,2025-05-16,135,144,510.29596875,3111.72269792,0,,646.121204953,0.163991466557,,True
Load,B0,2025-05-17,136,144,558.792872222,3136.43876806,0,,697.754347948,0.178161575451,,True
Load,B0,2025-05-18,137,144,1429.90760556,5028.62654167,0,,1823.95185781,0.284353509593,,True
Load,B0,2025-05-19,138,144,1433.65052292,5003.01616597,0,,1837.42751743,0.286557243742,,True
Load,B0,2025-05-20,139,144,1430.87612153,5018.23240486,0,,1828.69171655,0.285135483192,,True
Load,B0,2025-05-21,140,144,1537.25872431,5011.79380347,0,,1931.03381397,0.30672824633,,True
Load,B0,2025-05-22,141,144,1433.97536319,4988.73666736,0,,1816.45314232,0.287442584929,,True
Load,B0,2025-05-23,142,144,586.223688194,3124.30768264,0,,727.175617069,0.187633148762,,True
Load,B0,2025-05-24,143,144,557.220879861,3112.24240903,0,,694.354098114,0.179041606221,,True
Load,B0,2025-05-25,144,144,1649.52934444,5013.32823333,0,,2043.41200614,0.32902879438,,True
Load,B0,2025-05-26,145,144,1708.55414861,4975.33205694,0,,2087.00582347,0.343405048961,,True
Load,B0,2025-05-27,146,144,1552.51150069,5001.95113958,0,,1941.48771963,0.310381180737,,True
Load,B0,2025-05-28,147,144,1503.53042431,4996.74363403,0,,1912.7698238,0.300902054303,,True
Load,B0,2025-05-29,148,144,1442.98968333,5018.30476111,0,,1825.15369858,0.287545247255,,True
Load,B0,2025-05-30,149,144,662.655139583,3108.84268681,0,,806.156197257,0.213151711534,,True
Load,B0,2025-05-31,150,144,651.400489583,3115.76385764,0,,787.763242643,0.209066065128,,True
Load,B0,2025-06-01,151,144,1328.44911806,5343.69000139,0,,1641.14059367,0.248601456617,,True
Load,B0,2025-06-02,152,144,1376.56635625,5336.68904097,0,,1728.01056998,0.257943894741,,True
Load,B0,2025-06-03,153,144,1417.93288194,5336.53502361,0,,1780.31329833,0.26570290941,,True
Load,B0,2025-06-04,154,144,1298.19589514,5355.82681597,0,,1624.04821196,0.242389446064,,True
Load,B0,2025-06-05,155,144,1303.81818333,5352.33002778,0,,1621.75184246,0.243598241619,,True
Load,B0,2025-06-06,156,144,432.239101389,3447.80895833,0,,498.401783482,0.125366314263,,True
Load,B0,2025-06-07,157,144,604.372415972,3464.86498958,0,,734.204969231,0.174428850125,,True
Load,B0,2025-06-08,158,144,1349.36890625,5344.45611042,0,,1672.67746715,0.25248011741,,True
Load,B0,2025-06-09,159,144,1347.56733542,5340.38283264,0,,1688.86470518,0.252335343298,,True
Load,B0,2025-06-10,160,144,1274.23082292,5308.93715764,0,,1579.60069269,0.240016181221,,True
Load,B0,2025-06-11,161,144,1321.40092153,5343.19488819,0,,1631.49749932,0.247305394839,,True
Load,B0,2025-06-12,162,144,1387.69882986,5321.74220764,0,,1712.2653688,0.260760250256,,True
Load,B0,2025-06-13,163,144,562.433484722,3412.06626667,0,,688.623732919,0.164836624135,,True
Load,B0,2025-06-14,164,144,456.795538194,3427.21487986,0,,537.431434662,0.13328476743,,True
Load,B0,2025-06-15,165,144,1467.47622431,5307.03685486,0,,1833.21456193,0.276515174934,,True
Load,B0,2025-06-16,166,144,1417.07730903,5317.44300069,0,,1768.856898,0.266496003595,,True
Load,B0,2025-06-17,167,144,1467.60472639,5304.65644167,0,,1816.20779681,0.276663482834,,True
Load,B0,2025-06-18,168,144,1396.13031319,5287.87828819,0,,1739.1115569,0.264024668705,,True
Load,B0,2025-06-19,169,144,1368.69931806,5306.21112083,0,,1688.22084966,0.257942868628,,True
Load,B0,2025-06-20,170,144,417.926114583,3380.71165486,0,,484.139480882,0.123620751265,,True
Load,B0,2025-06-21,171,144,401.405980556,3392.0027,0,,476.261490109,0.11833893309,,True
Load,B0,2025-06-22,172,144,1650.27903819,5272.47757986,0,,2009.88946062,0.312998777747,,True
Load,B0,2025-06-23,173,144,1443.48572014,5278.78637847,0,,1805.74332674,0.273450300248,,True
Load,B0,2025-06-24,174,144,1424.73970486,5296.36854236,0,,1779.71578441,0.269003127986,,True
Load,B0,2025-06-25,175,144,1292.59903056,5262.93368472,0,,1578.50180271,0.245604278524,,True
Load,B0,2025-06-26,176,144,1421.92371111,5279.06022361,0,,1759.42834213,0.269351674518,,True
Load,B0,2025-06-27,177,144,423.531588889,3315.135625,0,,486.410678931,0.127756941736,,True
Load,B0,2025-06-28,178,144,498.282693056,3360.89886667,0,,604.266695453,0.148258758393,,True
Load,B0,2025-06-29,179,144,1322.70116458,5266.03369653,0,,1617.74017542,0.251175978129,,True
Load,B0,2025-06-30,180,144,1401.59772014,5247.80502431,0,,1739.24068157,0.267082659064,,True
Load,B0,2025-07-01,181,144,1278.30915694,5897.78546111,0,,1587.78044968,0.216743922846,,True
Load,B0,2025-07-02,182,144,1245.55849792,5883.27742569,0,,1538.50950688,0.211711671538,,True
Load,B0,2025-07-03,183,144,1366.17394861,5898.56410972,0,,1703.79835975,0.231611274066,,True
Load,B0,2025-07-04,184,144,485.890011806,3991.46107292,0,,572.016617072,0.121732368907,,True
Load,B0,2025-07-05,185,144,495.4059625,3994.70145417,0,,567.74627116,0.124015766431,,True
Load,B0,2025-07-06,186,144,1365.41539792,5885.19061042,0,,1704.61893026,0.232008695776,,True
Load,B0,2025-07-07,187,144,1290.96487708,5895.64142292,0,,1595.7304463,0.218969368128,,True
Load,B0,2025-07-08,188,144,1324.11583333,5886.88445833,0,,1650.66104747,0.22492641782,,True
Load,B0,2025-07-09,189,144,1329.46536389,5857.94604028,0,,1657.47344059,0.226950769903,,True
Load,B0,2025-07-10,190,144,1460.24074931,5852.64759375,0,,1811.9300439,0.249500884158,,True
Load,B0,2025-07-11,191,144,567.218998611,3947.54535,0,,685.351687367,0.143689039218,,True
Load,B0,2025-07-12,192,144,421.770520833,3971.59879583,0,,482.688241062,0.106196658453,,True
Load,B0,2025-07-13,193,144,1396.70859236,5828.89027014,0,,1734.94302547,0.239618268252,,True
Load,B0,2025-07-14,194,144,1398.94338056,5877.60097778,0,,1751.40783498,0.238012649352,,True
Load,B0,2025-07-15,195,144,1317.37632222,5814.38177778,0,,1619.81859264,0.226572036817,,True
Load,B0,2025-07-16,196,144,1397.26122153,5848.55272431,0,,1753.09069586,0.238907177107,,True
Load,B0,2025-07-17,197,144,1420.39472014,5815.38163681,0,,1766.3990642,0.244247894437,,True
Load,B0,2025-07-18,198,144,569.813040278,3904.08638333,0,,669.933575533,0.145952979604,,True
Load,B0,2025-07-19,199,144,573.4666375,3940.18843333,0,,689.771449055,0.145542947299,,True
Load,B0,2025-07-20,200,144,1243.74727778,5781.27244861,0,,1504.85319338,0.215133828899,,True
Load,B0,2025-07-21,201,144,1342.63583889,5768.450825,0,,1678.94399697,0.232755011635,,True
Load,B0,2025-07-22,202,144,1287.90102569,5813.11911736,0,,1602.32791484,0.221550771573,,True
Load,B0,2025-07-23,203,144,1385.35837847,5810.41806875,0,,1728.88045698,0.238426626463,,True
Load,B0,2025-07-24,204,144,1289.43304792,5787.59239653,0,,1592.68029571,0.222792650134,,True
Load,B0,2025-07-25,205,144,469.66570625,3848.11832014,0,,549.311904174,0.122050744592,,True
Load,B0,2025-07-26,206,144,467.120145833,3882.82041389,0,,531.093986381,0.12030433964,,True
Load,B0,2025-07-27,207,144,1272.19941458,5754.59151181,0,,1587.20196538,0.221075538024,,True
Load,B0,2025-07-28,208,144,1283.29959306,5759.54160139,0,,1571.12081603,0.22281280037,,True
Load,B0,2025-07-29,209,144,1355.10108819,5763.11437986,0,,1696.95670121,0.23513347105,,True
Load,B0,2025-07-30,210,144,1325.82354861,5767.68185139,0,,1668.17208573,0.229871130685,,True
Load,B0,2025-07-31,211,144,1374.55363264,5725.97140486,0,,1727.40268548,0.240055972245,,True
Load,B0,2025-08-01,212,144,467.068741667,3863.3093375,0,,553.394578898,0.120898613304,,True
Load,B0,2025-08-02,213,144,524.666814583,3815.09350903,0,,632.293146796,0.137523972438,,True
Load,B0,2025-08-03,214,144,1210.26650764,5752.60358958,0,,1439.29829415,0.210385869423,,True
Load,B0,2025-08-04,215,144,1382.05281042,5763.00445625,0,,1728.43668792,0.239814635041,,True
Load,B0,2025-08-05,216,144,1184.79245764,5685.77072014,0,,1439.79943169,0.208378514709,,True
Load,B0,2025-08-06,217,144,1357.24039583,5696.50365833,0,,1701.57092055,0.238258496306,,True
Load,B0,2025-08-07,218,144,1167.80733611,5702.11476944,0,,1384.73657389,0.204802495798,,True
Load,B0,2025-08-08,219,144,469.281020139,3779.30067153,0,,542.469383227,0.124171390669,,True
Load,B0,2025-08-09,220,144,531.951152083,3762.65965625,0,,622.133369761,0.1413763669,,True
Load,B0,2025-08-10,221,144,1297.96272292,5688.97686319,0,,1615.79477544,0.228153981661,,True
Load,B0,2025-08-11,222,144,1295.30649236,5684.26097986,0,,1591.19331845,0.22787597138,,True
Load,B0,2025-08-12,223,144,1301.62298889,5693.23319583,0,,1592.21329758,0.228626326046,,True
Load,B0,2025-08-13,224,144,1437.91327847,5689.49988264,0,,1810.31178196,0.252731049852,,True
Load,B0,2025-08-14,225,144,1327.88575139,5664.00230694,0,,1638.26368476,0.234443010336,,True
Load,B0,2025-08-15,226,144,423.482447222,3748.66907361,0,,501.149596634,0.112968746749,,True
Load,B0,2025-08-16,227,144,409.409225694,3757.64709792,0,,472.294626968,0.108953612467,,True
Load,B0,2025-08-17,228,144,1369.56396806,5640.37985417,0,,1718.13455526,0.242814137251,,True
Load,B0,2025-08-18,229,144,1218.94957847,5654.59061319,0,,1474.01759444,0.215568139562,,True
Load,B0,2025-08-19,230,144,1271.93945764,5640.18678681,0,,1579.48609458,0.225513711818,,True
Load,B0,2025-08-20,231,144,1378.09409306,5627.00223611,0,,1735.89574132,0.244907329912,,True
Load,B0,2025-08-21,232,144,1225.08795278,5623.82495417,0,,1500.27908677,0.217838919732,,True
Load,B0,2025-08-22,233,144,423.321708333,3772.15543333,0,,484.358358591,0.112222763832,,True
Load,B0,2025-08-23,234,144,519.4417375,3737.38109306,0,,624.019861148,0.138985488653,,True
Load,B0,2025-08-24,235,144,1349.43890694,5627.83630833,0,,1674.16115709,0.239779345562,,True
Load,B0,2025-08-25,236,144,1314.23336042,5604.65057292,0,,1620.12495894,0.23448979438,,True
Load,B0,2025-08-26,237,144,1334.20955,5598.70683056,0,,1660.66450433,0.238306735891,,True
Load,B0,2025-08-27,238,144,1383.4671125,5574.51592083,0,,1740.13436171,0.248177085176,,True
Load,B0,2025-08-28,239,144,1337.03749861,5605.99235694,0,,1639.12797854,0.23850148439,,True
Load,B0,2025-08-29,240,144,569.11311875,3680.34718958,0,,682.039296353,0.154635714902,,True
Load,B0,2025-08-30,241,144,542.219884028,3709.37864931,0,,642.691878699,0.146175393588,,True
Load,B0,2025-08-31,242,144,1342.66816111,5556.88999306,0,,1639.14741132,0.241622231642,,True
Load,B0,2025-09-01,243,144,1420.42364444,5052.65080278,0,,1802.53918525,0.281124443364,,True
Load,B0,2025-09-02,244,144,1547.89846458,5063.86767292,0,,1945.72419795,0.305675140933,,True
Load,B0,2025-09-03,245,144,1684.74508611,5059.73818472,0,,2051.17368363,0.332970802955,,True
Load,B0,2025-09-04,246,144,1718.96401111,5044.21554306,0,,2098.35650336,0.340779254264,,True
Load,B0,2025-09-05,247,144,388.962189583,3130.54085208,0,,441.662259227,0.124247600642,,True
Load,B0,2025-09-06,248,144,460.803615278,3159.43225694,0,,564.634093229,0.145850133126,,True
Load,B0,2025-09-07,249,144,1446.029375,5032.54204306,0,,1839.3039285,0.287335776359,,True
Load,B0,2025-09-08,250,144,1432.37515972,5058.35801806,0,,1808.02728645,0.283169984135,,True
Load,B0,2025-09-09,251,144,1300.01891181,5045.09314931,0,,1579.77277105,0.257679863054,,True
Load,B0,2025-09-10,252,144,1410.53983542,5053.11618681,0,,1775.54469676,0.279142569312,,True
Load,B0,2025-09-11,253,144,1446.04584236,5031.11576458,0,,1829.79936198,0.287420506708,,True
Load,B0,2025-09-12,254,144,472.786432639,3153.63446319,0,,596.89015512,0.149917955983,,True
Load,B0,2025-09-13,255,144,660.907428472,3127.64929653,0,,791.936328151,0.211311232754,,True
Load,B0,2025-09-14,256,144,1608.69854861,5051.57065278,0,,2006.21538094,0.318455122018,,True
Load,B0,2025-09-15,257,144,1459.34439514,5031.66791181,0,,1848.14976898,0.290031937862,,True
Load,B0,2025-09-16,258,144,1492.35018194,5076.80656111,0,,1882.69594057,0.293954509391,,True
Load,B0,2025-09-17,259,144,1327.37182222,5038.533125,0,,1637.39936024,0.263444099561,,True
Load,B0,2025-09-18,260,144,1411.79310139,5033.50484861,0,,1752.80322741,0.280479138066,,True
Load,B0,2025-09-19,261,144,590.007654167,3136.96360278,0,,720.744207506,0.18808240352,,True
Load,B0,2025-09-20,262,144,567.973759722,3138.78031806,0,,712.297271709,0.180953651473,,True
Load,B0,2025-09-21,263,144,1489.10161875,5035.92845764,0,,1885.81022547,0.295695546765,,True
Load,B0,2025-09-22,264,144,1584.97393333,5050.75173889,0,,1976.68510085,0.313809510994,,True
Load,B0,2025-09-23,265,144,1634.85252917,5049.26172222,0,,2036.74791894,0.323780508737,,True
Load,B0,2025-09-24,266,144,1894.64805903,5042.25805903,0,,2239.96412896,0.375753885828,,True
Load,B0,2025-09-25,267,144,1449.73764236,5022.76446458,0,,1820.15270035,0.288633411458,,True
Load,B0,2025-09-26,268,144,447.935411806,3091.43140486,0,,561.912003707,0.14489579523,,True
Load,B0,2025-09-27,269,144,633.731734028,3164.40715625,0,,769.616107247,0.200268708398,,True
Load,B0,2025-09-28,270,144,1483.39116458,5016.23414931,0,,1887.26986657,0.295718086603,,True
Load,B0,2025-09-29,271,144,1395.2555375,5046.30895,0,,1747.88362349,0.276490312291,,True
Load,B0,2025-09-30,272,144,1314.42294861,5038.18562778,0,,1617.65494503,0.260892123816,,True
Load,B0,2025-10-01,273,144,1503.86505069,4884.10227986,0,,1932.60815776,0.307910228845,,True
Load,B0,2025-10-02,274,144,1423.67511597,4884.65457431,0,,1845.32942118,0.291458708966,,True
Load,B0,2025-10-03,275,144,614.820601389,2980.17463056,0,,779.228798234,0.206303548485,,True
Load,B0,2025-10-04,276,144,587.858108333,3016.55895139,0,,746.930716305,0.194877049581,,True
Load,B0,2025-10-05,277,144,1501.63872083,4900.18420417,0,,1918.88686707,0.306445361698,,True
Load,B0,2025-10-06,278,144,1547.24574583,4912.33900556,0,,1964.21886644,0.31497128844,,True
Load,B0,2025-10-07,279,144,1599.89703889,4889.88244306,0,,2015.1688503,0.327185174188,,True
Load,B0,2025-10-08,280,144,1468.93747431,4891.29426458,0,,1882.19587909,0.30031672495,,True
Load,B0,2025-10-09,281,144,1496.09148889,4893.04123889,0,,1912.4468112,0.305759018951,,True
Load,B0,2025-10-10,282,144,540.44749375,3015.48042153,0,,713.555341569,0.179224341797,,True
Load,B0,2025-10-11,283,144,417.612903472,2991.29019792,0,,557.774630012,0.139609625226,,True
Load,B0,2025-10-12,284,144,1496.55012986,4904.55767431,0,,1923.93298838,0.305134576702,,True
Load,B0,2025-10-13,285,144,1477.05554444,4903.23974306,0,,1897.54495755,0.301240735074,,True
Load,B0,2025-10-14,286,144,1639.26415069,4918.00954931,0,,2043.89737136,0.333318618897,,True
Load,B0,2025-10-15,287,144,1525.16690139,4889.27003194,0,,1934.61776435,0.311941637795,,True
Load,B0,2025-10-16,288,144,1532.39359722,4905.55318056,0,,1938.09035435,0.312379366979,,True
Load,B0,2025-10-17,289,144,426.605048611,2997.63218889,0,,589.654171001,0.142314007099,,True
Load,B0,2025-10-18,290,144,620.915420139,2985.69589375,0,,772.760558531,0.207963383491,,True
Load,B0,2025-10-19,291,144,1557.29708264,4916.30197431,0,,1974.21972393,0.316761885413,,True
Load,B0,2025-10-20,292,144,1442.63038819,4912.63827708,0,,1863.75699175,0.293656953113,,True
Load,B0,2025-10-21,293,144,1408.59626181,4908.36870764,0,,1825.24103038,0.286978494426,,True
Load,B0,2025-10-22,294,144,1518.31257222,4902.99943889,0,,1934.10849528,0.309670150108,,True
Load,B0,2025-10-23,295,144,1459.15216875,4883.83397986,0,,1872.6098121,0.298771861363,,True
Load,B0,2025-10-24,296,144,425.561077778,3005.64660556,0,,567.267815565,0.141587196908,,True
Load,B0,2025-10-25,297,144,541.750451389,3001.78279167,0,,704.115685606,0.180476233288,,True
Load,B0,2025-10-26,298,144,1570.62239097,4892.59768125,0,,1989.96729305,0.321020139668,,True
Load,B0,2025-10-27,299,144,1514.30114514,4907.94017986,0,,1946.47415504,0.308541076224,,True
Load,B0,2025-10-28,300,144,1520.61909722,4896.4227,0,,1943.22361509,0.31055715374,,True
Load,B0,2025-10-29,301,144,1470.19829653,4905.06727153,0,,1889.66105868,0.299730506259,,True
Load,B0,2025-10-30,302,144,1436.22015556,4871.50294028,0,,1852.45311475,0.294820751042,,True
Load,B0,2025-10-31,303,144,457.293775,2989.54120972,0,,614.07157082,0.15296453299,,True
Load,B0,2025-11-01,304,144,547.43579375,2998.92539514,0,,723.066746103,0.182543985468,,True
Load,B0,2025-11-02,305,144,1527.00191042,4910.13484653,0,,1941.19001613,0.310989811511,,True
Load,B0,2025-11-03,306,144,1655.18089167,4908.70479306,0,,2061.81410833,0.337192999263,,True
Load,B0,2025-11-04,307,144,1457.30118333,4891.52544722,0,,1862.20247188,0.297923663908,,True
Load,B0,2025-11-05,308,144,1477.56950069,4906.85031736,0,,1902.62867219,0.301123817751,,True
Load,B0,2025-11-06,309,144,1717.63843472,4904.71225556,0,,2104.93293266,0.350201672438,,True
Load,B0,2025-11-07,310,144,641.63905,3008.84911111,0,,789.180144896,0.21325065708,,True
Load,B0,2025-11-08,311,144,452.775775694,3001.45278403,0,,619.56744861,0.150852206673,,True
Load,B0,2025-11-09,312,144,1557.09693333,4911.56959028,0,,1975.41943903,0.317026340503,,True
Load,B0,2025-11-10,313,144,1483.41840278,4934.17094861,0,,1905.62557029,0.300641874436,,True
Load,B0,2025-11-11,314,144,1621.31575903,4914.91114375,0,,2034.75272521,0.329876921801,,True
Load,B0,2025-11-12,315,144,1399.45645694,4892.36307639,0,,1806.20743243,0.286049182183,,True
Load,B0,2025-11-13,316,144,1505.40627778,4907.50446944,0,,1918.7436223,0.306755966734,,True
Load,B0,2025-11-14,317,144,584.955386111,2989.07887917,0,,739.931500543,0.195697540867,,True
Load,B0,2025-11-15,318,144,518.168654861,3019.45736736,0,,694.309790324,0.171609859593,,True
Load,B0,2025-11-16,319,144,1670.21497083,4931.67792639,0,,2093.19212371,0.338670731496,,True
Load,B0,2025-11-17,320,144,1352.24938681,4886.23794375,0,,1742.97175476,0.276746528182,,True
Load,B0,2025-11-18,321,144,1805.90494306,4907.65360417,0,,2197.89577517,0.367977263416,,True
Load,B0,2025-11-19,322,144,1650.96374236,4924.15422292,0,,2052.87091535,0.335278642305,,True
Load,B0,2025-11-20,323,144,1424.37628889,4910.26905139,0,,1837.03275466,0.290081108384,,True
Load,B0,2025-11-21,324,144,633.016404167,2999.9657125,0,,782.122965893,0.2110078797,,True
Load,B0,2025-11-22,325,144,816.5329,3022.91292222,0,,942.195079776,0.270114595097,,True
Load,B0,2025-11-23,326,144,1601.20538472,4907.612175,0,,2012.59171373,0.32626974741,,True
Load,B0,2025-11-24,327,144,1447.59092292,4915.65365903,0,,1872.16491175,0.294485947003,,True
Load,B0,2025-11-25,328,144,1514.01501042,4903.43300903,0,,1933.05218602,0.308766329147,,True
Load,B0,2025-11-26,329,144,1569.15890139,4903.60153056,0,,2002.17997808,0.320001307531,,True
Load,B0,2025-11-27,330,144,1446.36750208,4883.25590208,0,,1857.88060232,0.29618916786,,True
Load,B0,2025-11-28,331,144,732.562600694,3009.95922014,0,,876.661444877,0.243379576638,,True
Load,B0,2025-11-29,332,144,483.367732639,3006.50832847,0,,650.027219461,0.160773788006,,True
Load,B0,2025-11-30,333,144,1485.37002222,4917.03476806,0,,1919.01534524,0.302086540423,,True
Load,B0,2025-12-01,334,144,1702.8011375,5220.47465139,0,,2134.38852717,0.326177455348,,True
Load,B0,2025-12-02,335,144,1541.68517083,5225.02598333,0,,1967.12682306,0.295057895549,,True
Load,B0,2025-12-03,336,144,1827.09151667,5192.62213056,0,,2246.45652861,0.351862983812,,True
Load,B0,2025-12-04,337,144,1671.17418681,5222.34378958,0,,2093.69691808,0.320004628983,,True
Load,B0,2025-12-05,338,144,846.031007639,3286.16962847,0,,1032.33017921,0.257452019612,,True
Load,B0,2025-12-06,339,144,624.572714583,3311.28421458,0,,809.217854332,0.188619482385,,True
Load,B0,2025-12-07,340,144,1733.06325903,5211.14428819,0,,2159.50161841,0.33256865732,,True
Load,B0,2025-12-08,341,144,1710.92309861,5183.76474722,0,,2137.34842891,0.330054156012,,True
Load,B0,2025-12-09,342,144,1744.62408681,5195.61171181,0,,2168.84406749,0.335788004104,,True
Load,B0,2025-12-10,343,144,1794.24595069,5182.44852153,0,,2219.92358253,0.346215875226,,True
Load,B0,2025-12-11,344,144,1530.59537917,5157.82495694,0,,1964.64459416,0.296752098403,,True
Load,B0,2025-12-12,345,144,855.011000694,3277.57098681,0,,1045.99395138,0.260867271567,,True
Load,B0,2025-12-13,346,144,656.823132639,3285.00656458,0,,843.326951755,0.199945759537,,True
Load,B0,2025-12-14,347,144,1684.31390486,5188.44107708,0,,2126.21619803,0.324628126221,,True
Load,B0,2025-12-15,348,144,1575.02619792,5179.38439514,0,,2012.37545245,0.304095251049,,True
Load,B0,2025-12-16,349,144,1824.82132986,5193.62264097,0,,2245.73524861,0.35135808972,,True
Load,B0,2025-12-17,350,144,1609.71918958,5186.10644375,0,,2045.5144773,0.310390696189,,True
Load,B0,2025-12-18,351,144,1816.73776806,5179.80663611,0,,2233.77359457,0.350734669397,,True
Load,B0,2025-12-19,352,144,836.431729167,3274.72189306,0,,1017.13766592,0.255420691125,,True
Load,B0,2025-12-20,353,144,726.422097917,3277.85500486,0,,913.920250682,0.22161507963,,True
Load,B0,2025-12-21,354,144,1819.98224167,5182.35170694,0,,2247.75295903,0.351188484415,,True
Load,B0,2025-12-22,355,144,1755.63616875,5196.60224236,0,,2161.56339577,0.337843091865,,True
Load,B0,2025-12-23,356,144,1646.56679861,5164.86060694,0,,2084.71718669,0.318801788454,,True
Load,B0,2025-12-24,357,144,1623.20243819,5164.76547014,0,,2052.43375213,0.314283861984,,True
Load,B0,2025-12-25,358,144,1651.73390556,5157.91074583,0,,2061.069511,0.320233130612,,True
Load,B0,2025-12-26,359,144,901.803652083,3261.26281875,0,,1084.09652732,0.27651977231,,True
Load,B0,2025-12-27,360,144,762.379579167,3267.04933056,0,,954.046046152,0.233354168251,,True
Load,B0,2025-12-28,361,144,1785.40373403,5146.30290625,0,,2193.03188938,0.346929391167,,True
Load,B0,2025-12-29,362,144,1726.00337708,5153.22109931,0,,2135.81660142,0.334936798523,,True
Load,B0,2025-12-30,363,144,1526.22622431,5146.93787708,0,,1951.32824035,0.296530920084,,True
Load,B0,2025-12-31,364,144,1765.65074097,5157.98771181,0,,2179.32751244,0.34231387115,,True
Load,B1,2025-02-01,31,144,209.9798125,3179.38359514,0,,252.170415521,0.0660441894526,,True
Load,B1,2025-02-02,32,144,1891.69859861,5071.08219375,0,,2085.53631416,0.373036469601,,True
Load,B1,2025-02-03,33,144,136.799854861,5108.490375,0,,166.334777946,0.0267789199585,,True
Load,B1,2025-02-04,34,144,140.991870139,5065.75411875,0,,172.272582416,0.0278323556244,,True
Load,B1,2025-02-05,35,144,118.200013194,5082.96185139,0,,158.573490241,0.0232541609893,,True
Load,B1,2025-02-06,36,144,133.605759722,5093.8401125,0,,177.823807367,0.026228887592,,True
Load,B1,2025-02-07,37,144,1920.14857361,3173.69153889,0,,2114.86048053,0.605020541563,,True
Load,B1,2025-02-08,38,144,146.057278472,3156.11614653,0,,187.565071877,0.0462775359623,,True
Load,B1,2025-02-09,39,144,1908.37983542,5064.49598194,0,,2092.76075252,0.376815351857,,True
Load,B1,2025-02-10,40,144,124.530861806,5061.56518819,0,,161.730413057,0.0246032318414,,True
Load,B1,2025-02-11,41,144,118.165195833,5060.05340069,0,,145.272999116,0.0233525590495,,True
Load,B1,2025-02-12,42,144,105.781381944,5056.82720347,0,,131.655196475,0.0209185280984,,True
Load,B1,2025-02-13,43,144,123.622819444,5054.59515486,0,,160.75493374,0.0244575115626,,True
Load,B1,2025-02-14,44,144,1894.46260139,3161.35991458,0,,2067.70298959,0.599255590181,,True
Load,B1,2025-02-15,45,144,134.557645833,3168.93967708,0,,173.674117937,0.0424614096653,,True
Load,B1,2025-02-16,46,144,1884.26770972,5053.20738681,0,,2070.89229035,0.37288548945,,True
Load,B1,2025-02-17,47,144,116.523231944,5040.01553403,0,,152.305428707,0.0231196176198,,True
Load,B1,2025-02-18,48,144,132.10909375,5055.46963472,0,,171.229915982,0.0261319132139,,True
Load,B1,2025-02-19,49,144,132.510325694,5077.78308819,0,,175.503744183,0.0260960981186,,True
Load,B1,2025-02-20,50,144,154.070942361,5046.05237639,0,,203.900656508,0.0305329653497,,True
Load,B1,2025-02-21,51,144,1889.300625,3158.41675139,0,,2079.93104846,0.598179649398,,True
Load,B1,2025-02-22,52,144,139.574251389,3153.42676111,0,,180.248406958,0.0442611362059,,True
Load,B1,2025-02-23,53,144,1895.71619444,5047.58920556,0,,2084.38657254,0.375568636282,,True
Load,B1,2025-02-24,54,144,134.51388125,5026.20785625,0,,168.740638222,0.0267624987062,,True
Load,B1,2025-02-25,55,144,132.0420125,5045.55553681,0,,165.180365594,0.026169965138,,True
Load,B1,2025-02-26,56,144,125.149375,5044.19725486,0,,163.354748239,0.0248105632426,,True
Load,B1,2025-02-27,57,144,142.548088194,5024.97870556,0,,195.398457679,0.0283678989598,,True
Load,B1,2025-02-28,58,144,1887.18892986,3141.04616458,0,,2081.51334424,0.600815407026,,True
Load,B1,2025-03-01,59,144,202.494119444,3010.17333958,0,,255.973284219,0.0672699199018,,True
Load,B1,2025-03-02,60,144,1900.67737222,4910.85071181,0,,2080.73654503,0.387036276149,,True
Load,B1,2025-03-03,61,144,132.520311806,4914.94773333,0,,165.247940794,0.0269627102862,,True
Load,B1,2025-03-04,62,144,117.485539583,4922.45937431,0,,144.459202936,0.0238672441253,,True
Load,B1,2025-03-05,63,144,114.300034028,4919.72682639,0,,141.988643019,0.0232330042015,,True
Load,B1,2025-03-06,64,144,137.245772917,4903.06660625,0,,184.203687848,0.0279918230647,,True
Load,B1,2025-03-07,65,144,1916.38487917,2986.68172708,0,,2095.01818855,0.641643487416,,True
Load,B1,2025-03-08,66,144,113.554861111,3014.36298264,0,,153.172414929,0.0376712631376,,True
Load,B1,2025-03-09,67,144,1889.51145486,4903.8744375,0,,2079.20043573,0.385309917483,,True
Load,B1,2025-03-10,68,144,137.254131944,4914.29434861,0,,169.6809483,0.0279295708006,,True
Load,B1,2025-03-11,69,144,129.275452083,4895.81470625,0,,157.823498991,0.0264052991871,,True
Load,B1,2025-03-12,70,144,126.402984028,4921.34320139,0,,157.512635291,0.0256846512944,,True
Load,B1,2025-03-13,71,144,125.048147917,4926.55321042,0,,172.630044182,0.0253824819454,,True
Load,B1,2025-03-14,72,144,1922.01700417,3004.53620625,0,,2096.58253139,0.639705056697,,True
Load,B1,2025-03-15,73,144,154.063495833,3030.20757431,0,,199.059121177,0.0508425551899,,True
Load,B1,2025-03-16,74,144,1885.75975833,4915.96733264,0,,2079.78918111,0.383598919751,,True
Load,B1,2025-03-17,75,144,121.300035417,4903.90090833,0,,151.384164886,0.0247354173104,,True
Load,B1,2025-03-18,76,144,117.708403472,4885.55931597,0,,156.412736145,0.0240931274926,,True
Load,B1,2025-03-19,77,144,120.261517361,4886.73158333,0,,153.175206707,0.0246098062294,,True
Load,B1,2025-03-20,78,144,127.490169444,4902.01590556,0,,174.829015413,0.026007702117,,True
Load,B1,2025-03-21,79,144,1877.97414653,3024.73050903,0,,2068.03192773,0.620873211985,,True
Load,B1,2025-03-22,80,144,131.92408125,2997.37206389,0,,182.694118283,0.0440132484183,,True
Load,B1,2025-03-23,81,144,1909.77796111,4905.83238611,0,,2091.90382333,0.389287242368,,True
Load,B1,2025-03-24,82,144,117.920561806,4892.71544236,0,,144.221096011,0.0241012507665,,True
Load,B1,2025-03-25,83,144,130.508319444,4918.88199236,0,,163.812263617,0.0265321102737,,True
Load,B1,2025-03-26,84,144,121.406688194,4904.35949167,0,,152.509133241,0.0247548509445,,True
Load,B1,2025-03-27,85,144,125.606273611,4914.69159861,0,,171.052748087,0.0255573052939,,True
Load,B1,2025-03-28,86,144,1921.41962917,2995.49030278,0,,2110.8491472,0.641437439268,,True
Load,B1,2025-03-29,87,144,134.158633333,3004.92822778,0,,172.413355033,0.0446462022264,,True
Load,B1,2025-03-30,88,144,1911.51784931,4916.44607708,0,,2101.51083078,0.388800735193,,True
Load,B1,2025-03-31,89,144,128.466231944,4878.15273403,0,,160.158155576,0.0263350163369,,True
Load,B1,2025-04-01,90,144,124.34899375,4915.2977625,0,,150.331470579,0.0252983643633,,True
Load,B1,2025-04-02,91,144,112.102132639,4916.10956042,0,,139.241624579,0.0228030175612,,True
Load,B1,2025-04-03,92,144,133.566432639,4911.8523375,0,,183.993796554,0.0271926807773,,True
Load,B1,2025-04-04,93,144,1926.40878958,2988.98965903,0,,2103.1052083,0.64450165753,,True
Load,B1,2025-04-05,94,144,132.616796528,3025.11427361,0,,175.420250135,0.0438386072502,,True
Load,B1,2025-04-06,95,144,1859.38838958,4883.55960764,0,,2042.01688632,0.38074448537,,True
Load,B1,2025-04-07,96,144,122.954189583,4875.63091806,0,,151.671033277,0.0252181085176,,True
Load,B1,2025-04-08,97,144,106.892866667,4904.72042778,0,,132.07659179,0.0217938755614,,True
Load,B1,2025-04-09,98,144,118.141840278,4903.23010556,0,,147.223440554,0.0240946962991,,True
Load,B1,2025-04-10,99,144,129.55249375,4902.86252847,0,,177.078440442,0.0264238479047,,True
Load,B1,2025-04-11,100,144,1901.36280278,3003.83319792,0,,2093.54136824,0.632978823224,,True
Load,B1,2025-04-12,101,144,140.986499306,2998.21565694,0,,188.613792548,0.047023468435,,True
Load,B1,2025-04-13,102,144,1891.67637917,4886.79425833,0,,2079.41996029,0.387099656578,,True
Load,B1,2025-04-14,103,144,125.182190972,4912.55719514,0,,157.392934798,0.0254820831595,,True
Load,B1,2025-04-15,104,144,114.914611806,4877.37104861,0,,144.849874511,0.0235607688364,,True
Load,B1,2025-04-16,105,144,112.439618056,4913.53687778,0,,141.093488356,0.0228836418353,,True
Load,B1,2025-04-17,106,144,116.787833333,4895.29344306,0,,166.624806375,0.0238571670303,,True
Load,B1,2025-04-18,107,144,1917.42430347,2978.75705625,0,,2109.12869607,0.643699458285,,True
Load,B1,2025-04-19,108,144,124.688904167,2996.05897292,0,,173.037944721,0.0416176401379,,True
Load,B1,2025-04-20,109,144,1887.183375,4883.24234792,0,,2069.81205257,0.386461133924,,True
Load,B1,2025-04-21,110,144,135.436468056,4936.73491181,0,,169.752746303,0.0274344218345,,True
Load,B1,2025-04-22,111,144,141.009104167,4908.79170903,0,,175.839799963,0.0287258275611,,True
Load,B1,2025-04-23,112,144,115.071690972,4917.93811528,0,,146.797393291,0.0233983609136,,True
Load,B1,2025-04-24,113,144,118.753918056,4895.74081944,0,,165.551471661,0.0242565777959,,True
Load,B1,2025-04-25,114,144,1905.60243611,2990.13838333,0,,2090.17368746,0.637295734115,,True
Load,B1,2025-04-26,115,144,131.742823611,3004.20518194,0,,183.072979865,0.0438528048626,,True
Load,B1,2025-04-27,116,144,1872.14992361,4876.35510556,0,,2065.6678074,0.383924034055,,True
Load,B1,2025-04-28,117,144,131.126565278,4897.38753333,0,,169.664803582,0.026774798683,,True
Load,B1,2025-04-29,118,144,125.860750694,4885.53161319,0,,154.06124829,0.0257619355803,,True
Load,B1,2025-04-30,119,144,107.5169375,4903.45336319,0,,140.59822329,0.0219267788508,,True
Load,B1,2025-05-01,120,144,232.029505556,5015.19099653,0,,311.29816556,0.046265337794,,True
Load,B1,2025-05-02,121,144,1901.51210486,3115.04278056,0,,2086.08332382,0.610428889366,,True
Load,B1,2025-05-03,122,144,155.295775694,3120.61872014,0,,207.198978243,0.0497644184124,,True
Load,B1,2025-05-04,123,144,1908.65798403,5027.92017639,0,,2094.29126089,0.37961183095,,True
Load,B1,2025-05-05,124,144,140.181955556,5025.50682778,0,,184.224821951,0.0278940931451,,True
Load,B1,2025-05-06,125,144,154.771820833,5042.38292083,0,,195.737985479,0.0306941823466,,True
Load,B1,2025-05-07,126,144,135.77460625,5048.34229236,0,,171.521227997,0.0268948891313,,True
Load,B1,2025-05-08,127,144,148.099755556,5018.56155764,0,,205.791620364,0.0295103993155,,True
Load,B1,2025-05-09,128,144,1924.65216389,3093.90939375,0,,2102.84002626,0.622077740149,,True
Load,B1,2025-05-10,129,144,164.448859722,3110.33279375,0,,218.317395605,0.0528717891708,,True
Load,B1,2025-05-11,130,144,1920.62930694,5030.96210069,0,,2105.5680744,0.381761831734,,True
Load,B1,2025-05-12,131,144,143.002868056,5018.69181736,0,,183.858833324,0.0284940524861,,True
Load,B1,2025-05-13,132,144,122.998488194,5011.23465,0,,159.474694681,0.0245445477582,,True
Load,B1,2025-05-14,133,144,137.149890278,5024.66688611,0,,175.884267097,0.0272953199459,,True
Load,B1,2025-05-15,134,144,146.086879861,4983.26290903,0,,196.193890565,0.0293155072345,,True
Load,B1,2025-05-16,135,144,1871.54021111,3111.72269792,0,,2064.25880164,0.601448262843,,True
Load,B1,2025-05-17,136,144,149.671979861,3136.43876806,0,,205.139294894,0.0477203576826,,True
Load,B1,2025-05-18,137,144,1892.44985694,5028.62654167,0,,2078.008956,0.376335335556,,True
Load,B1,2025-05-19,138,144,143.679720139,5003.01616597,0,,179.777855203,0.0287186200029,,True
Load,B1,2025-05-20,139,144,143.600661111,5018.23240486,0,,182.302534703,0.0286157853056,,True
Load,B1,2025-05-21,140,144,130.216897222,5011.79380347,0,,167.52099685,0.0259820939026,,True
Load,B1,2025-05-22,141,144,150.957984722,4988.73666736,0,,207.341499559,0.0302597620977,,True
Load,B1,2025-05-23,142,144,1864.55342917,3124.30768264,0,,2054.80225056,0.596789310966,,True
Load,B1,2025-05-24,143,144,133.391311111,3112.24240903,0,,182.118363174,0.0428601932562,,True
Load,B1,2025-05-25,144,144,1902.48276875,5013.32823333,0,,2098.47523346,0.379484980876,,True
Load,B1,2025-05-26,145,144,131.120259722,4975.33205694,0,,168.808092842,0.0263540720944,,True
Load,B1,2025-05-27,146,144,139.933460417,5001.95113958,0,,173.168371841,0.0279757751549,,True
Load,B1,2025-05-28,147,144,128.981529167,4996.74363403,0,,172.008740334,0.0258131172246,,True
Load,B1,2025-05-29,148,144,148.617884028,5018.30476111,0,,213.08852946,0.0296151571302,,True
Load,B1,2025-05-30,149,144,1909.74637986,3108.84268681,0,,2091.17366199,0.614294955472,,True
Load,B1,2025-05-31,150,144,175.347415278,3115.76385764,0,,255.598806623,0.0562775047435,,True
Load,B1,2025-06-01,151,144,2229.54308819,5343.69000139,0,,2398.66584581,0.417229122126,,True
Load,B1,2025-06-02,152,144,144.419914583,5336.68904097,0,,176.498234908,0.0270617068888,,True
Load,B1,2025-06-03,153,144,140.116992361,5336.53502361,0,,176.855759758,0.026256174042,,True
Load,B1,2025-06-04,154,144,174.085752083,5355.82681597,0,,219.43049749,0.0325039920193,,True
Load,B1,2025-06-05,155,144,169.67174375,5352.33002778,0,,220.206093595,0.0317005384327,,True
Load,B1,2025-06-06,156,144,1904.52106944,3447.80895833,0,,2077.36199415,0.552385904341,,True
Load,B1,2025-06-07,157,144,171.078064583,3464.86498958,0,,228.559042149,0.0493751026657,,True
Load,B1,2025-06-08,158,144,1880.25459306,5344.45611042,0,,2071.25611505,0.351814020774,,True
Load,B1,2025-06-09,159,144,155.117754167,5340.38283264,0,,197.617760688,0.0290461862057,,True
Load,B1,2025-06-10,160,144,175.056881944,5308.93715764,0,,223.658153638,0.0329739977601,,True
Load,B1,2025-06-11,161,144,156.478552778,5343.19488819,0,,195.998479416,0.029285578395,,True
Load,B1,2025-06-12,162,144,180.051176389,5321.74220764,0,,241.304756552,0.0338331263266,,True
Load,B1,2025-06-13,163,144,1912.64857986,3412.06626667,0,,2089.40492687,0.560554347536,,True
Load,B1,2025-06-14,164,144,153.885613194,3427.21487986,0,,202.299547749,0.0449010694073,,True
Load,B1,2025-06-15,165,144,1879.821975,5307.03685486,0,,2088.38286494,0.354213099779,,True
Load,B1,2025-06-16,166,144,159.445416667,5317.44300069,0,,193.165064294,0.0299853551126,,True
Load,B1,2025-06-17,167,144,162.315529861,5304.65644167,0,,200.382264667,0.0305986884629,,True
Load,B1,2025-06-18,168,144,150.192322917,5287.87828819,0,,186.368040608,0.0284031353846,,True
Load,B1,2025-06-19,169,144,171.802149306,5306.21112083,0,,219.427245688,0.0323775563002,,True
Load,B1,2025-06-20,170,144,1925.49946597,3380.71165486,0,,2112.67707958,0.569554479218,,True
Load,B1,2025-06-21,171,144,184.624546528,3392.0027,0,,240.620656104,0.0544293630803,,True
Load,B1,2025-06-22,172,144,1880.47487986,5272.47757986,0,,2069.46480514,0.356658677325,,True
Load,B1,2025-06-23,173,144,169.298848611,5278.78637847,0,,215.558789876,0.0320715476007,,True
Load,B1,2025-06-24,174,144,165.270533333,5296.36854236,0,,209.296209706,0.0312045002177,,True
Load,B1,2025-06-25,175,144,179.248338194,5262.93368472,0,,229.099211064,0.0340586351515,,True
Load,B1,2025-06-26,176,144,161.241319444,5279.06022361,0,,212.41266328,0.0305435650693,,True
Load,B1,2025-06-27,177,144,1963.92459861,3315.135625,0,,2157.19828688,0.592411539305,,True
Load,B1,2025-06-28,178,144,159.315595833,3360.89886667,0,,220.207756495,0.0474026747468,,True
Load,B1,2025-06-29,179,144,1907.78732986,5266.03369653,0,,2093.59729644,0.362281641137,,True
Load,B1,2025-06-30,180,144,184.690941667,5247.80502431,0,,241.651479494,0.0351939412404,,True
Load,B1,2025-07-01,181,144,651.25816875,5897.78546111,0,,698.793694006,0.110424187696,,True
Load,B1,2025-07-02,182,144,186.585825694,5883.27742569,0,,231.215716921,0.0317146060255,,True
Load,B1,2025-07-03,183,144,204.15058125,5898.56410972,0,,264.60550459,0.0346102165633,,True
Load,B1,2025-07-04,184,144,1908.08706458,3991.46107292,0,,2094.14993068,0.478042258142,,True
Load,B1,2025-07-05,185,144,180.42330625,3994.70145417,0,,235.208257232,0.0451656546353,,True
Load,B1,2025-07-06,186,144,1890.48915625,5885.19061042,0,,2078.99794264,0.32122819487,,True
Load,B1,2025-07-07,187,144,190.890481944,5895.64142292,0,,236.795761793,0.0323782381341,,True
Load,B1,2025-07-08,188,144,160.261252083,5886.88445833,0,,205.598859983,0.0272234410608,,True
Load,B1,2025-07-09,189,144,177.607725,5857.94604028,0,,221.804415062,0.0303191124976,,True
Load,B1,2025-07-10,190,144,189.491453472,5852.64759375,0,,250.980553363,0.0323770482396,,True
Load,B1,2025-07-11,191,144,1912.56113264,3947.54535,0,,2107.32384106,0.484493770955,,True
Load,B1,2025-07-12,192,144,171.110768056,3971.59879583,0,,216.943561691,0.0430835985334,,True
Load,B1,2025-07-13,193,144,1857.29147431,5828.89027014,0,,2051.16616526,0.318635518637,,True
Load,B1,2025-07-14,194,144,184.966992361,5877.60097778,0,,224.787481292,0.0314698110778,,True
Load,B1,2025-07-15,195,144,174.168326389,5814.38177778,0,,214.848441593,0.0299547454993,,True
Load,B1,2025-07-16,196,144,220.303984028,5848.55272431,0,,278.412597019,0.0376681196892,,True
Load,B1,2025-07-17,197,144,227.990063889,5815.38163681,0,,288.270580524,0.039204660696,,True
Load,B1,2025-07-18,198,144,1911.64511458,3904.08638333,0,,2093.22886798,0.489652360856,,True
Load,B1,2025-07-19,199,144,179.737531944,3940.18843333,0,,251.613707319,0.045616481289,,True
Load,B1,2025-07-20,200,144,1845.39845972,5781.27244861,0,,2043.02166776,0.319202818432,,True
Load,B1,2025-07-21,201,144,189.639359722,5768.450825,0,,232.923938769,0.0328752667701,,True
Load,B1,2025-07-22,202,144,235.638359028,5813.11911736,0,,284.726606985,0.0405356150924,,True
Load,B1,2025-07-23,203,144,182.079106944,5810.41806875,0,,222.772633858,0.0313366619734,,True
Load,B1,2025-07-24,204,144,185.497569444,5787.59239653,0,,244.871115919,0.0320509041991,,True
Load,B1,2025-07-25,205,144,1941.97463194,3848.11832014,0,,2134.83393385,0.504655644755,,True
Load,B1,2025-07-26,206,144,168.752261806,3882.82041389,0,,216.750228137,0.0434612585228,,True
Load,B1,2025-07-27,207,144,1871.77109792,5754.59151181,0,,2050.60386973,0.325265675952,,True
Load,B1,2025-07-28,208,144,189.469713194,5759.54160139,0,,236.73987205,0.032896665448,,True
Load,B1,2025-07-29,209,144,223.299549306,5763.11437986,0,,279.942991263,0.038746333074,,True
Load,B1,2025-07-30,210,144,179.908300694,5767.68185139,0,,231.030201257,0.0311924799824,,True
Load,B1,2025-07-31,211,144,195.49191875,5725.97140486,0,,248.055675988,0.0341412670318,,True
Load,B1,2025-08-01,212,144,1862.66206736,3863.3093375,0,,2058.29308153,0.482141579832,,True
Load,B1,2025-08-02,213,144,185.282582639,3815.09350903,0,,260.950600583,0.0485656726894,,True
Load,B1,2025-08-03,214,144,1942.42216389,5752.60358958,0,,2113.63576164,0.33765965856,,True
Load,B1,2025-08-04,215,144,167.321506944,5763.00445625,0,,211.034576721,0.0290337285377,,True
Load,B1,2025-08-05,216,144,208.868216667,5685.77072014,0,,251.325097019,0.0367352513753,,True
Load,B1,2025-08-06,217,144,185.919940972,5696.50365833,0,,235.389785417,0.0326375531595,,True
Load,B1,2025-08-07,218,144,221.237377778,5702.11476944,0,,285.250050845,0.0387991800802,,True
Load,B1,2025-08-08,219,144,1922.81409792,3779.30067153,0,,2094.95786381,0.508775105512,,True
Load,B1,2025-08-09,220,144,185.169566667,3762.65965625,0,,247.963144086,0.0492124145109,,True
Load,B1,2025-08-10,221,144,1926.31720694,5688.97686319,0,,2115.15336405,0.338605210263,,True
Load,B1,2025-08-11,222,144,187.481341667,5684.26097986,0,,234.860748882,0.0329825358707,,True
Load,B1,2025-08-12,223,144,178.622800694,5693.23319583,0,,222.532792901,0.0313745800585,,True
Load,B1,2025-08-13,224,144,196.099149306,5689.49988264,0,,242.749363019,0.0344668518061,,True
Load,B1,2025-08-14,225,144,204.61395625,5664.00230694,0,,256.393348876,0.0361253306693,,True
Load,B1,2025-08-15,226,144,1917.03365,3748.66907361,0,,2120.18571812,0.51139047282,,True
Load,B1,2025-08-16,227,144,195.392375694,3757.64709792,0,,237.931765632,0.0519985966225,,True
Load,B1,2025-08-17,228,144,1882.73275625,5640.37985417,0,,2073.83783123,0.333795383454,,True
Load,B1,2025-08-18,229,144,193.657135417,5654.59061319,0,,235.614385459,0.0342477729448,,True
Load,B1,2025-08-19,230,144,182.136711111,5640.18678681,0,,240.211357498,0.0322926736287,,True
Load,B1,2025-08-20,231,144,187.751853472,5627.00223611,0,,235.265741236,0.0333662304712,,True
Load,B1,2025-08-21,232,144,170.820095833,5623.82495417,0,,226.932201134,0.0303743621513,,True
Load,B1,2025-08-22,233,144,1851.66952083,3772.15543333,0,,2035.10692451,0.490878372739,,True
Load,B1,2025-08-23,234,144,192.923325,3737.38109306,0,,252.543193822,0.051619923202,,True
Load,B1,2025-08-24,235,144,1890.45521528,5627.83630833,0,,2080.82682527,0.335911549609,,True
Load,B1,2025-08-25,236,144,176.295849306,5604.65057292,0,,214.039580161,0.0314552793278,,True
Load,B1,2025-08-26,237,144,167.790325694,5598.70683056,0,,203.413732441,0.0299694788051,,True
Load,B1,2025-08-27,238,144,164.529379167,5574.51592083,0,,203.237888508,0.0295145590224,,True
Load,B1,2025-08-28,239,144,191.033504167,5605.99235694,0,,249.932522409,0.0340766615441,,True
Load,B1,2025-08-29,240,144,1927.55211181,3680.34718958,0,,2121.53592961,0.5237419223,,True
Load,B1,2025-08-30,241,144,183.390825,3709.37864931,0,,235.589330004,0.0494397693895,,True
Load,B1,2025-08-31,242,144,1857.62176042,5556.88999306,0,,2068.57465965,0.334291620446,,True
Load,B1,2025-09-01,243,144,511.071566667,5052.65080278,0,,594.583216393,0.101149196059,,True
Load,B1,2025-09-02,244,144,136.846909028,5063.86767292,0,,169.341129155,0.027024187413,,True
Load,B1,2025-09-03,245,144,137.480146528,5059.73818472,0,,175.760352078,0.0271713953388,,True
Load,B1,2025-09-04,246,144,165.557194444,5044.21554306,0,,211.653219413,0.0328211974749,,True
Load,B1,2025-09-05,247,144,1913.67469097,3130.54085208,0,,2108.24899084,0.611292035911,,True
Load,B1,2025-09-06,248,144,152.634300694,3159.43225694,0,,196.378603065,0.0483106736531,,True
Load,B1,2025-09-07,249,144,1873.10978611,5032.54204306,0,,2064.72204115,0.372199530592,,True
Load,B1,2025-09-08,250,144,132.902151389,5058.35801806,0,,171.880355434,0.0262737732115,,True
Load,B1,2025-09-09,251,144,130.107492361,5045.09314931,0,,160.722039487,0.0257889177684,,True
Load,B1,2025-09-10,252,144,150.70765,5053.11618681,0,,192.351551199,0.0298246951838,,True
Load,B1,2025-09-11,253,144,162.054568056,5031.11576458,0,,218.171664671,0.0322104629745,,True
Load,B1,2025-09-12,254,144,1877.48130139,3153.63446319,0,,2073.68218079,0.595338909217,,True
Load,B1,2025-09-13,255,144,147.783276389,3127.64929653,0,,196.14199902,0.0472505905803,,True
Load,B1,2025-09-14,256,144,1923.92135625,5051.57065278,0,,2107.93524732,0.380856072001,,True
Load,B1,2025-09-15,257,144,167.930353472,5031.66791181,0,,208.67479568,0.0333746893507,,True
Load,B1,2025-09-16,258,144,172.70888125,5076.80656111,0,,213.468685557,0.0340191967472,,True
Load,B1,2025-09-17,259,144,163.454169444,5038.533125,0,,202.3715488,0.0324408246189,,True
Load,B1,2025-09-18,260,144,150.107034722,5033.50484861,0,,212.024517627,0.0298215734835,,True
Load,B1,2025-09-19,261,144,1897.00499583,3136.96360278,0,,2089.27585023,0.604726492253,,True
Load,B1,2025-09-20,262,144,171.640927778,3138.78031806,0,,226.492466473,0.0546839569467,,True
Load,B1,2025-09-21,263,144,1898.69966736,5035.92845764,0,,2084.28785584,0.377030707114,,True
Load,B1,2025-09-22,264,144,157.908500694,5050.75173889,0,,197.929425139,0.0312643560519,,True
Load,B1,2025-09-23,265,144,143.406722222,5049.26172222,0,,187.911565236,0.0284015228585,,True
Load,B1,2025-09-24,266,144,149.425135417,5042.25805903,0,,190.295953777,0.0296345672251,,True
Load,B1,2025-09-25,267,144,146.969455556,5022.76446458,0,,202.931688748,0.0292606704121,,True
Load,B1,2025-09-26,268,144,1931.33305972,3091.43140486,0,,2108.99515632,0.624737478142,,True
Load,B1,2025-09-27,269,144,163.018172222,3164.40715625,0,,211.455166554,0.0515161811274,,True
Load,B1,2025-09-28,270,144,1851.82699306,5016.23414931,0,,2044.69008398,0.369166776896,,True
Load,B1,2025-09-29,271,144,153.49958125,5046.30895,0,,194.115551288,0.0304181893679,,True
Load,B1,2025-09-30,272,144,151.683369444,5038.18562778,0,,190.539109114,0.030106744898,,True
Load,B1,2025-10-01,273,144,209.226472917,4884.10227986,0,,286.625939975,0.0428382660575,,True
Load,B1,2025-10-02,274,144,127.026926389,4884.65457431,0,,177.116179466,0.0260053038463,,True
Load,B1,2025-10-03,275,144,1905.36591597,2980.17463056,0,,2084.41078574,0.639347069275,,True
Load,B1,2025-10-04,276,144,140.367151389,3016.55895139,0,,184.296445143,0.0465322089344,,True
Load,B1,2025-10-05,277,144,1884.19094722,4900.18420417,0,,2073.73851621,0.384514309813,,True
Load,B1,2025-10-06,278,144,126.9330375,4912.33900556,0,,160.091014512,0.0258396330865,,True
Load,B1,2025-10-07,279,144,111.212209722,4889.88244306,0,,140.062227596,0.0227433299302,,True
Load,B1,2025-10-08,280,144,112.814689583,4891.29426458,0,,146.801979405,0.0230643840834,,True
Load,B1,2025-10-09,281,144,131.423304861,4893.04123889,0,,181.939806439,0.0268592268989,,True
Load,B1,2025-10-10,282,144,1880.42845625,3015.48042153,0,,2065.3738351,0.623591664806,,True
Load,B1,2025-10-11,283,144,119.442422222,2991.29019792,0,,160.317115344,0.0399300684051,,True
Load,B1,2025-10-12,284,144,1913.26747639,4904.55767431,0,,2103.30691296,0.39009990369,,True
Load,B1,2025-10-13,285,144,119.472599306,4903.23974306,0,,147.618564184,0.0243660529703,,True
Load,B1,2025-10-14,286,144,103.296622917,4918.00954931,0,,133.086055233,0.0210037459019,,True
Load,B1,2025-10-15,287,144,126.869728472,4889.27003194,0,,153.54725737,0.0259486032973,,True
Load,B1,2025-10-16,288,144,126.214666667,4905.55318056,0,,165.541372618,0.0257289365788,,True
Load,B1,2025-10-17,289,144,1907.92099167,2997.63218889,0,,2093.61293168,0.636476015549,,True
Load,B1,2025-10-18,290,144,121.829411806,2985.69589375,0,,167.088020861,0.0408043605715,,True
Load,B1,2025-10-19,291,144,1930.60608056,4916.30197431,0,,2119.9915435,0.392694771527,,True
Load,B1,2025-10-20,292,144,113.423197222,4912.63827708,0,,147.918113115,0.0230880416642,,True
Load,B1,2025-10-21,293,144,110.267972222,4908.36870764,0,,135.123521715,0.0224652993266,,True
Load,B1,2025-10-22,294,144,112.718996528,4902.99943889,0,,139.402732777,0.0229898040848,,True
Load,B1,2025-10-23,295,144,127.755288194,4883.83397986,0,,166.378325571,0.0261588106232,,True
Load,B1,2025-10-24,296,144,1878.18737431,3005.64660556,0,,2069.04932392,0.624886295958,,True
Load,B1,2025-10-25,297,144,122.204708333,3001.78279167,0,,161.633388564,0.040710709873,,True
Load,B1,2025-10-26,298,144,1890.81488958,4892.59768125,0,,2081.81927783,0.386464412725,,True
Load,B1,2025-10-27,299,144,124.321916667,4907.94017986,0,,151.380515693,0.0253307726074,,True
Load,B1,2025-10-28,300,144,119.405450694,4896.4227,0,,154.297921349,0.0243862627903,,True
Load,B1,2025-10-29,301,144,116.728050694,4905.06727153,0,,142.768324579,0.0237974413464,,True
Load,B1,2025-10-30,302,144,141.699336806,4871.50294028,0,,179.919725665,0.0290873963421,,True
Load,B1,2025-10-31,303,144,1881.96173056,2989.54120972,0,,2072.03419897,0.629515232784,,True
Load,B1,2025-11-01,304,144,126.623822917,2998.92539514,0,,170.108466253,0.0422230653426,,True
Load,B1,2025-11-02,305,144,1913.28875694,4910.13484653,0,,2095.17623333,0.389661143074,,True
Load,B1,2025-11-03,306,144,107.678815972,4908.70479306,0,,133.367956159,0.0219362989855,,True
Load,B1,2025-11-04,307,144,133.607176389,4891.52544722,0,,165.050877055,0.0273140102879,,True
Load,B1,2025-11-05,308,144,130.013921528,4906.85031736,0,,159.278661066,0.0264964107562,,True
Load,B1,2025-11-06,309,144,121.76940625,4904.71225556,0,,161.394007737,0.0248270234634,,True
Load,B1,2025-11-07,310,144,1899.41911667,3008.84911111,0,,2081.23793696,0.631277623611,,True
Load,B1,2025-11-08,311,144,123.231395139,3001.45278403,0,,160.742840347,0.0410572492743,,True
Load,B1,2025-11-09,312,144,1910.11680625,4911.56959028,0,,2096.91520051,0.388901505138,,True
Load,B1,2025-11-10,313,144,124.044475,4934.17094861,0,,151.925786567,0.0251398819157,,True
Load,B1,2025-11-11,314,144,125.16720625,4914.91114375,0,,153.982995347,0.0254668299363,,True
Load,B1,2025-11-12,315,144,112.436636806,4892.36307639,0,,138.535938343,0.0229820712506,,True
Load,B1,2025-11-13,316,144,111.587470833,4907.50446944,0,,162.699120872,0.0227381292321,,True
Load,B1,2025-11-14,317,144,1919.90447917,2989.07887917,0,,2109.95267594,0.642306394973,,True
Load,B1,2025-11-15,318,144,117.265672917,3019.45736736,0,,162.338863901,0.0388366711795,,True
Load,B1,2025-11-16,319,144,1912.22055903,4931.67792639,0,,2109.36257979,0.387742384553,,True
Load,B1,2025-11-17,320,144,126.009478472,4886.23794375,0,,160.255052368,0.025788649657,,True
Load,B1,2025-11-18,321,144,133.624103472,4907.65360417,0,,164.030789218,0.0272276966245,,True
Load,B1,2025-11-19,322,144,118.306309028,4924.15422292,0,,142.910540413,0.0240257115582,,True
Load,B1,2025-11-20,323,144,133.989974306,4910.26905139,0,,182.20908444,0.0272877051956,,True
Load,B1,2025-11-21,324,144,1910.30333889,2999.9657125,0,,2111.07395086,0.636775057438,,True
Load,B1,2025-11-22,325,144,131.433063889,3022.91292222,0,,178.975121396,0.0434789447366,,True
Load,B1,2025-11-23,326,144,1884.69925278,4907.612175,0,,2072.83648889,0.384035898839,,True
Load,B1,2025-11-24,327,144,128.168709028,4915.65365903,0,,154.93629922,0.0260735840883,,True
Load,B1,2025-11-25,328,144,121.392898611,4903.43300903,0,,149.527536343,0.024756716037,,True
Load,B1,2025-11-26,329,144,139.411825694,4903.60153056,0,,168.324172688,0.0284304964067,,True
Load,B1,2025-11-27,330,144,143.784146528,4883.25590208,0,,196.390925168,0.0294443194071,,True
Load,B1,2025-11-28,331,144,1877.29904306,3009.95922014,0,,2059.72522982,0.62369583963,,True
Load,B1,2025-11-29,332,144,135.0224,3006.50832847,0,,175.314517164,0.0449100369094,,True
Load,B1,2025-11-30,333,144,1910.52643958,4917.03476806,0,,2103.23948724,0.388552558545,,True
Load,B1,2025-12-01,334,144,333.398102778,5220.47465139,0,,415.125243335,0.0638635612739,,True
Load,B1,2025-12-02,335,144,130.437854167,5225.02598333,0,,162.370889476,0.0249640584722,,True
Load,B1,2025-12-03,336,144,141.412984722,5192.62213056,0,,183.11352654,0.027233444138,,True
Load,B1,2025-12-04,337,144,152.909465972,5222.34378958,0,,204.153683299,0.0292798544357,,True
Load,B1,2025-12-05,338,144,1940.64207778,3286.16962847,0,,2126.05967711,0.59054835787,,True
Load,B1,2025-12-06,339,144,158.067251389,3311.28421458,0,,195.288963037,0.0477359360132,,True
Load,B1,2025-12-07,340,144,1899.86007361,5211.14428819,0,,2095.31834183,0.364576371051,,True
Load,B1,2025-12-08,341,144,132.009777083,5183.76474722,0,,157.821668825,0.0254660046357,,True
Load,B1,2025-12-09,342,144,144.283678472,5195.61171181,0,,174.67670384,0.0277702966418,,True
Load,B1,2025-12-10,343,144,150.447259722,5182.44852153,0,,186.644981286,0.0290301503425,,True
Load,B1,2025-12-11,344,144,167.632545139,5157.82495694,0,,220.771882296,0.0325006270159,,True
Load,B1,2025-12-12,345,144,1883.78174792,3277.57098681,0,,2078.01776607,0.574749335865,,True
Load,B1,2025-12-13,346,144,139.298545833,3285.00656458,0,,180.684389564,0.0424043432166,,True
Load,B1,2025-12-14,347,144,1903.4345125,5188.44107708,0,,2100.18544814,0.366860581863,,True
Load,B1,2025-12-15,348,144,140.920997222,5179.38439514,0,,179.896442227,0.0272080591961,,True
Load,B1,2025-12-16,349,144,133.680358333,5193.62264097,0,,168.668031188,0.0257393283214,,True
Load,B1,2025-12-17,350,144,143.885276389,5186.10644375,0,,174.921856141,0.0277443739247,,True
Load,B1,2025-12-18,351,144,136.737061806,5179.80663611,0,,180.274094011,0.0263981015917,,True
Load,B1,2025-12-19,352,144,1906.75696528,3274.72189306,0,,2094.76966391,0.582265312154,,True
Load,B1,2025-12-20,353,144,141.226499306,3277.85500486,0,,182.287150054,0.0430850355175,,True
Load,B1,2025-12-21,354,144,1904.49670208,5182.35170694,0,,2105.99852857,0.367496613464,,True
Load,B1,2025-12-22,355,144,145.112436806,5196.60224236,0,,183.349575111,0.0279244841221,,True
Load,B1,2025-12-23,356,144,151.59833125,5164.86060694,0,,180.532484084,0.0293518727391,,True
Load,B1,2025-12-24,357,144,126.885195139,5164.76547014,0,,166.921429847,0.0245674650422,,True
Load,B1,2025-12-25,358,144,145.509307639,5157.91074583,0,,196.764467786,0.0282109006552,,True
Load,B1,2025-12-26,359,144,1899.00292708,3261.26281875,0,,2084.02567311,0.582290674694,,True
Load,B1,2025-12-27,360,144,136.153345139,3267.04933056,0,,177.96562318,0.0416747135911,,True
Load,B1,2025-12-28,361,144,1879.25357569,5146.30290625,0,,2058.9579312,0.365165752955,,True
Load,B1,2025-12-29,362,144,132.5534875,5153.22109931,0,,170.578480394,0.0257224529951,,True
Load,B1,2025-12-30,363,144,121.164319444,5146.93787708,0,,152.928397107,0.0235410495207,,True
Load,B1,2025-12-31,364,144,122.606722222,5157.98771181,0,,156.302930021,0.0237702625661,,True
Load,B2,2025-02-01,31,144,209.452609722,3179.38359514,0,,248.571185451,0.0658783702736,,True
Load,B2,2025-02-02,32,144,216.429445833,5071.08219375,0,,254.568141165,0.0426791437339,,True
Load,B2,2025-02-03,33,144,163.328051389,5108.490375,0,,206.887597658,0.0319718819846,,True
Load,B2,2025-02-04,34,144,238.821896528,5065.75411875,0,,280.677912347,0.0471443917193,,True
Load,B2,2025-02-05,35,144,180.554719444,5082.96185139,0,,230.094858065,0.0355215570613,,True
Load,B2,2025-02-06,36,144,185.486803472,5093.8401125,0,,224.857486474,0.036413942993,,True
Load,B2,2025-02-07,37,144,196.699264583,3173.69153889,0,,240.052479587,0.0619780662907,,True
Load,B2,2025-02-08,38,144,136.941618056,3156.11614653,0,,168.394015466,0.0433892834414,,True
Load,B2,2025-02-09,39,144,109.145040972,5064.49598194,0,,134.537027118,0.0215510173888,,True
Load,B2,2025-02-10,40,144,144.701911806,5061.56518819,0,,175.96512123,0.0285883726526,,True
Load,B2,2025-02-11,41,144,116.346018056,5060.05340069,0,,147.512346688,0.0229930415437,,True
Load,B2,2025-02-12,42,144,125.486277083,5056.82720347,0,,158.032811471,0.024815219511,,True
Load,B2,2025-02-13,43,144,146.03546875,5054.59515486,0,,177.910395187,0.0288916251996,,True
Load,B2,2025-02-14,44,144,125.656871528,3161.35991458,0,,161.940708611,0.0397477272196,,True
Load,B2,2025-02-15,45,144,136.772127778,3168.93967708,0,,170.826706856,0.0431602181534,,True
Load,B2,2025-02-16,46,144,128.698660417,5053.20738681,0,,155.765562032,0.02546870741,,True
Load,B2,2025-02-17,47,144,125.406656944,5040.01553403,0,,160.824713938,0.0248821965126,,True
Load,B2,2025-02-18,48,144,124.393040972,5055.46963472,0,,157.3805733,0.0246056350765,,True
Load,B2,2025-02-19,49,144,120.1885,5077.78308819,0,,155.114076749,0.0236694829047,,True
Load,B2,2025-02-20,50,144,127.768038194,5046.05237639,0,,156.381780652,0.0253203947688,,True
Load,B2,2025-02-21,51,144,142.000279861,3158.41675139,0,,171.229829697,0.0449593233061,,True
Load,B2,2025-02-22,52,144,129.12408125,3153.42676111,0,,159.645185286,0.0409472269476,,True
Load,B2,2025-02-23,53,144,128.169463194,5047.58920556,0,,157.481835975,0.0253922135845,,True
Load,B2,2025-02-24,54,144,125.533873611,5026.20785625,0,,149.124790324,0.0249758619622,,True
Load,B2,2025-02-25,55,144,128.164460417,5045.55553681,0,,165.605887635,0.0254014566844,,True
Load,B2,2025-02-26,56,144,141.099372222,5044.19725486,0,,176.195946596,0.0279726119129,,True
Load,B2,2025-02-27,57,144,119.926909722,5024.97870556,0,,150.934923541,0.0238661528236,,True
Load,B2,2025-02-28,58,144,127.930347917,3141.04616458,0,,157.739840325,0.0407285793374,,True
Load,B2,2025-03-01,59,144,208.592522917,3010.17333958,0,,262.826756962,0.0692958508979,,True
Load,B2,2025-03-02,60,144,195.860999306,4910.85071181,0,,254.120200854,0.0398833136659,,True
Load,B2,2025-03-03,61,144,189.125110417,4914.94773333,0,,231.967039384,0.0384795771345,,True
Load,B2,2025-03-04,62,144,186.713204167,4922.45937431,0,,238.194687878,0.0379308776303,,True
Load,B2,2025-03-05,63,144,191.380350694,4919.72682639,0,,235.603634448,0.038900605145,,True
Load,B2,2025-03-06,64,144,195.431092361,4903.06660625,0,,241.813330135,0.0398589511535,,True
Load,B2,2025-03-07,65,144,216.309447222,2986.68172708,0,,272.636365611,0.0724246729274,,True
Load,B2,2025-03-08,66,144,118.114652778,3014.36298264,0,,143.348750357,0.0391839514544,,True
Load,B2,2025-03-09,67,144,128.34401875,4903.8744375,0,,156.170045896,0.0261719626768,,True
Load,B2,2025-03-10,68,144,143.843306944,4914.29434861,0,,179.252951401,0.029270388939,,True
Load,B2,2025-03-11,69,144,130.158225,4895.81470625,0,,159.298896695,0.026585610937,,True
Load,B2,2025-03-12,70,144,123.710129167,4921.34320139,0,,153.494292533,0.025137472455,,True
Load,B2,2025-03-13,71,144,125.262868056,4926.55321042,0,,156.716260724,0.0254260661979,,True
Load,B2,2025-03-14,72,144,129.652565278,3004.53620625,0,,157.57180009,0.0431522725564,,True
Load,B2,2025-03-15,73,144,105.974131944,3030.20757431,0,,133.534268589,0.0349725651942,,True
Load,B2,2025-03-16,74,144,124.460928472,4915.96733264,0,,157.51260228,0.0253176882698,,True
Load,B2,2025-03-17,75,144,140.588476389,4903.90090833,0,,178.685209097,0.0286687025323,,True
Load,B2,2025-03-18,76,144,123.993015278,4885.55931597,0,,155.43563469,0.0253794923485,,True
Load,B2,2025-03-19,77,144,123.903261111,4886.73158333,0,,153.285501925,0.025355037206,,True
Load,B2,2025-03-20,78,144,129.554892361,4902.01590556,0,,157.665201326,0.0264289008557,,True
Load,B2,2025-03-21,79,144,123.5591875,3024.73050903,0,,157.118681328,0.0408496516074,,True
Load,B2,2025-03-22,80,144,112.567503472,2997.37206389,0,,138.201938607,0.037555398887,,True
Load,B2,2025-03-23,81,144,118.00314375,4905.83238611,0,,146.611714509,0.0240536435945,,True
Load,B2,2025-03-24,82,144,124.04888125,4892.71544236,0,,154.989661331,0.025353790285,,True
Load,B2,2025-03-25,83,144,140.163177778,4918.88199236,0,,169.06685243,0.0284949258786,,True
Load,B2,2025-03-26,84,144,111.541502778,4904.35949167,0,,139.463499546,0.0227433374261,,True
Load,B2,2025-03-27,85,144,122.642036111,4914.69159861,0,,156.122947431,0.0249541672454,,True
Load,B2,2025-03-28,86,144,134.068328472,2995.49030278,0,,170.727651153,0.0447567225799,,True
Load,B2,2025-03-29,87,144,107.564976389,3004.92822778,0,,132.344659154,0.0357961882066,,True
Load,B2,2025-03-30,88,144,131.855159028,4916.44607708,0,,165.801166794,0.026819201708,,True
Load,B2,2025-03-31,89,144,121.143677778,4878.15273403,0,,149.142944813,0.0248339247217,,True
Load,B2,2025-04-01,90,144,136.938202083,4915.2977625,0,,169.605074367,0.0278595944132,,True
Load,B2,2025-04-02,91,144,121.54698125,4916.10956042,0,,152.417377346,0.0247242214105,,True
Load,B2,2025-04-03,92,144,121.875397222,4911.8523375,0,,156.137768127,0.0248125124389,,True
Load,B2,2025-04-04,93,144,136.051228472,2988.98965903,0,,167.418802255,0.0455174637561,,True
Load,B2,2025-04-05,94,144,123.681622222,3025.11427361,0,,150.72779916,0.0408849421991,,True
Load,B2,2025-04-06,95,144,128.786658333,4883.55960764,0,,159.297208455,0.0263714725898,,True
Load,B2,2025-04-07,96,144,125.638347917,4875.63091806,0,,157.022526059,0.0257686338503,,True
Load,B2,2025-04-08,97,144,131.221780556,4904.72042778,0,,157.810613595,0.0267541815049,,True
Load,B2,2025-04-09,98,144,121.61998125,4903.23010556,0,,152.955096887,0.0248040533754,,True
Load,B2,2025-04-10,99,144,120.46951875,4902.86252847,0,,155.384541187,0.0245712617987,,True
Load,B2,2025-04-11,100,144,133.125019444,3003.83319792,0,,163.655588411,0.0443183794416,,True
Load,B2,2025-04-12,101,144,119.571727778,2998.21565694,0,,151.541782951,0.0398809630324,,True
Load,B2,2025-04-13,102,144,131.584471528,4886.79425833,0,,161.954660855,0.0269265421403,,True
Load,B2,2025-04-14,103,144,130.287813194,4912.55719514,0,,162.589433187,0.0265213834708,,True
Load,B2,2025-04-15,104,144,123.469176389,4877.37104861,0,,149.088528103,0.0253146982582,,True
Load,B2,2025-04-16,105,144,119.073455556,4913.53687778,0,,148.081942857,0.0242337563587,,True
Load,B2,2025-04-17,106,144,100.573921528,4895.29344306,0,,122.236376038,0.0205450240517,,True
Load,B2,2025-04-18,107,144,138.335443056,2978.75705625,0,,170.660775889,0.0464406597931,,True
Load,B2,2025-04-19,108,144,121.865874306,2996.05897292,0,,155.890971665,0.0406753923762,,True
Load,B2,2025-04-20,109,144,129.359499306,4883.24234792,0,,166.232358771,0.0264904934241,,True
Load,B2,2025-04-21,110,144,134.139159722,4936.73491181,0,,170.415607246,0.0271716351229,,True
Load,B2,2025-04-22,111,144,134.045654861,4908.79170903,0,,162.443469698,0.0273072606879,,True
Load,B2,2025-04-23,112,144,127.788108333,4917.93811528,0,,157.426432155,0.0259840822186,,True
Load,B2,2025-04-24,113,144,101.862241667,4895.74081944,0,,130.387202572,0.0208062978461,,True
Load,B2,2025-04-25,114,144,124.937313194,2990.13838333,0,,149.116540351,0.0417831207715,,True
Load,B2,2025-04-26,115,144,132.257917361,3004.20518194,0,,165.55510538,0.0440242624425,,True
Load,B2,2025-04-27,116,144,129.670434028,4876.35510556,0,,165.02413399,0.0265916716935,,True
Load,B2,2025-04-28,117,144,128.471163194,4897.38753333,0,,167.750053935,0.0262325908089,,True
Load,B2,2025-04-29,118,144,105.003352778,4885.53161319,0,,134.739171157,0.0214927179049,,True
Load,B2,2025-04-30,119,144,132.427872917,4903.45336319,0,,161.492989385,0.0270070628,,True
Load,B2,2025-05-01,120,144,208.46656875,5015.19099653,0,,281.508383845,0.041567024844,,True
Load,B2,2025-05-02,121,144,187.699695833,3115.04278056,0,,250.848301212,0.0602558966461,,True
Load,B2,2025-05-03,122,144,200.366715972,3120.61872014,0,,262.758254472,0.0642073684552,,True
Load,B2,2025-05-04,123,144,227.804633333,5027.92017639,0,,283.893794772,0.0453079256117,,True
Load,B2,2025-05-05,124,144,219.8206625,5025.50682778,0,,272.721038046,0.0437409937014,,True
Load,B2,2025-05-06,125,144,210.323250694,5042.38292083,0,,281.014285887,0.0417110826362,,True
Load,B2,2025-05-07,126,144,202.541230556,5048.34229236,0,,268.197691716,0.040120344229,,True
Load,B2,2025-05-08,127,144,162.923375,5018.56155764,0,,220.491420711,0.0324641579323,,True
Load,B2,2025-05-09,128,144,146.554640972,3093.90939375,0,,187.116236461,0.0473687565862,,True
Load,B2,2025-05-10,129,144,153.553333333,3110.33279375,0,,188.437578811,0.0493687793287,,True
Load,B2,2025-05-11,130,144,152.131986806,5030.96210069,0,,186.05282777,0.0302391438776,,True
Load,B2,2025-05-12,131,144,154.917828472,5018.69181736,0,,185.002321377,0.030868169258,,True
Load,B2,2025-05-13,132,144,143.866841667,5011.23465,0,,183.258338531,0.0287088615311,,True
Load,B2,2025-05-14,133,144,122.938686806,5024.66688611,0,,158.652506287,0.0244670322615,,True
Load,B2,2025-05-15,134,144,158.319084722,4983.26290903,0,,211.03457148,0.0317701649727,,True
Load,B2,2025-05-16,135,144,158.964813889,3111.72269792,0,,200.835447386,0.0510857905158,,True
Load,B2,2025-05-17,136,144,148.205692361,3136.43876806,0,,181.453803366,0.0472528569251,,True
Load,B2,2025-05-18,137,144,149.644949306,5028.62654167,0,,191.47251437,0.0297586126282,,True
Load,B2,2025-05-19,138,144,155.865425,5003.01616597,0,,204.060854807,0.0311542916971,,True
Load,B2,2025-05-20,139,144,136.506392361,5018.23240486,0,,172.104645728,0.0272020865811,,True
Load,B2,2025-05-21,140,144,129.375720139,5011.79380347,0,,168.789781248,0.0258142543792,,True
Load,B2,2025-05-22,141,144,150.5944125,4988.73666736,0,,197.159169816,0.030186883482,,True
Load,B2,2025-05-23,142,144,154.296402778,3124.30768264,0,,196.057060281,0.0493857898936,,True
Load,B2,2025-05-24,143,144,145.152370139,3112.24240903,0,,185.611649809,0.0466391595069,,True
Load,B2,2025-05-25,144,144,155.6909,5013.32823333,0,,191.207977671,0.0310553972837,,True
Load,B2,2025-05-26,145,144,151.130570139,4975.33205694,0,,193.998697579,0.0303759766,,True
Load,B2,2025-05-27,146,144,132.801447222,5001.95113958,0,,160.229702288,0.026549928921,,True
Load,B2,2025-05-28,147,144,131.367919444,4996.74363403,0,,163.001496694,0.0262907063212,,True
Load,B2,2025-05-29,148,144,143.309124306,5018.30476111,0,,179.362777034,0.0285572780306,,True
Load,B2,2025-05-30,149,144,130.6668,3108.84268681,0,,165.518292028,0.0420306889617,,True
Load,B2,2025-05-31,150,144,149.0441375,3115.76385764,0,,194.407721928,0.0478355049708,,True
Load,B2,2025-06-01,151,144,366.848411111,5343.69000139,0,,462.352120581,0.0686507658595,,True
Load,B2,2025-06-02,152,144,387.529272917,5336.68904097,0,,466.729457847,0.0726160490037,,True
Load,B2,2025-06-03,153,144,365.743339583,5336.53502361,0,,459.125844865,0.0685357330112,,True
Load,B2,2025-06-04,154,144,385.038525,5355.82681597,0,,466.001240432,0.0718915189438,,True
Load,B2,2025-06-05,155,144,356.001505556,5352.33002778,0,,439.696304623,0.0665133696368,,True
Load,B2,2025-06-06,156,144,390.626096528,3447.80895833,0,,478.441779719,0.113296908631,,True
Load,B2,2025-06-07,157,144,376.808165278,3464.86498958,0,,483.558490308,0.108751182632,,True
Load,B2,2025-06-08,158,144,143.870350694,5344.45611042,0,,183.828358113,0.0269195494775,,True
Load,B2,2025-06-09,159,144,160.038659722,5340.38283264,0,,202.695996725,0.0299676380398,,True
Load,B2,2025-06-10,160,144,151.95879375,5308.93715764,0,,189.038649054,0.0286232044641,,True
Load,B2,2025-06-11,161,144,150.373693056,5343.19488819,0,,193.534023595,0.0281430298168,,True
Load,B2,2025-06-12,162,144,163.344303472,5321.74220764,0,,211.222489977,0.0306937647671,,True
Load,B2,2025-06-13,163,144,150.750223611,3412.06626667,0,,194.620486842,0.0441815052315,,True
Load,B2,2025-06-14,164,144,146.259166667,3427.21487986,0,,184.359536752,0.0426758087233,,True
Load,B2,2025-06-15,165,144,161.884406944,5307.03685486,0,,198.823462685,0.0305037276679,,True
Load,B2,2025-06-16,166,144,172.234672222,5317.44300069,0,,226.593078747,0.0323905065272,,True
Load,B2,2025-06-17,167,144,148.780378472,5304.65644167,0,,189.414465835,0.0280471280484,,True
Load,B2,2025-06-18,168,144,154.564848611,5287.87828819,0,,195.742415721,0.0292300314393,,True
Load,B2,2025-06-19,169,144,170.96235625,5306.21112083,0,,214.330344777,0.0322192902538,,True
Load,B2,2025-06-20,170,144,166.503029861,3380.71165486,0,,201.043776775,0.0492508817254,,True
Load,B2,2025-06-21,171,144,155.710238194,3392.0027,0,,205.160491055,0.0459051044371,,True
Load,B2,2025-06-22,172,144,150.955713889,5272.47757986,0,,197.846433362,0.0286308877757,,True
Load,B2,2025-06-23,173,144,174.520723611,5278.78637847,0,,217.213016428,0.0330607664525,,True
Load,B2,2025-06-24,174,144,173.615972917,5296.36854236,0,,211.168054055,0.0327801910928,,True
Load,B2,2025-06-25,175,144,161.530949306,5262.93368472,0,,201.777089212,0.0306921878523,,True
Load,B2,2025-06-26,176,144,156.263554167,5279.06022361,0,,194.958213376,0.0296006386644,,True
Load,B2,2025-06-27,177,144,164.722532639,3315.135625,0,,216.679368083,0.0496880222325,,True
Load,B2,2025-06-28,178,144,172.860888889,3360.89886667,0,,218.127549525,0.0514329337914,,True
Load,B2,2025-06-29,179,144,158.406673611,5266.03369653,0,,207.4113313,0.0300808317492,,True
Load,B2,2025-06-30,180,144,171.604155556,5247.80502431,0,,228.900874014,0.0327001774572,,True
Load,B2,2025-07-01,181,144,602.440807639,5897.78546111,0,,647.806430371,0.102146951871,,True
Load,B2,2025-07-02,182,144,621.559164583,5883.27742569,0,,669.452485422,0.105648454018,,True
Load,B2,2025-07-03,183,144,622.637988889,5898.56410972,0,,668.875436183,0.105557552195,,True
Load,B2,2025-07-04,184,144,676.648642361,3991.46107292,0,,712.787518339,0.169524048964,,True
Load,B2,2025-07-05,185,144,633.8025875,3994.70145417,0,,681.226080163,0.158660814775,,True
Load,B2,2025-07-06,186,144,619.156913889,5885.19061042,0,,666.006191196,0.105205923627,,True
Load,B2,2025-07-07,187,144,649.526259722,5895.64142292,0,,692.758317031,0.110170584187,,True
Load,B2,2025-07-08,188,144,184.560616667,5886.88445833,0,,234.022133866,0.0313511532243,,True
Load,B2,2025-07-09,189,144,187.468104861,5857.94604028,0,,228.008902112,0.0320023611642,,True
Load,B2,2025-07-10,190,144,213.089679861,5852.64759375,0,,265.866386349,0.0364091082622,,True
Load,B2,2025-07-11,191,144,164.507800694,3947.54535,0,,209.403856181,0.0416734416223,,True
Load,B2,2025-07-12,192,144,177.712726389,3971.59879583,0,,227.347898048,0.0447458908929,,True
Load,B2,2025-07-13,193,144,179.353506944,5828.89027014,0,,222.479740782,0.0307697518108,,True
Load,B2,2025-07-14,194,144,186.67683125,5877.60097778,0,,240.936471822,0.0317607186939,,True
Load,B2,2025-07-15,195,144,215.163073611,5814.38177778,0,,274.312582309,0.0370053226352,,True
Load,B2,2025-07-16,196,144,193.979735417,5848.55272431,0,,249.632876379,0.033167134599,,True
Load,B2,2025-07-17,197,144,210.954602778,5815.38163681,0,,265.729121555,0.0362752809622,,True
Load,B2,2025-07-18,198,144,165.030358333,3904.08638333,0,,215.215172718,0.0422711851454,,True
Load,B2,2025-07-19,199,144,171.734219444,3940.18843333,0,,212.37319389,0.0435852808438,,True
Load,B2,2025-07-20,200,144,194.376490972,5781.27244861,0,,243.056272269,0.0336217489662,,True
Load,B2,2025-07-21,201,144,212.929343056,5768.450825,0,,269.145743123,0.0369127430423,,True
Load,B2,2025-07-22,202,144,176.42174375,5813.11911736,0,,229.520281873,0.03034889535,,True
Load,B2,2025-07-23,203,144,203.3334625,5810.41806875,0,,253.812516953,0.034994635514,,True
Load,B2,2025-07-24,204,144,180.913397222,5787.59239653,0,,225.637013217,0.0312588352509,,True
Load,B2,2025-07-25,205,144,170.282322917,3848.11832014,0,,208.464327207,0.0442508022754,,True
Load,B2,2025-07-26,206,144,197.215123611,3882.82041389,0,,248.782193675,0.050791719057,,True
Load,B2,2025-07-27,207,144,184.946988194,5754.59151181,0,,230.588496416,0.0321390298191,,True
Load,B2,2025-07-28,208,144,181.514083333,5759.54160139,0,,223.263116589,0.0315153697804,,True
Load,B2,2025-07-29,209,144,191.930516667,5763.11437986,0,,244.542573583,0.0333032634815,,True
Load,B2,2025-07-30,210,144,161.370167361,5767.68185139,0,,204.383750448,0.0279783406088,,True
Load,B2,2025-07-31,211,144,205.072019444,5725.97140486,0,,252.689127739,0.0358143631787,,True
Load,B2,2025-08-01,212,144,173.223846528,3863.3093375,0,,227.217043077,0.0448382025344,,True
Load,B2,2025-08-02,213,144,179.116425694,3815.09350903,0,,231.82759837,0.0469494195281,,True
Load,B2,2025-08-03,214,144,157.568877778,5752.60358958,0,,203.218857694,0.0273908805507,,True
Load,B2,2025-08-04,215,144,184.489160417,5763.00445625,0,,231.238366385,0.0320126700955,,True
Load,B2,2025-08-05,216,144,207.560134722,5685.77072014,0,,257.250835083,0.0365051889952,,True
Load,B2,2025-08-06,217,144,209.127056944,5696.50365833,0,,258.182474984,0.0367114759311,,True
Load,B2,2025-08-07,218,144,198.808532639,5702.11476944,0,,241.529256485,0.034865754317,,True
Load,B2,2025-08-08,219,144,175.800079861,3779.30067153,0,,231.563515544,0.0465165635498,,True
Load,B2,2025-08-09,220,144,174.947519444,3762.65965625,0,,215.745756235,0.0464957066084,,True
Load,B2,2025-08-10,221,144,183.733420833,5688.97686319,0,,230.060022916,0.0322963909419,,True
Load,B2,2025-08-11,222,144,198.152801389,5684.26097986,0,,244.668464798,0.0348599056396,,True
Load,B2,2025-08-12,223,144,169.320697917,5693.23319583,0,,211.810320934,0.0297406925191,,True
Load,B2,2025-08-13,224,144,182.514827083,5689.49988264,0,,224.486440311,0.032079239098,,True
Load,B2,2025-08-14,225,144,209.48115,5664.00230694,0,,264.876801811,0.0369846512497,,True
Load,B2,2025-08-15,226,144,183.953745139,3748.66907361,0,,229.583200097,0.049071748273,,True
Load,B2,2025-08-16,227,144,161.927858333,3757.64709792,0,,203.340646552,0.0430928860837,,True
Load,B2,2025-08-17,228,144,183.54294375,5640.37985417,0,,235.671331614,0.0325408835035,,True
Load,B2,2025-08-18,229,144,195.1594875,5654.59061319,0,,247.287139077,0.0345134600982,,True
Load,B2,2025-08-19,230,144,186.251592361,5640.18678681,0,,234.659822943,0.0330222383409,,True
Load,B2,2025-08-20,231,144,202.426750694,5627.00223611,0,,249.178021893,0.0359741727834,,True
Load,B2,2025-08-21,232,144,191.652380556,5623.82495417,0,,236.941469353,0.0340786532507,,True
Load,B2,2025-08-22,233,144,173.351194444,3772.15543333,0,,221.612118078,0.0459554749289,,True
Load,B2,2025-08-23,234,144,150.424513194,3737.38109306,0,,197.876634054,0.0402486418829,,True
Load,B2,2025-08-24,235,144,191.037729167,5627.83630833,0,,232.963590095,0.0339451467136,,True
Load,B2,2025-08-25,236,144,167.107888889,5604.65057292,0,,211.727148272,0.0298159335207,,True
Load,B2,2025-08-26,237,144,185.801000694,5598.70683056,0,,235.043840769,0.033186413634,,True
Load,B2,2025-08-27,238,144,155.6604,5574.51592083,0,,193.858170927,0.0279235725955,,True
Load,B2,2025-08-28,239,144,211.557593056,5605.99235694,0,,260.193242597,0.0377377598087,,True
Load,B2,2025-08-29,240,144,192.33926875,3680.34718958,0,,242.23697138,0.0522611750583,,True
Load,B2,2025-08-30,241,144,166.678579861,3709.37864931,0,,214.555860666,0.0449343665393,,True
Load,B2,2025-08-31,242,144,194.411531944,5556.88999306,0,,236.148555753,0.0349856722353,,True
Load,B2,2025-09-01,243,144,555.239940972,5052.65080278,0,,630.381002329,0.109890820214,,True
Load,B2,2025-09-02,244,144,545.149035417,5063.86767292,0,,628.411707375,0.107654676352,,True
Load,B2,2025-09-03,245,144,531.227706944,5059.73818472,0,,601.853365424,0.104991145302,,True
Load,B2,2025-09-04,246,144,569.822809722,5044.21554306,0,,659.647942771,0.112965594919,,True
Load,B2,2025-09-05,247,144,550.214295833,3130.54085208,0,,612.920892327,0.175756944832,,True
Load,B2,2025-09-06,248,144,576.69741875,3159.43225694,0,,659.701154654,0.182531977852,,True
Load,B2,2025-09-07,249,144,543.185975,5032.54204306,0,,628.490628292,0.107934711792,,True
Load,B2,2025-09-08,250,144,141.313858333,5058.35801806,0,,174.41757189,0.0279367055137,,True
Load,B2,2025-09-09,251,144,147.290222222,5045.09314931,0,,184.962183274,0.02919474782,,True
Load,B2,2025-09-10,252,144,150.655574306,5053.11618681,0,,191.553395082,0.0298143895244,,True
Load,B2,2025-09-11,253,144,136.784604861,5031.11576458,0,,179.87596813,0.027187727586,,True
Load,B2,2025-09-12,254,144,137.795354167,3153.63446319,0,,174.030794608,0.0436941426709,,True
Load,B2,2025-09-13,255,144,144.827636806,3127.64929653,0,,180.635407848,0.0463055870638,,True
Load,B2,2025-09-14,256,144,160.757665278,5051.57065278,0,,202.470452854,0.0318233033501,,True
Load,B2,2025-09-15,257,144,158.900365972,5031.66791181,0,,198.322152094,0.0315800582943,,True
Load,B2,2025-09-16,258,144,138.945363194,5076.80656111,0,,174.280068381,0.0273686541967,,True
Load,B2,2025-09-17,259,144,130.20364375,5038.533125,0,,165.439688333,0.0258415774035,,True
Load,B2,2025-09-18,260,144,123.214896528,5033.50484861,0,,155.440390366,0.0244789466254,,True
Load,B2,2025-09-19,261,144,147.712478472,3136.96360278,0,,182.692900397,0.0470877246843,,True
Load,B2,2025-09-20,262,144,149.176299306,3138.78031806,0,,190.351351349,0.0475268366019,,True
Load,B2,2025-09-21,263,144,134.258363194,5035.92845764,0,,173.312454126,0.0266601013743,,True
Load,B2,2025-09-22,264,144,153.232567361,5050.75173889,0,,190.37584006,0.0303385664715,,True
Load,B2,2025-09-23,265,144,148.890458333,5049.26172222,0,,196.292139921,0.0294875699705,,True
Load,B2,2025-09-24,266,144,148.765977083,5042.25805903,0,,181.877304795,0.0295038404107,,True
Load,B2,2025-09-25,267,144,166.721213194,5022.76446458,0,,218.985168989,0.0331931179274,,True
Load,B2,2025-09-26,268,144,140.161928472,3091.43140486,0,,185.283404513,0.0453388447345,,True
Load,B2,2025-09-27,269,144,185.683045139,3164.40715625,0,,227.690872865,0.0586786200291,,True
Load,B2,2025-09-28,270,144,143.887768056,5016.23414931,0,,181.810050843,0.0286844201791,,True
Load,B2,2025-09-29,271,144,156.074972222,5046.30895,0,,199.278553386,0.0309285407946,,True
Load,B2,2025-09-30,272,144,140.115481944,5038.18562778,0,,176.797816011,0.0278107025616,,True
Load,B2,2025-10-01,273,144,210.289851389,4884.10227986,0,,275.31292023,0.0430559884579,,True
Load,B2,2025-10-02,274,144,226.059126389,4884.65457431,0,,299.686478856,0.0462794498465,,True
Load,B2,2025-10-03,275,144,185.648472917,2980.17463056,0,,252.508709692,0.0622944947632,,True
Load,B2,2025-10-04,276,144,228.662382639,3016.55895139,0,,286.504609961,0.0758023915076,,True
Load,B2,2025-10-05,277,144,200.775760417,4900.18420417,0,,264.17822658,0.0409731046939,,True
Load,B2,2025-10-06,278,144,213.829941667,4912.33900556,0,,267.910561587,0.0435291500495,,True
Load,B2,2025-10-07,279,144,207.2168625,4889.88244306,0,,275.7587031,0.0423766552495,,True
Load,B2,2025-10-08,280,144,110.288444444,4891.29426458,0,,140.320999468,0.0225479062348,,True
Load,B2,2025-10-09,281,144,105.662609028,4893.04123889,0,,138.158521266,0.0215944652557,,True
Load,B2,2025-10-10,282,144,120.892228472,3015.48042153,0,,154.453289829,0.0400905366883,,True
Load,B2,2025-10-11,283,144,126.267482639,2991.29019792,0,,156.494586749,0.0422117127676,,True
Load,B2,2025-10-12,284,144,124.390978472,4904.55767431,0,,150.601214953,0.0253623235229,,True
Load,B2,2025-10-13,285,144,107.382908333,4903.23974306,0,,133.278020647,0.0219003993197,,True
Load,B2,2025-10-14,286,144,110.119984028,4918.00954931,0,,139.115541615,0.0223911692167,,True
Load,B2,2025-10-15,287,144,111.842672917,4889.27003194,0,,140.482994256,0.0228751269997,,True
Load,B2,2025-10-16,288,144,110.812845833,4905.55318056,0,,141.750584051,0.0225892660327,,True
Load,B2,2025-10-17,289,144,119.89841875,2997.63218889,0,,149.318953674,0.0399977085896,,True
Load,B2,2025-10-18,290,144,131.341122222,2985.69589375,0,,159.101408305,0.0439901205267,,True
Load,B2,2025-10-19,291,144,110.903252778,4916.30197431,0,,137.310896463,0.0225582670384,,True
Load,B2,2025-10-20,292,144,114.494252083,4912.63827708,0,,137.780222187,0.0233060619621,,True
Load,B2,2025-10-21,293,144,103.076295833,4908.36870764,0,,130.167070886,0.0210001126592,,True
Load,B2,2025-10-22,294,144,121.200098611,4902.99943889,0,,148.159399495,0.0247195823948,,True
Load,B2,2025-10-23,295,144,117.468377083,4883.83397986,0,,149.97120591,0.0240524918676,,True
Load,B2,2025-10-24,296,144,124.037575,3005.64660556,0,,151.665718014,0.0412681832823,,True
Load,B2,2025-10-25,297,144,132.065028472,3001.78279167,0,,163.452317255,0.0439955312019,,True
Load,B2,2025-10-26,298,144,123.786893056,4892.59768125,0,,156.262666802,0.0253008526595,,True
Load,B2,2025-10-27,299,144,108.893545833,4907.94017986,0,,136.297280467,0.0221872194531,,True
Load,B2,2025-10-28,300,144,108.146322917,4896.4227,0,,137.029480247,0.0220868028646,,True
Load,B2,2025-10-29,301,144,106.024965972,4905.06727153,0,,132.59397638,0.021615394877,,True
Load,B2,2025-10-30,302,144,124.123685417,4871.50294028,0,,155.700613571,0.0254795464435,,True
Load,B2,2025-10-31,303,144,114.866145833,2989.54120972,0,,143.823845023,0.0384226668158,,True
Load,B2,2025-11-01,304,144,133.612234028,2998.92539514,0,,166.346223148,0.0445533704321,,True
Load,B2,2025-11-02,305,144,114.081818056,4910.13484653,0,,144.880951103,0.023233948073,,True
Load,B2,2025-11-03,306,144,108.945488194,4908.70479306,0,,142.408770858,0.0221943451048,,True
Load,B2,2025-11-04,307,144,138.123466667,4891.52544722,0,,163.373666365,0.0282372990097,,True
Load,B2,2025-11-05,308,144,125.683331944,4906.85031736,0,,161.16076256,0.0256138508036,,True
Load,B2,2025-11-06,309,144,123.906141667,4904.71225556,0,,155.910786009,0.0252626729583,,True
Load,B2,2025-11-07,310,144,131.4477875,3008.84911111,0,,159.270230837,0.0436870652684,,True
Load,B2,2025-11-08,311,144,116.956180556,3001.45278403,0,,150.62191971,0.0389665235375,,True
Load,B2,2025-11-09,312,144,124.363846528,4911.56959028,0,,152.480892642,0.0253205913592,,True
Load,B2,2025-11-10,313,144,126.1478625,4934.17094861,0,,151.506999032,0.0255661718683,,True
Load,B2,2025-11-11,314,144,125.354360417,4914.91114375,0,,154.148385353,0.0255049087868,,True
Load,B2,2025-11-12,315,144,124.921024306,4892.36307639,0,,156.887635511,0.0255338825747,,True
Load,B2,2025-11-13,316,144,136.6919375,4907.50446944,0,,168.49493974,0.0278536552236,,True
Load,B2,2025-11-14,317,144,116.564540278,2989.07887917,0,,144.164499613,0.0389968097163,,True
Load,B2,2025-11-15,318,144,122.988569444,3019.45736736,0,,151.4660993,0.0407320105837,,True
Load,B2,2025-11-16,319,144,139.354618056,4931.67792639,0,,173.912316992,0.0282570395179,,True
Load,B2,2025-11-17,320,144,139.825847917,4886.23794375,0,,172.05900218,0.0286162584644,,True
Load,B2,2025-11-18,321,144,126.018227083,4907.65360417,0,,156.038989141,0.0256778976773,,True
Load,B2,2025-11-19,322,144,126.195195139,4924.15422292,0,,162.924181797,0.025627790972,,True
Load,B2,2025-11-20,323,144,120.269743056,4910.26905139,0,,147.69167136,0.0244935138578,,True
Load,B2,2025-11-21,324,144,121.481544444,2999.9657125,0,,150.152632974,0.0404943109644,,True
Load,B2,2025-11-22,325,144,116.021350694,3022.91292222,0,,141.778390548,0.0383806459794,,True
Load,B2,2025-11-23,326,144,124.328420833,4907.612175,0,,154.09038228,0.0253337909354,,True
Load,B2,2025-11-24,327,144,119.804804167,4915.65365903,0,,151.889644515,0.0243721003303,,True
Load,B2,2025-11-25,328,144,128.228089583,4903.43300903,0,,159.268921521,0.0261506763419,,True
Load,B2,2025-11-26,329,144,135.371288194,4903.60153056,0,,167.918280471,0.0276065025575,,True
Load,B2,2025-11-27,330,144,112.066549306,4883.25590208,0,,134.150376802,0.0229491453147,,True
Load,B2,2025-11-28,331,144,137.404228472,3009.95922014,0,,170.540722988,0.0456498638097,,True
Load,B2,2025-11-29,332,144,126.420145139,3006.50832847,0,,159.302651374,0.0420488258561,,True
Load,B2,2025-11-30,333,144,131.269438889,4917.03476806,0,,163.760039908,0.0266968701832,,True
Load,B2,2025-12-01,334,144,341.710389583,5220.47465139,0,,408.713090223,0.0654558086002,,True
Load,B2,2025-12-02,335,144,340.60985625,5225.02598333,0,,410.350889211,0.0651881650611,,True
Load,B2,2025-12-03,336,144,317.1904,5192.62213056,0,,380.376864137,0.0610848222777,,True
Load,B2,2025-12-04,337,144,351.775990278,5222.34378958,0,,424.040338095,0.0673597917815,,True
Load,B2,2025-12-05,338,144,317.680536111,3286.16962847,0,,377.310918731,0.0966719835028,,True
Load,B2,2025-12-06,339,144,333.493797222,3311.28421458,0,,395.047408524,0.100714337885,,True
Load,B2,2025-12-07,340,144,318.247809028,5211.14428819,0,,379.81975713,0.0610706193165,,True
Load,B2,2025-12-08,341,144,126.561329167,5183.76474722,0,,161.438288555,0.0244149446085,,True
Load,B2,2025-12-09,342,144,137.956921528,5195.61171181,0,,174.376983777,0.0265525849852,,True
Load,B2,2025-12-10,343,144,135.749403472,5182.44852153,0,,170.804254706,0.0261940669373,,True
Load,B2,2025-12-11,344,144,147.388125694,5157.82495694,0,,192.431422531,0.0285756354519,,True
Load,B2,2025-12-12,345,144,155.4164125,3277.57098681,0,,187.550825138,0.0474181682489,,True
Load,B2,2025-12-13,346,144,131.565897222,3285.00656458,0,,161.300200665,0.0400504214027,,True
Load,B2,2025-12-14,347,144,124.807459722,5188.44107708,0,,162.099801709,0.0240549054847,,True
Load,B2,2025-12-15,348,144,115.730217361,5179.38439514,0,,145.366072943,0.0223443962703,,True
Load,B2,2025-12-16,349,144,117.693243056,5193.62264097,0,,146.561294212,0.0226611078993,,True
Load,B2,2025-12-17,350,144,142.397825,5186.10644375,0,,175.64362407,0.0274575592585,,True
Load,B2,2025-12-18,351,144,146.750919444,5179.80663611,0,,187.844769713,0.0283313509082,,True
Load,B2,2025-12-19,352,144,144.35585625,3274.72189306,0,,172.182883965,0.0440818673965,,True
Load,B2,2025-12-20,353,144,119.485555556,3277.85500486,0,,151.726443586,0.036452361492,,True
Load,B2,2025-12-21,354,144,148.009424306,5182.35170694,0,,183.248048852,0.0285602816396,,True
Load,B2,2025-12-22,355,144,136.271440278,5196.60224236,0,,170.714668062,0.0262231808251,,True
Load,B2,2025-12-23,356,144,116.159752083,5164.86060694,0,,146.834217547,0.0224903944023,,True
Load,B2,2025-12-24,357,144,129.131788889,5164.76547014,0,,155.184927744,0.0250024497018,,True
Load,B2,2025-12-25,358,144,154.823022222,5157.91074583,0,,197.305493824,0.0300166152249,,True
Load,B2,2025-12-26,359,144,131.925399306,3261.26281875,0,,165.415411163,0.0404522440041,,True
Load,B2,2025-12-27,360,144,149.481397917,3267.04933056,0,,176.788507956,0.0457542518623,,True
Load,B2,2025-12-28,361,144,161.272227083,5146.30290625,0,,192.606727905,0.0313374921805,,True
Load,B2,2025-12-29,362,144,130.9103125,5153.22109931,0,,164.163138858,0.0254035893235,,True
Load,B2,2025-12-30,363,144,124.55061875,5146.93787708,0,,156.704819528,0.0241989745601,,True
Load,B2,2025-12-31,364,144,146.776605556,5157.98771181,0,,184.441418776,0.0284561758881,,True
Load,B3,2025-02-01,31,144,1529.12175546,3179.38359514,0,,1657.66108719,0.480949124162,,True
Load,B3,2025-02-02,32,144,398.632581647,5071.08219375,0,,471.585652775,0.0786089766279,,True
Load,B3,2025-02-03,33,144,459.923701786,5108.490375,0,,524.999767261,0.0900312358494,,True
Load,B3,2025-02-04,34,144,433.846487401,5065.75411875,0,,504.670271934,0.0856430212029,,True
Load,B3,2025-02-05,35,144,477.96505625,5082.96185139,0,,537.532549385,0.0940327844717,,True
Load,B3,2025-02-06,36,144,521.750630457,5093.8401125,0,,594.641770216,0.102427759595,,True
Load,B3,2025-02-07,37,144,1388.48830575,3173.69153889,0,,1517.01866587,0.437499450952,,True
Load,B3,2025-02-08,38,144,1384.01348155,3156.11614653,0,,1515.42907353,0.438517918002,,True
Load,B3,2025-02-09,39,144,531.882854464,5064.49598194,0,,590.755511669,0.105021873126,,True
Load,B3,2025-02-10,40,144,526.515170337,5061.56518819,0,,584.024439976,0.104022204745,,True
Load,B3,2025-02-11,41,144,531.894105357,5060.05340069,0,,594.437931243,0.105116302781,,True
Load,B3,2025-02-12,42,144,529.295172024,5056.82720347,0,,591.577447748,0.104669420316,,True
Load,B3,2025-02-13,43,144,541.781506647,5054.59515486,0,,589.539024631,0.107185934788,,True
Load,B3,2025-02-14,44,144,1356.83217321,3161.35991458,0,,1484.21549406,0.429192565818,,True
Load,B3,2025-02-15,45,144,1350.19755565,3168.93967708,0,,1481.67461499,0.426072343825,,True
Load,B3,2025-02-16,46,144,534.945026687,5053.20738681,0,,598.376956606,0.105862472236,,True
Load,B3,2025-02-17,47,144,524.027769445,5040.01553403,0,,577.288227215,0.103973443317,,True
Load,B3,2025-02-18,48,144,541.898453075,5055.46963472,0,,617.348013242,0.107190526742,,True
Load,B3,2025-02-19,49,144,566.116521528,5077.78308819,0,,623.088087937,0.111488913901,,True
Load,B3,2025-02-20,50,144,543.538925,5046.05237639,0,,606.000296911,0.107715672462,,True
Load,B3,2025-02-21,51,144,1356.27290744,3158.41675139,0,,1490.19495147,0.42941543634,,True
Load,B3,2025-02-22,52,144,1366.1906006,3153.42676111,0,,1496.78210538,0.433239997023,,True
Load,B3,2025-02-23,53,144,536.084924504,5047.58920556,0,,603.08874775,0.106206131813,,True
Load,B3,2025-02-24,54,144,515.672853671,5026.20785625,0,,589.422954801,0.102596802285,,True
Load,B3,2025-02-25,55,144,536.455182639,5045.55553681,0,,597.095403567,0.106322322433,,True
Load,B3,2025-02-26,56,144,536.335601191,5044.19725486,0,,602.7726603,0.106327245762,,True
Load,B3,2025-02-27,57,144,535.510508433,5024.97870556,0,,604.007955155,0.10656970702,,True
Load,B3,2025-02-28,58,144,1359.00698849,3141.04616458,0,,1490.18898916,0.43266062238,,True
Load,B3,2025-03-01,59,144,1489.13933284,3010.17333958,0,,1622.57240423,0.4947021865,,True
Load,B3,2025-03-02,60,144,435.113889286,4910.85071181,0,,509.950517535,0.0886025486866,,True
Load,B3,2025-03-03,61,144,464.450739484,4914.94773333,0,,530.710238589,0.0944975948237,,True
Load,B3,2025-03-04,62,144,480.780881945,4922.45937431,0,,535.675104249,0.0976708684391,,True
Load,B3,2025-03-05,63,144,495.633500099,4919.72682639,0,,557.235709789,0.100744109905,,True
Load,B3,2025-03-06,64,144,504.80880625,4903.06660625,0,,565.375896718,0.102957770471,,True
Load,B3,2025-03-07,65,144,1402.21409524,2986.68172708,0,,1528.37811404,0.469488959109,,True
Load,B3,2025-03-08,66,144,1353.49202718,3014.36298264,0,,1489.5014849,0.449014280954,,True
Load,B3,2025-03-09,67,144,536.432157242,4903.8744375,0,,600.43510952,0.109389456047,,True
Load,B3,2025-03-10,68,144,547.848678968,4914.29434861,0,,606.687737384,0.111480639967,,True
Load,B3,2025-03-11,69,144,529.462377282,4895.81470625,0,,597.98329034,0.10814591831,,True
Load,B3,2025-03-12,70,144,558.797253571,4921.34320139,0,,612.452979893,0.11354567863,,True
Load,B3,2025-03-13,71,144,573.226927282,4926.55321042,0,,633.205934558,0.116354559222,,True
Load,B3,2025-03-14,72,144,1361.59588145,3004.53620625,0,,1481.30495085,0.453180054418,,True
Load,B3,2025-03-15,73,144,1343.76904216,3030.20757431,0,,1482.31454012,0.443457753045,,True
Load,B3,2025-03-16,74,144,546.634824504,4915.96733264,0,,608.452586597,0.111195780508,,True
Load,B3,2025-03-17,75,144,531.22711121,4903.90090833,0,,602.080355617,0.108327456272,,True
Load,B3,2025-03-18,76,144,514.449323413,4885.55931597,0,,584.041218531,0.105299985148,,True
Load,B3,2025-03-19,77,144,518.573512004,4886.73158333,0,,581.675494936,0.106118681405,,True
Load,B3,2025-03-20,78,144,547.635671726,4902.01590556,0,,606.929490865,0.111716420811,,True
Load,B3,2025-03-21,79,144,1336.54360903,3024.73050903,0,,1473.10816433,0.441871963482,,True
Load,B3,2025-03-22,80,144,1371.44526806,2997.37206389,0,,1503.00990093,0.457549226063,,True
Load,B3,2025-03-23,81,144,546.364154862,4905.83238611,0,,602.189829057,0.111370326554,,True
Load,B3,2025-03-24,82,144,535.388810615,4892.71544236,0,,597.159570774,0.10942569968,,True
Load,B3,2025-03-25,83,144,563.510010516,4918.88199236,0,,622.986794366,0.114560587424,,True
Load,B3,2025-03-26,84,144,543.17665129,4904.35949167,0,,606.270663491,0.110753840988,,True
Load,B3,2025-03-27,85,144,562.066819544,4914.69159861,0,,622.72373668,0.114364616429,,True
Load,B3,2025-03-28,86,144,1370.02162351,2995.49030278,0,,1502.66436224,0.457361394975,,True
Load,B3,2025-03-29,87,144,1359.63682381,3004.92822778,0,,1495.5653275,0.45246898453,,True
Load,B3,2025-03-30,88,144,554.031871131,4916.44607708,0,,615.667238198,0.112689504257,,True
Load,B3,2025-03-31,89,144,514.288913492,4878.15273403,0,,582.260010038,0.105426980567,,True
Load,B3,2025-04-01,90,144,553.540224305,4915.2977625,0,,609.352093569,0.112615807028,,True
Load,B3,2025-04-02,91,144,554.771532639,4916.10956042,0,,606.334459033,0.112847674736,,True
Load,B3,2025-04-03,92,144,561.617692758,4911.8523375,0,,618.640741499,0.114339286723,,True
Load,B3,2025-04-04,93,144,1373.62134127,2988.98965903,0,,1500.50415124,0.459560419395,,True
Load,B3,2025-04-05,94,144,1339.38097996,3025.11427361,0,,1472.06694216,0.442753846241,,True
Load,B3,2025-04-06,95,144,519.532577679,4883.55960764,0,,577.472958676,0.106383994344,,True
Load,B3,2025-04-07,96,144,515.762927381,4875.63091806,0,,573.382338625,0.105783833118,,True
Load,B3,2025-04-08,97,144,545.212696528,4904.72042778,0,,604.558631191,0.111160810194,,True
Load,B3,2025-04-09,98,144,545.233422123,4903.23010556,0,,606.662643046,0.111198824119,,True
Load,B3,2025-04-10,99,144,560.084087401,4902.86252847,0,,622.292613228,0.114236139428,,True
Load,B3,2025-04-11,100,144,1351.03930496,3003.83319792,0,,1485.39031352,0.449771746946,,True
Load,B3,2025-04-12,101,144,1363.17120069,2998.21565694,0,,1487.69032724,0.454660823859,,True
Load,B3,2025-04-13,102,144,534.727397916,4886.79425833,0,,606.637551324,0.109422940613,,True
Load,B3,2025-04-14,103,144,558.944753274,4912.55719514,0,,618.188654386,0.113778777747,,True
Load,B3,2025-04-15,104,144,518.863404464,4877.37104861,0,,589.779885516,0.106381778071,,True
Load,B3,2025-04-16,105,144,558.556307639,4913.53687778,0,,608.279082134,0.113677035816,,True
Load,B3,2025-04-17,106,144,550.226516171,4895.29344306,0,,609.551410293,0.112399087526,,True
Load,B3,2025-04-18,107,144,1376.614612,2978.75705625,0,,1511.24054603,0.462143970122,,True
Load,B3,2025-04-19,108,144,1360.9225124,2996.05897292,0,,1492.23519171,0.454237558307,,True
Load,B3,2025-04-20,109,144,531.761083333,4883.24234792,0,,591.239848359,0.108895083522,,True
Load,B3,2025-04-21,110,144,585.761062996,4936.73491181,0,,644.611101366,0.118653537907,,True
Load,B3,2025-04-22,111,144,554.363900695,4908.79170903,0,,613.920089436,0.112932862821,,True
Load,B3,2025-04-23,112,144,559.02164117,4917.93811528,0,,622.291695937,0.113669921839,,True
Load,B3,2025-04-24,113,144,546.300430059,4895.74081944,0,,607.74810872,0.111586877289,,True
Load,B3,2025-04-25,114,144,1369.4707499,2990.13838333,0,,1494.82276967,0.457995776227,,True
Load,B3,2025-04-26,115,144,1359.55068849,3004.20518194,0,,1492.88972681,0.452549212239,,True
Load,B3,2025-04-27,116,144,514.755642956,4876.35510556,0,,584.710082989,0.105561558134,,True
Load,B3,2025-04-28,117,144,535.972643849,4897.38753333,0,,598.958921056,0.109440521135,,True
Load,B3,2025-04-29,118,144,529.737777778,4885.53161319,0,,589.81490792,0.108429915047,,True
Load,B3,2025-04-30,119,144,550.982398611,4903.45336319,0,,615.433829891,0.112366195373,,True
Load,B3,2025-05-01,120,144,673.856980655,5015.19099653,0,,738.11889039,0.134363174029,,True
Load,B3,2025-05-02,121,144,1252.42324474,3115.04278056,0,,1413.13301383,0.402056515102,,True
Load,B3,2025-05-03,122,144,1269.25856825,3120.61872014,0,,1421.06911924,0.406732985373,,True
Load,B3,2025-05-04,123,144,626.028315079,5027.92017639,0,,685.809605154,0.124510392591,,True
Load,B3,2025-05-05,124,144,603.09988631,5025.50682778,0,,667.923300718,0.120007773739,,True
Load,B3,2025-05-06,125,144,600.487995436,5042.38292083,0,,649.705711173,0.119088138458,,True
Load,B3,2025-05-07,126,144,584.040037302,5048.34229236,0,,642.33837593,0.115689468637,,True
Load,B3,2025-05-08,127,144,542.885294444,5018.56155764,0,,614.903387437,0.108175477816,,True
Load,B3,2025-05-09,128,144,1391.57278849,3093.90939375,0,,1512.72229038,0.449778132257,,True
Load,B3,2025-05-10,129,144,1375.37380546,3110.33279375,0,,1514.25670765,0.442195062927,,True
Load,B3,2025-05-11,130,144,551.192609226,5030.96210069,0,,608.352214182,0.109560079801,,True
Load,B3,2025-05-12,131,144,537.263547817,5018.69181736,0,,613.392655429,0.107052508377,,True
Load,B3,2025-05-13,132,144,531.607416468,5011.23465,0,,610.871209566,0.106083121944,,True
Load,B3,2025-05-14,133,144,549.565613095,5024.66688611,0,,615.683114589,0.10937354168,,True
Load,B3,2025-05-15,134,144,520.224541667,4983.26290903,0,,586.177433621,0.104394359913,,True
Load,B3,2025-05-16,135,144,1355.85738075,3111.72269792,0,,1492.98037076,0.435725645367,,True
Load,B3,2025-05-17,136,144,1339.07307232,3136.43876806,0,,1481.77480947,0.426940607277,,True
Load,B3,2025-05-18,137,144,554.772280357,5028.62654167,0,,609.782122529,0.110322823889,,True
Load,B3,2025-05-19,138,144,531.334028175,5003.01616597,0,,597.262051675,0.106202740616,,True
Load,B3,2025-05-20,139,144,547.558207738,5018.23240486,0,,610.123009677,0.109113760297,,True
Load,B3,2025-05-21,140,144,541.443528076,5011.79380347,0,,603.391428799,0.108033879546,,True
Load,B3,2025-05-22,141,144,534.592557936,4988.73666736,0,,604.880168748,0.107159907123,,True
Load,B3,2025-05-23,142,144,1346.91618155,3124.30768264,0,,1473.07458521,0.431108686584,,True
Load,B3,2025-05-24,143,144,1361.61536171,3112.24240903,0,,1499.46212222,0.437502990691,,True
Load,B3,2025-05-25,144,144,545.313632936,5013.32823333,0,,616.760967343,0.108772776797,,True
Load,B3,2025-05-26,145,144,509.20017123,4975.33205694,0,,575.583272613,0.102344962186,,True
Load,B3,2025-05-27,146,144,538.623531349,5001.95113958,0,,594.635718458,0.10768268548,,True
Load,B3,2025-05-28,147,144,536.36515496,4996.74363403,0,,600.868587974,0.107342940572,,True
Load,B3,2025-05-29,148,144,571.571366568,5018.30476111,0,,638.989961688,0.113897300737,,True
Load,B3,2025-05-30,149,144,1354.33015843,3108.84268681,0,,1473.77590889,0.435638047618,,True
Load,B3,2025-05-31,150,144,1359.35315486,3115.76385764,0,,1502.97075561,0.436282470999,,True
Load,B3,2025-06-01,151,144,882.223377183,5343.69000139,0,,943.326543021,0.165096286827,,True
Load,B3,2025-06-02,152,144,828.027878472,5336.68904097,0,,889.356310454,0.155157602797,,True
Load,B3,2025-06-03,153,144,776.251434821,5336.53502361,0,,835.302835171,0.145459822036,,True
Load,B3,2025-06-04,154,144,747.745529464,5355.82681597,0,,795.854648062,0.139613463086,,True
Load,B3,2025-06-05,155,144,697.794556548,5352.33002778,0,,745.248646823,0.130372109516,,True
Load,B3,2025-06-06,156,144,1259.28782083,3447.80895833,0,,1402.66232215,0.365242922694,,True
Load,B3,2025-06-07,157,144,1295.2870506,3464.86498958,0,,1427.2604561,0.373834782737,,True
Load,B3,2025-06-08,158,144,544.044290079,5344.45611042,0,,616.98347035,0.10179600671,,True
Load,B3,2025-06-09,159,144,536.062615179,5340.38283264,0,,607.24619927,0.100379061198,,True
Load,B3,2025-06-10,160,144,504.450989186,5308.93715764,0,,565.694792036,0.095019205202,,True
Load,B3,2025-06-11,161,144,543.001029762,5343.19488819,0,,617.498957762,0.101624784632,,True
Load,B3,2025-06-12,162,144,538.739257342,5321.74220764,0,,617.510567199,0.101233625441,,True
Load,B3,2025-06-13,163,144,1383.84618254,3412.06626667,0,,1496.0703118,0.405574239885,,True
Load,B3,2025-06-14,164,144,1364.75252212,3427.21487986,0,,1507.2105438,0.398210374886,,True
Load,B3,2025-06-15,165,144,523.14029375,5307.03685486,0,,603.262071415,0.0985748371562,,True
Load,B3,2025-06-16,166,144,542.916114583,5317.44300069,0,,612.123190344,0.102100974945,,True
Load,B3,2025-06-17,167,144,528.664045833,5304.65644167,0,,583.69499406,0.0996603741726,,True
Load,B3,2025-06-18,168,144,513.013659325,5287.87828819,0,,573.218869564,0.0970169189541,,True
Load,B3,2025-06-19,169,144,545.169894147,5306.21112083,0,,618.850168795,0.102741840031,,True
Load,B3,2025-06-20,170,144,1385.36075268,3380.71165486,0,,1512.39462657,0.409783765701,,True
Load,B3,2025-06-21,171,144,1369.59047728,3392.0027,0,,1511.08240681,0.403770456103,,True
Load,B3,2025-06-22,172,144,515.927769543,5272.47757986,0,,582.769791581,0.097853003968,,True
Load,B3,2025-06-23,173,144,532.051829266,5278.78637847,0,,607.149646587,0.100790558875,,True
Load,B3,2025-06-24,174,144,550.523245139,5296.36854236,0,,620.831305664,0.103943530503,,True
Load,B3,2025-06-25,175,144,518.014218353,5262.93368472,0,,589.797040858,0.0984268944632,,True
Load,B3,2025-06-26,176,144,546.22750615,5279.06022361,0,,615.528480044,0.103470595715,,True
Load,B3,2025-06-27,177,144,1422.34162698,3315.135625,0,,1557.02780824,0.429044777613,,True
Load,B3,2025-06-28,178,144,1373.55280169,3360.89886667,0,,1508.06898748,0.40868614504,,True
Load,B3,2025-06-29,179,144,547.424663492,5266.03369653,0,,609.772910774,0.103953885417,,True
Load,B3,2025-06-30,180,144,527.408978968,5247.80502431,0,,596.841512345,0.100500871607,,True
Load,B3,2025-07-01,181,144,1179.46608065,5897.78546111,0,,1218.22237206,0.199984568518,,True
Load,B3,2025-07-02,182,144,1079.04134256,5883.27742569,0,,1116.15889242,0.183408203368,,True
Load,B3,2025-07-03,183,144,1011.185012,5898.56410972,0,,1058.72447024,0.17142901106,,True
Load,B3,2025-07-04,184,144,991.350163096,3991.46107292,0,,1168.2524674,0.248367739278,,True
Load,B3,2025-07-05,185,144,1088.22844127,3994.70145417,0,,1252.38530502,0.272417965086,,True
Load,B3,2025-07-06,186,144,716.672289782,5885.19061042,0,,772.713779441,0.121775544281,,True
Load,B3,2025-07-07,187,144,639.910705853,5895.64142292,0,,695.482904152,0.108539624436,,True
Load,B3,2025-07-08,188,144,543.211092064,5886.88445833,0,,614.35497094,0.0922748010274,,True
Load,B3,2025-07-09,189,144,510.703588889,5857.94604028,0,,581.840745273,0.0871813405888,,True
Load,B3,2025-07-10,190,144,537.656341667,5852.64759375,0,,604.15660194,0.0918654904561,,True
Load,B3,2025-07-11,191,144,1390.23645754,3947.54535,0,,1530.23732823,0.352177450612,,True
Load,B3,2025-07-12,192,144,1362.31959494,3971.59879583,0,,1492.26170533,0.343015411418,,True
Load,B3,2025-07-13,193,144,507.52843373,5828.89027014,0,,585.525843281,0.0870711936936,,True
Load,B3,2025-07-14,194,144,557.999255059,5877.60097778,0,,631.393100746,0.0949365663251,,True
Load,B3,2025-07-15,195,144,509.298118651,5814.38177778,0,,582.721538806,0.0875928238145,,True
Load,B3,2025-07-16,196,144,552.271604068,5848.55272431,0,,636.378751242,0.09442876385,,True
Load,B3,2025-07-17,197,144,528.57940754,5815.38163681,0,,596.133815187,0.0908933309199,,True
Load,B3,2025-07-18,198,144,1396.47812133,3904.08638333,0,,1523.36838255,0.357696522109,,True
Load,B3,2025-07-19,199,144,1362.57615942,3940.18843333,0,,1495.57776207,0.345814973695,,True
Load,B3,2025-07-20,200,144,495.503784623,5781.27244861,0,,580.482612307,0.0857084299395,,True
Load,B3,2025-07-21,201,144,489.657319841,5768.450825,0,,569.077694487,0.0848854111262,,True
Load,B3,2025-07-22,202,144,548.137958631,5813.11911736,0,,611.805415492,0.0942932610815,,True
Load,B3,2025-07-23,203,144,544.089184127,5810.41806875,0,,622.528546859,0.0936402815923,,True
Load,B3,2025-07-24,204,144,545.080989881,5787.59239653,0,,608.342241213,0.0941809568704,,True
Load,B3,2025-07-25,205,144,1409.75706171,3848.11832014,0,,1552.27927829,0.366349718076,,True
Load,B3,2025-07-26,206,144,1370.80145496,3882.82041389,0,,1504.09654535,0.353042713502,,True
Load,B3,2025-07-27,207,144,512.906998909,5754.59151181,0,,575.328030338,0.0891300447402,,True
Load,B3,2025-07-28,208,144,529.906943551,5759.54160139,0,,604.373914833,0.0920050553022,,True
Load,B3,2025-07-29,209,144,533.028358135,5763.11437986,0,,611.280203662,0.0924896371999,,True
Load,B3,2025-07-30,210,144,540.905039583,5767.68185139,0,,624.983602848,0.093782052048,,True
Load,B3,2025-07-31,211,144,522.509931052,5725.97140486,0,,605.091965342,0.0912526266911,,True
Load,B3,2025-08-01,212,144,1351.23916012,3863.3093375,0,,1479.78722037,0.349762093085,,True
Load,B3,2025-08-02,213,144,1410.05273314,3815.09350903,0,,1530.32873194,0.369598472435,,True
Load,B3,2025-08-03,214,144,551.511231052,5752.60358958,0,,610.868894156,0.0958715862241,,True
Load,B3,2025-08-04,215,144,562.592204663,5763.00445625,0,,647.719466782,0.097621337782,,True
Load,B3,2025-08-05,216,144,485.227140873,5685.77072014,0,,550.790523044,0.0853406098763,,True
Load,B3,2025-08-06,217,144,510.260941369,5696.50365833,0,,580.468541955,0.0895744077374,,True
Load,B3,2025-08-07,218,144,535.154549703,5702.11476944,0,,600.032066408,0.0938519428915,,True
Load,B3,2025-08-08,219,144,1403.32790565,3779.30067153,0,,1524.19082257,0.37131946559,,True
Load,B3,2025-08-09,220,144,1410.90704802,3762.65965625,0,,1542.42111576,0.374975994885,,True
Load,B3,2025-08-10,221,144,527.840133929,5688.97686319,0,,602.708112721,0.0927829637247,,True
Load,B3,2025-08-11,222,144,531.288454563,5684.26097986,0,,599.383967237,0.0934665836852,,True
Load,B3,2025-08-12,223,144,552.460031647,5693.23319583,0,,616.711880447,0.0970380120827,,True
Load,B3,2025-08-13,224,144,548.17188502,5689.49988264,0,,629.135436508,0.0963479912694,,True
Load,B3,2025-08-14,225,144,544.491862401,5664.00230694,0,,612.979268702,0.0961319986988,,True
Load,B3,2025-08-15,226,144,1388.75000585,3748.66907361,0,,1533.54643955,0.370464817935,,True
Load,B3,2025-08-16,227,144,1376.64242788,3757.64709792,0,,1519.63828497,0.366357561528,,True
Load,B3,2025-08-17,228,144,509.990931944,5640.37985417,0,,579.804640654,0.0904178344598,,True
Load,B3,2025-08-18,229,144,533.163378373,5654.59061319,0,,611.815700775,0.0942885904293,,True
Load,B3,2025-08-19,230,144,520.293447421,5640.18678681,0,,584.922121763,0.0922475561692,,True
Load,B3,2025-08-20,231,144,516.074468056,5627.00223611,0,,593.564206026,0.0917139262437,,True
Load,B3,2025-08-21,232,144,527.79282371,5623.82495417,0,,590.983876544,0.0938494401963,,True
Load,B3,2025-08-22,233,144,1326.74465466,3772.15543333,0,,1460.9403753,0.351720568813,,True
Load,B3,2025-08-23,234,144,1367.29851458,3737.38109306,0,,1502.19263602,0.365844017653,,True
Load,B3,2025-08-24,235,144,528.489339286,5627.83630833,0,,603.750547325,0.0939063096956,,True
Load,B3,2025-08-25,236,144,511.25444375,5604.65057292,0,,585.933603999,0.091219682137,,True
Load,B3,2025-08-26,237,144,521.300045833,5598.70683056,0,,609.475463913,0.0931107953337,,True
Load,B3,2025-08-27,238,144,492.770898909,5574.51592083,0,,567.955723883,0.0883970744557,,True
Load,B3,2025-08-28,239,144,554.852406845,5605.99235694,0,,628.567264015,0.0989748775091,,True
Load,B3,2025-08-29,240,144,1394.11545556,3680.34718958,0,,1524.52852213,0.378799983736,,True
Load,B3,2025-08-30,241,144,1356.71906816,3709.37864931,0,,1508.19838914,0.365753727625,,True
Load,B3,2025-08-31,242,144,513.73080506,5556.88999306,0,,589.305160625,0.0924493386951,,True
Load,B3,2025-09-01,243,144,337.797155456,5052.65080278,0,,410.260599626,0.0668554326514,,True
Load,B3,2025-09-02,244,144,328.736055257,5063.86767292,0,,395.020448702,0.0649179790016,,True
Load,B3,2025-09-03,245,144,304.761763988,5059.73818472,0,,368.578439296,0.0602327141962,,True
Load,B3,2025-09-04,246,144,341.985729861,5044.21554306,0,,429.303111496,0.067797604393,,True
Load,B3,2025-09-05,247,144,1607.61458155,3130.54085208,0,,1716.81517812,0.513526146921,,True
Load,B3,2025-09-06,248,144,1502.74546577,3159.43225694,0,,1617.51236229,0.475637818304,,True
Load,B3,2025-09-07,249,144,462.031958135,5032.54204306,0,,543.260164704,0.0918088620387,,True
Load,B3,2025-09-08,250,144,552.216967262,5058.35801806,0,,621.393613436,0.109169213664,,True
Load,B3,2025-09-09,251,144,539.669897123,5045.09314931,0,,604.61385257,0.106969263233,,True
Load,B3,2025-09-10,252,144,548.841894345,5053.11618681,0,,618.925334656,0.108614540821,,True
Load,B3,2025-09-11,253,144,541.956202976,5031.11576458,0,,605.943631808,0.107720877105,,True
Load,B3,2025-09-12,254,144,1347.82243264,3153.63446319,0,,1486.05778159,0.427387019126,,True
Load,B3,2025-09-13,255,144,1377.46845248,3127.64929653,0,,1505.60699963,0.440416530718,,True
Load,B3,2025-09-14,256,144,552.750628274,5051.57065278,0,,623.122948616,0.10942153763,,True
Load,B3,2025-09-15,257,144,530.192972421,5031.66791181,0,,598.486923977,0.105371217202,,True
Load,B3,2025-09-16,258,144,577.685500397,5076.80656111,0,,630.937010009,0.113789149428,,True
Load,B3,2025-09-17,259,144,534.881576885,5038.533125,0,,604.771603288,0.106158193985,,True
Load,B3,2025-09-18,260,144,545.684196825,5033.50484861,0,,611.175811222,0.10841038466,,True
Load,B3,2025-09-19,261,144,1364.94594851,3136.96360278,0,,1496.51732333,0.435116922397,,True
Load,B3,2025-09-20,262,144,1363.90202698,3138.78031806,0,,1492.2585811,0.434532489942,,True
Load,B3,2025-09-21,263,144,536.117075794,5035.92845764,0,,603.80016148,0.106458437665,,True
Load,B3,2025-09-22,264,144,553.240701587,5050.75173889,0,,619.004649545,0.10953630869,,True
Load,B3,2025-09-23,265,144,551.890046924,5049.26172222,0,,622.262527604,0.109301136936,,True
Load,B3,2025-09-24,266,144,544.66320873,5042.25805903,0,,603.401997289,0.108019701164,,True
Load,B3,2025-09-25,267,144,535.809416369,5022.76446458,0,,589.996231726,0.106676197968,,True
Load,B3,2025-09-26,268,144,1405.24121845,3091.43140486,0,,1535.41895389,0.454560051451,,True
Load,B3,2025-09-27,269,144,1330.46562927,3164.40715625,0,,1465.30420577,0.420447042233,,True
Load,B3,2025-09-28,270,144,524.813762302,5016.23414931,0,,595.92889007,0.104623059188,,True
Load,B3,2025-09-29,271,144,557.376953869,5046.30895,0,,622.377195391,0.110452403805,,True
Load,B3,2025-09-30,272,144,547.804784028,5038.18562778,0,,610.143730714,0.108730567807,,True
Load,B3,2025-10-01,273,144,426.829593453,4884.10227986,0,,523.425582027,0.0873916165131,,True
Load,B3,2025-10-02,274,144,447.849465476,4884.65457431,0,,543.754821883,0.0916849817451,,True
Load,B3,2025-10-03,275,144,1466.30024692,2980.17463056,0,,1579.57203058,0.492018230036,,True
Load,B3,2025-10-04,276,144,1415.8356131,3016.55895139,0,,1548.61223872,0.469354531409,,True
Load,B3,2025-10-05,277,144,491.143887401,4900.18420417,0,,562.09183889,0.100229678505,,True
Load,B3,2025-10-06,278,144,519.457688691,4912.33900556,0,,583.408830012,0.105745488677,,True
Load,B3,2025-10-07,279,144,517.158341667,4889.88244306,0,,581.065653356,0.1057608946,,True
Load,B3,2025-10-08,280,144,538.737680456,4891.29426458,0,,598.064233639,0.110142152836,,True
Load,B3,2025-10-09,281,144,549.407643652,4893.04123889,0,,610.691143334,0.112283468875,,True
Load,B3,2025-10-10,282,144,1339.30168393,3015.48042153,0,,1468.58531881,0.444142059211,,True
Load,B3,2025-10-11,283,144,1372.18261577,2991.29019792,0,,1504.68505894,0.458726009509,,True
Load,B3,2025-10-12,284,144,549.808789682,4904.55767431,0,,612.395174488,0.112101605526,,True
Load,B3,2025-10-13,285,144,546.398993651,4903.23974306,0,,607.343437778,0.111436320124,,True
Load,B3,2025-10-14,286,144,562.468694544,4918.00954931,0,,614.788038084,0.114369174949,,True
Load,B3,2025-10-15,287,144,529.711019147,4889.27003194,0,,587.700047907,0.108341534766,,True
Load,B3,2025-10-16,288,144,558.078935714,4905.55318056,0,,612.824197063,0.113764730536,,True
Load,B3,2025-10-17,289,144,1363.42506806,2997.63218889,0,,1493.74750495,0.454834009693,,True
Load,B3,2025-10-18,290,144,1375.99556409,2985.69589375,0,,1510.9343051,0.460862597215,,True
Load,B3,2025-10-19,291,144,558.59365119,4916.30197431,0,,619.704347456,0.113620695822,,True
Load,B3,2025-10-20,292,144,553.252196825,4912.63827708,0,,612.959288718,0.112618142355,,True
Load,B3,2025-10-21,293,144,547.70478125,4908.36870764,0,,608.995332939,0.11158590845,,True
Load,B3,2025-10-22,294,144,543.647974008,4902.99943889,0,,604.55829698,0.110880692683,,True
Load,B3,2025-10-23,295,144,530.714602679,4883.83397986,0,,595.013583734,0.108667617463,,True
Load,B3,2025-10-24,296,144,1352.56346022,3005.64660556,0,,1483.6415233,0.450007481824,,True
Load,B3,2025-10-25,297,144,1359.17318284,3001.78279167,0,,1493.18303212,0.452788651667,,True
Load,B3,2025-10-26,298,144,530.944570536,4892.59768125,0,,595.120762296,0.108519973463,,True
Load,B3,2025-10-27,299,144,549.673396726,4907.94017986,0,,613.60949485,0.111996759655,,True
Load,B3,2025-10-28,300,144,539.041162103,4896.4227,0,,602.354696464,0.110088771973,,True
Load,B3,2025-10-29,301,144,549.391312897,4905.06727153,0,,611.920883055,0.112004847739,,True
Load,B3,2025-10-30,302,144,523.823170238,4871.50294028,0,,585.967183349,0.107528041481,,True
Load,B3,2025-10-31,303,144,1364.88167173,2989.54120972,0,,1499.27749078,0.456552218544,,True
Load,B3,2025-11-01,304,144,1356.47032659,2998.92539514,0,,1490.39468017,0.452318796855,,True
Load,B3,2025-11-02,305,144,558.420935416,4910.13484653,0,,614.98232987,0.113728228016,,True
Load,B3,2025-11-03,306,144,554.485572619,4908.70479306,0,,612.738875292,0.112959649438,,True
Load,B3,2025-11-04,307,144,537.19699633,4891.52544722,0,,597.038667413,0.109821977239,,True
Load,B3,2025-11-05,308,144,553.400720635,4906.85031736,0,,615.737310533,0.112781251687,,True
Load,B3,2025-11-06,309,144,562.559587797,4904.71225556,0,,621.826226249,0.114697776034,,True
Load,B3,2025-11-07,310,144,1349.77864097,3008.84911111,0,,1477.73144336,0.448602967822,,True
Load,B3,2025-11-08,311,144,1363.62784286,3001.45278403,0,,1488.33617463,0.454322603412,,True
Load,B3,2025-11-09,312,144,550.091077282,4911.56959028,0,,618.541762696,0.111999039649,,True
Load,B3,2025-11-10,313,144,572.293343651,4934.17094861,0,,639.112882252,0.115985714644,,True
Load,B3,2025-11-11,314,144,549.321078869,4914.91114375,0,,606.800263023,0.111766227873,,True
Load,B3,2025-11-12,315,144,523.432197718,4892.36307639,0,,587.133384112,0.106989646832,,True
Load,B3,2025-11-13,316,144,552.922063095,4907.50446944,0,,615.188460688,0.112668682533,,True
Load,B3,2025-11-14,317,144,1378.18128135,2989.07887917,0,,1510.37153496,0.461072235649,,True
Load,B3,2025-11-15,318,144,1346.28787907,3019.45736736,0,,1484.70397938,0.445870802357,,True
Load,B3,2025-11-16,319,144,565.15579504,4931.67792639,0,,634.918600723,0.114597060772,,True
Load,B3,2025-11-17,320,144,517.405389385,4886.23794375,0,,580.443513961,0.105890338404,,True
Load,B3,2025-11-18,321,144,546.564192163,4907.65360417,0,,612.239086601,0.111369757576,,True
Load,B3,2025-11-19,322,144,562.158041964,4924.15422292,0,,612.593232955,0.1141633703,,True
Load,B3,2025-11-20,323,144,554.686575694,4910.26905139,0,,616.808278445,0.112964599269,,True
Load,B3,2025-11-21,324,144,1366.96700109,2999.9657125,0,,1510.18008545,0.455660874855,,True
Load,B3,2025-11-22,325,144,1349.01179931,3022.91292222,0,,1486.91824143,0.446262209337,,True
Load,B3,2025-11-23,326,144,538.743346428,4907.612175,0,,595.762098607,0.109777082462,,True
Load,B3,2025-11-24,327,144,550.109997321,4915.65365903,0,,606.215843061,0.11190983651,,True
Load,B3,2025-11-25,328,144,533.734010615,4903.43300903,0,,592.416747808,0.108849047113,,True
Load,B3,2025-11-26,329,144,535.125986607,4903.60153056,0,,614.851179813,0.109129174398,,True
Load,B3,2025-11-27,330,144,529.843375496,4883.25590208,0,,592.609337214,0.108502070365,,True
Load,B3,2025-11-28,331,144,1352.38862421,3009.95922014,0,,1476.89851564,0.449304633484,,True
Load,B3,2025-11-29,332,144,1361.69592966,3006.50832847,0,,1497.17934591,0.452916067708,,True
Load,B3,2025-11-30,333,144,555.602793155,4917.03476806,0,,619.474195306,0.112995498174,,True
Load,B3,2025-12-01,334,144,857.696591766,5220.47465139,0,,932.719631371,0.164294752688,,True
Load,B3,2025-12-02,335,144,818.702067659,5225.02598333,0,,885.513880294,0.156688611745,,True
Load,B3,2025-12-03,336,144,740.356361409,5192.62213056,0,,803.745601455,0.142578516748,,True
Load,B3,2025-12-04,337,144,741.489639285,5222.34378958,0,,806.205139264,0.141984072509,,True
Load,B3,2025-12-05,338,144,1255.8259246,3286.16962847,0,,1391.34838636,0.382154930081,,True
Load,B3,2025-12-06,339,144,1273.08165476,3311.28421458,0,,1419.86094349,0.384467648278,,True
Load,B3,2025-12-07,340,144,586.150693055,5211.14428819,0,,646.607906628,0.112480227113,,True
Load,B3,2025-12-08,341,144,516.845176389,5183.76474722,0,,583.883266556,0.0997045972556,,True
Load,B3,2025-12-09,342,144,533.846742956,5195.61171181,0,,604.109199157,0.102749545687,,True
Load,B3,2025-12-10,343,144,525.863686707,5182.44852153,0,,590.682862119,0.101470122573,,True
Load,B3,2025-12-11,344,144,517.873083531,5157.82495694,0,,590.056917568,0.100405323534,,True
Load,B3,2025-12-12,345,144,1369.32159444,3277.57098681,0,,1500.06807999,0.417785488082,,True
Load,B3,2025-12-13,346,144,1364.67303611,3285.00656458,0,,1498.36614587,0.415424751604,,True
Load,B3,2025-12-14,347,144,546.530823214,5188.44107708,0,,616.862952052,0.105336230111,,True
Load,B3,2025-12-15,348,144,540.717457143,5179.38439514,0,,606.215948193,0.104398016423,,True
Load,B3,2025-12-16,349,144,555.58146756,5193.62264097,0,,616.882863504,0.10697378419,,True
Load,B3,2025-12-17,350,144,548.349423314,5186.10644375,0,,606.805590094,0.105734317115,,True
Load,B3,2025-12-18,351,144,555.284347222,5179.80663611,0,,614.233509061,0.107201752156,,True
Load,B3,2025-12-19,352,144,1366.69792758,3274.72189306,0,,1499.34255464,0.417347784701,,True
Load,B3,2025-12-20,353,144,1365.2111754,3277.85500486,0,,1505.44354883,0.416495291394,,True
Load,B3,2025-12-21,354,144,546.85178998,5182.35170694,0,,617.511831812,0.105521936932,,True
Load,B3,2025-12-22,355,144,557.480996528,5196.60224236,0,,611.806186365,0.107277980982,,True
Load,B3,2025-12-23,356,144,525.373019841,5164.86060694,0,,594.429546639,0.101720658082,,True
Load,B3,2025-12-24,357,144,528.381666072,5164.76547014,0,,589.044528864,0.102305064795,,True
Load,B3,2025-12-25,358,144,537.514450893,5157.91074583,0,,600.58670721,0.104211661927,,True
Load,B3,2025-12-26,359,144,1370.0325627,3261.26281875,0,,1499.64111062,0.420092656998,,True
Load,B3,2025-12-27,360,144,1364.74017123,3267.04933056,0,,1490.84969707,0.417728669863,,True
Load,B3,2025-12-28,361,144,518.47391746,5146.30290625,0,,579.274715186,0.100746871474,,True
Load,B3,2025-12-29,362,144,530.541939187,5153.22109931,0,,582.47746521,0.102953459392,,True
Load,B3,2025-12-30,363,144,530.456023115,5146.93787708,0,,588.380583773,0.103062449127,,True
Load,B3,2025-12-31,364,144,545.676108929,5157.98771181,0,,607.431805722,0.10579244066,,True
Load,B4,2025-02-01,31,144,219.01362934,3179.38359514,0,,252.867361897,0.0688855631246,,True
Load,B4,2025-02-02,32,144,213.768156597,5071.08219375,0,,239.519621168,0.0421543466325,,True
Load,B4,2025-02-03,33,144,170.514405729,5108.490375,0,,209.237835912,0.0333786291472,,True
Load,B4,2025-02-04,34,144,222.979251562,5065.75411875,0,,255.105771983,0.0440169906268,,True
Load,B4,2025-02-05,35,144,196.658120417,5082.96185139,0,,233.298509162,0.0386896707405,,True
Load,B4,2025-02-06,36,144,196.953570556,5093.8401125,0,,230.034525917,0.0386650476273,,True
Load,B4,2025-02-07,37,144,207.851884028,3173.69153889,0,,246.765741055,0.0654921505385,,True
Load,B4,2025-02-08,38,144,201.262863472,3156.11614653,0,,234.25525235,0.0637691561807,,True
Load,B4,2025-02-09,39,144,177.732370417,5064.49598194,0,,207.629731279,0.0350937923636,,True
Load,B4,2025-02-10,40,144,189.076319167,5061.56518819,0,,218.117520488,0.0373553065379,,True
Load,B4,2025-02-11,41,144,181.774804306,5060.05340069,0,,215.002293113,0.0359234952502,,True
Load,B4,2025-02-12,42,144,191.640379514,5056.82720347,0,,225.375466956,0.0378973557535,,True
Load,B4,2025-02-13,43,144,201.267046759,5054.59515486,0,,236.741598383,0.0398186285138,,True
Load,B4,2025-02-14,44,144,184.59938206,3161.35991458,0,,227.89393169,0.0583923966419,,True
Load,B4,2025-02-15,45,144,161.072010995,3168.93967708,0,,193.693694184,0.0508283613474,,True
Load,B4,2025-02-16,46,144,166.698687616,5053.20738681,0,,202.329254307,0.0329886891346,,True
Load,B4,2025-02-17,47,144,180.717956018,5040.01553403,0,,216.623638382,0.0358566267898,,True
Load,B4,2025-02-18,48,144,163.271168866,5055.46963472,0,,197.816873634,0.0322959449196,,True
Load,B4,2025-02-19,49,144,162.129172123,5077.78308819,0,,197.990303815,0.0319291252318,,True
Load,B4,2025-02-20,50,144,187.997264583,5046.05237639,0,,222.110017384,0.0372563046438,,True
Load,B4,2025-02-21,51,144,177.89210119,3158.41675139,0,,215.728910688,0.0563231882278,,True
Load,B4,2025-02-22,52,144,161.880382936,3153.42676111,0,,194.740256641,0.0513347526991,,True
Load,B4,2025-02-23,53,144,162.801443055,5047.58920556,0,,194.305168806,0.032253306762,,True
Load,B4,2025-02-24,54,144,174.906247222,5026.20785625,0,,206.555155498,0.034798848799,,True
Load,B4,2025-02-25,55,144,156.493106349,5045.55553681,0,,191.50774575,0.0310160308825,,True
Load,B4,2025-02-26,56,144,170.335977691,5044.19725486,0,,203.918061901,0.0337686987809,,True
Load,B4,2025-02-27,57,144,187.651146788,5024.97870556,0,,219.317649119,0.0373436700499,,True
Load,B4,2025-02-28,58,144,170.271044792,3141.04616458,0,,201.77921278,0.0542083865916,,True
Load,B4,2025-03-01,59,144,281.989612153,3010.17333958,0,,336.025853004,0.0936788617601,,True
Load,B4,2025-03-02,60,144,277.005240104,4910.85071181,0,,328.980547078,0.0564067727488,,True
Load,B4,2025-03-03,61,144,271.128232986,4914.94773333,0,,334.395842277,0.0551640114395,,True
Load,B4,2025-03-04,62,144,256.308579861,4922.45937431,0,,314.635948306,0.0520692118251,,True
Load,B4,2025-03-05,63,144,271.507639352,4919.72682639,0,,324.781382302,0.0551875437262,,True
Load,B4,2025-03-06,64,144,289.102481481,4903.06660625,0,,355.48797351,0.0589636047596,,True
Load,B4,2025-03-07,65,144,302.250677161,2986.68172708,0,,370.108283155,0.10119949321,,True
Load,B4,2025-03-08,66,144,241.62061142,3014.36298264,0,,285.451121156,0.0801564419453,,True
Load,B4,2025-03-09,67,144,256.922053318,4903.8744375,0,,306.513960198,0.0523916459511,,True
Load,B4,2025-03-10,68,144,249.930659413,4914.29434861,0,,306.549649381,0.0508578936636,,True
Load,B4,2025-03-11,69,144,259.647805093,4895.81470625,0,,307.568317497,0.0530346470755,,True
Load,B4,2025-03-12,70,144,249.996962083,4921.34320139,0,,306.37362801,0.0507985222434,,True
Load,B4,2025-03-13,71,144,255.568067639,4926.55321042,0,,307.196245438,0.0518756332721,,True
Load,B4,2025-03-14,72,144,259.079139028,3004.53620625,0,,319.495195965,0.0862293283365,,True
Load,B4,2025-03-15,73,144,226.926882639,3030.20757431,0,,279.740354527,0.074888230286,,True
Load,B4,2025-03-16,74,144,212.052686597,4915.96733264,0,,263.948359278,0.0431354954679,,True
Load,B4,2025-03-17,75,144,226.477624028,4903.90090833,0,,276.627655197,0.0461831566871,,True
Load,B4,2025-03-18,76,144,240.807479167,4885.55931597,0,,293.134175126,0.0492896439471,,True
Load,B4,2025-03-19,77,144,254.195380808,4886.73158333,0,,313.938948193,0.0520174633031,,True
Load,B4,2025-03-20,78,144,250.992783017,4902.01590556,0,,300.399681089,0.0512019519833,,True
Load,B4,2025-03-21,79,144,223.493223864,3024.73050903,0,,281.167039633,0.0738886400612,,True
Load,B4,2025-03-22,80,144,219.760074937,2997.37206389,0,,263.037083469,0.0733175829535,,True
Load,B4,2025-03-23,81,144,216.629017425,4905.83238611,0,,259.707900825,0.0441574437068,,True
Load,B4,2025-03-24,82,144,221.05526774,4892.71544236,0,,259.555630168,0.0451804872661,,True
Load,B4,2025-03-25,83,144,203.464618939,4918.88199236,0,,248.941604404,0.0413639967894,,True
Load,B4,2025-03-26,84,144,229.060108218,4904.35949167,0,,277.768150761,0.0467054074251,,True
Load,B4,2025-03-27,85,144,218.317163947,4914.69159861,0,,267.11052181,0.0444213354117,,True
Load,B4,2025-03-28,86,144,231.017105903,2995.49030278,0,,276.996769608,0.0771216337068,,True
Load,B4,2025-03-29,87,144,197.082297048,3004.92822778,0,,242.619244396,0.0655863575132,,True
Load,B4,2025-03-30,88,144,182.898678241,4916.44607708,0,,220.781058713,0.0372014002336,,True
Load,B4,2025-03-31,89,144,218.006526215,4878.15273403,0,,260.746187385,0.0446903855007,,True
Load,B4,2025-04-01,90,144,190.026661459,4915.2977625,0,,243.08510133,0.0386602543,,True
Load,B4,2025-04-02,91,144,202.170076763,4916.10956042,0,,248.07988266,0.0411239973963,,True
Load,B4,2025-04-03,92,144,209.478185096,4911.8523375,0,,263.032995337,0.0426474923721,,True
Load,B4,2025-04-04,93,144,219.638281357,2988.98965903,0,,268.642494055,0.0734824493934,,True
Load,B4,2025-04-05,94,144,184.205462767,3025.11427361,0,,232.013152183,0.0608920675738,,True
Load,B4,2025-04-06,95,144,205.189215705,4883.55960764,0,,241.432861282,0.0420163225579,,True
Load,B4,2025-04-07,96,144,198.970503312,4875.63091806,0,,240.226756955,0.0408091807308,,True
Load,B4,2025-04-08,97,144,190.419933333,4904.72042778,0,,233.769162847,0.0388238098658,,True
Load,B4,2025-04-09,98,144,208.89770243,4903.23010556,0,,259.382066832,0.0426040993249,,True
Load,B4,2025-04-10,99,144,202.065410863,4902.86252847,0,,240.940290097,0.0412137623051,,True
Load,B4,2025-04-11,100,144,209.594634871,3003.83319792,0,,248.164158132,0.069775723571,,True
Load,B4,2025-04-12,101,144,190.211712054,2998.21565694,0,,235.319039642,0.0634416378999,,True
Load,B4,2025-04-13,102,144,189.612336706,4886.79425833,0,,236.312205475,0.0388009657626,,True
Load,B4,2025-04-14,103,144,161.823383829,4912.55719514,0,,203.109572452,0.0329407633136,,True
Load,B4,2025-04-15,104,144,209.88443502,4877.37104861,0,,247.881958239,0.0430322878715,,True
Load,B4,2025-04-16,105,144,188.185293473,4913.53687778,0,,239.558283822,0.038299355058,,True
Load,B4,2025-04-17,106,144,191.135384074,4895.29344306,0,,226.314059777,0.0390447245497,,True
Load,B4,2025-04-18,107,144,199.618160046,2978.75705625,0,,241.19635832,0.0670139109288,,True
Load,B4,2025-04-19,108,144,177.379796944,2996.05897292,0,,207.337610993,0.059204374329,,True
Load,B4,2025-04-20,109,144,165.836377917,4883.24234792,0,,195.461805751,0.0339603005751,,True
Load,B4,2025-04-21,110,144,140.351534907,4936.73491181,0,,178.335242449,0.0284300326866,,True
Load,B4,2025-04-22,111,144,164.443321065,4908.79170903,0,,205.063029043,0.0334997552987,,True
Load,B4,2025-04-23,112,144,174.786986415,4917.93811528,0,,209.379405516,0.0355407047258,,True
Load,B4,2025-04-24,113,144,187.753592014,4895.74081944,0,,221.358126779,0.0383503945446,,True
Load,B4,2025-04-25,114,144,200.591878342,2990.13838333,0,,242.99829075,0.0670844799224,,True
Load,B4,2025-04-26,115,144,164.357477083,3004.20518194,0,,206.06698981,0.0547091384008,,True
Load,B4,2025-04-27,116,144,189.344023655,4876.35510556,0,,228.171094589,0.0388290064107,,True
Load,B4,2025-04-28,117,144,162.260705469,4897.38753333,0,,209.439714901,0.0331320942777,,True
Load,B4,2025-04-29,118,144,160.133841102,4885.53161319,0,,189.315914853,0.0327771578982,,True
Load,B4,2025-04-30,119,144,179.315499918,4903.45336319,0,,219.114441907,0.0365692271622,,True
Load,B4,2025-05-01,120,144,262.872777411,5015.19099653,0,,312.794214676,0.0524153073318,,True
Load,B4,2025-05-02,121,144,238.666799796,3115.04278056,0,,280.645745252,0.0766175030678,,True
Load,B4,2025-05-03,122,144,235.25442406,3120.61872014,0,,279.471960257,0.0753871091467,,True
Load,B4,2025-05-04,123,144,238.160169567,5027.92017639,0,,284.818656465,0.047367531944,,True
Load,B4,2025-05-05,124,144,231.257495752,5025.50682778,0,,271.193725722,0.0460167508824,,True
Load,B4,2025-05-06,125,144,224.293770752,5042.38292083,0,,277.838189402,0.0444817012657,,True
Load,B4,2025-05-07,126,144,240.13042963,5048.34229236,0,,278.428107704,0.0475661941531,,True
Load,B4,2025-05-08,127,144,242.766217477,5018.56155764,0,,293.262181165,0.0483736653797,,True
Load,B4,2025-05-09,128,144,244.886443094,3093.90939375,0,,282.963742821,0.0791511359669,,True
Load,B4,2025-05-10,129,144,237.376634761,3110.33279375,0,,277.799903181,0.0763187255196,,True
Load,B4,2025-05-11,130,144,229.126482292,5030.96210069,0,,284.231413029,0.0455432733751,,True
Load,B4,2025-05-12,131,144,199.997887577,5018.69181736,0,,243.519678541,0.0398506014825,,True
Load,B4,2025-05-13,132,144,206.050712191,5011.23465,0,,242.514966806,0.0411177537238,,True
Load,B4,2025-05-14,133,144,227.331431688,5024.66688611,0,,258.650918405,0.045243085132,,True
Load,B4,2025-05-15,134,144,213.938532639,4983.26290903,0,,252.672199438,0.0429314159306,,True
Load,B4,2025-05-16,135,144,234.24166144,3111.72269792,0,,276.439182702,0.07527716451,,True
Load,B4,2025-05-17,136,144,214.631602412,3136.43876806,0,,263.517805728,0.0684316252554,,True
Load,B4,2025-05-18,137,144,181.953782383,5028.62654167,0,,221.798933982,0.0361835942429,,True
Load,B4,2025-05-19,138,144,207.509670176,5003.01616597,0,,256.604132365,0.0414769137839,,True
Load,B4,2025-05-20,139,144,209.263960124,5018.23240486,0,,251.383521699,0.0417007311023,,True
Load,B4,2025-05-21,140,144,225.86130809,5011.79380347,0,,258.845723858,0.0450659617987,,True
Load,B4,2025-05-22,141,144,183.574222049,4988.73666736,0,,227.227575219,0.0367977374412,,True
Load,B4,2025-05-23,142,144,190.701836215,3124.30768264,0,,230.797532806,0.0610381100667,,True
Load,B4,2025-05-24,143,144,192.830999583,3112.24240903,0,,230.281643833,0.0619588625308,,True
Load,B4,2025-05-25,144,144,197.136185833,5013.32823333,0,,243.086972568,0.0393224174955,,True
Load,B4,2025-05-26,145,144,206.782955903,4975.33205694,0,,244.419653165,0.0415616392104,,True
Load,B4,2025-05-27,146,144,193.191006146,5001.95113958,0,,231.09810389,0.0386231294058,,True
Load,B4,2025-05-28,147,144,202.882795668,4996.74363403,0,,236.200628396,0.0406030027809,,True
Load,B4,2025-05-29,148,144,206.180400198,5018.30476111,0,,245.730554053,0.0410856673744,,True
Load,B4,2025-05-30,149,144,195.990808498,3108.84268681,0,,226.936569752,0.063043012543,,True
Load,B4,2025-05-31,150,144,180.587358333,3115.76385764,0,,223.471354026,0.0579592570504,,True
Load,B4,2025-06-01,151,144,428.617006878,5343.69000139,0,,537.74148807,0.0802099311089,,True
Load,B4,2025-06-02,152,144,429.048827282,5336.68904097,0,,530.493651991,0.0803960702952,,True
Load,B4,2025-06-03,153,144,429.281929762,5336.53502361,0,,536.543282433,0.0804420710934,,True
Load,B4,2025-06-04,154,144,437.348736963,5355.82681597,0,,534.90556918,0.0816584912079,,True
Load,B4,2025-06-05,155,144,427.403743056,5352.33002778,0,,528.373892891,0.079853772252,,True
Load,B4,2025-06-06,156,144,464.531529135,3447.80895833,0,,559.581866113,0.134732386495,,True
Load,B4,2025-06-07,157,144,420.149731566,3464.86498958,0,,532.826684057,0.121260058568,,True
Load,B4,2025-06-08,158,144,428.953651894,5344.45611042,0,,530.902011211,0.0802614228711,,True
Load,B4,2025-06-09,159,144,420.316689742,5340.38283264,0,,521.541093224,0.0787053480834,,True
Load,B4,2025-06-10,160,144,405.418986932,5308.93715764,0,,498.398042943,0.0763653768906,,True
Load,B4,2025-06-11,161,144,424.752289885,5343.19488819,0,,520.880238475,0.0794940665226,,True
Load,B4,2025-06-12,162,144,401.224135719,5321.74220764,0,,485.985133721,0.0753933806006,,True
Load,B4,2025-06-13,163,144,398.62017968,3412.06626667,0,,497.36196912,0.116826623086,,True
Load,B4,2025-06-14,164,144,403.001881703,3427.21487986,0,,506.353425211,0.117588740663,,True
Load,B4,2025-06-15,165,144,371.606056583,5307.03685486,0,,467.13642977,0.0700213823166,,True
Load,B4,2025-06-16,166,144,368.54728131,5317.44300069,0,,463.107942861,0.0693091174201,,True
Load,B4,2025-06-17,167,144,374.030883062,5304.65644167,0,,484.734268404,0.0705099165563,,True
Load,B4,2025-06-18,168,144,364.894617679,5287.87828819,0,,450.721273923,0.0690058654516,,True
Load,B4,2025-06-19,169,144,364.191510677,5306.21112083,0,,455.156666155,0.0686349454222,,True
Load,B4,2025-06-20,170,144,360.133976708,3380.71165486,0,,441.634734502,0.106526084882,,True
Load,B4,2025-06-21,171,144,349.114094618,3392.0027,0,,426.749889588,0.102922705403,,True
Load,B4,2025-06-22,172,144,346.416085185,5272.47757986,0,,429.10756291,0.0657027137505,,True
Load,B4,2025-06-23,173,144,347.361198466,5278.78637847,0,,428.631422378,0.0658032308113,,True
Load,B4,2025-06-24,174,144,356.6029807,5296.36854236,0,,444.185896383,0.067329714284,,True
Load,B4,2025-06-25,175,144,361.341092333,5262.93368472,0,,430.667908955,0.0686577323561,,True
Load,B4,2025-06-26,176,144,348.958210028,5279.06022361,0,,430.108958819,0.0661023355004,,True
Load,B4,2025-06-27,177,144,347.042271278,3315.135625,0,,412.439620903,0.104684185063,,True
Load,B4,2025-06-28,178,144,310.473085111,3360.89886667,0,,382.087582691,0.0923779909566,,True
Load,B4,2025-06-29,179,144,318.079618444,5266.03369653,0,,397.175850064,0.0604021236427,,True
Load,B4,2025-06-30,180,144,320.11544125,5247.80502431,0,,406.188334403,0.060999873236,,True
Load,B4,2025-07-01,181,144,830.724763722,5897.78546111,0,,934.608267456,0.140853676215,,True
Load,B4,2025-07-02,182,144,807.884115759,5883.27742569,0,,919.015488297,0.137318718344,,True
Load,B4,2025-07-03,183,144,824.581414343,5898.56410972,0,,945.624885422,0.13979358349,,True
Load,B4,2025-07-04,184,144,821.541330663,3991.46107292,0,,936.624290826,0.20582471322,,True
Load,B4,2025-07-05,185,144,822.897214851,3994.70145417,0,,930.773232328,0.205997175081,,True
Load,B4,2025-07-06,186,144,805.945725481,5885.19061042,0,,904.93689246,0.136944710687,,True
Load,B4,2025-07-07,187,144,819.093733733,5895.64142292,0,,911.924033728,0.138932081342,,True
Load,B4,2025-07-08,188,144,785.389701763,5886.88445833,0,,893.915730679,0.133413473174,,True
Load,B4,2025-07-09,189,144,747.685980838,5857.94604028,0,,863.166778031,0.127636201443,,True
Load,B4,2025-07-10,190,144,749.953255453,5852.64759375,0,,863.480012851,0.128139144454,,True
Load,B4,2025-07-11,191,144,743.808250077,3947.54535,0,,852.102316321,0.188422977858,,True
Load,B4,2025-07-12,192,144,768.397733334,3971.59879583,0,,865.253525877,0.193473150949,,True
Load,B4,2025-07-13,193,144,724.063806739,5828.89027014,0,,839.107002779,0.124219838285,,True
Load,B4,2025-07-14,194,144,780.027677058,5877.60097778,0,,884.276386477,0.132711914267,,True
Load,B4,2025-07-15,195,144,693.301756327,5814.38177778,0,,798.639035798,0.119239118246,,True
Load,B4,2025-07-16,196,144,716.024449876,5848.55272431,0,,834.215860014,0.122427630155,,True
Load,B4,2025-07-17,197,144,683.905260764,5815.38163681,0,,796.494944976,0.117602816715,,True
Load,B4,2025-07-18,198,144,673.894360343,3904.08638333,0,,781.153983908,0.172612563907,,True
Load,B4,2025-07-19,199,144,716.033068601,3940.18843333,0,,817.506888697,0.181725590214,,True
Load,B4,2025-07-20,200,144,653.413548859,5781.27244861,0,,766.783068731,0.11302244526,,True
Load,B4,2025-07-21,201,144,642.52073874,5768.450825,0,,742.058824378,0.1113853196,,True
Load,B4,2025-07-22,202,144,663.640994792,5813.11911736,0,,768.704072977,0.114162634791,,True
Load,B4,2025-07-23,203,144,650.891665014,5810.41806875,0,,755.121544472,0.112021485771,,True
Load,B4,2025-07-24,204,144,632.419859003,5787.59239653,0,,719.630307129,0.109271665258,,True
Load,B4,2025-07-25,205,144,613.928802586,3848.11832014,0,,713.904413064,0.159540001505,,True
Load,B4,2025-07-26,206,144,636.192069492,3882.82041389,0,,735.888319095,0.163847925394,,True
Load,B4,2025-07-27,207,144,602.970487189,5754.59151181,0,,706.793924827,0.104780762623,,True
Load,B4,2025-07-28,208,144,618.482523515,5759.54160139,0,,718.314192505,0.10738398406,,True
Load,B4,2025-07-29,209,144,586.706751772,5763.11437986,0,,694.745325314,0.101803766696,,True
Load,B4,2025-07-30,210,144,600.24264206,5767.68185139,0,,694.829303569,0.104069998576,,True
Load,B4,2025-07-31,211,144,565.784533657,5725.97140486,0,,669.762411201,0.098810226886,,True
Load,B4,2025-08-01,212,144,605.768110324,3863.3093375,0,,705.509155806,0.15680031222,,True
Load,B4,2025-08-02,213,144,547.476108241,3815.09350903,0,,649.010975898,0.14350267089,,True
Load,B4,2025-08-03,214,144,585.395239699,5752.60358958,0,,695.01522614,0.101761790219,,True
Load,B4,2025-08-04,215,144,596.474277407,5763.00445625,0,,695.517380249,0.103500575427,,True
Load,B4,2025-08-05,216,144,513.877439167,5685.77072014,0,,620.401329988,0.0903795570487,,True
Load,B4,2025-08-06,217,144,522.702824484,5696.50365833,0,,628.905939688,0.0917585339772,,True
Load,B4,2025-08-07,218,144,522.855001859,5702.11476944,0,,619.607379209,0.0916949277593,,True
Load,B4,2025-08-08,219,144,505.527380399,3779.30067153,0,,608.574271506,0.133762149227,,True
Load,B4,2025-08-09,220,144,493.674667787,3762.65965625,0,,598.511345134,0.131203646593,,True
Load,B4,2025-08-10,221,144,523.741450784,5688.97686319,0,,617.204156789,0.0920625032196,,True
Load,B4,2025-08-11,222,144,511.473638082,5684.26097986,0,,612.117370664,0.08998067469,,True
Load,B4,2025-08-12,223,144,499.751451859,5693.23319583,0,,596.178727615,0.0877799019764,,True
Load,B4,2025-08-13,224,144,493.954864692,5689.49988264,0,,592.921442416,0.086818679125,,True
Load,B4,2025-08-14,225,144,487.025017556,5664.00230694,0,,588.236134114,0.0859860203374,,True
Load,B4,2025-08-15,226,144,482.195716515,3748.66907361,0,,578.369404581,0.128631177371,,True
Load,B4,2025-08-16,227,144,465.905171571,3757.64709792,0,,563.779232004,0.123988538421,,True
Load,B4,2025-08-17,228,144,476.605797808,5640.37985417,0,,576.013867959,0.0844988830772,,True
Load,B4,2025-08-18,229,144,467.076566189,5654.59061319,0,,568.060214299,0.0826013054065,,True
Load,B4,2025-08-19,230,144,432.164417383,5640.18678681,0,,538.572308288,0.0766223591023,,True
Load,B4,2025-08-20,231,144,462.815993182,5627.00223611,0,,561.976832123,0.0822491219591,,True
Load,B4,2025-08-21,232,144,433.842326578,5623.82495417,0,,533.022216384,0.0771436398028,,True
Load,B4,2025-08-22,233,144,483.356318371,3772.15543333,0,,581.867936776,0.128137964332,,True
Load,B4,2025-08-23,234,144,432.93076673,3737.38109306,0,,530.608818476,0.115838004193,,True
Load,B4,2025-08-24,235,144,439.026071906,5627.83630833,0,,529.734630385,0.0780097443944,,True
Load,B4,2025-08-25,236,144,403.725474705,5604.65057292,0,,497.388865472,0.0720340134417,,True
Load,B4,2025-08-26,237,144,407.862835522,5598.70683056,0,,490.933012217,0.0728494718273,,True
Load,B4,2025-08-27,238,144,394.788139053,5574.51592083,0,,479.663603675,0.0708201653129,,True
Load,B4,2025-08-28,239,144,412.344780985,5605.99235694,0,,501.427358067,0.073554288827,,True
Load,B4,2025-08-29,240,144,387.259037275,3680.34718958,0,,478.32863811,0.105223506731,,True
Load,B4,2025-08-30,241,144,440.312297406,3709.37864931,0,,528.822252132,0.118702440229,,True
Load,B4,2025-08-31,242,144,365.85588703,5556.88999306,0,,456.155062193,0.0658382454012,,True
Load,B4,2025-09-01,243,144,201.387645874,5052.65080278,0,,230.036948227,0.0398578199315,,True
Load,B4,2025-09-02,244,144,205.297048244,5063.86767292,0,,241.956036371,0.0405415507482,,True
Load,B4,2025-09-03,245,144,236.771751389,5059.73818472,0,,269.5476476,0.0467952575301,,True
Load,B4,2025-09-04,246,144,233.495898353,5044.21554306,0,,268.894810307,0.0462898336441,,True
Load,B4,2025-09-05,247,144,242.19140375,3130.54085208,0,,279.643036984,0.0773640770696,,True
Load,B4,2025-09-06,248,144,211.016451468,3159.43225694,0,,241.631763317,0.0667893578044,,True
Load,B4,2025-09-07,249,144,221.073745099,5032.54204306,0,,257.157190253,0.0439288421652,,True
Load,B4,2025-09-08,250,144,192.577757262,5058.35801806,0,,223.804659851,0.0380711995028,,True
Load,B4,2025-09-09,251,144,217.508097024,5045.09314931,0,,253.216595082,0.0431128010102,,True
Load,B4,2025-09-10,252,144,219.9000049,5053.11618681,0,,247.652192429,0.0435177021011,,True
Load,B4,2025-09-11,253,144,228.800511053,5031.11576458,0,,260.105043454,0.0454770913172,,True
Load,B4,2025-09-12,254,144,208.569539487,3153.63446319,0,,240.349046225,0.0661362443623,,True
Load,B4,2025-09-13,255,144,232.049349884,3127.64929653,0,,261.081882676,0.0741928930912,,True
Load,B4,2025-09-14,256,144,208.960866763,5051.57065278,0,,245.217744184,0.0413655239383,,True
Load,B4,2025-09-15,257,144,209.678638696,5031.66791181,0,,253.43944232,0.0416717959872,,True
Load,B4,2025-09-16,258,144,184.230767592,5076.80656111,0,,222.069084084,0.0362887112941,,True
Load,B4,2025-09-17,259,144,220.819414846,5038.533125,0,,252.286898627,0.0438261314093,,True
Load,B4,2025-09-18,260,144,231.336286262,5033.50484861,0,,262.142940487,0.0459592854719,,True
Load,B4,2025-09-19,261,144,216.690861899,3136.96360278,0,,250.927035096,0.0690766261067,,True
Load,B4,2025-09-20,262,144,213.996540522,3138.78031806,0,,249.812655885,0.0681782472289,,True
Load,B4,2025-09-21,263,144,206.341035886,5035.92845764,0,,243.158445206,0.0409737822175,,True
Load,B4,2025-09-22,264,144,198.708767699,5050.75173889,0,,232.227826625,0.0393424143518,,True
Load,B4,2025-09-23,265,144,215.836766554,5049.26172222,0,,247.529395059,0.0427462029952,,True
Load,B4,2025-09-24,266,144,205.14698708,5042.25805903,0,,237.849852056,0.0406855390339,,True
Load,B4,2025-09-25,267,144,236.863507383,5022.76446458,0,,268.546762727,0.0471579961698,,True
Load,B4,2025-09-26,268,144,245.171233004,3091.43140486,0,,275.812684008,0.0793067032374,,True
Load,B4,2025-09-27,269,144,178.847104697,3164.40715625,0,,224.869111964,0.0565183605856,,True
Load,B4,2025-09-28,270,144,221.414333516,5016.23414931,0,,253.688710855,0.0441395530842,,True
Load,B4,2025-09-29,271,144,187.615457913,5046.30895,0,,219.163595188,0.0371787498094,,True
Load,B4,2025-09-30,272,144,212.824419261,5038.18562778,0,,240.320017722,0.0422422742997,,True
Load,B4,2025-10-01,273,144,350.426795317,4884.10227986,0,,386.961715286,0.0717484555477,,True
Load,B4,2025-10-02,274,144,345.994376603,4884.65457431,0,,389.320192147,0.0708329261239,,True
Load,B4,2025-10-03,275,144,343.605857318,2980.17463056,0,,380.576003617,0.11529722245,,True
Load,B4,2025-10-04,276,144,315.682422756,3016.55895139,0,,357.140371775,0.104649843694,,True
Load,B4,2025-10-05,277,144,323.532810701,4900.18420417,0,,369.038391689,0.0660246221818,,True
Load,B4,2025-10-06,278,144,299.394607995,4912.33900556,0,,339.924135056,0.0609474646713,,True
Load,B4,2025-10-07,279,144,336.351171012,4889.88244306,0,,377.613052079,0.0687851241678,,True
Load,B4,2025-10-08,280,144,335.119678281,4891.29426458,0,,373.652972106,0.0685134976866,,True
Load,B4,2025-10-09,281,144,330.383021076,4893.04123889,0,,365.507383504,0.0675209966453,,True
Load,B4,2025-10-10,282,144,301.486916094,3015.48042153,0,,337.46138574,0.0999797292469,,True
Load,B4,2025-10-11,283,144,326.537255521,2991.29019792,0,,365.498629524,0.109162680287,,True
Load,B4,2025-10-12,284,144,314.267427309,4904.55767431,0,,352.133428274,0.0640766095902,,True
Load,B4,2025-10-13,285,144,301.665544462,4903.23974306,0,,343.03466152,0.0615237190653,,True
Load,B4,2025-10-14,286,144,300.538431319,4918.00954931,0,,345.474833089,0.0611097697771,,True
Load,B4,2025-10-15,287,144,327.389095528,4889.27003194,0,,365.535438808,0.0669607310272,,True
Load,B4,2025-10-16,288,144,308.50175393,4905.55318056,0,,348.846567805,0.0628882702062,,True
Load,B4,2025-10-17,289,144,310.257997324,2997.63218889,0,,346.755675455,0.103501022732,,True
Load,B4,2025-10-18,290,144,325.779661856,2985.69589375,0,,363.924830853,0.109113477544,,True
Load,B4,2025-10-19,291,144,292.2356385,4916.30197431,0,,333.164647841,0.0594421660888,,True
Load,B4,2025-10-20,292,144,287.222799119,4912.63827708,0,,322.750758059,0.0584660996636,,True
Load,B4,2025-10-21,293,144,308.388816497,4908.36870764,0,,349.795755906,0.0628291872241,,True
Load,B4,2025-10-22,294,144,307.256491965,4902.99943889,0,,340.900513317,0.0626670461203,,True
Load,B4,2025-10-23,295,144,322.315988294,4883.83397986,0,,360.423225444,0.0659965079941,,True
Load,B4,2025-10-24,296,144,297.795137732,3005.64660556,0,,327.992828841,0.0990785600613,,True
Load,B4,2025-10-25,297,144,301.868436905,3001.78279167,0,,339.09542812,0.100563051312,,True
Load,B4,2025-10-26,298,144,310.862345189,4892.59768125,0,,351.614079038,0.0635372792617,,True
Load,B4,2025-10-27,299,144,288.450524008,4907.94017986,0,,325.897906301,0.058772216742,,True
Load,B4,2025-10-28,300,144,308.405735449,4896.4227,0,,349.221946027,0.0629859295949,,True
Load,B4,2025-10-29,301,144,298.523240811,4905.06727153,0,,330.557721919,0.0608601726103,,True
Load,B4,2025-10-30,302,144,327.349601792,4871.50294028,0,,359.888285961,0.0671968396212,,True
Load,B4,2025-10-31,303,144,304.047796899,2989.54120972,0,,338.606968136,0.101703831983,,True
Load,B4,2025-11-01,304,144,304.311075662,2998.92539514,0,,348.008823674,0.101473373147,,True
Load,B4,2025-11-02,305,144,286.982749661,4910.13484653,0,,326.312760982,0.058447020017,,True
Load,B4,2025-11-03,306,144,276.486654926,4908.70479306,0,,319.271091542,0.05632578584,,True
Load,B4,2025-11-04,307,144,307.691811725,4891.52544722,0,,343.945118089,0.0629030381309,,True
Load,B4,2025-11-05,308,144,293.518794271,4906.85031736,0,,334.360833171,0.0598181675183,,True
Load,B4,2025-11-06,309,144,289.708566241,4904.71225556,0,,328.488955487,0.0590673929776,,True
Load,B4,2025-11-07,310,144,281.116481376,3008.84911111,0,,320.898694825,0.0934299032605,,True
Load,B4,2025-11-08,311,144,289.830225868,3001.45278403,0,,334.017366495,0.0965633134095,,True
Load,B4,2025-11-09,312,144,280.669315294,4911.56959028,0,,322.408223639,0.0571445258252,,True
Load,B4,2025-11-10,313,144,246.743404877,4934.17094861,0,,291.48231534,0.0500070644991,,True
Load,B4,2025-11-11,314,144,277.234912216,4914.91114375,0,,315.439001742,0.0564069022018,,True
Load,B4,2025-11-12,315,144,301.845925525,4892.36307639,0,,335.682127926,0.061697368084,,True
Load,B4,2025-11-13,316,144,279.84786554,4907.50446944,0,,316.876001973,0.0570244749205,,True
Load,B4,2025-11-14,317,144,291.657625957,2989.07887917,0,,325.154130413,0.0975744159812,,True
Load,B4,2025-11-15,318,144,269.666158102,3019.45736736,0,,312.754292573,0.0893094769335,,True
Load,B4,2025-11-16,319,144,260.588314398,4931.67792639,0,,305.045069454,0.0528396862665,,True
Load,B4,2025-11-17,320,144,287.722035679,4886.23794375,0,,329.830248764,0.0588841638478,,True
Load,B4,2025-11-18,321,144,277.772786836,4907.65360417,0,,319.597535217,0.0565999170358,,True
Load,B4,2025-11-19,322,144,262.900425,4924.15422292,0,,300.87291698,0.0533899656872,,True
Load,B4,2025-11-20,323,144,270.740268191,4910.26905139,0,,307.885199681,0.0551375628011,,True
Load,B4,2025-11-21,324,144,278.883969264,2999.9657125,0,,320.129250298,0.0929623855706,,True
Load,B4,2025-11-22,325,144,258.144136186,3022.91292222,0,,302.683286158,0.0853958227803,,True
Load,B4,2025-11-23,326,144,270.408421573,4907.612175,0,,310.284575356,0.0550997943461,,True
Load,B4,2025-11-24,327,144,251.644853955,4915.65365903,0,,291.735382198,0.0511925516748,,True
Load,B4,2025-11-25,328,144,277.523631296,4903.43300903,0,,315.751999911,0.0565978225428,,True
Load,B4,2025-11-26,329,144,283.467698006,4903.60153056,0,,328.609358598,0.0578080613278,,True
Load,B4,2025-11-27,330,144,291.42772107,4883.25590208,0,,327.91845403,0.0596789779019,,True
Load,B4,2025-11-28,331,144,259.438045878,3009.95922014,0,,304.189080121,0.0861932095765,,True
Load,B4,2025-11-29,332,144,273.245727423,3006.50832847,0,,318.054188047,0.0908847398943,,True
Load,B4,2025-11-30,333,144,264.843440175,4917.03476806,0,,301.890274667,0.0538624298317,,True
Load,B4,2025-12-01,334,144,318.470952586,5220.47465139,0,,361.278029495,0.0610042139561,,True
Load,B4,2025-12-02,335,144,293.528942199,5225.02598333,0,,339.668342596,0.0561775086162,,True
Load,B4,2025-12-03,336,144,287.897090726,5192.62213056,0,,332.618008881,0.0554434895295,,True
Load,B4,2025-12-04,337,144,299.159466088,5222.34378958,0,,348.567490631,0.0572845216901,,True
Load,B4,2025-12-05,338,144,289.029551722,3286.16962847,0,,331.712164787,0.0879533269426,,True
Load,B4,2025-12-06,339,144,296.921309838,3311.28421458,0,,339.933571625,0.0896695332072,,True
Load,B4,2025-12-07,340,144,275.332972613,5211.14428819,0,,318.205853097,0.0528354152919,,True
Load,B4,2025-12-08,341,144,304.14120803,5183.76474722,0,,342.099962824,0.058671877074,,True
Load,B4,2025-12-09,342,144,281.640328819,5195.61171181,0,,319.190504624,0.0542073473619,,True
Load,B4,2025-12-10,343,144,280.755479762,5182.44852153,0,,327.491397735,0.0541742920543,,True
Load,B4,2025-12-11,344,144,259.626429521,5157.82495694,0,,299.705312182,0.0503364173248,,True
Load,B4,2025-12-12,345,144,280.067325723,3277.57098681,0,,322.717277886,0.0854496597786,,True
Load,B4,2025-12-13,346,144,279.762871174,3285.00656458,0,,324.799370471,0.0851635653304,,True
Load,B4,2025-12-14,347,144,279.734038506,5188.44107708,0,,322.22990151,0.0539148531033,,True
Load,B4,2025-12-15,348,144,270.652214399,5179.38439514,0,,318.959715407,0.0522556724411,,True
Load,B4,2025-12-16,349,144,284.366732596,5193.62264097,0,,323.59745257,0.0547530600997,,True
Load,B4,2025-12-17,350,144,271.993382861,5186.10644375,0,,322.499073097,0.0524465484485,,True
Load,B4,2025-12-18,351,144,286.031719097,5179.80663611,0,,327.979373557,0.0552205399142,,True
Load,B4,2025-12-19,352,144,256.305221764,3274.72189306,0,,292.364320714,0.0782677827718,,True
Load,B4,2025-12-20,353,144,261.674382139,3277.85500486,0,,301.683220404,0.0798309814653,,True
Load,B4,2025-12-21,354,144,314.872819042,5182.35170694,0,,353.724141073,0.0607586742173,,True
Load,B4,2025-12-22,355,144,266.448790611,5196.60224236,0,,301.95554482,0.0512736550123,,True
Load,B4,2025-12-23,356,144,265.497919556,5164.86060694,0,,299.161946257,0.0514046631188,,True
Load,B4,2025-12-24,357,144,258.801205801,5164.76547014,0,,294.388212403,0.0501089947447,,True
Load,B4,2025-12-25,358,144,270.192278609,5157.91074583,0,,306.368818968,0.0523840546925,,True
Load,B4,2025-12-26,359,144,266.810140006,3261.26281875,0,,305.988089024,0.0818119099362,,True
Load,B4,2025-12-27,360,144,270.43854179,3267.04933056,0,,309.523153121,0.0827776119755,,True
Load,B4,2025-12-28,361,144,274.220409695,5146.30290625,0,,308.619672536,0.053284933804,,True
Load,B4,2025-12-29,362,144,256.662957653,5153.22109931,0,,288.515817948,0.0498063158375,,True
Load,B4,2025-12-30,363,144,256.238701294,5146.93787708,0,,293.986912448,0.0497846889574,,True
Load,B4,2025-12-31,364,144,238.077729781,5157.98771181,0,,279.043128376,0.0461570951858,,True
PV,B0,2025-02-01,31,144,1746.95959792,1746.95959792,71,3543.12932535,2995.17553559,1,1746.95959792,True
PV,B0,2025-02-02,32,144,1806.23727917,1806.23727917,71,3663.35448169,3086.07845819,1,1806.23727917,True
PV,B0,2025-02-03,33,144,1766.11885417,1766.11885417,69,3685.81326087,2980.29353087,1,1766.11885417,True
PV,B0,2025-02-04,34,144,1682.6347875,1682.6347875,71,3412.66773803,2872.54369358,1,1682.6347875,True
PV,B0,2025-02-05,35,144,1718.44406042,1718.44406042,71,3485.29499577,2908.37157383,1,1718.44406042,True
PV,B0,2025-02-06,36,144,1749.21272847,1749.21272847,69,3650.53091159,2967.12387906,1,1749.21272847,True
PV,B0,2025-02-07,37,144,1848.45488611,1848.45488611,71,3748.97892394,3174.16074046,1,1848.45488611,True
PV,B0,2025-02-08,38,144,1840.40103333,1840.40103333,71,3732.6443493,3124.89106717,1,1840.40103333,True
PV,B0,2025-02-09,39,144,1749.68698333,1749.68698333,71,3548.66092394,2916.07438147,1,1749.68698333,True
PV,B0,2025-02-10,40,144,1964.62195556,1964.62195556,71,3984.58537465,3328.61613602,1,1964.62195556,True
PV,B0,2025-02-11,41,144,1925.86185347,1925.86185347,72,3851.72370694,3253.78262647,1,1925.86185347,True
PV,B0,2025-02-12,42,144,1920.71319792,1920.71319792,73,3788.80411644,3248.41219979,1,1920.71319792,True
PV,B0,2025-02-13,43,144,2082.53352917,2082.53352917,73,4108.01134521,3500.42301666,1,2082.53352917,True
PV,B0,2025-02-14,44,144,1919.61817222,1919.61817222,73,3786.64406575,3207.2074607,1,1919.61817222,True
PV,B0,2025-02-15,45,144,1948.93588125,1948.93588125,73,3844.4762589,3265.79035985,1,1948.93588125,True
PV,B0,2025-02-16,46,144,1912.48325764,1912.48325764,73,3772.5697137,3180.99338685,1,1912.48325764,True
PV,B0,2025-02-17,47,144,2074.02123542,2074.02123542,73,4091.21997123,3454.49284557,1,2074.02123542,True
PV,B0,2025-02-18,48,144,2051.66181042,2051.66181042,73,4047.11370822,3407.61478823,1,2051.66181042,True
PV,B0,2025-02-19,49,144,2041.14444722,2041.14444722,75,3918.99733867,3420.82229653,1,2041.14444722,True
PV,B0,2025-02-20,50,144,2088.0051375,2088.0051375,75,4008.969864,3457.55884572,1,2088.0051375,True
PV,B0,2025-02-21,51,144,2093.40583333,2093.40583333,75,4019.3392,3477.51872512,1,2093.40583333,True
PV,B0,2025-02-22,52,144,1993.22830764,1993.22830764,73,3931.84762055,3294.71881125,1,1993.22830764,True
PV,B0,2025-02-23,53,144,2067.09530208,2067.09530208,74,4022.45572297,3401.92494454,1,2067.09530208,True
PV,B0,2025-02-24,54,144,2184.41478889,2184.41478889,75,4194.07639467,3622.65354838,1,2184.41478889,True
PV,B0,2025-02-25,55,144,2303.00040208,2303.00040208,75,4421.760772,3823.18553395,1,2303.00040208,True
PV,B0,2025-02-26,56,144,2176.91192014,2176.91192014,75,4179.67088667,3598.40597075,1,2176.91192014,True
PV,B0,2025-02-27,57,144,2235.12103056,2235.12103056,75,4291.43237867,3723.08041458,1,2235.12103056,True
PV,B0,2025-02-28,58,144,2170.52143333,2170.52143333,75,4167.401152,3566.46706601,1,2170.52143333,True
PV,B0,2025-03-01,59,144,2024.39142569,2024.39142569,75,3886.83153733,3337.74530037,1,2024.39142569,True
PV,B0,2025-03-02,60,144,1895.92125069,1895.92125069,75,3640.16880133,3074.42720514,1,1895.92125069,True
PV,B0,2025-03-03,61,144,1914.23329028,1914.23329028,77,3579.86485455,3156.95559555,1,1914.23329028,True
PV,B0,2025-03-04,62,144,2039.14862708,2039.14862708,77,3813.47275714,3345.2962075,1,2039.14862708,True
PV,B0,2025-03-05,63,144,2164.29049236,2164.29049236,77,4047.5042974,3526.09327696,1,2164.29049236,True
PV,B0,2025-03-06,64,144,2155.53935069,2155.53935069,77,4031.13852597,3513.6479938,1,2155.53935069,True
PV,B0,2025-03-07,65,144,2114.91982986,2114.91982986,77,3955.17474675,3466.15456549,1,2114.91982986,True
PV,B0,2025-03-08,66,144,2220.06550278,2220.06550278,77,4151.81081039,3615.0780588,1,2220.06550278,True
PV,B0,2025-03-09,67,144,2264.97756042,2264.97756042,76,4291.53643026,3687.73468794,1,2264.97756042,True
PV,B0,2025-03-10,68,144,2079.20803819,2079.20803819,77,3888.38905844,3343.09426944,1,2079.20803819,True
PV,B0,2025-03-11,69,144,2231.69308958,2231.69308958,73,4402.24390274,3633.46264359,1,2231.69308958,True
PV,B0,2025-03-12,70,144,2319.86258958,2319.86258958,77,4338.44432338,3776.15271953,1,2319.86258958,True
PV,B0,2025-03-13,71,144,2112.15245972,2112.15245972,77,3949.99940519,3357.47130067,1,2112.15245972,True
PV,B0,2025-03-14,72,144,2336.64345694,2336.64345694,77,4369.82672468,3803.50926935,1,2336.64345694,True
PV,B0,2025-03-15,73,144,2158.36902639,2158.36902639,77,4036.43038701,3441.49312926,1,2158.36902639,True
PV,B0,2025-03-16,74,144,2276.34037708,2276.34037708,78,4202.47454231,3694.00186591,1,2276.34037708,True
PV,B0,2025-03-17,75,144,2493.14543194,2493.14543194,79,4544.46762278,4017.5387456,1,2493.14543194,True
PV,B0,2025-03-18,76,144,2338.64438403,2338.64438403,79,4262.84545949,3769.73396781,1,2338.64438403,True
PV,B0,2025-03-19,77,144,2409.00364792,2409.00364792,79,4391.09525696,3889.09035102,1,2409.00364792,True
PV,B0,2025-03-20,78,144,2309.97582986,2309.97582986,79,4210.58885443,3710.63731546,1,2309.97582986,True
PV,B0,2025-03-21,79,144,2523.33615417,2523.33615417,79,4599.49881266,4056.65090704,1,2523.33615417,True
PV,B0,2025-03-22,80,144,2335.65540833,2335.65540833,79,4257.3972,3739.48070649,1,2335.65540833,True
PV,B0,2025-03-23,81,144,2457.09404792,2457.09404792,81,4368.1671963,3904.30058366,1,2457.09404792,True
PV,B0,2025-03-24,82,144,2476.11139722,2476.11139722,81,4401.97581728,3982.30984735,1,2476.11139722,True
PV,B0,2025-03-25,83,144,2379.2934625,2379.2934625,80,4282.7282325,3790.79925374,1,2379.2934625,True
PV,B0,2025-03-26,84,144,2588.00303889,2588.00303889,81,4600.89429136,4149.75150661,1,2588.00303889,True
PV,B0,2025-03-27,85,144,2468.15037361,2468.15037361,81,4387.82288642,3948.38715035,1,2468.15037361,True
PV,B0,2025-03-28,86,144,2544.57860417,2544.57860417,81,4523.6952963,4080.19318748,1,2544.57860417,True
PV,B0,2025-03-29,87,144,2683.79451181,2683.79451181,81,4771.19024321,4298.23020217,1,2683.79451181,True
PV,B0,2025-03-30,88,144,2610.37858958,2610.37858958,81,4640.67304815,4152.88586742,1,2610.37858958,True
PV,B0,2025-03-31,89,144,2505.17817222,2505.17817222,81,4453.65008395,3965.44159715,1,2505.17817222,True
PV,B0,2025-04-01,90,144,2406.59561597,2406.59561597,81,4278.39220617,3759.25403449,1,2406.59561597,True
PV,B0,2025-04-02,91,144,2397.97058542,2397.97058542,82,4211.07029634,3753.11085506,1,2397.97058542,True
PV,B0,2025-04-03,92,144,2584.20524306,2584.20524306,83,4483.44042169,4127.86790927,1,2584.20524306,True
PV,B0,2025-04-04,93,144,2721.03956528,2721.03956528,83,4720.83972771,4314.42438528,1,2721.03956528,True
PV,B0,2025-04-05,94,144,2523.27614931,2523.27614931,83,4377.73211446,3972.55470133,1,2523.27614931,True
PV,B0,2025-04-06,95,144,2616.47309653,2616.47309653,83,4539.42320361,4127.68169089,1,2616.47309653,True
PV,B0,2025-04-07,96,144,2657.18428125,2657.18428125,83,4610.05465663,4176.92877995,1,2657.18428125,True
PV,B0,2025-04-08,97,144,2640.00402708,2640.00402708,83,4580.2479506,4210.87076566,1,2640.00402708,True
PV,B0,2025-04-09,98,144,2439.30047986,2439.30047986,81,4336.53418642,3796.19029427,1,2439.30047986,True
PV,B0,2025-04-10,99,144,2633.66928264,2633.66928264,83,4569.2575506,4172.50016267,1,2633.66928264,True
PV,B0,2025-04-11,100,144,2782.30610764,2782.30610764,83,4827.13348795,4365.1016827,1,2782.30610764,True
PV,B0,2025-04-12,101,144,2622.16730069,2622.16730069,83,4549.30230482,4055.24285488,1,2622.16730069,True
PV,B0,2025-04-13,102,144,2625.27932153,2625.27932153,83,4554.70147349,4114.02191935,1,2625.27932153,True
PV,B0,2025-04-14,103,144,2723.88920347,2723.88920347,83,4725.78367831,4223.82678658,1,2723.88920347,True
PV,B0,2025-04-15,104,144,2788.22818056,2788.22818056,83,4837.40792771,4360.78091299,1,2788.22818056,True
PV,B0,2025-04-16,105,144,2589.38721319,2589.38721319,84,4438.94950833,4001.15057468,1,2589.38721319,True
PV,B0,2025-04-17,106,144,2692.44584514,2692.44584514,85,4561.32002,4188.68360241,1,2692.44584514,True
PV,B0,2025-04-18,107,144,2714.00217361,2714.00217361,85,4597.83897647,4204.28729329,1,2714.00217361,True
PV,B0,2025-04-19,108,144,2713.36400417,2713.36400417,85,4596.75784235,4208.02900574,1,2713.36400417,True
PV,B0,2025-04-20,109,144,2718.33631111,2718.33631111,85,4605.18151529,4236.2409023,1,2718.33631111,True
PV,B0,2025-04-21,110,144,2915.19697917,2915.19697917,85,4938.68664706,4508.12859373,1,2915.19697917,True
PV,B0,2025-04-22,111,144,2735.7529875,2735.7529875,85,4634.68741412,4215.33846877,1,2735.7529875,True
PV,B0,2025-04-23,112,144,2776.27491875,2776.27491875,87,4595.21365862,4255.19718055,1,2776.27491875,True
PV,B0,2025-04-24,113,144,2933.65304028,2933.65304028,87,4855.70158391,4511.98512364,1,2933.65304028,True
PV,B0,2025-04-25,114,144,2906.79014792,2906.79014792,87,4811.23886552,4448.96241941,1,2906.79014792,True
PV,B0,2025-04-26,115,144,3001.28044722,3001.28044722,85,5084.52216941,4677.64064722,1,3001.28044722,True
PV,B0,2025-04-27,116,144,2852.46047292,2852.46047292,86,4776.21288488,4449.40593189,1,2852.46047292,True
PV,B0,2025-04-28,117,144,2538.13889514,2538.13889514,86,4249.90698721,3856.99789358,1,2538.13889514,True
PV,B0,2025-04-29,118,144,2909.14770833,2909.14770833,87,4815.14103448,4490.06670586,1,2909.14770833,True
PV,B0,2025-04-30,119,144,2892.75109514,2892.75109514,87,4788.00181264,4393.37480748,1,2892.75109514,True
PV,B0,2025-05-01,120,144,2889.71687986,2889.71687986,87,4782.97966322,4490.82804745,1,2889.71687986,True
PV,B0,2025-05-02,121,144,2519.61277708,2519.61277708,87,4170.39356207,3864.86491205,1,2519.61277708,True
PV,B0,2025-05-03,122,144,2751.15323472,2751.15323472,87,4553.63294023,4214.19108886,1,2751.15323472,True
PV,B0,2025-05-04,123,144,2872.3090375,2872.3090375,87,4754.16668276,4351.50000409,1,2872.3090375,True
PV,B0,2025-05-05,124,144,2730.67321111,2730.67321111,87,4519.73497011,4220.53646729,1,2730.67321111,True
PV,B0,2025-05-06,125,144,2839.46282222,2839.46282222,87,4699.80053333,4387.37550781,1,2839.46282222,True
PV,B0,2025-05-07,126,144,2753.84871111,2753.84871111,87,4558.09441839,4245.07323044,1,2753.84871111,True
PV,B0,2025-05-08,127,144,2692.45687431,2692.45687431,88,4405.83852159,4063.64431104,1,2692.45687431,True
PV,B0,2025-05-09,128,144,2739.76831667,2739.76831667,89,4432.88356854,4204.52657499,1,2739.76831667,True
PV,B0,2025-05-10,129,144,2605.28924028,2605.28924028,89,4215.29944494,3958.25597632,1,2605.28924028,True
PV,B0,2025-05-11,130,144,2719.12547222,2719.12547222,89,4399.48391011,4096.89605689,1,2719.12547222,True
PV,B0,2025-05-12,131,144,2854.89201597,2854.89201597,89,4619.15112697,4303.35973092,1,2854.89201597,True
PV,B0,2025-05-13,132,144,2797.51745139,2797.51745139,89,4526.32037079,4212.43085224,1,2797.51745139,True
PV,B0,2025-05-14,133,144,2815.74402014,2815.74402014,87,4660.54182644,4257.83099199,1,2815.74402014,True
PV,B0,2025-05-15,134,144,2784.71881389,2784.71881389,89,4505.61246292,4251.9776443,1,2784.71881389,True
PV,B0,2025-05-16,135,144,2998.57659236,2998.57659236,89,4851.6295427,4538.38202479,1,2998.57659236,True
PV,B0,2025-05-17,136,144,2701.07213958,2701.07213958,89,4370.2740236,4042.74259845,1,2701.07213958,True
PV,B0,2025-05-18,137,144,2792.1195375,2792.1195375,88,4568.92287955,4191.7672398,1,2792.1195375,True
PV,B0,2025-05-19,138,144,3023.21547639,3023.21547639,89,4891.49470337,4594.80774903,1,3023.21547639,True
PV,B0,2025-05-20,139,144,2746.25762083,2746.25762083,89,4443.38311685,4113.50672893,1,2746.25762083,True
PV,B0,2025-05-21,140,144,2871.68483333,2871.68483333,89,4646.32152809,4345.01941614,1,2871.68483333,True
PV,B0,2025-05-22,141,144,2871.37705,2871.37705,89,4645.82354157,4332.48255774,1,2871.37705,True
PV,B0,2025-05-23,142,144,2856.76814583,2856.76814583,89,4622.18666292,4301.47503066,1,2856.76814583,True
PV,B0,2025-05-24,143,144,2955.80485139,2955.80485139,89,4782.42582697,4464.27106559,1,2955.80485139,True
PV,B0,2025-05-25,144,144,2990.61947569,2990.61947569,89,4838.75510674,4508.4639538,1,2990.61947569,True
PV,B0,2025-05-26,145,144,2701.17235069,2701.17235069,89,4370.43616292,4043.57809178,1,2701.17235069,True
PV,B0,2025-05-27,146,144,2944.01916875,2944.01916875,89,4763.3568573,4419.13009642,1,2944.01916875,True
PV,B0,2025-05-28,147,144,2818.66762986,2818.66762986,89,4560.54088427,4249.96380945,1,2818.66762986,True
PV,B0,2025-05-29,148,144,2763.71628194,2763.71628194,91,4373.35323736,4167.39865197,1,2763.71628194,True
PV,B0,2025-05-30,149,144,2833.99963403,2833.99963403,91,4484.57084945,4330.29817291,1,2833.99963403,True
PV,B0,2025-05-31,150,144,2766.21462639,2766.21462639,91,4377.30666154,4161.95835904,1,2766.21462639,True
PV,B0,2025-06-01,151,144,2375.98890556,2375.98890556,91,3759.80661978,3509.25222893,1,2375.98890556,True
PV,B0,2025-06-02,152,144,2476.65539722,2476.65539722,89,4007.17277753,3795.47650817,1,2476.65539722,True
PV,B0,2025-06-03,153,144,2495.18640556,2495.18640556,90,3992.29824889,3772.20844552,1,2495.18640556,True
PV,B0,2025-06-04,154,144,2453.94094861,2453.94094861,91,3883.1593033,3664.96702704,1,2453.94094861,True
PV,B0,2025-06-05,155,144,2387.77511042,2387.77511042,91,3778.45731758,3602.69441797,1,2387.77511042,True
PV,B0,2025-06-06,156,144,2162.18415,2162.18415,91,3421.47821538,3260.17262623,1,2162.18415,True
PV,B0,2025-06-07,157,144,2167.92694097,2167.92694097,91,3430.56570879,3222.15699849,1,2167.92694097,True
PV,B0,2025-06-08,158,144,2628.41764097,2628.41764097,91,4159.25428901,3961.32812978,1,2628.41764097,True
PV,B0,2025-06-09,159,144,2384.85313542,2384.85313542,91,3773.83353297,3627.87691572,1,2384.85313542,True
PV,B0,2025-06-10,160,144,2324.83531458,2324.83531458,91,3678.86027802,3499.9988322,1,2324.83531458,True
PV,B0,2025-06-11,161,144,2173.009625,2173.009625,91,3438.60863736,3269.70410365,1,2173.009625,True
PV,B0,2025-06-12,162,144,2302.89256458,2302.89256458,93,3565.76913226,3465.15667117,1,2302.89256458,True
PV,B0,2025-06-13,163,144,2231.01152917,2231.01152917,93,3454.46946452,3379.95676666,1,2231.01152917,True
PV,B0,2025-06-14,164,144,2335.82559861,2335.82559861,93,3616.7622172,3482.76875782,1,2335.82559861,True
PV,B0,2025-06-15,165,144,2364.24625764,2364.24625764,93,3660.76839892,3493.41036983,1,2364.24625764,True
PV,B0,2025-06-16,166,144,2288.52413333,2288.52413333,93,3543.52123871,3453.98727262,1,2288.52413333,True
PV,B0,2025-06-17,167,144,2194.78097431,2194.78097431,93,3398.37054086,3267.50482543,1,2194.78097431,True
PV,B0,2025-06-18,168,144,2332.52866736,2332.52866736,93,3611.6572914,3483.91124463,1,2332.52866736,True
PV,B0,2025-06-19,169,144,2462.0651125,2462.0651125,93,3812.22985161,3722.9001076,1,2462.0651125,True
PV,B0,2025-06-20,170,144,2447.35411944,2447.35411944,93,3789.45153978,3654.82123526,1,2447.35411944,True
PV,B0,2025-06-21,171,144,2586.38851667,2586.38851667,93,4004.73060645,3919.72756478,1,2586.38851667,True
PV,B0,2025-06-22,172,144,2461.75503403,2461.75503403,93,3811.74973011,3644.62740001,1,2461.75503403,True
PV,B0,2025-06-23,173,144,2484.56612847,2484.56612847,93,3847.07013441,3738.34934909,1,2484.56612847,True
PV,B0,2025-06-24,174,144,2118.50219861,2118.50219861,93,3280.26146882,3148.28243962,1,2118.50219861,True
PV,B0,2025-06-25,175,144,2328.04112778,2328.04112778,93,3604.70884301,3446.55705072,1,2328.04112778,True
PV,B0,2025-06-26,176,144,2464.58589722,2464.58589722,93,3816.13300215,3694.76403314,1,2464.58589722,True
PV,B0,2025-06-27,177,144,2491.31704722,2491.31704722,93,3857.52316989,3764.60155312,1,2491.31704722,True
PV,B0,2025-06-28,178,144,2453.52694514,2453.52694514,93,3799.00946344,3730.12040379,1,2453.52694514,True
PV,B0,2025-06-29,179,144,2379.87667431,2379.87667431,93,3684.97033441,3561.2155073,1,2379.87667431,True
PV,B0,2025-06-30,180,144,2336.23485833,2336.23485833,93,3617.39590968,3520.77214706,1,2336.23485833,True
PV,B0,2025-07-01,181,144,2611.67945972,2611.67945972,93,4043.89077634,3904.54278987,1,2611.67945972,True
PV,B0,2025-07-02,182,144,2845.57882708,2845.57882708,91,4502.89396813,4268.67505082,1,2845.57882708,True
PV,B0,2025-07-03,183,144,2575.21332083,2575.21332083,91,4075.06283736,3839.32239375,1,2575.21332083,True
PV,B0,2025-07-04,184,144,2788.09159514,2788.09159514,91,4411.92516154,4221.86072046,1,2788.09159514,True
PV,B0,2025-07-05,185,144,2795.11478889,2795.11478889,91,4423.03878681,4245.52798837,1,2795.11478889,True
PV,B0,2025-07-06,186,144,2560.44137917,2560.44137917,91,4051.68745714,3866.16045091,1,2560.44137917,True
PV,B0,2025-07-07,187,144,2836.91297431,2836.91297431,91,4489.18097033,4238.1393427,1,2836.91297431,True
PV,B0,2025-07-08,188,144,2738.07666597,2738.07666597,91,4332.78065824,4210.6210597,1,2738.07666597,True
PV,B0,2025-07-09,189,144,2772.16583125,2772.16583125,91,4386.72395275,4185.67924475,1,2772.16583125,True
PV,B0,2025-07-10,190,144,2817.07995278,2817.07995278,91,4457.79684835,4274.67175368,1,2817.07995278,True
PV,B0,2025-07-11,191,144,2592.59630208,2592.59630208,91,4102.56997253,3880.7909965,1,2592.59630208,True
PV,B0,2025-07-12,192,144,2676.42199028,2676.42199028,91,4235.21721538,4053.21592277,1,2676.42199028,True
PV,B0,2025-07-13,193,144,2942.73525347,2942.73525347,91,4656.63600549,4487.03150885,1,2942.73525347,True
PV,B0,2025-07-14,194,144,2885.61434375,2885.61434375,91,4566.24687363,4342.5553967,1,2885.61434375,True
PV,B0,2025-07-15,195,144,2783.17133681,2783.17133681,90,4453.07413889,4187.52863077,1,2783.17133681,True
PV,B0,2025-07-16,196,144,2842.94591667,2842.94591667,89,4599.82260674,4297.61579234,1,2842.94591667,True
PV,B0,2025-07-17,197,144,2785.36430069,2785.36430069,89,4506.65684607,4245.13173708,1,2785.36430069,True
PV,B0,2025-07-18,198,144,2600.9927125,2600.9927125,89,4208.34775955,3908.9789197,1,2600.9927125,True
PV,B0,2025-07-19,199,144,2807.57097292,2807.57097292,89,4542.5867427,4248.92865611,1,2807.57097292,True
PV,B0,2025-07-20,200,144,2777.52335625,2777.52335625,89,4493.97037416,4190.50511612,1,2777.52335625,True
PV,B0,2025-07-21,201,144,2685.54460208,2685.54460208,89,4345.15081685,4084.09556169,1,2685.54460208,True
PV,B0,2025-07-22,202,144,2738.321425,2738.321425,89,4430.54253034,4135.61083099,1,2738.321425,True
PV,B0,2025-07-23,203,144,2718.06193889,2718.06193889,89,4397.76313708,4158.30882348,1,2718.06193889,True
PV,B0,2025-07-24,204,144,2720.23939653,2720.23939653,89,4401.28621461,4118.17794868,1,2720.23939653,True
PV,B0,2025-07-25,205,144,2743.73000486,2743.73000486,89,4439.29349101,4150.57491222,1,2743.73000486,True
PV,B0,2025-07-26,206,144,2696.60826528,2696.60826528,88,4412.63170682,4072.8846669,1,2696.60826528,True
PV,B0,2025-07-27,207,144,2684.37527014,2684.37527014,88,4392.61407841,4113.84539762,1,2684.37527014,True
PV,B0,2025-07-28,208,144,2511.42171667,2511.42171667,89,4063.42390112,3802.91011464,1,2511.42171667,True
PV,B0,2025-07-29,209,144,2593.56246528,2593.56246528,87,4292.79304598,3888.99321574,1,2593.56246528,True
PV,B0,2025-07-30,210,144,2680.04626597,2680.04626597,87,4435.93864713,4113.92525737,1,2680.04626597,True
PV,B0,2025-07-31,211,144,2613.67989375,2613.67989375,89,4228.87533371,3970.74685601,1,2613.67989375,True
PV,B0,2025-08-01,212,144,2977.83601806,2977.83601806,89,4818.07175955,4516.89975148,1,2977.83601806,True
PV,B0,2025-08-02,213,144,2943.13413681,2943.13413681,89,4761.92489551,4498.39999753,1,2943.13413681,True
PV,B0,2025-08-03,214,144,3134.29192361,3134.29192361,89,5071.21389888,4778.28230066,1,3134.29192361,True
PV,B0,2025-08-04,215,144,3037.35216111,3037.35216111,89,4914.36754157,4639.47009721,1,3037.35216111,True
PV,B0,2025-08-05,216,144,2971.09114792,2971.09114792,88,4861.78551477,4533.70974444,1,2971.09114792,True
PV,B0,2025-08-06,217,144,2858.40368889,2858.40368889,88,4677.38785455,4380.84923183,1,2858.40368889,True
PV,B0,2025-08-07,218,144,3060.94871736,3060.94871736,87,5066.39787701,4703.80162959,1,3060.94871736,True
PV,B0,2025-08-08,219,144,3122.00186944,3122.00186944,87,5167.45137011,4819.68177018,1,3122.00186944,True
PV,B0,2025-08-09,220,144,2974.24594792,2974.24594792,87,4922.88984483,4543.8804589,1,2974.24594792,True
PV,B0,2025-08-10,221,144,2967.95106944,2967.95106944,87,4912.47073563,4531.80743771,1,2967.95106944,True
PV,B0,2025-08-11,222,144,2994.20875764,2994.20875764,87,4955.93173678,4605.42961519,1,2994.20875764,True
PV,B0,2025-08-12,223,144,2869.87721042,2869.87721042,87,4750.14158966,4378.67583683,1,2869.87721042,True
PV,B0,2025-08-13,224,144,2934.45907222,2934.45907222,87,4857.03570575,4463.19500249,1,2934.45907222,True
PV,B0,2025-08-14,225,144,2917.07351597,2917.07351597,87,4828.25961264,4515.07755139,1,2917.07351597,True
PV,B0,2025-08-15,226,144,3033.68045347,3033.68045347,86,5079.65099186,4695.81781062,1,3033.68045347,True
PV,B0,2025-08-16,227,144,3052.26041597,3052.26041597,85,5170.88823412,4685.02058465,1,3052.26041597,True
PV,B0,2025-08-17,228,144,3008.48845347,3008.48845347,85,5096.73338,4664.47696754,1,3008.48845347,True
PV,B0,2025-08-18,229,144,2971.5024625,2971.5024625,87,4918.34890345,4608.55527234,1,2971.5024625,True
PV,B0,2025-08-19,230,144,2960.28428472,2960.28428472,87,4899.78088506,4549.22471668,1,2960.28428472,True
PV,B0,2025-08-20,231,144,2683.22344167,2683.22344167,85,4545.69618353,4151.89348958,1,2683.22344167,True
PV,B0,2025-08-21,232,144,2880.30751736,2880.30751736,85,4879.57979412,4406.02433677,1,2880.30751736,True
PV,B0,2025-08-22,233,144,2887.548375,2887.548375,85,4891.84665882,4460.48876681,1,2887.548375,True
PV,B0,2025-08-23,234,144,2798.63083681,2798.63083681,85,4741.20988824,4302.55304971,1,2798.63083681,True
PV,B0,2025-08-24,235,144,2972.27007986,2972.27007986,85,5035.37519412,4669.45914026,1,2972.27007986,True
PV,B0,2025-08-25,236,144,2655.77194722,2655.77194722,85,4499.19012235,4124.72405824,1,2655.77194722,True
PV,B0,2025-08-26,237,144,2868.33939792,2868.33939792,85,4859.30439176,4495.70119969,1,2868.33939792,True
PV,B0,2025-08-27,238,144,2744.75971806,2744.75971806,83,4761.99276386,4318.9417452,1,2744.75971806,True
PV,B0,2025-08-28,239,144,2657.33423264,2657.33423264,83,4610.31481325,4107.72046295,1,2657.33423264,True
PV,B0,2025-08-29,240,144,2740.54634167,2740.54634167,83,4754.68280964,4305.85541504,1,2740.54634167,True
PV,B0,2025-08-30,241,144,2938.01532292,2938.01532292,83,5097.27959639,4601.34974698,1,2938.01532292,True
PV,B0,2025-08-31,242,144,2779.94736458,2779.94736458,83,4823.04121084,4343.53149573,1,2779.94736458,True
PV,B0,2025-09-01,243,144,2820.39519722,2820.39519722,82,4952.88912683,4370.26837002,1,2820.39519722,True
PV,B0,2025-09-02,244,144,2811.46117917,2811.46117917,83,4877.71578072,4404.53700135,1,2811.46117917,True
PV,B0,2025-09-03,245,144,2745.24996597,2745.24996597,82,4820.92676951,4298.54921161,1,2745.24996597,True
PV,B0,2025-09-04,246,144,2797.31697847,2797.31697847,83,4853.17644458,4443.88899759,1,2797.31697847,True
PV,B0,2025-09-05,247,144,2846.19661597,2846.19661597,83,4937.97967108,4447.8200028,1,2846.19661597,True
PV,B0,2025-09-06,248,144,2837.72043611,2837.72043611,83,4923.27400964,4497.46176188,1,2837.72043611,True
PV,B0,2025-09-07,249,144,2742.50105903,2742.50105903,83,4758.07412651,4289.85293234,1,2742.50105903,True
PV,B0,2025-09-08,250,144,2583.54262083,2583.54262083,83,4482.29081205,4061.77897089,1,2583.54262083,True
PV,B0,2025-09-09,251,144,2832.47505486,2832.47505486,83,4914.17358916,4517.26824624,1,2832.47505486,True
PV,B0,2025-09-10,252,144,2498.28290972,2498.28290972,81,4441.39183951,3944.07012314,1,2498.28290972,True
PV,B0,2025-09-11,253,144,2802.11219028,2802.11219028,81,4981.53278272,4474.60967662,1,2802.11219028,True
PV,B0,2025-09-12,254,144,2672.31545486,2672.31545486,81,4750.78303086,4251.88519708,1,2672.31545486,True
PV,B0,2025-09-13,255,144,2794.02006806,2794.02006806,81,4967.14678765,4518.69234099,1,2794.02006806,True
PV,B0,2025-09-14,256,144,2547.43212153,2547.43212153,81,4528.76821605,4039.19099118,1,2547.43212153,True
PV,B0,2025-09-15,257,144,2737.20830208,2737.20830208,81,4866.14809259,4431.28749413,1,2737.20830208,True
PV,B0,2025-09-16,258,144,2597.98281181,2597.98281181,79,4735.56360633,4120.77556102,1,2597.98281181,True
PV,B0,2025-09-17,259,144,2540.19485833,2540.19485833,79,4630.22860253,4059.65104708,1,2540.19485833,True
PV,B0,2025-09-18,260,144,2577.00271875,2577.00271875,81,4581.33816667,4120.51194334,1,2577.00271875,True
PV,B0,2025-09-19,261,144,2466.07392292,2466.07392292,81,4384.13141852,3943.97256155,1,2466.07392292,True
PV,B0,2025-09-20,262,144,2486.88724583,2486.88724583,81,4421.13288148,4041.8398194,1,2486.88724583,True
PV,B0,2025-09-21,263,144,2607.28314583,2607.28314583,79,4752.51611392,4154.35372996,1,2607.28314583,True
PV,B0,2025-09-22,264,144,2525.16757708,2525.16757708,79,4602.83710253,4054.69019143,1,2525.16757708,True
PV,B0,2025-09-23,265,144,2461.06940625,2461.06940625,79,4485.99993038,3973.63395253,1,2461.06940625,True
PV,B0,2025-09-24,266,144,2497.95701319,2497.95701319,79,4553.2381,4030.55018274,1,2497.95701319,True
PV,B0,2025-09-25,267,144,2508.78742708,2508.78742708,79,4572.97961392,4065.36305078,1,2508.78742708,True
PV,B0,2025-09-26,268,144,2354.17125903,2354.17125903,79,4291.14761139,3795.74210741,1,2354.17125903,True
PV,B0,2025-09-27,269,144,2422.68622917,2422.68622917,78,4472.6515,3938.08880943,1,2422.68622917,True
PV,B0,2025-09-28,270,144,2370.91626736,2370.91626736,77,4433.92133117,3825.50140553,1,2370.91626736,True
PV,B0,2025-09-29,271,144,2431.31346667,2431.31346667,77,4546.87193766,3934.9461306,1,2431.31346667,True
PV,B0,2025-09-30,272,144,2312.26167917,2312.26167917,77,4324.22963377,3789.12015627,1,2312.26167917,True
PV,B0,2025-10-01,273,144,2814.87221597,2814.87221597,77,5264.17661169,4612.06912752,1,2814.87221597,True
PV,B0,2025-10-02,274,144,2729.20527778,2729.20527778,77,5103.96831169,4432.76008533,1,2729.20527778,True
PV,B0,2025-10-03,275,144,2654.45989306,2654.45989306,77,4964.18473506,4329.19677923,1,2654.45989306,True
PV,B0,2025-10-04,276,144,2470.89301667,2470.89301667,77,4620.89083636,4033.62410605,1,2470.89301667,True
PV,B0,2025-10-05,277,144,2619.51915972,2619.51915972,77,4898.84102597,4265.38286835,1,2619.51915972,True
PV,B0,2025-10-06,278,144,2506.79278681,2506.79278681,77,4688.02806883,4092.61964666,1,2506.79278681,True
PV,B0,2025-10-07,279,144,2482.73398472,2482.73398472,77,4643.03498442,4065.49274379,1,2482.73398472,True
PV,B0,2025-10-08,280,144,2538.02361181,2538.02361181,77,4746.43376753,4141.32751626,1,2538.02361181,True
PV,B0,2025-10-09,281,144,2569.70866875,2569.70866875,77,4805.68893896,4237.39263468,1,2569.70866875,True
PV,B0,2025-10-10,282,144,2626.1633,2626.1633,77,4911.26643117,4366.66700131,1,2626.1633,True
PV,B0,2025-10-11,283,144,2403.52713194,2403.52713194,76,4554.05140789,3961.80642872,1,2403.52713194,True
PV,B0,2025-10-12,284,144,2466.43450833,2466.43450833,75,4735.554256,4041.91353033,1,2466.43450833,True
PV,B0,2025-10-13,285,144,2527.09827222,2527.09827222,75,4852.02868267,4172.52225306,1,2527.09827222,True
PV,B0,2025-10-14,286,144,2385.7666625,2385.7666625,75,4580.671992,3964.56887399,1,2385.7666625,True
PV,B0,2025-10-15,287,144,2309.26904653,2309.26904653,75,4433.79656933,3802.03760277,1,2309.26904653,True
PV,B0,2025-10-16,288,144,2281.95014097,2281.95014097,75,4381.34427067,3826.81399145,1,2281.95014097,True
PV,B0,2025-10-17,289,144,2330.79055069,2330.79055069,74,4535.59242297,3849.74391506,1,2330.79055069,True
PV,B0,2025-10-18,290,144,2315.83784097,2315.83784097,74,4506.49525811,3837.22225233,1,2315.83784097,True
PV,B0,2025-10-19,291,144,2254.39686875,2254.39686875,74,4386.9344473,3789.15605772,1,2254.39686875,True
PV,B0,2025-10-20,292,144,2227.60567847,2227.60567847,75,4277.00290267,3715.19529276,1,2227.60567847,True
PV,B0,2025-10-21,293,144,2139.09448472,2139.09448472,75,4107.06141067,3546.97064993,1,2139.09448472,True
PV,B0,2025-10-22,294,144,2171.54540972,2171.54540972,75,4169.36718667,3631.90475819,1,2171.54540972,True
PV,B0,2025-10-23,295,144,2243.02160347,2243.02160347,73,4424.59056027,3765.27522682,1,2243.02160347,True
PV,B0,2025-10-24,296,144,2238.14449236,2238.14449236,73,4414.96995753,3773.68894577,1,2238.14449236,True
PV,B0,2025-10-25,297,144,2193.51476111,2193.51476111,73,4326.9332274,3676.8168085,1,2193.51476111,True
PV,B0,2025-10-26,298,144,2203.25134722,2203.25134722,73,4346.13964384,3680.2763873,1,2203.25134722,True
PV,B0,2025-10-27,299,144,2259.91594375,2259.91594375,73,4457.91638219,3870.94175788,1,2259.91594375,True
PV,B0,2025-10-28,300,144,2147.57179583,2147.57179583,73,4236.30600822,3632.49216793,1,2147.57179583,True
PV,B0,2025-10-29,301,144,2017.05657153,2017.05657153,73,3978.85131918,3386.71058531,1,2017.05657153,True
PV,B0,2025-10-30,302,144,2172.01053819,2172.01053819,71,4405.20447183,3692.40857254,1,2172.01053819,True
PV,B0,2025-10-31,303,144,1993.52904028,1993.52904028,71,4043.21382817,3373.95950929,1,1993.52904028,True
PV,B0,2025-11-01,304,144,2059.59046042,2059.59046042,71,4177.19755352,3488.66784332,1,2059.59046042,True
PV,B0,2025-11-02,305,144,2043.61884931,2043.61884931,71,4144.80442676,3456.97080973,1,2043.61884931,True
PV,B0,2025-11-03,306,144,2012.66603125,2012.66603125,71,4082.02688028,3383.33517491,1,2012.66603125,True
PV,B0,2025-11-04,307,144,2075.6891125,2075.6891125,70,4269.98903143,3526.56098408,1,2075.6891125,True
PV,B0,2025-11-05,308,144,2003.59948125,2003.59948125,71,4063.63838451,3406.82491751,1,2003.59948125,True
PV,B0,2025-11-06,309,144,1930.97956597,1930.97956597,71,3916.35292254,3280.83344449,1,1930.97956597,True
PV,B0,2025-11-07,310,144,2037.24653681,2037.24653681,70,4190.90716143,3489.13872401,1,2037.24653681,True
PV,B0,2025-11-08,311,144,2010.15248819,2010.15248819,71,4076.92899014,3402.66611693,1,2010.15248819,True
PV,B0,2025-11-09,312,144,1938.78554097,1938.78554097,71,3932.18475915,3311.00821294,1,1938.78554097,True
PV,B0,2025-11-10,313,144,1856.73581944,1856.73581944,71,3765.77405634,3185.62994946,1,1856.73581944,True
PV,B0,2025-11-11,314,144,1933.28532431,1933.28532431,71,3921.02939014,3318.32117315,1,1933.28532431,True
PV,B0,2025-11-12,315,144,1935.86358681,1935.86358681,71,3926.25854225,3333.99201796,1,1935.86358681,True
PV,B0,2025-11-13,316,144,1891.00983125,1891.00983125,71,3835.28754507,3221.09136489,1,1891.00983125,True
PV,B0,2025-11-14,317,144,1839.14324167,1839.14324167,71,3730.09333521,3143.33095955,1,1839.14324167,True
PV,B0,2025-11-15,318,144,1843.96207917,1843.96207917,71,3739.86675211,3165.71620738,1,1843.96207917,True
PV,B0,2025-11-16,319,144,1830.23857708,1830.23857708,71,3712.03317042,3150.51722341,1,1830.23857708,True
PV,B0,2025-11-17,320,144,1857.24817986,1857.24817986,69,3875.99620145,3210.8769098,1,1857.24817986,True
PV,B0,2025-11-18,321,144,1787.21394444,1787.21394444,69,3729.8377971,3051.86487602,1,1787.21394444,True
PV,B0,2025-11-19,322,144,1783.80790625,1783.80790625,69,3722.72954348,3083.74021554,1,1783.80790625,True
PV,B0,2025-11-20,323,144,1793.89088333,1793.89088333,69,3743.77227826,3079.32893345,1,1793.89088333,True
PV,B0,2025-11-21,324,144,1797.28304306,1797.28304306,69,3750.85156812,3099.87912972,1,1797.28304306,True
PV,B0,2025-11-22,325,144,1763.75336042,1763.75336042,69,3680.87657826,3048.09726131,1,1763.75336042,True
PV,B0,2025-11-23,326,144,1772.94149653,1772.94149653,69,3700.05181884,3077.36999261,1,1772.94149653,True
PV,B0,2025-11-24,327,144,1825.57267153,1825.57267153,69,3809.89079275,3168.73353733,1,1825.57267153,True
PV,B0,2025-11-25,328,144,1729.73882292,1729.73882292,69,3609.88971739,3001.49978507,1,1729.73882292,True
PV,B0,2025-11-26,329,144,1705.36541042,1705.36541042,69,3559.02346522,2935.05733451,1,1705.36541042,True
PV,B0,2025-11-27,330,144,1725.71870486,1725.71870486,68,3654.46313971,3002.11269082,1,1725.71870486,True
PV,B0,2025-11-28,331,144,1721.57428056,1721.57428056,68,3645.68671176,2988.15137287,1,1721.57428056,True
PV,B0,2025-11-29,332,144,1551.11457431,1551.11457431,68,3284.71321618,2665.57446374,1,1551.11457431,True
PV,B0,2025-11-30,333,144,1573.50026319,1573.50026319,67,3381.85131194,2722.57357289,1,1573.50026319,True
PV,B0,2025-12-01,334,144,1624.68599583,1624.68599583,67,3491.86243881,2833.94751222,1,1624.68599583,True
PV,B0,2025-12-02,335,144,1531.78390208,1531.78390208,69,3196.76640435,2666.27051808,1,1531.78390208,True
PV,B0,2025-12-03,336,144,1560.84094028,1560.84094028,69,3257.40717971,2716.25432941,1,1560.84094028,True
PV,B0,2025-12-04,337,144,1606.87675833,1606.87675833,69,3353.48193043,2820.3251154,1,1606.87675833,True
PV,B0,2025-12-05,338,144,1564.85180833,1564.85180833,69,3265.77768696,2741.7260601,1,1564.85180833,True
PV,B0,2025-12-06,339,144,1491.92459722,1491.92459722,69,3113.58176812,2598.61724509,1,1491.92459722,True
PV,B0,2025-12-07,340,144,1558.94923611,1558.94923611,69,3253.45927536,2726.71427449,1,1558.94923611,True
PV,B0,2025-12-08,341,144,1523.46428403,1523.46428403,69,3179.40372319,2648.23517118,1,1523.46428403,True
PV,B0,2025-12-09,342,144,1554.42611736,1554.42611736,69,3244.01972319,2744.11962612,1,1554.42611736,True
PV,B0,2025-12-10,343,144,1499.63108542,1499.63108542,69,3129.66487391,2611.24704913,1,1499.63108542,True
PV,B0,2025-12-11,344,144,1576.10601111,1576.10601111,67,3387.45172537,2745.06972001,1,1576.10601111,True
PV,B0,2025-12-12,345,144,1456.13709167,1456.13709167,67,3129.60807761,2520.59311643,1,1456.13709167,True
PV,B0,2025-12-13,346,144,1460.06767361,1460.06767361,67,3138.05589552,2539.58947661,1,1460.06767361,True
PV,B0,2025-12-14,347,144,1489.32766875,1489.32766875,67,3200.94304925,2596.77052079,1,1489.32766875,True
PV,B0,2025-12-15,348,144,1451.48614653,1451.48614653,67,3119.61201642,2525.81252279,1,1451.48614653,True
PV,B0,2025-12-16,349,144,1467.86883542,1467.86883542,67,3154.82257164,2550.46232369,1,1467.86883542,True
PV,B0,2025-12-17,350,144,1511.44614931,1511.44614931,67,3248.48127612,2633.51914881,1,1511.44614931,True
PV,B0,2025-12-18,351,144,1539.5455125,1539.5455125,67,3308.87393731,2711.8733148,1,1539.5455125,True
PV,B0,2025-12-19,352,144,1486.87225556,1486.87225556,67,3195.66574328,2607.74818838,1,1486.87225556,True
PV,B0,2025-12-20,353,144,1492.17366111,1492.17366111,67,3207.05980896,2628.13040313,1,1492.17366111,True
PV,B0,2025-12-21,354,144,1472.44412917,1472.44412917,67,3164.65603881,2568.64315361,1,1472.44412917,True
PV,B0,2025-12-22,355,144,1490.87611389,1490.87611389,67,3204.27105075,2608.4358168,1,1490.87611389,True
PV,B0,2025-12-23,356,144,1529.10675139,1529.10675139,67,3286.43839104,2669.06439029,1,1529.10675139,True
PV,B0,2025-12-24,357,144,1504.15883194,1504.15883194,67,3232.81898209,2640.08829896,1,1504.15883194,True
PV,B0,2025-12-25,358,144,1499.05872361,1499.05872361,67,3221.85755522,2600.76554321,1,1499.05872361,True
PV,B0,2025-12-26,359,144,1469.27855069,1469.27855069,67,3157.85240746,2587.4796151,1,1469.27855069,True
PV,B0,2025-12-27,360,144,1461.26561944,1461.26561944,67,3140.63058507,2541.84941528,1,1461.26561944,True
PV,B0,2025-12-28,361,144,1529.250625,1529.250625,67,3286.74761194,2667.61171015,1,1529.250625,True
PV,B0,2025-12-29,362,144,1506.39750486,1506.39750486,67,3237.63045821,2609.2737248,1,1506.39750486,True
PV,B0,2025-12-30,363,144,1554.25443542,1554.25443542,67,3340.48714478,2734.50001225,1,1554.25443542,True
PV,B0,2025-12-31,364,144,1464.38675625,1464.38675625,69,3056.1114913,2542.67162932,1,1464.38675625,True
PV,B1,2025-02-01,31,144,101.201390972,1746.95959792,71,205.253525352,195.14769055,0.057930012287,101.201390972,True
PV,B1,2025-02-02,32,144,70.2084909722,1806.23727917,71,142.394685915,154.196299304,0.0388700265364,70.2084909722,True
PV,B1,2025-02-03,33,144,96.8608388889,1766.11885417,69,202.14432029,201.221491587,0.0548438960721,96.8608388889,True
PV,B1,2025-02-04,34,144,125.546169444,1682.6347875,71,254.628850704,239.227183217,0.074612845507,125.546169444,True
PV,B1,2025-02-05,35,144,111.616799306,1718.44406042,71,226.377733803,240.068379915,0.0649522448106,111.616799306,True
PV,B1,2025-02-06,36,144,85.9835152778,1749.21272847,69,179.423852174,170.996187101,0.049155550882,85.9835152778,True
PV,B1,2025-02-07,37,144,173.942632639,1848.45488611,71,352.785057746,349.014462589,0.0941016380469,173.942632639,True
PV,B1,2025-02-08,38,144,177.745715278,1840.40103333,71,360.498352113,357.501736626,0.0965798823509,177.745715278,True
PV,B1,2025-02-09,39,144,157.149790278,1749.68698333,71,318.726335211,341.075604248,0.0898159452375,157.149790278,True
PV,B1,2025-02-10,40,144,231.363223611,1964.62195556,71,469.243721127,465.328446666,0.117764755177,231.363223611,True
PV,B1,2025-02-11,41,144,101.881089583,1925.86185347,72,203.762179167,190.235077267,0.052901556464,101.881089583,True
PV,B1,2025-02-12,42,144,89.8634472222,1920.71319792,73,177.264882192,169.317121226,0.0467864995772,89.8634472222,True
PV,B1,2025-02-13,43,144,164.923215972,2082.53352917,73,325.327987671,310.520442384,0.0791935465443,164.923215972,True
PV,B1,2025-02-14,44,144,195.085445833,1919.61817222,73,384.826084932,416.821925162,0.101627213503,195.085445833,True
PV,B1,2025-02-15,45,144,55.4767368056,1948.93588125,73,109.433563014,119.266676814,0.028465142101,55.4767368056,True
PV,B1,2025-02-16,46,144,98.1057347222,1912.48325764,73,193.523641096,192.246039925,0.0512975652625,98.1057347222,True
PV,B1,2025-02-17,47,144,181.517793056,2074.02123542,73,358.06249589,362.223357333,0.0875197369997,181.517793056,True
PV,B1,2025-02-18,48,144,94.5926805556,2051.66181042,73,186.593780822,182.534540572,0.04610539616,94.5926805556,True
PV,B1,2025-02-19,49,144,118.584725694,2041.14444722,75,227.682673333,231.83734124,0.0580971747765,118.584725694,True
PV,B1,2025-02-20,50,144,149.690452778,2088.0051375,75,287.405669333,282.398916578,0.0716906534804,149.690452778,True
PV,B1,2025-02-21,51,144,77.0740972222,2093.40583333,75,147.982266667,153.234168321,0.0368175611222,77.0740972222,True
PV,B1,2025-02-22,52,144,118.665745139,1993.22830764,73,234.080336986,218.028453565,0.0595344470496,118.665745139,True
PV,B1,2025-02-23,53,144,120.392329167,2067.09530208,74,234.276831081,221.763862825,0.0582422731285,120.392329167,True
PV,B1,2025-02-24,54,144,167.087063194,2184.41478889,75,320.791973333,325.02688578,0.0764905383558,167.087063194,True
PV,B1,2025-02-25,55,144,121.899729861,2303.00040208,75,234.047481333,237.326289749,0.0529308330779,121.899729861,True
PV,B1,2025-02-26,56,144,144.8783125,2176.91192014,75,278.16636,265.049944651,0.0665522160817,144.8783125,True
PV,B1,2025-02-27,57,144,187.820925694,2235.12103056,75,360.616177333,336.24697758,0.0840316578507,187.820925694,True
PV,B1,2025-02-28,58,144,179.110529167,2170.52143333,75,343.892216,369.528716591,0.0825195855779,179.110529167,True
PV,B1,2025-03-01,59,144,192.154302083,2024.39142569,75,368.93626,407.496753486,0.0949195395932,192.154302083,True
PV,B1,2025-03-02,60,144,245.606213889,1895.92125069,75,471.563930667,491.484246479,0.129544522906,245.606213889,True
PV,B1,2025-03-03,61,144,190.519300694,1914.23329028,77,356.295835065,353.658654432,0.0995277334597,190.519300694,True
PV,B1,2025-03-04,62,144,140.352938194,2039.14862708,77,262.478222078,283.529279347,0.0688291850483,140.352938194,True
PV,B1,2025-03-05,63,144,179.505458333,2164.29049236,77,335.698519481,334.454156094,0.0829396326264,179.505458333,True
PV,B1,2025-03-06,64,144,122.032588889,2155.53935069,77,228.21678961,209.855948388,0.0566134823053,122.032588889,True
PV,B1,2025-03-07,65,144,99.2319097222,2114.91982986,77,185.576558442,187.608393424,0.0469199391491,99.2319097222,True
PV,B1,2025-03-08,66,144,144.630349306,2220.06550278,77,270.477536364,265.163141927,0.0651468837855,144.630349306,True
PV,B1,2025-03-09,67,144,105.785086806,2264.97756042,76,200.434885526,223.341253733,0.0467046952934,105.785086806,True
PV,B1,2025-03-10,68,144,200.151597222,2079.20803819,77,374.309466234,484.542962323,0.0962633817999,200.151597222,True
PV,B1,2025-03-11,69,144,209.271425,2231.69308958,73,412.773516438,425.61593276,0.0937724931698,209.271425,True
PV,B1,2025-03-12,70,144,102.839079167,2319.86258958,77,192.322433766,195.128694119,0.0443298148901,102.839079167,True
PV,B1,2025-03-13,71,144,272.255627083,2112.15245972,77,509.153380519,553.124888477,0.128899609415,272.255627083,True
PV,B1,2025-03-14,72,144,306.476698611,2336.64345694,77,573.151228571,619.877081044,0.131161088227,306.476698611,True
PV,B1,2025-03-15,73,144,270.700127778,2158.36902639,77,506.244394805,568.919556485,0.125418834531,270.700127778,True
PV,B1,2025-03-16,74,144,236.496303472,2276.34037708,78,436.608560256,494.691315661,0.103893207647,236.496303472,True
PV,B1,2025-03-17,75,144,217.671721528,2493.14543194,79,396.768707595,376.435199772,0.0873080722604,217.671721528,True
PV,B1,2025-03-18,76,144,201.72084375,2338.64438403,79,367.693689873,400.83565356,0.0862554585587,201.72084375,True
PV,B1,2025-03-19,77,144,90.1330055556,2409.00364792,79,164.293073418,184.90962361,0.0374150556532,90.1330055556,True
PV,B1,2025-03-20,78,144,160.650611111,2309.97582986,79,292.831493671,306.317126462,0.0695464467785,160.650611111,True
PV,B1,2025-03-21,79,144,228.71418125,2523.33615417,79,416.896735443,417.206008065,0.0906396006225,228.71418125,True
PV,B1,2025-03-22,80,144,206.534383333,2335.65540833,79,376.467736709,379.6904755,0.0884267356376,206.534383333,True
PV,B1,2025-03-23,81,144,182.34146875,2457.09404792,81,324.162611111,375.825246661,0.0742102114099,182.34146875,True
PV,B1,2025-03-24,82,144,211.408559028,2476.11139722,81,375.837438272,396.145075989,0.0853792601031,211.408559028,True
PV,B1,2025-03-25,83,144,186.838370833,2379.2934625,80,336.30904625,375.959664074,0.0785268289844,186.838370833,True
PV,B1,2025-03-26,84,144,262.264313889,2588.00303889,81,466.247655556,533.971748058,0.101338487609,262.264313889,True
PV,B1,2025-03-27,85,144,174.711516667,2468.15037361,81,310.577906173,327.019161373,0.0707864150153,174.711516667,True
PV,B1,2025-03-28,86,144,134.913338889,2544.57860417,81,239.845935802,247.807400097,0.053019914051,134.913338889,True
PV,B1,2025-03-29,87,144,166.172972917,2683.79451181,81,295.418618519,296.880936253,0.0619171744281,166.172972917,True
PV,B1,2025-03-30,88,144,142.681047222,2610.37858958,81,253.655195062,293.260613666,0.0546591394028,142.681047222,True
PV,B1,2025-03-31,89,144,193.819172917,2505.17817222,81,344.567418519,377.59466509,0.0773674204357,193.819172917,True
PV,B1,2025-04-01,90,144,206.850960417,2406.59561597,81,367.735040741,418.493346057,0.0859516900321,206.850960417,True
PV,B1,2025-04-02,91,144,229.054798611,2397.97058542,82,402.242573171,400.707326234,0.0955202703503,229.054798611,True
PV,B1,2025-04-03,92,144,309.105117361,2584.20524306,83,536.278757831,582.087222807,0.119613222747,309.105117361,True
PV,B1,2025-04-04,93,144,165.735006944,2721.03956528,83,287.540253012,358.533862148,0.0609087089579,165.735006944,True
PV,B1,2025-04-05,94,144,236.491699306,2523.27614931,83,410.298851807,456.747519725,0.0937240655846,236.491699306,True
PV,B1,2025-04-06,95,144,150.595881944,2616.47309653,83,261.274783133,287.838104303,0.0575568241631,150.595881944,True
PV,B1,2025-04-07,96,144,174.4218625,2657.18428125,83,302.611424096,345.180918344,0.0656416130905,174.4218625,True
PV,B1,2025-04-08,97,144,271.509144444,2640.00402708,83,471.052009639,490.625718076,0.102844216016,271.509144444,True
PV,B1,2025-04-09,98,144,281.884830556,2439.30047986,81,501.128561728,540.191919575,0.115559699546,281.884830556,True
PV,B1,2025-04-10,99,144,265.199766667,2633.66928264,83,460.105619277,510.33974051,0.1006959258,265.199766667,True
PV,B1,2025-04-11,100,144,234.722695833,2782.30610764,83,407.229737349,411.462544073,0.0843626426254,234.722695833,True
PV,B1,2025-04-12,101,144,234.666186111,2622.16730069,83,407.118573494,455.099491897,0.0894932165652,234.666186111,True
PV,B1,2025-04-13,102,144,166.139347222,2625.27932153,83,288.241759036,287.592650066,0.0632844459101,166.139347222,True
PV,B1,2025-04-14,103,144,153.768645833,2723.88920347,83,266.779337349,267.045482202,0.056451872432,153.768645833,True
PV,B1,2025-04-15,104,144,242.786054861,2788.22818056,83,421.219179518,420.213443389,0.0870753895087,242.786054861,True
PV,B1,2025-04-16,105,144,271.456871528,2589.38721319,84,465.354636905,535.462073377,0.104834406436,271.456871528,True
PV,B1,2025-04-17,106,144,175.407225,2692.44584514,85,297.160475294,341.494708803,0.065147912006,175.407225,True
PV,B1,2025-04-18,107,144,165.078895139,2714.00217361,85,279.663069412,286.809530556,0.0608248942259,165.078895139,True
PV,B1,2025-04-19,108,144,149.073413889,2713.36400417,85,252.547901176,257.514931251,0.054940440597,149.073413889,True
PV,B1,2025-04-20,109,144,161.346818056,2718.33631111,85,273.340491765,286.212822164,0.0593549876062,161.346818056,True
PV,B1,2025-04-21,110,144,239.615856944,2915.19697917,85,405.937451765,432.290658992,0.0821954257832,239.615856944,True
PV,B1,2025-04-22,111,144,233.115688889,2735.7529875,85,394.925402353,465.450464478,0.0852107956946,233.115688889,True
PV,B1,2025-04-23,112,144,111.265182639,2776.27491875,87,184.16306092,208.813245654,0.0400771486597,111.265182639,True
PV,B1,2025-04-24,113,144,224.657761806,2933.65304028,87,371.847329885,421.342472342,0.0765795268633,224.657761806,True
PV,B1,2025-04-25,114,144,139.043810417,2906.79014792,87,230.14147931,252.450316336,0.0478341412146,139.043810417,True
PV,B1,2025-04-26,115,144,320.315261806,3001.28044722,85,542.651702353,545.001920751,0.106726201512,320.315261806,True
PV,B1,2025-04-27,116,144,186.519952083,2852.46047292,86,312.312323256,355.162158882,0.0653891452149,186.519952083,True
PV,B1,2025-04-28,117,144,367.061158333,2538.13889514,86,614.603048837,694.771748478,0.144618231507,367.061158333,True
PV,B1,2025-04-29,118,144,399.879685417,2909.14770833,87,661.869824138,723.858818995,0.13745595807,399.879685417,True
PV,B1,2025-04-30,119,144,245.583390972,2892.75109514,87,406.482854023,428.898357623,0.0848961362023,245.583390972,True
PV,B1,2025-05-01,120,144,259.182819444,2889.71687986,87,428.992252874,449.898045726,0.0896914231462,259.182819444,True
PV,B1,2025-05-02,121,144,377.031673611,2519.61277708,87,624.052425287,677.167089037,0.149638736968,377.031673611,True
PV,B1,2025-05-03,122,144,234.769174306,2751.15323472,87,388.58346092,403.832153399,0.0853348229908,234.769174306,True
PV,B1,2025-05-04,123,144,202.384476389,2872.3090375,87,334.981202299,347.057794249,0.0704605506394,202.384476389,True
PV,B1,2025-05-05,124,144,267.044377778,2730.67321111,87,442.004487356,442.42358186,0.0977943375616,267.044377778,True
PV,B1,2025-05-06,125,144,164.956219444,2839.46282222,87,273.030983908,318.978001784,0.0580941642037,164.956219444,True
PV,B1,2025-05-07,126,144,186.364413889,2753.84871111,87,308.465236782,320.513093926,0.0676741656638,186.364413889,True
PV,B1,2025-05-08,127,144,187.244215972,2692.45687431,88,306.399626136,338.898551809,0.0695439981821,187.244215972,True
PV,B1,2025-05-09,128,144,190.62079375,2739.76831667,89,308.420160674,343.650236686,0.0695755157801,190.62079375,True
PV,B1,2025-05-10,129,144,196.3267875,2605.28924028,89,317.652330337,378.485099742,0.0753570023876,196.3267875,True
PV,B1,2025-05-11,130,144,202.240643056,2719.12547222,89,327.22081573,353.02362247,0.0743770911352,202.240643056,True
PV,B1,2025-05-12,131,144,318.180607639,2854.89201597,89,514.809073034,545.536417603,0.111451013159,318.180607639,True
PV,B1,2025-05-13,132,144,231.625515972,2797.51745139,89,374.764879775,398.828791089,0.0827968082405,231.625515972,True
PV,B1,2025-05-14,133,144,141.153175694,2815.74402014,87,233.632816092,237.558561763,0.050129974417,141.153175694,True
PV,B1,2025-05-15,134,144,175.316139583,2784.71881389,89,283.657574157,330.880810059,0.062956496257,175.316139583,True
PV,B1,2025-05-16,135,144,226.012007639,2998.57659236,89,365.682349438,363.985865669,0.0753730980942,226.012007639,True
PV,B1,2025-05-17,136,144,321.892625,2701.07213958,89,520.815033708,591.761690342,0.119172168815,321.892625,True
PV,B1,2025-05-18,137,144,268.316672917,2792.1195375,88,439.056280682,434.215888943,0.0960978458526,268.316672917,True
PV,B1,2025-05-19,138,144,310.965675,3023.21547639,89,503.132653933,643.028445354,0.102859249507,310.965675,True
PV,B1,2025-05-20,139,144,341.777744444,2746.25762083,89,552.988710112,686.162979632,0.124452178795,341.777744444,True
PV,B1,2025-05-21,140,144,290.359286111,2871.68483333,89,469.7948,564.461293443,0.101111125685,290.359286111,True
PV,B1,2025-05-22,141,144,165.018366667,2871.37705,89,266.996008989,291.095469009,0.0574701140927,165.018366667,True
PV,B1,2025-05-23,142,144,124.674006944,2856.76814583,89,201.719741573,252.474976612,0.0436416259843,124.674006944,True
PV,B1,2025-05-24,143,144,209.97685,2955.80485139,89,339.737824719,357.099857298,0.0710388068757,209.97685,True
PV,B1,2025-05-25,144,144,180.623228472,2990.61947569,89,292.244324719,311.434898842,0.0603965933948,180.623228472,True
PV,B1,2025-05-26,145,144,305.734197222,2701.17235069,89,494.671060674,562.674847348,0.113185742163,305.734197222,True
PV,B1,2025-05-27,146,144,254.098873611,2944.01916875,89,411.126267416,480.195235763,0.086310196723,254.098873611,True
PV,B1,2025-05-28,147,144,283.333597222,2818.66762986,89,458.427393258,510.675763383,0.100520399859,283.333597222,True
PV,B1,2025-05-29,148,144,157.403086806,2763.71628194,91,249.077412088,280.57060844,0.0569534173366,157.403086806,True
PV,B1,2025-05-30,149,144,260.482965972,2833.99963403,91,412.192825275,494.908157724,0.0919135496154,260.482965972,True
PV,B1,2025-05-31,150,144,223.788996528,2766.21462639,91,354.127642857,393.670066403,0.0809008073318,223.788996528,True
PV,B1,2025-06-01,151,144,433.104901389,2375.98890556,91,685.352810989,812.244327261,0.182284058809,433.104901389,True
PV,B1,2025-06-02,152,144,353.259736111,2476.65539722,89,571.56628764,694.057772729,0.142635804928,353.259736111,True
PV,B1,2025-06-03,153,144,269.455715278,2495.18640556,90,431.129144444,493.629942138,0.10799021455,269.455715278,True
PV,B1,2025-06-04,154,144,202.152266667,2453.94094861,91,319.889301099,418.146214735,0.0823786190866,202.152266667,True
PV,B1,2025-06-05,155,144,193.260984028,2387.77511042,91,305.819579121,345.888232735,0.0809376826087,193.260984028,True
PV,B1,2025-06-06,156,144,261.132103472,2162.18415,91,413.220031868,443.718969842,0.120772369676,261.132103472,True
PV,B1,2025-06-07,157,144,202.290857639,2167.92694097,91,320.10860989,344.041862388,0.0933107356229,202.290857639,True
PV,B1,2025-06-08,158,144,477.501155556,2628.41764097,91,755.606224176,838.310876879,0.181668677044,477.501155556,True
PV,B1,2025-06-09,159,144,277.539397222,2384.85313542,91,439.183221978,471.078789834,0.116375886255,277.539397222,True
PV,B1,2025-06-10,160,144,188.525420833,2324.83531458,91,298.325940659,329.240975873,0.0810919464492,188.525420833,True
PV,B1,2025-06-11,161,144,230.271382639,2173.009625,91,364.385484615,439.425948572,0.105968873764,230.271382639,True
PV,B1,2025-06-12,162,144,198.982486806,2302.89256458,93,308.101915054,389.515437147,0.0864054580165,198.982486806,True
PV,B1,2025-06-13,163,144,243.350007639,2231.01152917,93,376.800011828,413.956265438,0.109076086994,243.350007639,True
PV,B1,2025-06-14,164,144,271.408011111,2335.82559861,93,420.244662366,493.750439676,0.116193611061,271.408011111,True
PV,B1,2025-06-15,165,144,202.708652083,2364.24625764,93,313.87146129,359.10711173,0.085739229333,202.708652083,True
PV,B1,2025-06-16,166,144,186.011892361,2288.52413333,93,288.018413978,318.217707712,0.0812802843771,186.011892361,True
PV,B1,2025-06-17,167,144,210.547945139,2194.78097431,93,326.009721505,407.41760941,0.0959311874869,210.547945139,True
PV,B1,2025-06-18,168,144,207.065097222,2332.52866736,93,320.616924731,394.446398892,0.088772798431,207.065097222,True
PV,B1,2025-06-19,169,144,230.663886806,2462.0651125,93,357.156986022,440.630437536,0.093687159464,230.663886806,True
PV,B1,2025-06-20,170,144,178.666258333,2447.35411944,93,276.644529032,309.907836154,0.0730038439937,178.666258333,True
PV,B1,2025-06-21,171,144,249.716472222,2586.38851667,93,386.657763441,457.177865044,0.0965502555448,249.716472222,True
PV,B1,2025-06-22,172,144,306.423834028,2461.75503403,93,474.462710753,571.4413914,0.124473731055,306.423834028,True
PV,B1,2025-06-23,173,144,169.530425,2484.56612847,93,262.498722581,301.520720993,0.0682334122877,169.530425,True
PV,B1,2025-06-24,174,144,389.12628125,2118.50219861,93,602.518112903,696.985326104,0.183679904371,389.12628125,True
PV,B1,2025-06-25,175,144,246.141909722,2328.04112778,93,381.122956989,407.104749327,0.105729193005,246.141909722,True
PV,B1,2025-06-26,176,144,210.697559722,2464.58589722,93,326.241382796,441.92436572,0.0854900451876,210.697559722,True
PV,B1,2025-06-27,177,144,157.503634722,2491.31704722,93,243.876595699,299.167257607,0.063221031983,157.503634722,True
PV,B1,2025-06-28,178,144,161.503739583,2453.52694514,93,250.070306452,295.932344308,0.0658251338561,161.503739583,True
PV,B1,2025-06-29,179,144,239.135947222,2379.87667431,93,370.275015054,528.931549098,0.100482495502,239.135947222,True
PV,B1,2025-06-30,180,144,176.50171875,2336.23485833,93,273.292983871,348.835551215,0.0755496469546,176.50171875,True
PV,B1,2025-07-01,181,144,288.674513889,2611.67945972,93,446.979892473,497.075068967,0.110532137784,288.674513889,True
PV,B1,2025-07-02,182,144,254.535796528,2845.57882708,91,402.780271429,435.822051802,0.089449567907,254.535796528,True
PV,B1,2025-07-03,183,144,279.383225694,2575.21332083,91,442.100928571,488.276770303,0.108489352488,279.383225694,True
PV,B1,2025-07-04,184,144,237.211122917,2788.09159514,91,375.367051648,514.357430059,0.0850801040146,237.211122917,True
PV,B1,2025-07-05,185,144,163.029170139,2795.11478889,91,257.980225275,304.805577524,0.0583264668725,163.029170139,True
PV,B1,2025-07-06,186,144,267.518006944,2560.44137917,91,423.325197802,483.825431903,0.104481207467,267.518006944,True
PV,B1,2025-07-07,187,144,305.714540972,2836.91297431,91,483.768064835,507.815042639,0.107763101562,305.714540972,True
PV,B1,2025-07-08,188,144,265.461676389,2738.07666597,91,420.071224176,407.654114596,0.0969518785533,265.461676389,True
PV,B1,2025-07-09,189,144,239.792348611,2772.16583125,91,379.451628571,430.7524876,0.0865000015179,239.792348611,True
PV,B1,2025-07-10,190,144,198.197463194,2817.07995278,91,313.631150549,350.500250325,0.0703556400659,198.197463194,True
PV,B1,2025-07-11,191,144,301.455259028,2592.59630208,91,477.028102198,575.59128962,0.116275433543,301.455259028,True
PV,B1,2025-07-12,192,144,212.34136875,2676.42199028,91,336.012715385,390.97214246,0.0793377761509,212.34136875,True
PV,B1,2025-07-13,193,144,271.685197917,2942.73525347,91,429.919434066,475.684334179,0.092324036828,271.685197917,True
PV,B1,2025-07-14,194,144,197.840531944,2885.61434375,91,313.066336264,378.657784685,0.0685609746753,197.840531944,True
PV,B1,2025-07-15,195,144,224.323034722,2783.17133681,90,358.916842222,428.749342648,0.0805997933924,224.323034722,True
PV,B1,2025-07-16,196,144,153.960565972,2842.94591667,89,249.104723596,323.339519075,0.0541552918997,153.960565972,True
PV,B1,2025-07-17,197,144,202.721214583,2785.36430069,89,327.998369663,366.697633471,0.0727808619263,202.721214583,True
PV,B1,2025-07-18,198,144,228.710849306,2600.9927125,89,370.049014607,439.844489962,0.087932137682,228.710849306,True
PV,B1,2025-07-19,199,144,234.72831875,2807.57097292,89,379.785144944,418.309182602,0.0836054799734,234.72831875,True
PV,B1,2025-07-20,200,144,181.278672222,2777.52335625,89,293.304817978,306.960835796,0.0652662998546,181.278672222,True
PV,B1,2025-07-21,201,144,205.631441667,2685.54460208,89,332.707051685,350.267275346,0.0765697361746,205.631441667,True
PV,B1,2025-07-22,202,144,232.453992361,2738.321425,89,376.105335955,434.986709856,0.0848892282107,232.453992361,True
PV,B1,2025-07-23,203,144,242.112822222,2718.06193889,89,391.733105618,427.994112657,0.0890755353137,242.112822222,True
PV,B1,2025-07-24,204,144,227.663617361,2720.23939653,89,368.354616854,409.229541102,0.0836924932606,227.663617361,True
PV,B1,2025-07-25,205,144,223.273033333,2743.73000486,89,361.250750562,388.124610945,0.081375730461,223.273033333,True
PV,B1,2025-07-26,206,144,175.353404861,2696.60826528,88,286.936694318,326.471065615,0.0650273927878,175.353404861,True
PV,B1,2025-07-27,207,144,191.023722917,2684.37527014,88,312.583589773,375.92619603,0.071161333157,191.023722917,True
PV,B1,2025-07-28,208,144,238.038385417,2511.42171667,89,385.140758427,440.993919753,0.0947823234294,238.038385417,True
PV,B1,2025-07-29,209,144,202.158108333,2593.56246528,87,334.538062069,351.040961237,0.0779461112041,202.158108333,True
PV,B1,2025-07-30,210,144,249.583227083,2680.04626597,87,413.103272414,414.654915445,0.0931264621258,249.583227083,True
PV,B1,2025-07-31,211,144,196.645813889,2613.67989375,89,318.168507865,389.277679066,0.0752371452828,196.645813889,True
PV,B1,2025-08-01,212,144,368.55760625,2977.83601806,89,596.317924719,602.699387688,0.123766924712,368.55760625,True
PV,B1,2025-08-02,213,144,148.037192361,2943.13413681,89,239.520850562,287.124336242,0.0502991659503,148.037192361,True
PV,B1,2025-08-03,214,144,241.27690625,3134.29192361,89,390.38061236,413.116117874,0.0769797173111,241.27690625,True
PV,B1,2025-08-04,215,144,144.957031944,3037.35216111,89,234.537220225,282.65391694,0.0477248024778,144.957031944,True
PV,B1,2025-08-05,216,144,139.514810417,2971.09114792,88,228.29695,271.715320426,0.0469574319571,139.514810417,True
PV,B1,2025-08-06,217,144,234.687064583,2858.40368889,88,384.033378409,440.768530726,0.0821042407325,234.687064583,True
PV,B1,2025-08-07,218,144,238.122272917,3060.94871736,87,394.133404598,465.741868453,0.0777936172423,238.122272917,True
PV,B1,2025-08-08,219,144,148.145074306,3122.00186944,87,245.20564023,259.814790054,0.0474519492623,148.145074306,True
PV,B1,2025-08-09,220,144,218.176920139,2974.24594792,87,361.12041954,429.783023945,0.073355372743,218.176920139,True
PV,B1,2025-08-10,221,144,150.476647917,2967.95106944,87,249.064796552,272.529716866,0.0507005150677,150.476647917,True
PV,B1,2025-08-11,222,144,169.276211806,2994.20875764,87,280.181316092,308.153704098,0.0565345390076,169.276211806,True
PV,B1,2025-08-12,223,144,226.729754167,2869.87721042,87,375.276834483,423.845385679,0.0790032944071,226.729754167,True
PV,B1,2025-08-13,224,144,166.200711806,2934.45907222,87,275.090833333,292.972127087,0.0566375974975,166.200711806,True
PV,B1,2025-08-14,225,144,202.168007639,2917.07351597,87,334.622909195,350.81826239,0.0693050780284,202.168007639,True
PV,B1,2025-08-15,226,144,170.317248611,3033.68045347,86,285.17890814,294.440058618,0.056142118863,170.317248611,True
PV,B1,2025-08-16,227,144,189.046048611,3052.26041597,85,320.221192941,336.146649493,0.0619364087094,189.046048611,True
PV,B1,2025-08-17,228,144,240.4427,3008.48845347,85,407.338221176,405.952767645,0.0799214302194,240.4427,True
PV,B1,2025-08-18,229,144,166.981572917,2971.5024625,87,276.383293103,303.712666102,0.0561943242598,166.981572917,True
PV,B1,2025-08-19,230,144,193.636572222,2960.28428472,87,320.501912644,344.257617155,0.0654114786278,193.636572222,True
PV,B1,2025-08-20,231,144,330.839552778,2683.22344167,85,560.249065882,564.14699616,0.123299292798,330.839552778,True
PV,B1,2025-08-21,232,144,256.45785625,2880.30751736,85,434.46978,474.965522814,0.0890383595169,256.45785625,True
PV,B1,2025-08-22,233,144,166.170197917,2887.548375,85,281.511864706,301.599867438,0.0575471563889,166.170197917,True
PV,B1,2025-08-23,234,144,208.144814583,2798.63083681,85,352.621803529,413.303073501,0.0743738015911,208.144814583,True
PV,B1,2025-08-24,235,144,284.207320833,2972.27007986,85,481.480637647,533.958462036,0.0956196150407,284.207320833,True
PV,B1,2025-08-25,236,144,333.603915972,2655.77194722,85,565.164281176,645.961990143,0.125614669709,333.603915972,True
PV,B1,2025-08-26,237,144,255.722717361,2868.33939792,85,433.224368235,492.796545648,0.0891535769954,255.722717361,True
PV,B1,2025-08-27,238,144,176.597832639,2744.75971806,83,306.386573494,327.656371293,0.0643399972235,176.597832639,True
PV,B1,2025-08-28,239,144,251.59386875,2657.33423264,83,436.500206024,500.488486114,0.094679045511,251.59386875,True
PV,B1,2025-08-29,240,144,227.655778472,2740.54634167,83,394.969061446,443.784027192,0.0830694869162,227.655778472,True
PV,B1,2025-08-30,241,144,266.429190972,2938.01532292,83,462.238596386,475.542035001,0.0906833905508,266.429190972,True
PV,B1,2025-08-31,242,144,219.471538889,2779.94736458,83,380.769898795,439.951742274,0.0789480914945,219.471538889,True
PV,B1,2025-09-01,243,144,136.354753472,2820.39519722,82,239.444578049,263.324014267,0.0483459742119,136.354753472,True
PV,B1,2025-09-02,244,144,219.688340278,2811.46117917,83,381.146036145,382.15668793,0.0781402716515,219.688340278,True
PV,B1,2025-09-03,245,144,235.506785417,2745.24996597,82,413.4421,394.083184253,0.0857870096843,235.506785417,True
PV,B1,2025-09-04,246,144,198.952654167,2797.31697847,83,345.17086988,361.899458765,0.0711226706511,198.952654167,True
PV,B1,2025-09-05,247,144,196.5733625,2846.19661597,83,341.042942169,342.558117841,0.069065278694,196.5733625,True
PV,B1,2025-09-06,248,144,228.511860417,2837.72043611,83,396.454312048,448.887997069,0.0805265583983,228.511860417,True
PV,B1,2025-09-07,249,144,211.974388194,2742.50105903,83,367.762793976,438.791164254,0.0772923632961,211.974388194,True
PV,B1,2025-09-08,250,144,227.334234028,2583.54262083,83,394.411201205,446.24223986,0.0879932199278,227.334234028,True
PV,B1,2025-09-09,251,144,288.531539583,2832.47505486,83,500.584839759,533.606578428,0.101865518317,288.531539583,True
PV,B1,2025-09-10,252,144,357.970615972,2498.28290972,81,636.392179012,664.337011176,0.143286660842,357.970615972,True
PV,B1,2025-09-11,253,144,334.364216667,2802.11219028,81,594.425274074,636.308152792,0.119325777828,334.364216667,True
PV,B1,2025-09-12,254,144,180.797404861,2672.31545486,81,321.417608642,343.52799979,0.0676557120276,180.797404861,True
PV,B1,2025-09-13,255,144,205.195034028,2794.02006806,81,364.791171605,433.494667809,0.0734407874782,205.195034028,True
PV,B1,2025-09-14,256,144,279.575246528,2547.43212153,81,497.022660494,570.683275487,0.109747868909,279.575246528,True
PV,B1,2025-09-15,257,144,279.373479167,2737.20830208,81,496.663962963,539.040650691,0.102065114648,279.373479167,True
PV,B1,2025-09-16,258,144,207.827001389,2597.98281181,79,378.823851899,463.724935689,0.0799955259305,207.827001389,True
PV,B1,2025-09-17,259,144,180.795552083,2540.19485833,79,329.450201266,345.481501268,0.0711738910463,180.795552083,True
PV,B1,2025-09-18,260,144,129.616834028,2577.00271875,81,230.42992716,271.214204997,0.0502975154371,129.616834028,True
PV,B1,2025-09-19,261,144,160.789076389,2466.07392292,81,285.847246914,320.842112621,0.0652004284603,160.789076389,True
PV,B1,2025-09-20,262,144,162.546096528,2486.88724583,81,288.970838272,302.747944783,0.0653612650916,162.546096528,True
PV,B1,2025-09-21,263,144,242.085977778,2607.28314583,79,441.129187342,462.617033952,0.0928498993923,242.085977778,True
PV,B1,2025-09-22,264,144,115.148046528,2525.16757708,79,209.890110127,221.026407559,0.0456001603905,115.148046528,True
PV,B1,2025-09-23,265,144,128.944052778,2461.06940625,79,235.037260759,255.048146452,0.0523935052178,128.944052778,True
PV,B1,2025-09-24,266,144,167.635309722,2497.95701319,79,305.563096203,305.742985289,0.0671089649809,167.635309722,True
PV,B1,2025-09-25,267,144,105.306370833,2508.78742708,79,191.950853165,197.613681942,0.0419750074066,105.306370833,True
PV,B1,2025-09-26,268,144,189.975698611,2354.17125903,79,346.284817722,396.871584893,0.0806974844683,189.975698611,True
PV,B1,2025-09-27,269,144,243.503154861,2422.68622917,78,449.544271795,471.598811397,0.100509571537,243.503154861,True
PV,B1,2025-09-28,270,144,183.019340972,2370.91626736,77,342.269922078,347.291932362,0.0771935067854,183.019340972,True
PV,B1,2025-09-29,271,144,83.9278354167,2431.31346667,77,156.955951948,161.257696938,0.034519545327,83.9278354167,True
PV,B1,2025-09-30,272,144,161.532669444,2312.26167917,77,302.08707013,294.980464824,0.069859164687,161.532669444,True
PV,B1,2025-10-01,273,144,502.813463194,2814.87221597,77,940.326476623,864.918384679,0.178627456103,502.813463194,True
PV,B1,2025-10-02,274,144,213.141639583,2729.20527778,77,398.592249351,397.539372115,0.078096595122,213.141639583,True
PV,B1,2025-10-03,275,144,119.876319444,2654.45989306,77,224.184285714,237.815278075,0.0451603430732,119.876319444,True
PV,B1,2025-10-04,276,144,192.573177778,2470.89301667,77,360.008485714,342.944670543,0.0779366716725,192.573177778,True
PV,B1,2025-10-05,277,144,154.280225,2619.51915972,77,288.524057143,280.224606182,0.0588963911287,154.280225,True
PV,B1,2025-10-06,278,144,132.250582639,2506.79278681,77,247.325764935,236.034332873,0.0527568865424,132.250582639,True
PV,B1,2025-10-07,279,144,108.312850694,2482.73398472,77,202.559097403,186.907308061,0.0436264422048,108.312850694,True
PV,B1,2025-10-08,280,144,134.609311806,2538.02361181,77,251.736894805,244.687905628,0.0530370604826,134.609311806,True
PV,B1,2025-10-09,281,144,143.752519444,2569.70866875,77,268.835880519,296.080785454,0.0559411738741,143.752519444,True
PV,B1,2025-10-10,282,144,116.090614583,2626.1633,77,217.104525974,237.154392302,0.0442054058799,116.090614583,True
PV,B1,2025-10-11,283,144,228.225731944,2403.52713194,76,432.427686842,453.00934785,0.0949545061968,228.225731944,True
PV,B1,2025-10-12,284,144,134.991141667,2466.43450833,75,259.182977333,261.044608678,0.0547312897264,134.991141667,True
PV,B1,2025-10-13,285,144,125.405766667,2527.09827222,75,240.779072,268.624091163,0.049624412333,125.405766667,True
PV,B1,2025-10-14,286,144,168.708188889,2385.7666625,75,323.919722667,298.938513007,0.0707144548294,168.708188889,True
PV,B1,2025-10-15,287,144,131.213510417,2309.26904653,75,251.92994,255.639344435,0.0568203651341,131.213510417,True
PV,B1,2025-10-16,288,144,138.112186111,2281.95014097,75,265.175397333,257.172580732,0.0605237527461,138.112186111,True
PV,B1,2025-10-17,289,144,128.569965278,2330.79055069,74,250.190168919,239.44679624,0.0551615267358,128.569965278,True
PV,B1,2025-10-18,290,144,66.9578833333,2315.83784097,74,130.232525676,123.254072991,0.0289130275655,66.9578833333,True
PV,B1,2025-10-19,291,144,134.493665278,2254.39686875,74,261.703428378,244.462203556,0.0596583800936,134.493665278,True
PV,B1,2025-10-20,292,144,169.325895833,2227.60567847,75,325.10572,308.904214373,0.0760125086184,169.325895833,True
PV,B1,2025-10-21,293,144,122.041542361,2139.09448472,75,234.319761333,253.312863851,0.0570528993613,122.041542361,True
PV,B1,2025-10-22,294,144,127.147361111,2171.54540972,75,244.122933333,236.728559339,0.0585515552849,127.147361111,True
PV,B1,2025-10-23,295,144,144.059352083,2243.02160347,73,284.135913699,312.989412924,0.0642255749389,144.059352083,True
PV,B1,2025-10-24,296,144,114.750233333,2238.14449236,73,226.356624658,213.026341551,0.0512702525351,114.750233333,True
PV,B1,2025-10-25,297,144,99.4794576389,2193.51476111,73,196.233450685,209.853019264,0.0453516244352,99.4794576389,True
PV,B1,2025-10-26,298,144,82.0607069444,2203.25134722,73,161.873175342,169.894181673,0.0372452770983,82.0607069444,True
PV,B1,2025-10-27,299,144,186.042974306,2259.91594375,73,366.988880822,356.823246248,0.0823229619757,186.042974306,True
PV,B1,2025-10-28,300,144,175.57966875,2147.57179583,73,346.348935616,342.67802408,0.0817572986806,175.57966875,True
PV,B1,2025-10-29,301,144,161.868771528,2017.05657153,73,319.302782192,338.635739693,0.0802499909089,161.868771528,True
PV,B1,2025-10-30,302,144,181.641040278,2172.01053819,71,368.398690141,370.323704286,0.0836280658329,181.641040278,True
PV,B1,2025-10-31,303,144,188.845334028,1993.52904028,71,383.01025493,351.215947683,0.0947291613076,188.845334028,True
PV,B1,2025-11-01,304,144,100.502117361,2059.59046042,71,203.835280282,214.911067824,0.0487971367574,100.502117361,True
PV,B1,2025-11-02,305,144,81.5471,2043.61884931,71,165.391301408,152.320219021,0.0399032823698,81.5471,True
PV,B1,2025-11-03,306,144,131.428691667,2012.66603125,71,266.5596,257.722326572,0.065300794879,131.428691667,True
PV,B1,2025-11-04,307,144,107.221065972,2075.6891125,70,220.560572857,276.026021361,0.051655647913,107.221065972,True
PV,B1,2025-11-05,308,144,106.545404861,2003.59948125,71,216.090694366,227.025777415,0.0531769976276,106.545404861,True
PV,B1,2025-11-06,309,144,147.3185375,1930.97956597,71,298.786892958,264.624727799,0.0762921265953,147.3185375,True
PV,B1,2025-11-07,310,144,114.089147222,2037.24653681,70,234.587474286,254.030249144,0.0560016400377,114.089147222,True
PV,B1,2025-11-08,311,144,136.304056944,2010.15248819,71,276.447664789,249.84799917,0.0678078194291,136.304056944,True
PV,B1,2025-11-09,312,144,116.624623611,1938.78554097,71,236.534447887,233.897142572,0.0601534420112,116.624623611,True
PV,B1,2025-11-10,313,144,109.659650694,1856.73581944,71,222.408305634,198.322721194,0.0590604487435,109.659650694,True
PV,B1,2025-11-11,314,144,102.47719375,1933.28532431,71,207.841069014,206.40840143,0.0530067613206,102.47719375,True
PV,B1,2025-11-12,315,144,81.4651222222,1935.86358681,71,165.22503662,161.049437436,0.0420820572159,81.4651222222,True
PV,B1,2025-11-13,316,144,133.050138889,1891.00983125,71,269.848169014,299.180607658,0.0703593057477,133.050138889,True
PV,B1,2025-11-14,317,144,84.7532645833,1839.14324167,71,171.89394507,175.318889371,0.0460830144511,84.7532645833,True
PV,B1,2025-11-15,318,144,92.0587208333,1843.96207917,71,186.71064507,174.923023482,0.0499244110676,92.0587208333,True
PV,B1,2025-11-16,319,144,88.4426201389,1830.23857708,71,179.37658169,187.583107863,0.0483230007532,88.4426201389,True
PV,B1,2025-11-17,320,144,88.8114208333,1857.24817986,69,185.345542029,173.404555427,0.0478188223827,88.8114208333,True
PV,B1,2025-11-18,321,144,145.660584028,1787.21394444,69,303.987305797,306.2116994,0.081501481387,145.660584028,True
PV,B1,2025-11-19,322,144,134.221613194,1783.80790625,69,280.114671014,267.779075863,0.0752444322756,134.221613194,True
PV,B1,2025-11-20,323,144,137.790113194,1793.89088333,69,287.561975362,260.220847647,0.0768107550323,137.790113194,True
PV,B1,2025-11-21,324,144,65.1010569444,1797.28304306,69,135.863075362,142.899915182,0.0362219279796,65.1010569444,True
PV,B1,2025-11-22,325,144,93.99773125,1763.75336042,69,196.169178261,204.280187565,0.0532941472201,93.99773125,True
PV,B1,2025-11-23,326,144,106.493434722,1772.94149653,69,222.247168116,207.158607705,0.0600659609642,106.493434722,True
PV,B1,2025-11-24,327,144,188.658504167,1825.57267153,69,393.722095652,370.992630909,0.103342094845,188.658504167,True
PV,B1,2025-11-25,328,144,130.728552778,1729.73882292,69,272.824805797,272.136219063,0.0755770472662,130.728552778,True
PV,B1,2025-11-26,329,144,72.1043347222,1705.36541042,69,150.478611594,148.512589289,0.0422808708807,72.1043347222,True
PV,B1,2025-11-27,330,144,90.7540888889,1725.71870486,68,192.185104412,169.159106751,0.0525891552506,90.7540888889,True
PV,B1,2025-11-28,331,144,118.498000694,1721.57428056,68,250.936166176,205.980063916,0.0688311866835,118.498000694,True
PV,B1,2025-11-29,332,144,173.372638194,1551.11457431,68,367.087658824,386.372329992,0.111772941256,173.372638194,True
PV,B1,2025-11-30,333,144,66.3553375,1573.50026319,67,142.59078209,136.032215812,0.0421705283768,66.3553375,True
PV,B1,2025-12-01,334,144,105.636647917,1624.68599583,67,227.039959701,240.030959645,0.0650197319283,105.636647917,True
PV,B1,2025-12-02,335,144,119.560757639,1531.78390208,69,249.518102899,261.283680868,0.0780532798891,119.560757639,True
PV,B1,2025-12-03,336,144,112.90068125,1560.84094028,69,235.618813043,266.26689996,0.0723332393049,112.90068125,True
PV,B1,2025-12-04,337,144,118.229711111,1606.87675833,69,246.740266667,249.045175261,0.0735773359705,118.229711111,True
PV,B1,2025-12-05,338,144,80.4852916667,1564.85180833,69,167.969304348,190.585164043,0.0514331716512,80.4852916667,True
PV,B1,2025-12-06,339,144,132.526716667,1491.92459722,69,276.577495652,269.78194232,0.0888293663858,132.526716667,True
PV,B1,2025-12-07,340,144,112.253641667,1558.94923611,69,234.268469565,228.590499816,0.0720059634185,112.253641667,True
PV,B1,2025-12-08,341,144,68.4986381944,1523.46428403,69,142.95367971,151.98875139,0.0449624181627,68.4986381944,True
PV,B1,2025-12-09,342,144,91.2323861111,1554.42611736,69,190.398023188,182.852577927,0.0586920054238,91.2323861111,True
PV,B1,2025-12-10,343,144,123.596470833,1499.63108542,69,257.94046087,247.456856599,0.0824179173366,123.596470833,True
PV,B1,2025-12-11,344,144,127.705197917,1576.10601111,67,274.413223881,256.604399836,0.0810257666784,127.705197917,True
PV,B1,2025-12-12,345,144,120.170673611,1456.13709167,67,258.277268657,278.988824798,0.082527032859,120.170673611,True
PV,B1,2025-12-13,346,144,84.3196347222,1460.06767361,67,181.224289552,192.045336068,0.0577504976284,84.3196347222,True
PV,B1,2025-12-14,347,144,82.9977131944,1489.32766875,67,178.383144776,161.93305303,0.0557283094486,82.9977131944,True
PV,B1,2025-12-15,348,144,72.2837819444,1451.48614653,67,155.35618806,160.657078152,0.0497998428145,72.2837819444,True
PV,B1,2025-12-16,349,144,53.6312208333,1467.86883542,67,115.267101493,116.91673741,0.0365367937103,53.6312208333,True
PV,B1,2025-12-17,350,144,62.1762152778,1511.44614931,67,133.632462687,133.890358289,0.0411369040877,62.1762152778,True
PV,B1,2025-12-18,351,144,109.478788194,1539.5455125,67,235.29769403,246.574329155,0.0711111086392,109.478788194,True
PV,B1,2025-12-19,352,144,129.488618056,1486.87225556,67,278.303895522,275.655854222,0.0870879240444,129.488618056,True
PV,B1,2025-12-20,353,144,76.8174138889,1492.17366111,67,165.100113433,157.89640733,0.0514802103072,76.8174138889,True
PV,B1,2025-12-21,354,144,121.969786111,1472.44412917,67,262.14401791,241.020086744,0.0828349162424,121.969786111,True
PV,B1,2025-12-22,355,144,80.6490736111,1490.87611389,67,173.335322388,169.369239815,0.0540950873515,80.6490736111,True
PV,B1,2025-12-23,356,144,60.2158333333,1529.10675139,67,129.419104478,120.723118047,0.0393797445984,60.2158333333,True
PV,B1,2025-12-24,357,144,87.9688680556,1504.15883194,67,189.06741791,183.08121175,0.0584837626103,87.9688680556,True
PV,B1,2025-12-25,358,144,98.7255166667,1499.05872361,67,212.186185075,217.179581596,0.0658583383771,98.7255166667,True
PV,B1,2025-12-26,359,144,113.973635417,1469.27855069,67,244.958261194,223.473947929,0.0775711558321,113.973635417,True
PV,B1,2025-12-27,360,144,95.3665993056,1461.26561944,67,204.967019403,195.689070455,0.0652630144969,95.3665993056,True
PV,B1,2025-12-28,361,144,87.2982152778,1529.250625,67,187.626014925,178.259541164,0.0570856168705,87.2982152778,True
PV,B1,2025-12-29,362,144,101.90246875,1506.39750486,67,219.014261194,193.312822868,0.0676464667667,101.90246875,True
PV,B1,2025-12-30,363,144,137.280397222,1554.25443542,67,295.05040597,277.420920995,0.0883255624652,137.280397222,True
PV,B1,2025-12-31,364,144,121.344304167,1464.38675625,69,253.240286957,245.127442174,0.0828635629548,121.344304167,True
PV,B2,2025-02-01,31,144,89.3480694444,1746.95959792,71,181.212985915,160.353036862,0.0511448974269,89.3480694444,True
PV,B2,2025-02-02,32,144,196.934895139,1806.23727917,71,399.417252113,392.66434747,0.109030467597,196.934895139,True
PV,B2,2025-02-03,33,144,105.295992361,1766.11885417,69,219.748121739,195.889106193,0.0596199922291,105.295992361,True
PV,B2,2025-02-04,34,144,85.0218305556,1682.6347875,71,172.438601408,190.086380354,0.0505289865556,85.0218305556,True
PV,B2,2025-02-05,35,144,141.638466667,1718.44406042,71,287.266704225,276.376706686,0.0824225064576,141.638466667,True
PV,B2,2025-02-06,36,144,91.03269375,1749.21272847,69,189.840294203,174.408202671,0.0520420942909,91.03269375,True
PV,B2,2025-02-07,37,144,160.958009722,1848.45488611,71,326.298288732,331.0835307,0.0870770560491,160.958009722,True
PV,B2,2025-02-08,38,144,112.799467361,1840.40103333,71,228.654985915,217.341165058,0.0612906998627,112.799467361,True
PV,B2,2025-02-09,39,144,153.986909722,1749.68698333,71,312.201442254,264.459666698,0.0880082615857,153.986909722,True
PV,B2,2025-02-10,40,144,205.174161111,1964.62195556,71,416.047846479,395.721677835,0.104434423392,205.174161111,True
PV,B2,2025-02-11,41,144,243.261645139,1925.86185347,72,486.488711111,419.588097292,0.126313133364,243.261645139,True
PV,B2,2025-02-12,42,144,218.335577778,1920.71319792,73,430.670449315,423.537707753,0.113674221646,218.335577778,True
PV,B2,2025-02-13,43,144,333.320800694,2082.53352917,73,657.509524658,566.468972701,0.160055430573,333.320800694,True
PV,B2,2025-02-14,44,144,158.284038889,1919.61817222,73,312.231528767,301.887899531,0.0824560015004,158.284038889,True
PV,B2,2025-02-15,45,144,154.618339583,1948.93588125,73,305.000560274,294.437653516,0.0793347493219,154.618339583,True
PV,B2,2025-02-16,46,144,163.090545139,1912.48325764,73,321.712856164,300.718878348,0.0852768485619,163.090545139,True
PV,B2,2025-02-17,47,144,136.387572917,2074.02123542,73,269.0385,249.160281974,0.0657599693714,136.387572917,True
PV,B2,2025-02-18,48,144,143.289726389,2051.66181042,73,282.653706849,266.088528831,0.069840811805,143.289726389,True
PV,B2,2025-02-19,49,144,129.276263194,2041.14444722,75,248.210425333,221.387452141,0.0633351859886,129.276263194,True
PV,B2,2025-02-20,50,144,140.394243056,2088.0051375,75,269.556946667,273.387315303,0.0672384567136,140.394243056,True
PV,B2,2025-02-21,51,144,174.397913889,2093.40583333,75,334.843994667,322.562697219,0.0833082200842,174.397913889,True
PV,B2,2025-02-22,52,144,98.4703069444,1993.22830764,73,194.242750685,181.665826403,0.0494024224757,98.4703069444,True
PV,B2,2025-02-23,53,144,183.508994444,2067.09530208,74,357.098177027,335.822063417,0.0887762621585,183.508994444,True
PV,B2,2025-02-24,54,144,118.614382639,2184.41478889,75,227.569162667,215.571852235,0.0543003019583,118.614382639,True
PV,B2,2025-02-25,55,144,251.541704167,2303.00040208,75,482.765084,440.032712899,0.109223473838,251.541704167,True
PV,B2,2025-02-26,56,144,158.69336875,2176.91192014,75,304.495168,309.049832155,0.0728983875195,158.69336875,True
PV,B2,2025-02-27,57,144,189.061048611,2235.12103056,75,362.849006667,390.578476913,0.0845864926447,189.061048611,True
PV,B2,2025-02-28,58,144,135.300447222,2170.52143333,75,259.671432,255.686198691,0.0623354578049,135.300447222,True
PV,B2,2025-03-01,59,144,129.096880556,2024.39142569,75,247.806208,227.863532679,0.0637707109984,129.096880556,True
PV,B2,2025-03-02,60,144,230.261565278,1895.92125069,75,442.087017333,446.712339616,0.121451017648,230.261565278,True
PV,B2,2025-03-03,61,144,283.561420833,1914.23329028,77,530.296683117,500.650346138,0.148133157162,283.561420833,True
PV,B2,2025-03-04,62,144,283.668820833,2039.14862708,77,530.497535065,543.698759817,0.139111400251,283.668820833,True
PV,B2,2025-03-05,63,144,147.692784722,2164.29049236,77,276.204688312,262.17825752,0.0682407399762,147.692784722,True
PV,B2,2025-03-06,64,144,200.066839583,2155.53935069,77,374.150972727,346.741950913,0.0928152109674,200.066839583,True
PV,B2,2025-03-07,65,144,141.052375694,2114.91982986,77,263.786261039,271.007897747,0.0666939586564,141.052375694,True
PV,B2,2025-03-08,66,144,196.966253472,2220.06550278,77,368.352474026,368.947227076,0.0887209198223,196.966253472,True
PV,B2,2025-03-09,67,144,369.301872222,2264.97756042,76,699.729863158,716.516033405,0.163048799545,369.301872222,True
PV,B2,2025-03-10,68,144,211.97874375,2079.20803819,77,396.427750649,346.165784047,0.101951675761,211.97874375,True
PV,B2,2025-03-11,69,144,222.865729167,2231.69308958,73,439.524387671,407.835849053,0.0998639688436,222.865729167,True
PV,B2,2025-03-12,70,144,188.748461111,2319.86258958,77,352.870658442,335.774402833,0.0813619142611,188.748461111,True
PV,B2,2025-03-13,71,144,221.002010417,2112.15245972,77,413.174342857,394.445504286,0.104633550196,221.002010417,True
PV,B2,2025-03-14,72,144,222.347725694,2336.64345694,77,415.704057143,383.356066632,0.0951568905533,222.347725694,True
PV,B2,2025-03-15,73,144,189.482572222,2158.36902639,77,354.255809091,354.692453612,0.0877897013465,189.482572222,True
PV,B2,2025-03-16,74,144,179.139118056,2276.34037708,78,330.640082051,381.715003412,0.0786961035612,179.139118056,True
PV,B2,2025-03-17,75,144,414.33146875,2493.14543194,79,755.203962025,743.353921957,0.16618824696,414.33146875,True
PV,B2,2025-03-18,76,144,199.2665,2338.64438403,79,363.219949367,345.680569387,0.0852059857244,199.2665,True
PV,B2,2025-03-19,77,144,182.719008333,2409.00364792,79,333.057432911,290.694727403,0.0758483734516,182.719008333,True
PV,B2,2025-03-20,78,144,219.40773125,2309.97582986,79,399.933079747,445.223025547,0.0949826956688,219.40773125,True
PV,B2,2025-03-21,79,144,211.580351389,2523.33615417,79,385.665450633,358.25688074,0.0838494510688,211.580351389,True
PV,B2,2025-03-22,80,144,233.9321625,2335.65540833,79,426.407992405,476.035279051,0.100156967361,233.9321625,True
PV,B2,2025-03-23,81,144,289.9553625,2457.09404792,81,515.4762,500.134649231,0.118007433515,289.9553625,True
PV,B2,2025-03-24,82,144,174.817165278,2476.11139722,81,310.786071605,310.331236679,0.0706014945345,174.817165278,True
PV,B2,2025-03-25,83,144,145.203085417,2379.2934625,80,261.36553375,253.214692929,0.061027816747,145.203085417,True
PV,B2,2025-03-26,84,144,203.911609028,2588.00303889,81,362.509479012,365.904679331,0.0787911010782,203.911609028,True
PV,B2,2025-03-27,85,144,167.817188194,2468.15037361,81,298.197535802,309.391427895,0.0679930971746,167.817188194,True
PV,B2,2025-03-28,86,144,106.3933375,2544.57860417,81,188.981930864,187.843388113,0.0418117708472,106.3933375,True
PV,B2,2025-03-29,87,144,351.335100694,2683.79451181,81,624.401132099,600.344846556,0.130909836483,351.335100694,True
PV,B2,2025-03-30,88,144,248.679540278,2610.37858958,81,441.948739506,469.627223459,0.0952656987267,248.679540278,True
PV,B2,2025-03-31,89,144,186.425838889,2505.17817222,81,331.303823457,332.201303763,0.0744161995965,186.425838889,True
PV,B2,2025-04-01,90,144,208.911595139,2406.59561597,81,371.332602469,358.619412216,0.0868079347242,208.911595139,True
PV,B2,2025-04-02,91,144,310.951379861,2397.97058542,82,546.040862195,608.200521068,0.129672724825,310.951379861,True
PV,B2,2025-04-03,92,144,155.425441667,2584.20524306,83,269.653778313,289.041126338,0.0601443875576,155.425441667,True
PV,B2,2025-04-04,93,144,190.2791125,2721.03956528,83,330.12279759,330.2265742,0.0699288297488,190.2791125,True
PV,B2,2025-04-05,94,144,247.147861111,2523.27614931,83,428.786650602,442.600264625,0.0979472108826,247.147861111,True
PV,B2,2025-04-06,95,144,125.057847222,2616.47309653,83,216.967831325,224.888252564,0.0477963436307,125.057847222,True
PV,B2,2025-04-07,96,144,170.322115972,2657.18428125,83,295.498610843,327.189815999,0.0640987217838,170.322115972,True
PV,B2,2025-04-08,97,144,317.921476389,2640.00402708,83,551.574609639,651.61454432,0.120424617965,317.921476389,True
PV,B2,2025-04-09,98,144,205.468793056,2439.30047986,81,365.277840741,365.564013892,0.0842326702888,205.468793056,True
PV,B2,2025-04-10,99,144,163.748792361,2633.66928264,83,284.09426506,301.324536646,0.0621751536689,163.748792361,True
PV,B2,2025-04-11,100,144,111.395007639,2782.30610764,83,193.263595181,185.94853276,0.0400369345893,111.395007639,True
PV,B2,2025-04-12,101,144,191.9632,2622.16730069,83,332.946109639,318.660978522,0.0732078383973,191.9632,True
PV,B2,2025-04-13,102,144,144.089865278,2625.27932153,83,249.875827711,266.345126172,0.0548855369774,144.089865278,True
PV,B2,2025-04-14,103,144,238.964322222,2723.88920347,83,414.47846747,438.176920129,0.0877290904188,238.964322222,True
PV,B2,2025-04-15,104,144,274.297000694,2788.22818056,83,475.811968675,469.890049615,0.098376812417,274.297000694,True
PV,B2,2025-04-16,105,144,181.998006944,2589.38721319,84,311.941725,320.378283143,0.0702861302539,181.998006944,True
PV,B2,2025-04-17,106,144,190.477558333,2692.44584514,85,322.669614118,346.341875774,0.0707451771694,190.477558333,True
PV,B2,2025-04-18,107,144,154.118878472,2714.00217361,85,261.082697647,293.656661246,0.0567865714961,154.118878472,True
PV,B2,2025-04-19,108,144,214.548260417,2713.36400417,85,363.469994118,342.844114459,0.0790709466504,214.548260417,True
PV,B2,2025-04-20,109,144,186.361702083,2718.33631111,85,315.718648235,322.948071556,0.0685572647217,186.361702083,True
PV,B2,2025-04-21,110,144,201.224874306,2915.19697917,85,340.898610588,363.545560711,0.0690261672688,201.224874306,True
PV,B2,2025-04-22,111,144,185.605541667,2735.7529875,85,314.437623529,331.833222139,0.0678444079252,185.605541667,True
PV,B2,2025-04-23,112,144,207.812527778,2776.27491875,87,343.965563218,396.667752707,0.0748530076666,207.812527778,True
PV,B2,2025-04-24,113,144,268.954254861,2933.65304028,87,445.165663218,475.16480244,0.0916789583391,268.954254861,True
PV,B2,2025-04-25,114,144,222.33329375,2906.79014792,87,367.999934483,395.972699496,0.0764875627191,222.33329375,True
PV,B2,2025-04-26,115,144,341.5784375,3001.28044722,85,578.67402,626.544087628,0.113810902882,341.5784375,True
PV,B2,2025-04-27,116,144,172.93049375,2852.46047292,86,289.557706977,340.908106548,0.0606250271974,172.93049375,True
PV,B2,2025-04-28,117,144,395.771177083,2538.13889514,86,662.534324419,691.742890159,0.155929676599,395.771177083,True
PV,B2,2025-04-29,118,144,246.769222222,2909.14770833,87,408.297618391,397.736943902,0.0848252639477,246.769222222,True
PV,B2,2025-04-30,119,144,210.193743056,2892.75109514,87,347.760589655,365.717839565,0.0726622291869,210.193743056,True
PV,B2,2025-05-01,120,144,202.206721528,2889.71687986,87,334.569336782,340.353633245,0.0699745788029,202.206721528,True
PV,B2,2025-05-02,121,144,393.290875,2519.61277708,87,650.865252874,664.14885275,0.156091792587,393.290875,True
PV,B2,2025-05-03,122,144,291.232613889,2751.15323472,87,481.980342529,576.26135438,0.105858376121,291.232613889,True
PV,B2,2025-05-04,123,144,305.148434028,2872.3090375,87,505.062412644,515.766704656,0.106238023153,305.148434028,True
PV,B2,2025-05-05,124,144,315.489615972,2730.67321111,87,522.189709195,545.62378567,0.115535471139,315.489615972,True
PV,B2,2025-05-06,125,144,260.676408333,2839.46282222,87,431.4644,466.31896243,0.0918048323413,260.676408333,True
PV,B2,2025-05-07,126,144,256.263621528,2753.84871111,87,424.160477011,417.01670643,0.0930565359287,256.263621528,True
PV,B2,2025-05-08,127,144,335.048195833,2692.45687431,88,548.260684091,568.722415825,0.124439577484,335.048195833,True
PV,B2,2025-05-09,128,144,253.689565972,2739.76831667,89,410.464016854,444.736689186,0.092595262318,253.689565972,True
PV,B2,2025-05-10,129,144,227.691086111,2605.28924028,89,368.399060674,415.512596132,0.0873957035522,227.691086111,True
PV,B2,2025-05-11,130,144,274.748955556,2719.12547222,89,444.537635955,500.060726889,0.101043132567,274.748955556,True
PV,B2,2025-05-12,131,144,317.565692361,2854.89201597,89,513.814153933,552.952533538,0.111235623128,317.565692361,True
PV,B2,2025-05-13,132,144,234.431313889,2797.51745139,89,379.304597753,393.743896727,0.0837997681739,234.431313889,True
PV,B2,2025-05-14,133,144,196.306464583,2815.74402014,87,324.921044828,326.824417493,0.0697174399304,196.306464583,True
PV,B2,2025-05-15,134,144,186.727128472,2784.71881389,89,302.120285393,334.874777444,0.067054212993,186.727128472,True
PV,B2,2025-05-16,135,144,307.475565972,2998.57659236,89,497.488531461,482.020738432,0.102540507638,307.475565972,True
PV,B2,2025-05-17,136,144,247.759602083,2701.07213958,89,400.869437079,441.829221214,0.0917263920695,247.759602083,True
PV,B2,2025-05-18,137,144,234.937083333,2792.1195375,88,384.390754545,431.557833294,0.0841429172992,234.937083333,True
PV,B2,2025-05-19,138,144,337.490161806,3023.21547639,89,545.969365169,636.264997777,0.111632850666,337.490161806,True
PV,B2,2025-05-20,139,144,178.349694444,2746.25762083,89,288.489892135,351.224050995,0.0649428127542,178.349694444,True
PV,B2,2025-05-21,140,144,265.816957639,2871.68483333,89,430.030783146,441.650012103,0.0925648088374,265.816957639,True
PV,B2,2025-05-22,141,144,163.775122222,2871.37705,89,264.943405618,270.484865234,0.0570371356218,163.775122222,True
PV,B2,2025-05-23,142,144,171.502615972,2856.76814583,89,277.457234831,318.458283153,0.0600337889592,171.502615972,True
PV,B2,2025-05-24,143,144,329.470090972,2955.80485139,89,533.060658427,600.41827764,0.111465440899,329.470090972,True
PV,B2,2025-05-25,144,144,280.318782639,2990.61947569,89,453.546670787,518.892655785,0.0937326814451,280.318782639,True
PV,B2,2025-05-26,145,144,343.405577083,2701.17235069,89,555.622506742,641.983228837,0.127132049532,343.405577083,True
PV,B2,2025-05-27,146,144,257.194760417,2944.01916875,89,416.135342697,486.494908008,0.0873617818616,257.194760417,True
PV,B2,2025-05-28,147,144,242.294147917,2818.66762986,89,392.026486517,447.939025831,0.0859605245222,242.294147917,True
PV,B2,2025-05-29,148,144,211.009991667,2763.71628194,91,333.905920879,374.16565698,0.0763500917389,211.009991667,True
PV,B2,2025-05-30,149,144,194.630411806,2833.99963403,91,307.986585714,341.759541007,0.0686769361113,194.630411806,True
PV,B2,2025-05-31,150,144,204.232070833,2766.21462639,91,323.18041978,370.333295955,0.0738308838674,204.232070833,True
PV,B2,2025-06-01,151,144,618.323249306,2375.98890556,91,978.445581319,1074.03040613,0.26023827294,618.323249306,True
PV,B2,2025-06-02,152,144,376.073671528,2476.65539722,89,608.478749438,623.60489935,0.151847395463,376.073671528,True
PV,B2,2025-06-03,153,144,451.000792361,2495.18640556,90,721.601267778,714.099525344,0.18074833662,451.000792361,True
PV,B2,2025-06-04,154,144,384.723477083,2453.94094861,91,608.793194505,749.567408952,0.156777805636,384.723477083,True
PV,B2,2025-06-05,155,144,379.136504861,2387.77511042,91,599.952271429,671.643346479,0.1587823339,379.136504861,True
PV,B2,2025-06-06,156,144,672.289453472,2162.18415,91,1063.84265165,1115.34907086,0.31093071026,672.289453472,True
PV,B2,2025-06-07,157,144,598.287685417,2167.92694097,91,946.740952747,979.473991446,0.275972254466,598.287685417,True
PV,B2,2025-06-08,158,144,353.900825694,2628.41764097,91,560.018889011,665.725198147,0.134644061194,353.900825694,True
PV,B2,2025-06-09,159,144,204.037045139,2384.85313542,91,322.871807692,425.599709921,0.0855553921157,204.037045139,True
PV,B2,2025-06-10,160,144,283.381360417,2324.83531458,91,448.427647253,477.567061577,0.121893090078,283.381360417,True
PV,B2,2025-06-11,161,144,299.521586111,2173.009625,91,473.968224176,517.217543813,0.137837210965,299.521586111,True
PV,B2,2025-06-12,162,144,158.779884722,2302.89256458,93,245.852724731,285.642024953,0.0689480209212,158.779884722,True
PV,B2,2025-06-13,163,144,246.274811111,2231.01152917,93,381.328739785,422.021424281,0.110387063398,246.274811111,True
PV,B2,2025-06-14,164,144,245.984890972,2335.82559861,93,380.879831183,477.929863889,0.105309613491,245.984890972,True
PV,B2,2025-06-15,165,144,345.143309722,2364.24625764,93,534.415447312,600.940598417,0.145984500814,345.143309722,True
PV,B2,2025-06-16,166,144,199.984010417,2288.52413333,93,309.65266129,358.765590342,0.0873855807347,199.984010417,True
PV,B2,2025-06-17,167,144,237.811076389,2194.78097431,93,368.223602151,489.292041055,0.108352987917,237.811076389,True
PV,B2,2025-06-18,168,144,224.648885417,2332.52866736,93,347.843435484,408.403907881,0.0963113073636,224.648885417,True
PV,B2,2025-06-19,169,144,228.905453472,2462.0651125,93,354.434250538,437.883542628,0.0929729487291,228.905453472,True
PV,B2,2025-06-20,170,144,247.603665278,2447.35411944,93,383.38632043,436.883069445,0.101171981329,247.603665278,True
PV,B2,2025-06-21,171,144,346.640481944,2586.38851667,93,536.733649462,662.960869843,0.134024907592,346.640481944,True
PV,B2,2025-06-22,172,144,194.849577778,2461.75503403,93,301.702572043,354.137037001,0.0791506770919,194.849577778,True
PV,B2,2025-06-23,173,144,221.540085417,2484.56612847,93,343.029809677,368.373703664,0.0891665079379,221.540085417,True
PV,B2,2025-06-24,174,144,262.207835417,2118.50219861,93,405.999229032,481.240159255,0.123770386261,262.207835417,True
PV,B2,2025-06-25,175,144,196.004460417,2328.04112778,93,303.490777419,331.388936705,0.0841928684498,196.004460417,True
PV,B2,2025-06-26,176,144,220.036491667,2464.58589722,93,340.701664516,425.333631618,0.08927929512,220.036491667,True
PV,B2,2025-06-27,177,144,147.279794444,2491.31704722,93,228.046133333,276.952931667,0.0591172426684,147.279794444,True
PV,B2,2025-06-28,178,144,196.993499306,2453.52694514,93,305.022192473,337.089161211,0.080289926995,196.993499306,True
PV,B2,2025-06-29,179,144,248.450977778,2379.87667431,93,384.698288172,422.733918918,0.104396576705,248.450977778,True
PV,B2,2025-06-30,180,144,268.382697917,2336.23485833,93,415.560306452,480.763661847,0.114878303848,268.382697917,True
PV,B2,2025-07-01,181,144,493.368927778,2611.67945972,93,763.92608172,789.760051245,0.188908683239,493.368927778,True
PV,B2,2025-07-02,182,144,521.929792361,2845.57882708,91,825.760468132,896.961068634,0.183417794437,521.929792361,True
PV,B2,2025-07-03,183,144,205.661175,2575.21332083,91,325.309991209,348.233158878,0.0798618014811,205.661175,True
PV,B2,2025-07-04,184,144,296.907360417,2788.09159514,91,469.726345055,528.264140598,0.106491250479,296.907360417,True
PV,B2,2025-07-05,185,144,361.26528125,2795.11478889,91,571.581461538,618.434822217,0.129248817503,361.26528125,True
PV,B2,2025-07-06,186,144,275.219178472,2560.44137917,91,435.450265934,522.463814012,0.107488959018,275.219178472,True
PV,B2,2025-07-07,187,144,501.404789583,2836.91297431,91,793.402496703,787.090173881,0.176743098616,501.404789583,True
PV,B2,2025-07-08,188,144,266.409357639,2738.07666597,91,421.569203297,484.963009365,0.0972979905748,266.409357639,True
PV,B2,2025-07-09,189,144,178.839230556,2772.16583125,91,282.998342857,297.20012499,0.0645124575664,178.839230556,True
PV,B2,2025-07-10,190,144,282.279434722,2817.07995278,91,446.683940659,537.346741893,0.100202848146,282.279434722,True
PV,B2,2025-07-11,191,144,316.500538889,2592.59630208,91,500.836017582,590.851210361,0.122078604615,316.500538889,True
PV,B2,2025-07-12,192,144,165.339280556,2676.42199028,91,261.635784615,345.566896825,0.0617762375127,165.339280556,True
PV,B2,2025-07-13,193,144,409.532375694,2942.73525347,91,648.051231868,755.093731382,0.139167251016,409.532375694,True
PV,B2,2025-07-14,194,144,133.950830556,2885.61434375,91,211.966149451,237.595950916,0.0464202123356,133.950830556,True
PV,B2,2025-07-15,195,144,351.142898611,2783.17133681,90,561.828625556,629.344993696,0.126166468434,351.142898611,True
PV,B2,2025-07-16,196,144,169.510170139,2842.94591667,89,274.263613483,285.014286712,0.059624831111,169.510170139,True
PV,B2,2025-07-17,197,144,110.651346528,2785.36430069,89,179.031365169,189.108644693,0.0397259871896,110.651346528,True
PV,B2,2025-07-18,198,144,159.919297917,2600.9927125,89,258.745803371,286.572727294,0.0614839469362,159.919297917,True
PV,B2,2025-07-19,199,144,150.00116875,2807.57097292,89,242.698493258,268.459956408,0.0534273826724,150.00116875,True
PV,B2,2025-07-20,200,144,220.680255556,2777.52335625,89,357.055666292,447.835605789,0.0794521691632,220.680255556,True
PV,B2,2025-07-21,201,144,257.291594444,2685.54460208,89,416.291993258,423.088420551,0.0958061147988,257.291594444,True
PV,B2,2025-07-22,202,144,249.219303472,2738.321425,89,403.231220225,466.618281647,0.0910117056372,249.219303472,True
PV,B2,2025-07-23,203,144,227.489395833,2718.06193889,89,368.072730337,386.108049131,0.0836954421746,227.489395833,True
PV,B2,2025-07-24,204,144,239.202726389,2720.23939653,89,387.024635955,427.289656254,0.0879344394079,239.202726389,True
PV,B2,2025-07-25,205,144,182.659000694,2743.73000486,89,295.538158427,353.361965004,0.0665732416713,182.659000694,True
PV,B2,2025-07-26,206,144,234.826177083,2696.60826528,88,384.241806818,391.174123979,0.0870820504806,234.826177083,True
PV,B2,2025-07-27,207,144,200.342230556,2684.37527014,88,327.797598864,352.570028304,0.0746327209851,200.342230556,True
PV,B2,2025-07-28,208,144,202.135790972,2511.42171667,89,327.022689888,351.73937815,0.0804865983402,202.135790972,True
PV,B2,2025-07-29,209,144,234.857097222,2593.56246528,87,387.647954023,443.802988156,0.0905538618662,234.857097222,True
PV,B2,2025-07-30,210,144,184.379728472,2680.04626597,87,304.380788506,335.675429654,0.0687972184709,184.379728472,True
PV,B2,2025-07-31,211,144,217.318086111,2613.67989375,89,350.999651685,394.277989932,0.0831464046652,217.318086111,True
PV,B2,2025-08-01,212,144,246.85318125,2977.83601806,89,398.847061798,424.152328055,0.0828968350686,246.85318125,True
PV,B2,2025-08-02,213,144,281.382990972,2943.13413681,89,454.950907865,560.216486037,0.0956065805678,281.382990972,True
PV,B2,2025-08-03,214,144,454.482196528,3134.29192361,89,735.082050562,749.067779839,0.145003148272,454.482196528,True
PV,B2,2025-08-04,215,144,533.791719444,3037.35216111,89,863.596083146,880.73066555,0.175742453009,533.791719444,True
PV,B2,2025-08-05,216,144,416.114125694,2971.09114792,88,680.914023864,695.691735916,0.140054311692,416.114125694,True
PV,B2,2025-08-06,217,144,321.921270139,2858.40368889,88,526.780260227,537.152346339,0.112622745132,321.921270139,True
PV,B2,2025-08-07,218,144,453.555547222,3060.94871736,87,750.712604598,785.852814608,0.148174827187,453.555547222,True
PV,B2,2025-08-08,219,144,239.934083333,3122.00186944,87,397.132242529,423.257038313,0.0768526392254,239.934083333,True
PV,B2,2025-08-09,220,144,190.569575,2974.24594792,87,315.425470115,315.148473374,0.0640732401883,190.569575,True
PV,B2,2025-08-10,221,144,247.467093056,2967.95106944,87,409.600673563,468.209489613,0.0833797752272,247.467093056,True
PV,B2,2025-08-11,222,144,162.596017361,2994.20875764,87,269.124416092,281.780376315,0.0543035006982,162.596017361,True
PV,B2,2025-08-12,223,144,194.782158333,2869.87721042,87,322.398043678,312.652963823,0.0678712516432,194.782158333,True
PV,B2,2025-08-13,224,144,229.284573611,2934.45907222,87,379.505488506,427.688214512,0.0781352092389,229.284573611,True
PV,B2,2025-08-14,225,144,221.461180556,2917.07351597,87,366.556436782,355.524296425,0.0759189575933,221.461180556,True
PV,B2,2025-08-15,226,144,136.904711806,3033.68045347,86,229.210267442,263.280377732,0.0451282572127,136.904711806,True
PV,B2,2025-08-16,227,144,183.968927778,3052.26041597,85,310.989616471,333.630544815,0.0602730117047,183.968927778,True
PV,B2,2025-08-17,228,144,162.588749306,3008.48845347,85,274.803087059,305.675512731,0.0540433349903,162.588749306,True
PV,B2,2025-08-18,229,144,183.981299306,2971.5024625,87,303.958874713,330.30963273,0.0619152437622,183.981299306,True
PV,B2,2025-08-19,230,144,183.656327083,2960.28428472,87,303.61627931,323.995323062,0.0620400979836,183.656327083,True
PV,B2,2025-08-20,231,144,279.990140278,2683.22344167,85,471.738387059,482.171037734,0.104348425081,279.990140278,True
PV,B2,2025-08-21,232,144,215.797845833,2880.30751736,85,363.77404,395.510528506,0.0749218076655,215.797845833,True
PV,B2,2025-08-22,233,144,225.834507639,2887.548375,85,380.909288235,396.249465265,0.0782097746289,225.834507639,True
PV,B2,2025-08-23,234,144,270.649629167,2798.63083681,85,457.218783529,495.6577346,0.0967078707228,270.649629167,True
PV,B2,2025-08-24,235,144,239.1194875,2972.27007986,85,404.280367059,435.704337481,0.0804501209766,239.1194875,True
PV,B2,2025-08-25,236,144,362.066722222,2655.77194722,85,612.871417647,616.800062173,0.13633200795,362.066722222,True
PV,B2,2025-08-26,237,144,203.279800694,2868.33939792,85,344.147838824,350.148265019,0.0708702048447,203.279800694,True
PV,B2,2025-08-27,238,144,250.500759722,2744.75971806,83,434.60366988,422.407818529,0.0912650962029,250.500759722,True
PV,B2,2025-08-28,239,144,282.904870833,2657.33423264,83,490.822857831,544.081513779,0.106461907335,282.904870833,True
PV,B2,2025-08-29,240,144,233.779044444,2740.54634167,83,405.592508434,387.902568148,0.0853038100068,233.779044444,True
PV,B2,2025-08-30,241,144,282.094269444,2938.01532292,83,489.416518072,561.870340859,0.0960152478594,282.094269444,True
PV,B2,2025-08-31,242,144,245.446466667,2779.94736458,83,425.834793976,473.447771367,0.0882917676045,245.446466667,True
PV,B2,2025-09-01,243,144,229.5844625,2820.39519722,82,403.087487805,420.659821274,0.0814015222853,229.5844625,True
PV,B2,2025-09-02,244,144,180.885013194,2811.46117917,83,313.743455422,304.199056784,0.0643384353072,180.885013194,True
PV,B2,2025-09-03,245,144,181.535407639,2745.24996597,82,316.899304878,329.860302632,0.0661270958525,181.535407639,True
PV,B2,2025-09-04,246,144,355.711472222,2797.31697847,83,615.447024096,692.61314603,0.127161660605,355.711472222,True
PV,B2,2025-09-05,247,144,171.024604861,2846.19661597,83,295.437289157,302.799302605,0.0600888230635,171.024604861,True
PV,B2,2025-09-06,248,144,324.13579375,2837.72043611,83,561.262415663,558.157309587,0.114224005165,324.13579375,True
PV,B2,2025-09-07,249,144,175.734019444,2742.50105903,83,304.177507229,302.531281787,0.0640780133397,175.734019444,True
PV,B2,2025-09-08,250,144,281.406130556,2583.54262083,83,487.785884337,513.943316911,0.108922581066,281.406130556,True
PV,B2,2025-09-09,251,144,234.971345139,2832.47505486,83,407.531913253,415.041599255,0.0829561922304,234.971345139,True
PV,B2,2025-09-10,252,144,279.212246528,2498.28290972,81,496.377312346,495.539472744,0.111761660555,279.212246528,True
PV,B2,2025-09-11,253,144,195.370353472,2802.11219028,81,347.325041975,372.090291487,0.069722530793,195.370353472,True
PV,B2,2025-09-12,254,144,213.948991667,2672.31545486,81,380.353722222,341.22138021,0.0800612784234,213.948991667,True
PV,B2,2025-09-13,255,144,285.6176125,2794.02006806,81,507.764607407,465.578195784,0.102224610254,285.6176125,True
PV,B2,2025-09-14,256,144,204.003420833,2547.43212153,81,362.672714815,314.97365277,0.0800819849563,204.003420833,True
PV,B2,2025-09-15,257,144,303.180327083,2737.20830208,81,538.987214815,538.132948909,0.110762606869,303.180327083,True
PV,B2,2025-09-16,258,144,252.306347222,2597.98281181,79,459.899759494,470.214013724,0.0971162496055,252.306347222,True
PV,B2,2025-09-17,259,144,169.198275,2540.19485833,79,307.36016962,328.930473087,0.0666083841737,169.198275,True
PV,B2,2025-09-18,260,144,234.651478472,2577.00271875,81,416.189650617,453.624289677,0.0910559685347,234.651478472,True
PV,B2,2025-09-19,261,144,211.9068875,2466.07392292,81,376.010174074,346.566961222,0.0859288464676,211.9068875,True
PV,B2,2025-09-20,262,144,309.849534722,2486.88724583,81,550.289976543,539.239142657,0.124593318511,309.849534722,True
PV,B2,2025-09-21,263,144,179.435928472,2607.28314583,79,323.6788,307.144574226,0.068821036472,179.435928472,True
PV,B2,2025-09-22,264,144,245.447054167,2525.16757708,79,444.826768354,476.130722218,0.0972003032172,245.447054167,True
PV,B2,2025-09-23,265,144,194.097958333,2461.06940625,79,351.627055696,338.869995864,0.0788673240342,194.097958333,True
PV,B2,2025-09-24,266,144,153.72139375,2497.95701319,79,278.819217722,282.45807844,0.0615388467208,153.72139375,True
PV,B2,2025-09-25,267,144,160.171319444,2508.78742708,79,290.901677215,271.235300149,0.0638441175667,160.171319444,True
PV,B2,2025-09-26,268,144,131.473551389,2354.17125903,79,239.123467089,257.748875939,0.0558470633284,131.473551389,True
PV,B2,2025-09-27,269,144,239.218363889,2422.68622917,78,441.490602564,432.236331087,0.0987409599349,239.218363889,True
PV,B2,2025-09-28,270,144,263.243915972,2370.91626736,77,492.300246753,440.158142876,0.111030456704,263.243915972,True
PV,B2,2025-09-29,271,144,118.519379861,2431.31346667,77,221.646575325,207.215637752,0.0487470585287,118.519379861,True
PV,B2,2025-09-30,272,144,163.653561806,2312.26167917,77,306.053368831,283.502411699,0.070776401858,163.653561806,True
PV,B2,2025-10-01,273,144,363.767865278,2814.87221597,77,680.293105195,692.720787295,0.12923068522,363.767865278,True
PV,B2,2025-10-02,274,144,237.242020139,2729.20527778,77,443.577448052,434.601874748,0.0869271439824,237.242020139,True
PV,B2,2025-10-03,275,144,318.098035417,2654.45989306,77,594.791231169,589.270594786,0.119835314238,318.098035417,True
PV,B2,2025-10-04,276,144,198.000336111,2470.89301667,77,367.921807792,362.609605291,0.080133107656,198.000336111,True
PV,B2,2025-10-05,277,144,268.704628472,2619.51915972,77,500.681114286,475.817893612,0.102577844287,268.704628472,True
PV,B2,2025-10-06,278,144,129.459071528,2506.79278681,77,240.523876623,240.002486068,0.0516433078191,129.459071528,True
PV,B2,2025-10-07,279,144,188.293523611,2482.73398472,77,351.028136364,354.527101267,0.0758411995686,188.293523611,True
PV,B2,2025-10-08,280,144,342.671711111,2538.02361181,77,639.925145455,616.095320432,0.13501517855,342.671711111,True
PV,B2,2025-10-09,281,144,174.100563194,2569.70866875,77,325.160787013,300.601981063,0.0677510899627,174.100563194,True
PV,B2,2025-10-10,282,144,161.572729167,2626.1633,77,302.033620779,283.392612887,0.0615242506689,161.572729167,True
PV,B2,2025-10-11,283,144,129.446825,2403.52713194,76,245.267651316,224.245076155,0.0538570267336,129.446825,True
PV,B2,2025-10-12,284,144,174.681888889,2466.43450833,75,335.389178667,301.20287184,0.0708236477793,174.681888889,True
PV,B2,2025-10-13,285,144,104.278471528,2527.09827222,75,200.214610667,201.882646042,0.041264114132,104.278471528,True
PV,B2,2025-10-14,286,144,112.288827778,2385.7666625,75,215.594501333,198.439591698,0.0470661400139,112.288827778,True
PV,B2,2025-10-15,287,144,242.084465278,2309.26904653,75,464.802130667,422.180869728,0.104831641701,242.084465278,True
PV,B2,2025-10-16,288,144,303.140972222,2281.95014097,75,582.030626667,553.08448687,0.132842942876,303.140972222,True
PV,B2,2025-10-17,289,144,299.738238194,2330.79055069,74,583.274158108,584.916558623,0.128599387922,299.738238194,True
PV,B2,2025-10-18,290,144,170.56526875,2315.83784097,74,331.233028378,305.781976318,0.0736516459539,170.56526875,True
PV,B2,2025-10-19,291,144,242.169465972,2254.39686875,74,470.089968919,440.297258408,0.107420955613,242.169465972,True
PV,B2,2025-10-20,292,144,303.83366875,2227.60567847,75,582.394069333,520.456491564,0.136394727167,303.83366875,True
PV,B2,2025-10-21,293,144,250.563445833,2139.09448472,75,480.330092,446.610677968,0.117135286741,250.563445833,True
PV,B2,2025-10-22,294,144,194.665379861,2171.54540972,75,373.218681333,359.623105496,0.0896437067305,194.665379861,True
PV,B2,2025-10-23,295,144,123.883152778,2243.02160347,73,241.12060137,227.729892821,0.0552304768648,123.883152778,True
PV,B2,2025-10-24,296,144,127.097595833,2238.14449236,73,247.824693151,216.587215066,0.0567870377749,127.097595833,True
PV,B2,2025-10-25,297,144,158.363479861,2193.51476111,73,310.340849315,314.975641268,0.0721962225506,158.363479861,True
PV,B2,2025-10-26,298,144,138.661054861,2203.25134722,73,272.121293151,251.907877613,0.0629347418922,138.661054861,True
PV,B2,2025-10-27,299,144,221.590584722,2259.91594375,73,436.210194521,398.248086958,0.0980525781656,221.590584722,True
PV,B2,2025-10-28,300,144,147.793923611,2147.57179583,73,291.142123288,257.796330855,0.0688190839058,147.793923611,True
PV,B2,2025-10-29,301,144,165.89076875,2017.05657153,73,327.200626027,309.260046743,0.0822439841756,165.89076875,True
PV,B2,2025-10-30,302,144,128.371866667,2172.01053819,71,260.359771831,223.411115571,0.0591027826105,128.371866667,True
PV,B2,2025-10-31,303,144,244.615452083,1993.52904028,71,496.121409859,429.463495081,0.12270473474,244.615452083,True
PV,B2,2025-11-01,304,144,151.557847917,2059.59046042,71,307.384867606,258.089179432,0.0735864002235,151.557847917,True
PV,B2,2025-11-02,305,144,164.877195139,2043.61884931,71,334.398759155,280.166827396,0.0806790342509,164.877195139,True
PV,B2,2025-11-03,306,144,261.182188889,2012.66603125,71,529.721574648,608.506553033,0.12976926367,261.182188889,True
PV,B2,2025-11-04,307,144,143.447163889,2075.6891125,70,295.02976,298.850510466,0.0691082123161,143.447163889,True
PV,B2,2025-11-05,308,144,92.1274319444,2003.59948125,71,186.737690141,164.220711971,0.0459809621666,92.1274319444,True
PV,B2,2025-11-06,309,144,257.8766,1930.97956597,71,522.940849296,500.665689107,0.133547037237,257.8766,True
PV,B2,2025-11-07,310,144,227.336020139,2037.24653681,70,465.49631,378.369462808,0.111589842482,227.336020139,True
PV,B2,2025-11-08,311,144,122.469997222,2010.15248819,71,246.516671831,234.044969918,0.0609257247604,122.469997222,True
PV,B2,2025-11-09,312,144,130.815744444,1938.78554097,71,263.912878873,245.789432161,0.067473034887,130.815744444,True
PV,B2,2025-11-10,313,144,157.96614375,1856.73581944,71,319.274602817,280.436594656,0.0850773395416,157.96614375,True
PV,B2,2025-11-11,314,144,154.138485417,1933.28532431,71,311.935659155,288.705695654,0.0797287826472,154.138485417,True
PV,B2,2025-11-12,315,144,130.294634722,1935.86358681,71,263.879356338,242.891017584,0.0673056901376,130.294634722,True
PV,B2,2025-11-13,316,144,181.720263889,1891.00983125,71,368.450760563,326.717229119,0.0960969429592,181.720263889,True
PV,B2,2025-11-14,317,144,245.538799306,1839.14324167,71,497.994184507,459.92966836,0.133507164501,245.538799306,True
PV,B2,2025-11-15,318,144,166.954471528,1843.96207917,71,338.611885915,287.309137025,0.090541163191,166.954471528,True
PV,B2,2025-11-16,319,144,128.737898611,1830.23857708,71,261.102216901,274.649394615,0.070339408328,128.737898611,True
PV,B2,2025-11-17,320,144,80.5246756944,1857.24817986,69,168.051444928,185.507796126,0.0433569818873,80.5246756944,True
PV,B2,2025-11-18,321,144,162.670422917,1787.21394444,69,339.486049275,335.045393721,0.0910189982695,162.670422917,True
PV,B2,2025-11-19,322,144,154.285481944,1783.80790625,69,321.987047826,282.034155287,0.0864922065901,154.285481944,True
PV,B2,2025-11-20,323,144,102.473877083,1793.89088333,69,213.858478261,181.635783361,0.0571238072702,102.473877083,True
PV,B2,2025-11-21,324,144,78.6162652778,1797.28304306,69,164.068689855,144.319922702,0.0437417275935,78.6162652778,True
PV,B2,2025-11-22,325,144,92.3673923611,1763.75336042,69,192.766695652,165.221613847,0.0523697895829,92.3673923611,True
PV,B2,2025-11-23,326,144,111.023851389,1772.94149653,69,231.701918841,196.985176735,0.0626212718278,111.023851389,True
PV,B2,2025-11-24,327,144,121.362095833,1825.57267153,69,253.277417391,224.919638301,0.0664789179451,121.362095833,True
PV,B2,2025-11-25,328,144,140.75015625,1729.73882292,69,293.739456522,264.601775722,0.0813707563161,140.75015625,True
PV,B2,2025-11-26,329,144,102.999319444,1705.36541042,69,214.955101449,212.843577113,0.0603972138847,102.999319444,True
PV,B2,2025-11-27,330,144,100.920245139,1725.71870486,68,213.713305882,191.196242621,0.0584801247472,100.920245139,True
PV,B2,2025-11-28,331,144,90.9451097222,1721.57428056,68,192.568141176,205.959946474,0.0528267125906,90.9451097222,True
PV,B2,2025-11-29,332,144,213.5137375,1551.11457431,68,451.796148529,436.344555498,0.137651815692,213.5137375,True
PV,B2,2025-11-30,333,144,206.843969444,1573.50026319,67,443.992108955,443.354368297,0.131454677373,206.843969444,True
PV,B2,2025-12-01,334,144,200.955367361,1624.68599583,67,431.430013433,384.238436845,0.123688742241,200.955367361,True
PV,B2,2025-12-02,335,144,203.436998611,1531.78390208,69,424.231469565,368.433453131,0.13281050828,203.436998611,True
PV,B2,2025-12-03,336,144,156.067960417,1560.84094028,69,325.455501449,279.929282416,0.0999896635136,156.067960417,True
PV,B2,2025-12-04,337,144,125.726839583,1606.87675833,69,262.2127,256.127157635,0.078242988413,125.726839583,True
PV,B2,2025-12-05,338,144,160.094329167,1564.85180833,69,334.026684058,321.702132256,0.102306383463,160.094329167,True
PV,B2,2025-12-06,339,144,117.720979861,1491.92459722,69,245.655578261,219.693499277,0.0789054487608,117.720979861,True
PV,B2,2025-12-07,340,144,82.9969340278,1558.94923611,69,173.210992754,153.881036348,0.0532390228657,82.9969340278,True
PV,B2,2025-12-08,341,144,122.908370139,1523.46428403,69,256.504424638,254.036929834,0.0806768963523,122.908370139,True
PV,B2,2025-12-09,342,144,121.660497222,1554.42611736,69,253.900168116,262.499980984,0.0782671468675,121.660497222,True
PV,B2,2025-12-10,343,144,102.111564583,1499.63108542,69,213.102395652,198.39978089,0.0680911229277,102.111564583,True
PV,B2,2025-12-11,344,144,62.0261777778,1576.10601111,67,132.510180597,148.053173724,0.0393540646,62.0261777778,True
PV,B2,2025-12-12,345,144,140.813436111,1456.13709167,67,302.004623881,329.32759627,0.0967034195592,140.813436111,True
PV,B2,2025-12-13,346,144,97.5881902778,1460.06767361,67,209.250923881,221.640650916,0.0668381281509,97.5881902778,True
PV,B2,2025-12-14,347,144,82.5023645833,1489.32766875,67,176.94911194,166.502951631,0.0553957106381,82.5023645833,True
PV,B2,2025-12-15,348,144,121.951904167,1451.48614653,67,261.85651791,239.12637511,0.0840186483753,121.951904167,True
PV,B2,2025-12-16,349,144,147.840551389,1467.86883542,67,317.608610448,303.215238693,0.100717821526,147.840551389,True
PV,B2,2025-12-17,350,144,88.2181930556,1511.44614931,67,189.545631343,159.599647982,0.0583667457131,88.2181930556,True
PV,B2,2025-12-18,351,144,93.4708833333,1539.5455125,67,200.892644776,197.927420868,0.0607132966024,93.4708833333,True
PV,B2,2025-12-19,352,144,106.5035875,1486.87225556,67,228.903232836,212.287441475,0.0716292789122,106.5035875,True
PV,B2,2025-12-20,353,144,84.9416097222,1492.17366111,67,182.561071642,171.744382019,0.0569247480611,84.9416097222,True
PV,B2,2025-12-21,354,144,54.7222354167,1472.44412917,67,117.611968657,120.343184886,0.0371642185484,54.7222354167,True
PV,B2,2025-12-22,355,144,74.88075625,1490.87611389,67,160.937744776,164.835595598,0.0502260084204,74.88075625,True
PV,B2,2025-12-23,356,144,97.2072868056,1529.10675139,67,208.923123881,200.636552817,0.0635712887392,97.2072868056,True
PV,B2,2025-12-24,357,144,86.6463604167,1504.15883194,67,186.225013433,187.650680036,0.0576045285754,86.6463604167,True
PV,B2,2025-12-25,358,144,111.018213889,1499.05872361,67,238.606310448,253.540975597,0.0740586156768,111.018213889,True
PV,B2,2025-12-26,359,144,70.4155090278,1469.27855069,67,151.340795522,155.171795435,0.0479252276531,70.4155090278,True
PV,B2,2025-12-27,360,144,80.2648111111,1461.26561944,67,172.509444776,166.064954272,0.0549282827455,80.2648111111,True
PV,B2,2025-12-28,361,144,99.5260888889,1529.250625,67,213.90681791,212.027061543,0.0650816074631,99.5260888889,True
PV,B2,2025-12-29,362,144,65.8696048611,1506.39750486,67,141.57049403,136.792422424,0.0437265759194,65.8696048611,True
PV,B2,2025-12-30,363,144,88.19979375,1554.25443542,67,189.563735821,184.113182177,0.0567473328306,88.19979375,True
PV,B2,2025-12-31,364,144,95.3551743056,1464.38675625,69,199.002102899,202.480196543,0.065116113553,95.3551743056,True
PV,B3,2025-02-01,31,144,63.8709540674,1746.95959792,71,129.54108994,119.764093341,0.0365612084811,63.8709540674,True
PV,B3,2025-02-02,32,144,90.8993412697,1806.23727917,71,184.359227364,177.504608913,0.050325249245,90.8993412697,True
PV,B3,2025-02-03,33,144,76.2195826389,1766.11885417,69,159.06691118,146.520440909,0.0431565420748,76.2195826389,True
PV,B3,2025-02-04,34,144,100.406141865,1682.6347875,71,203.640588129,197.021870957,0.0596719755296,100.406141865,True
PV,B3,2025-02-05,35,144,85.9580661704,1718.44406042,71,174.337454527,176.249314684,0.0500208695473,85.9580661704,True
PV,B3,2025-02-06,36,144,63.8639830358,1749.21272847,69,133.185110352,115.208573129,0.0365101293835,63.8639830358,True
PV,B3,2025-02-07,37,144,157.967003274,1848.45488611,71,320.309819517,312.450388846,0.0854589443652,157.967003274,True
PV,B3,2025-02-08,38,144,116.74707629,1840.40103333,71,236.730520724,231.31417005,0.0634356719949,116.74707629,True
PV,B3,2025-02-09,39,144,108.63029504,1749.68698333,71,220.285659155,200.680299615,0.0620855593454,108.63029504,True
PV,B3,2025-02-10,40,144,199.737641666,1964.62195556,71,405.082476056,367.863825757,0.101667214449,199.737641666,True
PV,B3,2025-02-11,41,144,132.518612996,1925.86185347,72,265.029547222,230.961968398,0.0688100305622,132.518612996,True
PV,B3,2025-02-12,42,144,113.924070833,1920.71319792,73,224.724232877,220.426640552,0.0593134211589,113.924070833,True
PV,B3,2025-02-13,43,144,226.686366766,2082.53352917,73,447.162148141,399.02386744,0.108851244694,226.686366766,True
PV,B3,2025-02-14,44,144,108.742032143,1919.61817222,73,214.504830528,208.210402151,0.0566477405332,108.742032143,True
PV,B3,2025-02-15,45,144,83.0294008927,1948.93588125,73,163.784023679,158.529804966,0.042602428172,83.0294008927,True
PV,B3,2025-02-16,46,144,101.820269246,1912.48325764,73,200.850942074,205.958526985,0.0532398225392,101.820269246,True
PV,B3,2025-02-17,47,144,131.595728274,2074.02123542,73,259.586094129,225.211199959,0.0634495568447,131.595728274,True
PV,B3,2025-02-18,48,144,94.2878625,2051.66181042,73,185.99249589,190.154899764,0.0459568248633,94.2878625,True
PV,B3,2025-02-19,49,144,109.453949504,2041.14444722,75,210.151583048,215.906232208,0.0536238136665,109.453949504,True
PV,B3,2025-02-20,50,144,109.656492064,2088.0051375,75,210.540464762,201.293048791,0.0525173478236,109.656492064,True
PV,B3,2025-02-21,51,144,92.4515749997,2093.40583333,75,177.507023999,164.926135494,0.0441632355885,92.4515749997,True
PV,B3,2025-02-22,52,144,72.6495616073,1993.22830764,73,143.308669276,131.843232701,0.0364481887644,72.6495616073,True
PV,B3,2025-02-23,53,144,104.643877877,2067.09530208,74,203.630930116,196.928052445,0.0506236349003,104.643877877,True
PV,B3,2025-02-24,54,144,132.911266865,2184.41478889,75,255.062466096,242.700684806,0.060845251342,132.911266865,True
PV,B3,2025-02-25,55,144,228.970983928,2303.00040208,75,439.521473142,403.192269907,0.0994229022805,228.970983928,True
PV,B3,2025-02-26,56,144,113.031365278,2176.91192014,75,216.945260762,211.483510031,0.0519228013923,113.031365278,True
PV,B3,2025-02-27,57,144,144.968160318,2235.12103056,75,278.291921524,291.71884648,0.0648591992719,144.968160318,True
PV,B3,2025-02-28,58,144,98.2713398809,2170.52143333,75,188.655198667,201.587923491,0.0452754524197,98.2713398809,True
PV,B3,2025-03-01,59,144,167.309930655,2024.39142569,75,321.224353905,352.248720217,0.0826470259314,167.309930655,True
PV,B3,2025-03-02,60,144,286.204545932,1895.92125069,75,549.510558476,570.636640725,0.15095803469,286.204545932,True
PV,B3,2025-03-03,61,144,231.904205555,1914.23329028,77,433.690981818,413.687407921,0.121147305678,231.904205555,True
PV,B3,2025-03-04,62,144,108.964629861,2039.14862708,77,203.778009091,223.518038768,0.0534363353479,108.964629861,True
PV,B3,2025-03-05,63,144,137.180888194,2164.29049236,77,256.546076623,231.746420955,0.0633837688049,137.180888194,True
PV,B3,2025-03-06,64,144,108.229791964,2155.53935069,77,202.40376679,189.701101715,0.0502100747683,108.229791964,True
PV,B3,2025-03-07,65,144,106.393514087,2114.91982986,77,198.969688682,225.071490082,0.0503061688603,106.393514087,True
PV,B3,2025-03-08,66,144,176.003854167,2220.06550278,77,329.150064935,288.959010353,0.0792786762131,176.003854167,True
PV,B3,2025-03-09,67,144,193.128379961,2264.97756042,76,365.927441166,383.766731235,0.0852672376697,193.128379961,True
PV,B3,2025-03-10,68,144,137.000788492,2079.20803819,77,256.209233766,278.493406303,0.0658908516971,137.000788492,True
PV,B3,2025-03-11,69,144,133.160626687,2231.69308958,73,262.572496869,258.919194086,0.0596679836077,133.160626687,True
PV,B3,2025-03-12,70,144,150.917605456,2319.86258958,77,282.153924305,270.946546083,0.0650545450985,150.917605456,True
PV,B3,2025-03-13,71,144,210.927785119,2112.15245972,77,394.396964749,391.701740469,0.099863901466,210.927785119,True
PV,B3,2025-03-14,72,144,166.832415972,2336.64345694,77,311.951200371,312.478478215,0.0713983194469,166.832415972,True
PV,B3,2025-03-15,73,144,165.704422421,2158.36902639,77,309.85814397,324.030275272,0.0767729801506,165.704422421,True
PV,B3,2025-03-16,74,144,141.136746726,2276.34037708,78,260.544167766,284.100594251,0.0620016005283,141.136746726,True
PV,B3,2025-03-17,75,144,276.826479167,2493.14543194,79,504.590366185,472.484511159,0.111035030536,276.826479167,True
PV,B3,2025-03-18,76,144,147.194766468,2338.64438403,79,268.304384448,249.964940469,0.0629402090687,147.194766468,True
PV,B3,2025-03-19,77,144,174.782319643,2409.00364792,79,318.590557323,303.874364467,0.0725537795651,174.782319643,True
PV,B3,2025-03-20,78,144,82.0160154759,2309.97582986,79,149.497547197,145.240498438,0.0355051401039,82.0160154759,True
PV,B3,2025-03-21,79,144,201.688975198,2523.33615417,79,367.635600361,348.969807272,0.0799294913066,201.688975198,True
PV,B3,2025-03-22,80,144,106.262758334,2335.65540833,79,193.694141773,188.707761227,0.045495905755,106.262758334,True
PV,B3,2025-03-23,81,144,174.833304663,2457.09404792,81,310.814763845,320.928317137,0.0711545025355,174.833304663,True
PV,B3,2025-03-24,82,144,120.807055952,2476.11139722,81,214.768099471,222.14105349,0.0487890230173,120.807055952,True
PV,B3,2025-03-25,83,144,124.099397024,2379.2934625,80,223.378890179,241.796921085,0.052158087676,124.099397024,True
PV,B3,2025-03-26,84,144,190.724324107,2588.00303889,81,339.065418519,368.063841624,0.0736955564739,190.724324107,True
PV,B3,2025-03-27,85,144,107.974275595,2468.15037361,81,191.832159083,191.798211398,0.0437470410027,107.974275595,True
PV,B3,2025-03-28,86,144,111.55242629,2544.57860417,81,198.213906173,190.564281305,0.0438392534256,111.55242629,True
PV,B3,2025-03-29,87,144,234.127289683,2683.79451181,81,416.147885891,390.400307115,0.0872374127948,234.127289683,True
PV,B3,2025-03-30,88,144,139.883090972,2610.37858958,81,248.630444091,240.32513496,0.0535872809906,139.883090972,True
PV,B3,2025-03-31,89,144,185.116314286,2505.17817222,81,329.066237742,328.5364152,0.0738934724637,185.116314286,True
PV,B3,2025-04-01,90,144,229.469297321,2406.59561597,81,407.933112522,471.827939078,0.0953501684281,229.469297321,True
PV,B3,2025-04-02,91,144,274.268231349,2397.97058542,82,481.638901046,473.460062699,0.11437514414,274.268231349,True
PV,B3,2025-04-03,92,144,139.81310754,2584.20524306,83,242.567319105,265.666855388,0.0541029424483,139.81310754,True
PV,B3,2025-04-04,93,144,193.896348214,2721.03956528,83,336.398483649,369.86793062,0.0712581877488,193.896348214,True
PV,B3,2025-04-05,94,144,134.143232639,2523.27614931,83,232.730427711,243.645434354,0.0531623273481,134.143232639,True
PV,B3,2025-04-06,95,144,105.013851885,2616.47309653,83,182.192706884,195.996804035,0.0401356513179,105.013851885,True
PV,B3,2025-04-07,96,144,192.075918552,2657.18428125,83,333.240147849,392.964109264,0.0722855091033,192.075918552,True
PV,B3,2025-04-08,97,144,141.359827381,2640.00402708,83,245.250784854,292.517529066,0.0535453074809,141.359827381,True
PV,B3,2025-04-09,98,144,202.64677619,2439.30047986,81,360.260905115,366.514317319,0.083075774331,202.64677619,True
PV,B3,2025-04-10,99,144,144.142687301,2633.66928264,83,250.078851463,275.713252991,0.0547307470424,144.142687301,True
PV,B3,2025-04-11,100,144,185.989933036,2782.30610764,83,322.681305508,347.929940178,0.0668474013428,185.989933036,True
PV,B3,2025-04-12,101,144,160.194758929,2622.16730069,83,277.858560413,265.735761629,0.0610925011864,160.194758929,True
PV,B3,2025-04-13,102,144,105.973674405,2625.27932153,83,183.802313425,211.67298577,0.0403666282424,105.973674405,True
PV,B3,2025-04-14,103,144,130.292968849,2723.88920347,83,226.010739759,223.648385827,0.0478334319483,130.292968849,True
PV,B3,2025-04-15,104,144,231.362439385,2788.22818056,83,401.375930637,413.772193748,0.0829783017755,231.362439385,True
PV,B3,2025-04-16,105,144,127.456659623,2589.38721319,84,218.484293197,243.169637639,0.0492227114483,127.456659623,True
PV,B3,2025-04-17,106,144,105.886349305,2692.44584514,85,179.378991092,188.700848322,0.039327197424,105.886349305,True
PV,B3,2025-04-18,107,144,103.236988691,2714.00217361,85,174.893773782,194.822343576,0.0380386536512,103.236988691,True
PV,B3,2025-04-19,108,144,137.099981449,2713.36400417,85,232.263497983,235.367572564,0.050527677539,137.099981449,True
PV,B3,2025-04-20,109,144,140.822552579,2718.33631111,85,238.569971429,240.410613209,0.0518046836235,140.822552579,True
PV,B3,2025-04-21,110,144,211.576499306,2915.19697917,85,358.435481176,370.794286654,0.0725770851224,211.576499306,True
PV,B3,2025-04-22,111,144,133.953936905,2735.7529875,85,226.933728403,226.791113775,0.0489641928627,133.953936905,True
PV,B3,2025-04-23,112,144,158.132367163,2776.27491875,87,261.736331855,267.068651205,0.0569584683759,158.132367163,True
PV,B3,2025-04-24,113,144,192.113606944,2933.65304028,87,317.981142529,354.116769021,0.0654861376948,192.113606944,True
PV,B3,2025-04-25,114,144,146.87481746,2906.79014792,87,243.103146141,270.539744532,0.0505281805655,146.87481746,True
PV,B3,2025-04-26,115,144,276.292072222,3001.28044722,85,468.07123042,508.458298107,0.0920580655759,276.292072222,True
PV,B3,2025-04-27,116,144,125.850031051,2852.46047292,86,210.72528887,249.482256899,0.0441198159435,125.850031051,True
PV,B3,2025-04-28,117,144,354.531197818,2538.13889514,86,593.527825748,621.952857962,0.139681558994,354.531197818,True
PV,B3,2025-04-29,118,144,186.170499008,2909.14770833,87,308.061189327,307.934889684,0.063994859551,186.170499008,True
PV,B3,2025-04-30,119,144,210.058962996,2892.75109514,87,347.621857471,344.522139315,0.0726156368409,210.058962996,True
PV,B3,2025-05-01,120,144,133.683397718,2889.71687986,87,221.228028079,231.858380839,0.0462617630986,133.683397718,True
PV,B3,2025-05-02,121,144,339.123047222,2519.61277708,87,561.282875862,552.70918918,0.134593319381,339.123047222,True
PV,B3,2025-05-03,122,144,118.911912599,2751.15323472,87,196.809616913,212.32667784,0.0432225697568,118.911912599,True
PV,B3,2025-05-04,123,144,206.282730655,2872.3090375,87,341.431934154,319.997285068,0.071817735474,206.282730655,True
PV,B3,2025-05-05,124,144,206.976748214,2730.67321111,87,342.582203941,327.826699272,0.0757969673457,206.976748214,True
PV,B3,2025-05-06,125,144,207.58591756,2839.46282222,87,343.590484236,366.309553583,0.0731074610081,207.58591756,True
PV,B3,2025-05-07,126,144,101.066205853,2753.84871111,87,167.281995895,191.30824051,0.036699984805,101.066205853,True
PV,B3,2025-05-08,127,144,185.207018353,2692.45687431,88,303.066030032,311.373196575,0.0687873667061,185.207018353,True
PV,B3,2025-05-09,128,144,119.838999206,2739.76831667,89,193.896807705,225.22414438,0.0437405595493,119.838999206,True
PV,B3,2025-05-10,129,144,205.106104663,2605.28924028,89,331.857068218,361.544301324,0.078726807562,205.106104663,True
PV,B3,2025-05-11,130,144,165.771064584,2719.12547222,89,268.213857304,268.269698604,0.0609648456009,165.771064584,True
PV,B3,2025-05-12,131,144,290.728629365,2854.89201597,89,470.392389085,495.544837907,0.101835245515,290.728629365,True
PV,B3,2025-05-13,132,144,93.0266162697,2797.51745139,89,150.514974639,157.212028839,0.0332532746931,93.0266162697,True
PV,B3,2025-05-14,133,144,128.956392163,2815.74402014,87,213.445039573,239.190205016,0.0457983365108,128.956392163,True
PV,B3,2025-05-15,134,144,144.480506448,2784.71881389,89,233.766189887,263.720237648,0.0518833376381,144.480506448,True
PV,B3,2025-05-16,135,144,243.937330655,2998.57659236,89,394.685098234,406.167633232,0.0813510421165,243.937330655,True
PV,B3,2025-05-17,136,144,190.220619643,2701.07213958,89,307.772670465,351.839257263,0.0704241167258,190.220619643,True
PV,B3,2025-05-18,137,144,161.847496627,2792.1195375,88,264.811419481,303.325198424,0.0579658193187,161.847496627,True
PV,B3,2025-05-19,138,144,241.525951389,3023.21547639,89,390.740463242,477.679837314,0.0798904190836,241.525951389,True
PV,B3,2025-05-20,139,144,162.412737599,2746.25762083,89,262.748794382,313.971949607,0.059139658409,162.412737599,True
PV,B3,2025-05-21,140,144,221.686089584,2871.68483333,89,358.662589567,385.083688264,0.0771972213003,221.686089584,True
PV,B3,2025-05-22,141,144,95.6256333335,2871.37705,89,154.707472873,178.985089456,0.0333030569195,95.6256333335,True
PV,B3,2025-05-23,142,144,110.136694246,2856.76814583,89,178.19190931,195.509582905,0.0385528991587,110.136694246,True
PV,B3,2025-05-24,143,144,201.438756845,2955.80485139,89,325.920901123,344.234852318,0.0681502220116,201.438756845,True
PV,B3,2025-05-25,144,144,141.349511806,2990.61947569,89,228.699930819,255.157126274,0.0472642918814,141.349511806,True
PV,B3,2025-05-26,145,144,236.909370635,2701.17235069,89,383.314037881,446.367402554,0.0877061289975,236.909370635,True
PV,B3,2025-05-27,146,144,141.297560417,2944.01916875,89,228.616277528,249.98904661,0.0479947827502,141.297560417,True
PV,B3,2025-05-28,147,144,244.115597817,2818.66762986,89,394.973551525,412.374111501,0.086606734058,244.115597817,True
PV,B3,2025-05-29,148,144,173.882908135,2763.71628194,91,275.155371114,320.961448547,0.0629163381461,173.882908135,True
PV,B3,2025-05-30,149,144,187.981504464,2833.99963403,91,297.465237834,338.355844575,0.0663308146576,187.981504464,True
PV,B3,2025-05-31,150,144,166.237035615,2766.21462639,91,263.056408006,308.216996051,0.0600954944092,166.237035615,True
PV,B3,2025-06-01,151,144,460.027756052,2375.98890556,91,727.956009576,828.657338554,0.193615279506,460.027756052,True
PV,B3,2025-06-02,152,144,353.167958135,2476.65539722,89,571.417804334,573.169131004,0.142598747703,353.167958135,True
PV,B3,2025-06-03,153,144,225.38455506,2495.18640556,90,360.615280318,379.287803078,0.0903277424716,225.38455506,True
PV,B3,2025-06-04,154,144,201.5239125,2453.94094861,91,318.894982418,435.010466805,0.0821225598823,201.5239125,True
PV,B3,2025-06-05,155,144,224.363726786,2387.77511042,91,355.037106122,384.170333278,0.0939635084589,224.363726786,True
PV,B3,2025-06-06,156,144,379.259081548,2162.18415,91,600.146238932,615.592903466,0.175405541451,379.259081548,True
PV,B3,2025-06-07,157,144,280.02280496,2167.92694097,91,443.113010047,492.7889019,0.129166163152,280.02280496,True
PV,B3,2025-06-08,158,144,288.320167163,2628.41764097,91,456.242901884,515.413640977,0.109693437857,288.320167163,True
PV,B3,2025-06-09,159,144,147.355226389,2384.85313542,91,233.177501099,253.087623821,0.0617879668146,147.355226389,True
PV,B3,2025-06-10,160,144,149.361880456,2324.83531458,91,236.352865777,250.883314649,0.0642462197299,149.361880456,True
PV,B3,2025-06-11,161,144,205.501626091,2173.009625,91,325.189386342,396.975022697,0.0945700487136,205.501626091,True
PV,B3,2025-06-12,162,144,101.218515278,2302.89256458,93,156.725443011,179.723544615,0.0439527734965,101.218515278,True
PV,B3,2025-06-13,163,144,194.759430655,2231.01152917,93,301.562989401,341.665840176,0.0872964698339,194.759430655,True
PV,B3,2025-06-14,164,144,144.734508036,2335.82559861,93,224.105044701,288.416623769,0.0619628914599,144.734508036,True
PV,B3,2025-06-15,165,144,154.989666369,2364.24625764,93,239.983999539,251.084017847,0.0655556356993,154.989666369,True
PV,B3,2025-06-16,166,144,112.819479167,2288.52413333,93,174.688225807,212.100150622,0.0492979197919,112.819479167,True
PV,B3,2025-06-17,167,144,183.693164484,2194.78097431,93,284.428125653,384.599752393,0.0836954423401,183.693164484,True
PV,B3,2025-06-18,168,144,123.358831151,2332.52866736,93,191.007222427,220.619350781,0.0528863086988,123.358831151,True
PV,B3,2025-06-19,169,144,217.95863373,2462.0651125,93,337.484336098,427.660113355,0.0885267544809,217.95863373,True
PV,B3,2025-06-20,170,144,156.120253869,2447.35411944,93,241.734586636,255.029223106,0.0637914442493,156.120253869,True
PV,B3,2025-06-21,171,144,286.282722718,2586.38851667,93,443.276473887,550.71241801,0.110688212878,286.282722718,True
PV,B3,2025-06-22,172,144,185.765118849,2461.75503403,93,287.636313057,299.243002026,0.0754604403287,185.765118849,True
PV,B3,2025-06-23,173,144,141.328268452,2484.56612847,93,218.830867281,246.849253969,0.0568824740999,141.328268452,True
PV,B3,2025-06-24,174,144,308.410169643,2118.50219861,93,477.538327189,543.175357608,0.145579348393,308.410169643,True
PV,B3,2025-06-25,175,144,180.37515248,2328.04112778,93,279.290558679,355.410464112,0.0774793668067,180.37515248,True
PV,B3,2025-06-26,176,144,178.835848612,2464.58589722,93,276.907120431,310.865294806,0.0725622299524,178.835848612,True
PV,B3,2025-06-27,177,144,135.284038492,2491.31704722,93,209.472059601,271.501729268,0.0543022168306,135.284038492,True
PV,B3,2025-06-28,178,144,180.354076091,2453.52694514,93,279.25792427,344.498764647,0.0735080886103,180.354076091,True
PV,B3,2025-06-29,179,144,164.451373214,2379.87667431,93,254.634384332,307.485198535,0.0691007962681,164.451373214,True
PV,B3,2025-06-30,180,144,154.311510615,2336.23485833,93,238.933951919,272.567275679,0.0660513689641,154.311510615,True
PV,B3,2025-07-01,181,144,245.136990079,2611.67945972,93,379.566952381,407.889350476,0.0938618210465,245.136990079,True
PV,B3,2025-07-02,182,144,408.272377282,2845.57882708,91,645.97585369,641.726940774,0.143476038476,408.272377282,True
PV,B3,2025-07-03,183,144,122.506374901,2575.21332083,91,193.796194506,208.734473344,0.0475713502683,122.506374901,True
PV,B3,2025-07-04,184,144,261.804469246,2788.09159514,91,414.2427865,511.786259197,0.0939009570929,261.804469246,True
PV,B3,2025-07-05,185,144,238.723092262,2795.11478889,91,377.733421507,441.394411974,0.0854072588399,238.723092262,True
PV,B3,2025-07-06,186,144,197.685852083,2560.44137917,91,312.808381318,325.0654283,0.0772077242977,197.685852083,True
PV,B3,2025-07-07,187,144,203.683961409,2836.91297431,91,322.308666562,332.858501549,0.0717977475,203.683961409,True
PV,B3,2025-07-08,188,144,192.251044643,2738.07666597,91,304.221197802,339.416507827,0.0702139012512,192.251044643,True
PV,B3,2025-07-09,189,144,143.538247322,2772.16583125,91,227.137446311,259.73748174,0.0517783769295,143.538247322,True
PV,B3,2025-07-10,190,144,124.95849881,2817.07995278,91,197.736525589,248.05253027,0.0443574555583,124.95849881,True
PV,B3,2025-07-11,191,144,266.901078869,2592.59630208,91,422.348959969,470.607335959,0.102947411695,266.901078869,True
PV,B3,2025-07-12,192,144,114.13981369,2676.42199028,91,180.616848038,218.085180735,0.042646419027,114.13981369,True
PV,B3,2025-07-13,193,144,241.590513988,2942.73525347,91,382.29707708,452.105179256,0.0820972643404,241.590513988,True
PV,B3,2025-07-14,194,144,142.862481945,2885.61434375,91,226.068103297,259.87138186,0.0495085153198,142.862481945,True
PV,B3,2025-07-15,195,144,238.68253254,2783.17133681,90,381.892038413,441.050156093,0.0857591946939,238.68253254,True
PV,B3,2025-07-16,196,144,146.554876885,2842.94591667,89,237.12247191,258.619981546,0.0515503569821,146.554876885,True
PV,B3,2025-07-17,197,144,125.883611012,2785.36430069,89,203.676832905,232.388640168,0.0451946666297,125.883611012,True
PV,B3,2025-07-18,198,144,208.23227371,2600.9927125,89,336.915122472,378.832902456,0.0800587686039,208.23227371,True
PV,B3,2025-07-19,199,144,123.460045734,2807.57097292,89,199.755566453,213.479765907,0.0439739714241,123.460045734,True
PV,B3,2025-07-20,200,144,113.313933928,2777.52335625,89,183.339389406,202.630037107,0.0407967528602,113.313933928,True
PV,B3,2025-07-21,201,144,156.512414682,2685.54460208,89,253.233564526,258.362711207,0.0582795811922,156.512414682,True
PV,B3,2025-07-22,202,144,178.83584633,2738.321425,89,289.352378813,348.722785879,0.0653085662979,178.83584633,True
PV,B3,2025-07-23,203,144,158.192458333,2718.06193889,89,255.951842696,267.372140836,0.0582004611704,158.192458333,True
PV,B3,2025-07-24,204,144,201.904188591,2720.23939653,89,326.676439968,344.741591377,0.0742229484835,201.904188591,True
PV,B3,2025-07-25,205,144,107.857186607,2743.73000486,89,174.510504173,181.725658784,0.0393104228244,107.857186607,True
PV,B3,2025-07-26,206,144,142.759521925,2696.60826528,88,233.593800325,260.105928778,0.0529404006369,142.759521925,True
PV,B3,2025-07-27,207,144,145.158199305,2684.37527014,88,237.512489448,269.535672995,0.0540752259642,145.158199305,True
PV,B3,2025-07-28,208,144,212.051951786,2511.42171667,89,343.081364205,400.05699683,0.084435023548,212.051951786,True
PV,B3,2025-07-29,209,144,169.971669345,2593.56246528,87,280.797907225,344.259784227,0.065535984431,169.971669345,True
PV,B3,2025-07-30,210,144,168.859620635,2680.04626597,87,279.111708375,307.415643096,0.0630062334293,168.859620635,True
PV,B3,2025-07-31,211,144,112.874947321,2613.67989375,89,182.369232745,202.708228341,0.0431862171,112.874947321,True
PV,B3,2025-08-01,212,144,333.007282341,2977.83601806,89,538.626422311,534.648867828,0.111828616593,333.007282341,True
PV,B3,2025-08-02,213,144,270.197170635,2943.13413681,89,437.080478491,488.171035797,0.09180593139,270.197170635,True
PV,B3,2025-08-03,214,144,421.477036309,3134.29192361,89,681.893679936,684.677868557,0.13447280808,421.477036309,True
PV,B3,2025-08-04,215,144,268.546878869,3037.35216111,89,434.493254735,448.091314777,0.0884147983587,268.546878869,True
PV,B3,2025-08-05,216,144,157.654996826,2971.09114792,88,257.980893182,258.849367106,0.0530629957065,157.654996826,True
PV,B3,2025-08-06,217,144,193.916701984,2858.40368889,88,317.318228896,340.621932248,0.0678409081048,193.916701984,True
PV,B3,2025-08-07,218,144,146.924715079,3060.94871736,87,243.185710345,288.396069731,0.0479997310135,146.924715079,True
PV,B3,2025-08-08,219,144,197.28829494,3122.00186944,87,326.546122003,343.032879181,0.063192881744,197.28829494,True
PV,B3,2025-08-09,220,144,150.721631945,2974.24594792,87,249.470270772,271.425330963,0.0506755778049,150.721631945,True
PV,B3,2025-08-10,221,144,164.616992956,2967.95106944,87,272.46949376,320.01638697,0.0554648608095,164.616992956,True
PV,B3,2025-08-11,222,144,131.984621429,2994.20875764,87,218.457297209,245.299071741,0.0440799663992,131.984621429,True
PV,B3,2025-08-12,223,144,197.589887599,2869.87721042,87,327.04532775,327.256734915,0.0688495963807,197.589887599,True
PV,B3,2025-08-13,224,144,141.411430159,2934.45907222,87,234.060296388,266.097977818,0.0481899480206,141.411430159,True
PV,B3,2025-08-14,225,144,144.516983234,2917.07351597,87,239.200523974,242.394409878,0.0495417693256,144.516983234,True
PV,B3,2025-08-15,226,144,133.014161409,3033.68045347,86,222.707656312,240.693304782,0.0438458049385,133.014161409,True
PV,B3,2025-08-16,227,144,150.720672222,3052.26041597,85,254.948699664,301.174060826,0.0493800173253,150.720672222,True
PV,B3,2025-08-17,228,144,139.934933929,3008.48845347,85,236.772874454,257.626939491,0.0465133691198,139.934933929,True
PV,B3,2025-08-18,229,144,132.558140476,2971.5024625,87,219.209474548,249.995689225,0.0446098033399,132.558140476,True
PV,B3,2025-08-19,230,144,126.312511012,2960.28428472,87,208.952151888,213.525594555,0.0426690475857,126.312511012,True
PV,B3,2025-08-20,231,144,317.745443056,2683.22344167,85,537.020211428,545.817479475,0.118419300503,317.745443056,True
PV,B3,2025-08-21,232,144,163.480201488,2880.30751736,85,276.047864874,296.187340039,0.0567578984198,163.480201488,True
PV,B3,2025-08-22,233,144,159.045520635,2887.548375,85,268.793979328,271.784039845,0.055079777022,159.045520635,True
PV,B3,2025-08-23,234,144,160.65059246,2798.63083681,85,271.753293613,311.657577583,0.0574032810428,160.65059246,True
PV,B3,2025-08-24,235,144,203.729687302,2972.27007986,85,344.919138319,377.930875829,0.0685434640284,203.729687302,True
PV,B3,2025-08-25,236,144,250.612439186,2655.77194722,85,424.460632269,421.945337829,0.094365195569,250.612439186,True
PV,B3,2025-08-26,237,144,143.233752381,2868.33939792,85,242.621676302,275.977669761,0.0499361241856,143.233752381,True
PV,B3,2025-08-27,238,144,159.408887302,2744.75971806,83,276.564773494,262.375552798,0.0580775381732,159.408887302,True
PV,B3,2025-08-28,239,144,249.902075694,2657.33423264,83,433.56501222,494.201243724,0.0940423950533,249.902075694,True
PV,B3,2025-08-29,240,144,133.614899603,2740.54634167,83,231.813774183,228.14853826,0.0487548404389,133.614899603,True
PV,B3,2025-08-30,241,144,210.514391964,2938.01532292,83,365.229768158,417.064314701,0.0716519040326,210.514391964,True
PV,B3,2025-08-31,242,144,127.303722322,2779.94736458,83,220.86427556,217.408305083,0.0457935729084,127.303722322,True
PV,B3,2025-09-01,243,144,166.287909722,2820.39519722,82,291.969027177,282.65584466,0.0589590812968,166.287909722,True
PV,B3,2025-09-02,244,144,137.37469504,2811.46117917,83,238.300670912,225.349687606,0.0488623837518,137.37469504,True
PV,B3,2025-09-03,245,144,170.0872125,2745.24996597,82,297.646757143,278.43471797,0.0619569127067,170.0872125,True
PV,B3,2025-09-04,246,144,187.262111012,2797.31697847,83,324.125459552,350.059555717,0.0669434720673,187.262111012,True
PV,B3,2025-09-05,247,144,110.718035416,2846.19661597,83,191.567664027,230.220984763,0.0389003467979,110.718035416,True
PV,B3,2025-09-06,248,144,240.323036607,2837.72043611,83,416.607404647,413.436199115,0.0846887641041,240.323036607,True
PV,B3,2025-09-07,249,144,114.985528671,2742.50105903,83,199.310616007,235.250922941,0.0419272504169,114.985528671,True
PV,B3,2025-09-08,250,144,232.400332341,2583.54262083,83,403.119717212,440.726704724,0.0899541313804,232.400332341,True
PV,B3,2025-09-09,251,144,191.235884623,2832.47505486,83,331.764280206,331.957109363,0.0675154700108,191.235884623,True
PV,B3,2025-09-10,252,144,276.124787004,2498.28290972,81,490.888479189,480.110025974,0.110525827931,276.124787004,True
PV,B3,2025-09-11,253,144,137.645823016,2802.11219028,81,244.703656437,298.642403479,0.0491221670187,137.645823016,True
PV,B3,2025-09-12,254,144,125.625203572,2672.31545486,81,223.333670723,213.230935055,0.0470098705387,125.625203572,True
PV,B3,2025-09-13,255,144,199.498504266,2794.02006806,81,354.663988889,365.477148161,0.0714019582561,199.498504266,True
PV,B3,2025-09-14,256,144,172.233788691,2547.43212153,81,306.193388713,319.281247176,0.0676107470089,172.233788691,True
PV,B3,2025-09-15,257,144,167.09818492,2737.20830208,81,297.063431216,315.76447277,0.0610469377844,167.09818492,True
PV,B3,2025-09-16,258,144,138.573567957,2597.98281181,79,252.589578662,289.517669464,0.0533389086821,138.573567957,True
PV,B3,2025-09-17,259,144,154.919476984,2540.19485833,79,281.796053526,305.360895667,0.0609872413826,154.919476984,True
PV,B3,2025-09-18,260,144,114.012157043,2577.00271875,81,202.260559612,230.726434205,0.0442421562903,114.012157043,True
PV,B3,2025-09-19,261,144,175.070926785,2466.07392292,81,310.947845502,324.428449813,0.0709917594759,175.070926785,True
PV,B3,2025-09-20,262,144,155.820245338,2486.88724583,81,276.826294886,278.522724519,0.0626567391017,155.820245338,True
PV,B3,2025-09-21,263,144,155.158049107,2607.28314583,79,281.21396528,284.000307413,0.0595094742031,155.158049107,True
PV,B3,2025-09-22,264,144,78.6459820436,2525.16757708,79,142.233829475,137.900869028,0.0311448565859,78.6459820436,True
PV,B3,2025-09-23,265,144,121.71967629,2461.06940625,79,221.115104159,232.438191098,0.0494580429063,121.71967629,True
PV,B3,2025-09-24,266,144,105.159433432,2497.95701319,79,191.23959566,182.256909054,0.0420981757801,105.159433432,True
PV,B3,2025-09-25,267,144,93.5058164683,2508.78742708,79,170.194960217,161.458139382,0.0372713189882,93.5058164683,True
PV,B3,2025-09-26,268,144,157.132234127,2354.17125903,79,286.323109403,316.134739976,0.0667463055308,157.132234127,True
PV,B3,2025-09-27,269,144,194.827004266,2422.68622917,78,359.660132784,331.345924052,0.0804177618714,194.827004266,True
PV,B3,2025-09-28,270,144,133.067794048,2370.91626736,77,248.854015028,240.012037246,0.0561250499984,133.067794048,True
PV,B3,2025-09-29,271,144,69.8832922618,2431.31346667,77,130.6908,127.891771345,0.0287430202727,69.8832922618,True
PV,B3,2025-09-30,272,144,168.503228869,2312.26167917,77,315.122897403,286.308926065,0.0728737713328,168.503228869,True
PV,B3,2025-10-01,273,144,407.605458432,2814.87221597,77,762.275125417,745.020368547,0.144804249415,407.605458432,True
PV,B3,2025-10-02,274,144,274.360627182,2729.20527778,77,513.034876623,478.217389974,0.100527662546,274.360627182,True
PV,B3,2025-10-03,275,144,171.522948512,2654.45989306,77,320.728767718,322.137351445,0.064616892107,171.522948512,True
PV,B3,2025-10-04,276,144,91.8616561506,2470.89301667,77,170.599472912,164.159565295,0.0371775125556,91.8616561506,True
PV,B3,2025-10-05,277,144,96.4007730158,2619.51915972,77,179.42600167,175.989768223,0.036800942134,96.4007730158,True
PV,B3,2025-10-06,278,144,91.3368958335,2506.79278681,77,170.217527644,187.969369873,0.0364357581984,91.3368958335,True
PV,B3,2025-10-07,279,144,120.237373016,2482.73398472,77,224.49108757,211.629166767,0.0484294224656,120.237373016,True
PV,B3,2025-10-08,280,144,137.890520734,2538.02361181,77,257.662653061,270.348828773,0.0543298809723,137.890520734,True
PV,B3,2025-10-09,281,144,121.633475099,2569.70866875,77,227.390646011,213.621049579,0.047333566088,121.633475099,True
PV,B3,2025-10-10,282,144,151.016156845,2626.1633,77,282.401487754,307.595279548,0.0575044807171,151.016156845,True
PV,B3,2025-10-11,283,144,144.294567163,2403.52713194,76,273.400211278,258.283777961,0.0600345073059,144.294567163,True
PV,B3,2025-10-12,284,144,120.052240774,2466.43450833,75,230.500262285,224.83958412,0.0486744084905,120.052240774,True
PV,B3,2025-10-13,285,144,106.136962599,2527.09827222,75,203.782935048,213.76840118,0.0419995390627,106.136962599,True
PV,B3,2025-10-14,286,144,133.879340873,2385.7666625,75,257.048309143,226.345928218,0.0561158570019,133.879340873,True
PV,B3,2025-10-15,287,144,193.28578125,2309.26904653,75,371.108681524,358.696277096,0.0836999835687,193.28578125,True
PV,B3,2025-10-16,288,144,196.539809226,2281.95014097,75,377.356421333,370.185041983,0.0861280032799,196.539809226,True
PV,B3,2025-10-17,289,144,118.157728472,2330.79055069,74,229.928416023,217.847365674,0.0506942712793,118.157728472,True
PV,B3,2025-10-18,290,144,110.061049008,2315.83784097,74,213.780539768,196.576369935,0.0475253694627,110.061049008,True
PV,B3,2025-10-19,291,144,141.011502679,2254.39686875,74,273.836887838,259.653947821,0.0625495469025,141.011502679,True
PV,B3,2025-10-20,292,144,140.184730952,2227.60567847,75,268.76165219,291.448725519,0.0629306758853,140.184730952,True
PV,B3,2025-10-21,293,144,174.699589682,2139.09448472,75,335.168263047,308.059480017,0.0816698799095,174.699589682,True
PV,B3,2025-10-22,294,144,161.962659524,2171.54540972,75,310.820746286,313.5238145,0.0745840537337,161.962659524,True
PV,B3,2025-10-23,295,144,105.469975992,2243.02160347,73,206.490103523,201.855617035,0.047021382152,105.469975992,True
PV,B3,2025-10-24,296,144,79.2015626981,2238.14449236,73,155.137480234,136.06727875,0.0353871534963,79.2015626981,True
PV,B3,2025-10-25,297,144,83.5764389881,2193.51476111,73,164.179997847,159.726351727,0.0381016077347,83.5764389881,True
PV,B3,2025-10-26,298,144,67.5325412697,2203.25134722,73,132.824244814,139.427002567,0.0306513105528,67.5325412697,True
PV,B3,2025-10-27,299,144,189.383555159,2259.91594375,73,373.38815773,354.234054639,0.0838011500749,189.383555159,True
PV,B3,2025-10-28,300,144,88.4065685516,2147.57179583,73,174.329248728,172.626327687,0.0411658267831,88.4065685516,True
PV,B3,2025-10-29,301,144,191.081336111,2017.05657153,73,376.922430137,364.868181719,0.094732760007,191.081336111,True
PV,B3,2025-10-30,302,144,83.2214989087,2172.01053819,71,168.787209255,147.963501356,0.0383154213321,83.2214989087,True
PV,B3,2025-10-31,303,144,182.623071627,1993.52904028,71,370.390409054,339.246397982,0.0916079314308,182.623071627,True
PV,B3,2025-11-01,304,144,86.410479365,2059.59046042,71,175.255020724,155.617524296,0.041955175568,86.410479365,True
PV,B3,2025-11-02,305,144,96.0943149801,2043.61884931,71,194.895485111,179.58350861,0.0470216425204,96.0943149801,True
PV,B3,2025-11-03,306,144,129.525048611,2012.66603125,71,262.69867163,270.101128962,0.0643549633174,129.525048611,True
PV,B3,2025-11-04,307,144,97.6199574406,2075.6891125,70,200.784114082,201.838324098,0.0470301437979,97.6199574406,True
PV,B3,2025-11-05,308,144,73.7209738094,2003.59948125,71,149.469266599,130.578907256,0.036794266768,73.7209738094,True
PV,B3,2025-11-06,309,144,164.157513492,1930.97956597,71,332.905898793,299.237069281,0.085012558592,164.157513492,True
PV,B3,2025-11-07,310,144,167.187932738,2037.24653681,70,342.814892245,283.843849721,0.0820656360032,167.187932738,True
PV,B3,2025-11-08,311,144,50.3442247023,2010.15248819,71,101.312846479,97.6722376274,0.0250449779297,50.3442247023,True
PV,B3,2025-11-09,312,144,105.510579266,1938.78554097,71,213.467134809,207.664425114,0.0544209645865,105.510579266,True
PV,B3,2025-11-10,313,144,150.275914682,1856.73581944,71,304.459309658,258.959369999,0.0809355391913,150.275914682,True
PV,B3,2025-11-11,314,144,72.0573817461,1933.28532431,71,145.977109859,131.963839452,0.0372719850713,72.0573817461,True
PV,B3,2025-11-12,315,144,88.218344345,1935.86358681,71,178.851879275,174.62280987,0.0455705375865,88.218344345,True
PV,B3,2025-11-13,316,144,131.67365625,1891.00983125,71,267.04090845,258.326993249,0.0696313969784,131.67365625,True
PV,B3,2025-11-14,317,144,114.60787877,1839.14324167,71,232.444148491,219.083396739,0.0623159067621,114.60787877,True
PV,B3,2025-11-15,318,144,75.7110925596,1843.96207917,71,153.554891952,144.840908326,0.0410589205792,75.7110925596,True
PV,B3,2025-11-16,319,144,97.4898701389,1830.23857708,71,197.725933803,210.878030852,0.0532662087662,97.4898701389,True
PV,B3,2025-11-17,320,144,70.3658939485,1857.24817986,69,146.85051822,134.518952501,0.0378871788442,70.3658939485,True
PV,B3,2025-11-18,321,144,111.540228472,1787.21394444,69,232.779571635,239.886989252,0.0624101153747,111.540228472,True
PV,B3,2025-11-19,322,144,86.9035215276,1783.80790625,69,181.36384265,167.859024738,0.0487179820333,86.9035215276,True
PV,B3,2025-11-20,323,144,84.7816611113,1793.89088333,69,176.935618634,170.229281818,0.0472613255906,84.7816611113,True
PV,B3,2025-11-21,324,144,69.9868205356,1797.28304306,69,146.059436439,138.148495848,0.0389403443192,69.9868205356,True
PV,B3,2025-11-22,325,144,65.3520146827,1763.75336042,69,136.38680352,132.224628558,0.0370528080339,65.3520146827,True
PV,B3,2025-11-23,326,144,130.942024703,1772.94149653,69,273.270307868,240.581654717,0.073855806838,130.942024703,True
PV,B3,2025-11-24,327,144,88.1025598213,1825.57267153,69,183.866211801,179.769978694,0.0482602315401,88.1025598213,True
PV,B3,2025-11-25,328,144,79.2088050596,1729.73882292,69,165.305332298,150.047704084,0.0457923496948,79.2088050596,True
PV,B3,2025-11-26,329,144,78.3884039682,1705.36541042,69,163.59319089,161.295803785,0.0459657522602,78.3884039682,True
PV,B3,2025-11-27,330,144,81.3848823414,1725.71870486,68,172.344382143,157.915124943,0.0471599931739,81.3848823414,True
PV,B3,2025-11-28,331,144,58.9998650793,1721.57428056,68,124.929760504,115.986149091,0.0342708797092,58.9998650793,True
PV,B3,2025-11-29,332,144,198.147034028,1551.11457431,68,419.406096639,402.028664827,0.127744937292,198.147034028,True
PV,B3,2025-11-30,333,144,145.413323115,1573.50026319,67,312.254109382,270.433137111,0.0924139172496,145.413323115,True
PV,B3,2025-12-01,334,144,102.269467857,1624.68599583,67,219.60816951,202.883204107,0.0629472206441,102.269467857,True
PV,B3,2025-12-02,335,144,130.117833135,1531.78390208,69,271.426802691,250.00906418,0.084945293496,130.117833135,True
PV,B3,2025-12-03,336,144,106.088516964,1560.84094028,69,221.326193375,198.100337356,0.0679688200294,106.088516964,True
PV,B3,2025-12-04,337,144,66.6605714287,1606.87675833,69,139.077720497,130.95368613,0.0414845575947,66.6605714287,True
PV,B3,2025-12-05,338,144,70.7023078372,1564.85180833,69,147.537469772,147.307382343,0.0451814717922,70.7023078372,True
PV,B3,2025-12-06,339,144,96.1178770836,1491.92459722,69,200.590546377,208.347048364,0.0644254255628,96.1178770836,True
PV,B3,2025-12-07,340,144,60.8281751984,1558.94923611,69,126.945756936,110.973766789,0.0390187016931,60.8281751984,True
PV,B3,2025-12-08,341,144,79.0664295636,1523.46428403,69,165.008200828,167.030618878,0.051899102849,79.0664295636,True
PV,B3,2025-12-09,342,144,82.9074431547,1554.42611736,69,173.024229192,158.847089534,0.0533363678265,82.9074431547,True
PV,B3,2025-12-10,343,144,87.5329838293,1499.63108542,69,182.67753147,173.206464937,0.0583696781698,87.5329838293,True
PV,B3,2025-12-11,344,144,71.9778721229,1576.10601111,67,154.306679317,148.822236782,0.0456681667448,71.9778721229,True
PV,B3,2025-12-12,345,144,109.55586756,1456.13709167,67,235.185585288,237.697819488,0.0752373304591,109.55586756,True
PV,B3,2025-12-13,346,144,84.3120989088,1460.06767361,67,181.021632623,166.288810554,0.0577453363516,84.3120989088,True
PV,B3,2025-12-14,347,144,45.3467380952,1489.32766875,67,97.3453081024,108.720377095,0.0304477913402,45.3467380952,True
PV,B3,2025-12-15,348,144,78.9997276785,1451.48614653,67,169.72689339,172.461519041,0.0544267872397,78.9997276785,True
PV,B3,2025-12-16,349,144,63.5583026786,1467.86883542,67,136.574934115,127.655335771,0.043299715305,63.5583026786,True
PV,B3,2025-12-17,350,144,45.659871131,1511.44614931,67,98.1264127932,99.960787821,0.0302093932701,45.659871131,True
PV,B3,2025-12-18,351,144,94.6033327382,1539.5455125,67,203.326565885,224.745566415,0.0614488704427,94.6033327382,True
PV,B3,2025-12-19,352,144,77.0284117063,1486.87225556,67,165.553601279,159.933968157,0.0518056688585,77.0284117063,True
PV,B3,2025-12-20,353,144,67.985138095,1492.17366111,67,146.117311727,133.555011242,0.0455611433621,67.985138095,True
PV,B3,2025-12-21,354,144,74.5384357145,1472.44412917,67,160.202011088,153.066743622,0.050622250609,74.5384357145,True
PV,B3,2025-12-22,355,144,38.4867935515,1490.87611389,67,82.7178846479,76.0032182201,0.0258148837405,38.4867935515,True
PV,B3,2025-12-23,356,144,52.3037228177,1529.10675139,67,112.413971429,107.023275356,0.034205409642,52.3037228177,True
PV,B3,2025-12-24,357,144,70.4662014881,1504.15883194,67,151.449746482,150.330344089,0.0468475801834,70.4662014881,True
PV,B3,2025-12-25,358,144,56.0919976191,1499.05872361,67,120.555935181,125.222512657,0.0374181456241,56.0919976191,True
PV,B3,2025-12-26,359,144,75.6419302579,1469.27855069,67,162.573700853,168.562899616,0.0514823620219,75.6419302579,True
PV,B3,2025-12-27,360,144,56.8897451391,1461.26561944,67,122.270497015,116.646934033,0.0389318303134,56.8897451391,True
PV,B3,2025-12-28,361,144,66.6270256942,1529.250625,67,143.198383582,152.011745675,0.0435684148857,66.6270256942,True
PV,B3,2025-12-29,362,144,66.21815,1506.39750486,67,142.31960597,137.727698424,0.0439579525234,66.21815,True
PV,B3,2025-12-30,363,144,99.8300243055,1554.25443542,67,214.560052239,209.159988302,0.0642301685173,99.8300243055,True
PV,B3,2025-12-31,364,144,60.4507531748,1464.38675625,69,126.158093582,129.895885953,0.0412805926554,60.4507531748,True
PV,B4,2025-02-01,31,144,142.549473785,1746.95959792,71,289.060537324,242.52120976,0.0815986093523,142.549473785,True
PV,B4,2025-02-02,32,144,259.340473264,1806.23727917,71,525.94913838,433.621055716,0.14358051196,259.340473264,True
PV,B4,2025-02-03,33,144,161.817453993,1766.11885417,69,337.671199638,283.751747432,0.0916231960331,161.817453993,True
PV,B4,2025-02-04,34,144,90.9927654514,1682.6347875,71,184.546533099,172.592544735,0.0540775491672,90.9927654514,True
PV,B4,2025-02-05,35,144,138.381033472,1718.44406042,71,280.656205634,254.331185791,0.080526935185,138.381033472,True
PV,B4,2025-02-06,36,144,186.436219444,1749.21272847,69,389.038147826,302.310419762,0.106582930944,186.436219444,True
PV,B4,2025-02-07,37,144,251.814275833,1848.45488611,71,510.671467887,473.587620476,0.136229603289,251.814275833,True
PV,B4,2025-02-08,38,144,208.96493,1840.40103333,71,423.76805831,357.332076883,0.113543149681,208.96493,True
PV,B4,2025-02-09,39,144,162.693688889,1749.68698333,71,329.921917465,277.150507418,0.0929844540416,162.693688889,True
PV,B4,2025-02-10,40,144,321.049614028,1964.62195556,71,651.097191268,524.977152651,0.163415466838,321.049614028,True
PV,B4,2025-02-11,41,144,306.2072925,1925.86185347,72,612.373924722,488.040249937,0.158997537621,306.2072925,True
PV,B4,2025-02-12,42,144,307.012282292,1920.71319792,73,605.577141552,500.64510244,0.159842855573,307.012282292,True
PV,B4,2025-02-13,43,144,488.684306019,2082.53352917,73,963.943671462,787.878314992,0.234658553716,488.684306019,True
PV,B4,2025-02-14,44,144,276.38889375,1919.61817222,73,545.164604338,449.764596697,0.143981182169,276.38889375,True
PV,B4,2025-02-15,45,144,281.439824306,1948.93588125,73,555.12995274,450.799955609,0.144406918162,281.439824306,True
PV,B4,2025-02-16,46,144,288.579996065,1912.48325764,73,569.214477854,472.860222986,0.150892822153,288.579996065,True
PV,B4,2025-02-17,47,144,376.940624884,2074.02123542,73,743.517079224,591.202776911,0.181743859922,376.940624884,True
PV,B4,2025-02-18,48,144,380.972700695,2051.66181042,73,751.474373744,594.841516699,0.185689814355,380.972700695,True
PV,B4,2025-02-19,49,144,383.584634127,2041.14444722,75,736.452356762,612.145576624,0.187926256101,383.584634127,True
PV,B4,2025-02-20,50,144,424.343870635,2088.0051375,75,814.709922476,665.844721899,0.203229323058,424.343870635,True
PV,B4,2025-02-21,51,144,410.3995625,2093.40583333,75,787.933050476,628.960140412,0.196043956678,410.3995625,True
PV,B4,2025-02-22,52,144,285.526568254,1993.22830764,73,563.197042075,440.244389812,0.143248300839,285.526568254,True
PV,B4,2025-02-23,53,144,401.960601785,2067.09530208,74,782.191148841,630.114693514,0.19445673423,401.960601785,True
PV,B4,2025-02-24,54,144,433.489080556,2184.41478889,75,832.264720572,668.334011023,0.19844632199,433.489080556,True
PV,B4,2025-02-25,55,144,577.898976984,2303.00040208,75,1109.52629257,902.991087613,0.250933076894,577.898976984,True
PV,B4,2025-02-26,56,144,471.416044444,2176.91192014,75,905.080896167,737.762763336,0.216552649688,471.416044444,True
PV,B4,2025-02-27,57,144,518.426288889,2235.12103056,75,995.3428255,825.438380248,0.231945510691,518.426288889,True
PV,B4,2025-02-28,58,144,436.217067708,2170.52143333,75,837.505147667,687.198331726,0.200973397917,436.217067708,True
PV,B4,2025-03-01,59,144,281.345422743,2024.39142569,75,540.153658,462.777998831,0.138977778295,281.345422743,True
PV,B4,2025-03-02,60,144,248.785880903,1895.92125069,75,477.6416805,402.427181377,0.131221632128,248.785880903,True
PV,B4,2025-03-03,61,144,143.501822222,1914.23329028,77,268.337799188,240.735976977,0.0749656914604,143.501822222,True
PV,B4,2025-03-04,62,144,254.837365799,2039.14862708,77,476.545097727,404.271939233,0.124972433306,254.837365799,True
PV,B4,2025-03-05,63,144,406.415056173,2164.29049236,77,760.01611443,628.31923016,0.18778211964,406.415056173,True
PV,B4,2025-03-06,64,144,381.24168804,2155.53935069,77,712.940603462,584.858476677,0.176866030266,381.24168804,True
PV,B4,2025-03-07,65,144,335.497671682,2114.91982986,77,627.396838529,543.467846658,0.15863375384,335.497671682,True
PV,B4,2025-03-08,66,144,445.451833719,2220.06550278,77,833.027192352,671.054741617,0.20064805888,445.451833719,True
PV,B4,2025-03-09,67,144,529.540763889,2264.97756042,76,1003.31652559,824.342593014,0.233795147971,529.540763889,True
PV,B4,2025-03-10,68,144,283.363652855,2079.20803819,77,529.924964791,461.391797339,0.136284415821,283.363652855,True
PV,B4,2025-03-11,69,144,407.471971913,2231.69308958,73,803.764870471,631.808798658,0.182584233386,407.471971913,True
PV,B4,2025-03-12,70,144,521.331336389,2319.86258958,77,974.941146883,786.444653023,0.224725093085,521.331336389,True
PV,B4,2025-03-13,71,144,334.912427847,2112.15245972,77,626.311654286,571.119144727,0.1585645138,334.912427847,True
PV,B4,2025-03-14,72,144,520.649727708,2336.64345694,77,973.663680519,794.825832495,0.222819500408,520.649727708,True
PV,B4,2025-03-15,73,144,355.987309097,2158.36902639,77,665.724513636,589.167107238,0.164933477429,355.987309097,True
PV,B4,2025-03-16,74,144,487.944764861,2276.34037708,78,900.804547692,763.698842911,0.214354922389,487.944764861,True
PV,B4,2025-03-17,75,144,649.702354097,2493.14543194,79,1184.25340962,986.94518366,0.260595449336,649.702354097,True
PV,B4,2025-03-18,76,144,473.674153333,2338.64438403,79,863.393330253,706.851964206,0.202542189214,473.674153333,True
PV,B4,2025-03-19,77,144,563.078636869,2409.00364792,79,1026.35686939,845.496895681,0.23373922134,563.078636869,True
PV,B4,2025-03-20,78,144,470.296331187,2309.97582986,79,857.232987687,698.206816827,0.203593615616,470.296331187,True
PV,B4,2025-03-21,79,144,660.010631502,2523.33615417,79,1203.04058274,986.771949342,0.261562705553,660.010631502,True
PV,B4,2025-03-22,80,144,485.654365088,2335.65540833,79,885.227462256,724.285712343,0.207930657646,485.654365088,True
PV,B4,2025-03-23,81,144,624.339820707,2457.09404792,81,1109.92296498,947.636341768,0.254096834932,624.339820707,True
PV,B4,2025-03-24,82,144,573.604469002,2476.11139722,81,1019.72871223,853.875141916,0.23165535672,573.604469002,True
PV,B4,2025-03-25,83,144,471.261947159,2379.2934625,80,848.260082727,727.785372,0.198068020859,471.261947159,True
PV,B4,2025-03-26,84,144,695.144207176,2588.00303889,81,1235.81100432,1037.37167071,0.268602546724,695.144207176,True
PV,B4,2025-03-27,85,144,589.281520486,2468.15037361,81,1047.59548508,877.038822142,0.238754302325,589.281520486,True
PV,B4,2025-03-28,86,144,626.256750868,2544.57860417,81,1113.32629197,923.485147685,0.246114130584,626.256750868,True
PV,B4,2025-03-29,87,144,793.331755961,2683.79451181,81,1410.34488693,1185.0557953,0.29560078183,793.331755961,True
PV,B4,2025-03-30,88,144,725.602521065,2610.37858958,81,1289.94099383,1080.67951912,0.27796830849,725.602521065,True
PV,B4,2025-03-31,89,144,554.880849826,2505.17817222,81,986.434455761,839.51823088,0.221493567196,554.880849826,True
PV,B4,2025-04-01,90,144,461.415217303,2406.59561597,81,820.277831584,744.755327378,0.191729434825,461.415217303,True
PV,B4,2025-04-02,91,144,458.870680395,2397.97058542,82,805.806325328,755.79388703,0.191357927068,458.870680395,True
PV,B4,2025-04-03,92,144,660.007042201,2584.20524306,83,1145.05794912,979.723105215,0.255400395915,660.007042201,True
PV,B4,2025-04-04,93,144,754.544115758,2721.03956528,83,1309.07143188,1113.40703961,0.277299942782,754.544115758,True
PV,B4,2025-04-05,94,144,571.787873772,2523.27614931,83,991.997085728,839.467947069,0.226605349529,571.787873772,True
PV,B4,2025-04-06,95,144,675.881449466,2616.47309653,83,1172.59644393,982.956218792,0.258317752383,675.881449466,True
PV,B4,2025-04-07,96,144,664.20381656,2657.18428125,83,1152.33524291,992.264564227,0.249965281387,664.20381656,True
PV,B4,2025-04-08,97,144,657.376268429,2640.00402708,83,1140.49391223,978.805443313,0.249005782448,657.376268429,True
PV,B4,2025-04-09,98,144,460.722065526,2439.30047986,81,819.047012434,689.393652664,0.188874666868,460.722065526,True
PV,B4,2025-04-10,99,144,662.313301786,2633.66928264,83,1149.07271575,980.503006127,0.251479297781,662.313301786,True
PV,B4,2025-04-11,100,144,761.89760372,2782.30610764,83,1321.84530284,1113.13478666,0.273836729046,761.89760372,True
PV,B4,2025-04-12,101,144,629.826607589,2622.16730069,83,1092.70129664,922.094013903,0.240193143825,629.826607589,True
PV,B4,2025-04-13,102,144,636.405131349,2625.27932153,83,1104.11323021,926.381009712,0.242414255173,636.405131349,True
PV,B4,2025-04-14,103,144,683.459377182,2723.88920347,83,1185.74919845,990.224178132,0.250913060748,683.459377182,True
PV,B4,2025-04-15,104,144,758.641654613,2788.22818056,83,1316.18715886,1118.8527375,0.272087363546,758.641654613,True
PV,B4,2025-04-16,105,144,580.089065046,2589.38721319,84,994.42962881,844.720826734,0.224025615825,580.089065046,True
PV,B4,2025-04-17,106,144,676.943513889,2692.44584514,85,1146.81440784,974.640838955,0.251423260791,676.943513889,True
PV,B4,2025-04-18,107,144,642.80991213,2714.00217361,85,1088.98659898,925.958572364,0.23684944632,642.80991213,True
PV,B4,2025-04-19,108,144,679.034870556,2713.36400417,85,1150.35591075,965.811167772,0.250255722974,679.034870556,True
PV,B4,2025-04-20,109,144,687.035112176,2718.33631111,85,1163.90797725,993.265408287,0.252741027432,687.035112176,True
PV,B4,2025-04-21,110,144,829.203194398,2915.19697917,85,1404.75714831,1196.24538614,0.284441566153,829.203194398,True
PV,B4,2025-04-22,111,144,655.59035125,2735.7529875,85,1110.63769537,942.876467345,0.239637991531,655.59035125,True
PV,B4,2025-04-23,112,144,730.721204036,2776.27491875,87,1209.46164217,1053.78295634,0.263202033452,730.721204036,True
PV,B4,2025-04-24,113,144,875.84173941,2933.65304028,87,1449.662175,1265.05560284,0.298549871912,875.84173941,True
PV,B4,2025-04-25,114,144,795.422266927,2906.79014792,87,1316.55273455,1138.5149226,0.273642824714,795.422266927,True
PV,B4,2025-04-26,115,144,924.511637066,3001.28044722,85,1566.22299581,1358.9670585,0.308039069765,924.511637066,True
PV,B4,2025-04-27,116,144,778.215215929,2852.46047292,86,1303.05732602,1125.59231579,0.272822436391,778.215215929,True
PV,B4,2025-04-28,117,144,412.7370898,2538.13889514,86,691.081903634,661.206890383,0.162614067572,412.7370898,True
PV,B4,2025-04-29,118,144,788.015574349,2909.14770833,87,1304.28889533,1132.53947539,0.270875064917,788.015574349,True
PV,B4,2025-04-30,119,144,804.220824878,2892.75109514,87,1331.1108238,1171.96207812,0.278012451963,804.220824878,True
PV,B4,2025-05-01,120,144,780.392096038,2889.71687986,87,1291.67148682,1112.76845753,0.270058323525,780.392096038,True
PV,B4,2025-05-02,121,144,371.336647631,2519.61277708,87,614.614451522,581.297247452,0.147378458709,371.336647631,True
PV,B4,2025-05-03,122,144,620.006213153,2751.15323472,87,1026.20538553,889.879792083,0.225362297283,620.006213153,True
PV,B4,2025-05-04,123,144,752.291522876,2872.3090375,87,1245.16244172,1098.1796972,0.261911762646,752.291522876,True
PV,B4,2025-05-05,124,144,569.309279249,2730.67321111,87,942.293145301,831.056996553,0.208486785212,569.309279249,True
PV,B4,2025-05-06,125,144,671.976830923,2839.46282222,87,1112.22551798,970.098449307,0.236656323043,671.976830923,True
PV,B4,2025-05-07,126,144,620.639506134,2753.84871111,87,1027.25282822,868.525985124,0.225371678419,620.639506134,True
PV,B4,2025-05-08,127,144,541.28661956,2692.45687431,88,885.730552904,812.559609538,0.20103817622,541.28661956,True
PV,B4,2025-05-09,128,144,561.534546296,2739.76831667,89,908.539453433,787.466598345,0.204956945768,561.534546296,True
PV,B4,2025-05-10,129,144,445.416056944,2605.28924028,89,720.662281523,668.20967184,0.17096606782,445.416056944,True
PV,B4,2025-05-11,130,144,557.313984105,2719.12547222,89,901.712515668,810.446122948,0.204960745577,557.313984105,True
PV,B4,2025-05-12,131,144,671.123552315,2854.89201597,89,1085.85186885,1013.80721196,0.235078436789,671.123552315,True
PV,B4,2025-05-13,132,144,592.699413927,2797.51745139,89,958.963258364,847.99743266,0.211866207888,592.699413927,True
PV,B4,2025-05-14,133,144,649.869577997,2815.74402014,87,1075.63429794,932.743907819,0.230798529039,649.869577997,True
PV,B4,2025-05-15,134,144,603.61757383,2784.71881389,89,976.638918155,849.036312218,0.216760690817,603.61757383,True
PV,B4,2025-05-16,135,144,790.776606323,2998.57659236,89,1279.45804317,1112.34234593,0.263717327861,790.776606323,True
PV,B4,2025-05-17,136,144,532.04455106,2701.07213958,89,860.835389651,828.557972284,0.196975320749,532.04455106,True
PV,B4,2025-05-18,137,144,614.27244364,2792.1195375,88,1005.16842512,909.873190423,0.220002200977,614.27244364,True
PV,B4,2025-05-19,138,144,795.383003107,3023.21547639,89,1286.90420893,1124.4837592,0.263091734386,795.383003107,True
PV,B4,2025-05-20,139,144,530.495842215,2746.25762083,89,858.322391189,808.263185026,0.193170457932,530.495842215,True
PV,B4,2025-05-21,140,144,673.31146625,2871.68483333,89,1089.39617652,973.582947634,0.234465655296,673.31146625,True
PV,B4,2025-05-22,141,144,660.102858542,2871.37705,89,1068.02446399,927.25594354,0.229890692531,660.102858542,True
PV,B4,2025-05-23,142,144,612.660719896,2856.76814583,89,991.264466404,884.667879965,0.214459378088,612.660719896,True
PV,B4,2025-05-24,143,144,741.451222951,2955.80485139,89,1199.6439864,1039.52266786,0.250845796739,741.451222951,True
PV,B4,2025-05-25,144,144,769.427048056,2990.61947569,89,1244.90745404,1067.37698805,0.25728015694,769.427048056,True
PV,B4,2025-05-26,145,144,469.617385938,2701.17235069,89,759.823141742,697.374923609,0.173856875818,469.617385938,True
PV,B4,2025-05-27,146,144,682.491209062,2944.01916875,89,1104.24787713,956.226294111,0.231822950172,682.491209062,True
PV,B4,2025-05-28,147,144,590.118368948,2818.66762986,89,954.791931032,903.587059975,0.209360749986,590.118368948,True
PV,B4,2025-05-29,148,144,526.238041931,2763.71628194,91,832.721691314,772.76361689,0.190409574734,526.238041931,True
PV,B4,2025-05-30,149,144,557.647568651,2833.99963403,91,882.424973574,796.235572651,0.196770515407,557.647568651,True
PV,B4,2025-05-31,150,144,516.553796859,2766.21462639,91,817.396889273,736.791502932,0.186736702182,516.553796859,True
PV,B4,2025-06-01,151,144,437.581724371,2375.98890556,91,692.429358608,638.264944891,0.184168252364,437.581724371,True
PV,B4,2025-06-02,152,144,287.482735053,2476.65539722,89,465.133714072,451.925005681,0.116077002628,287.482735053,True
PV,B4,2025-06-03,153,144,297.999059325,2495.18640556,90,476.791372804,472.322552315,0.119429577951,297.999059325,True
PV,B4,2025-06-04,154,144,353.014111585,2453.94094861,91,558.609828622,531.027043251,0.143855992861,353.014111585,True
PV,B4,2025-06-05,155,144,265.542978788,2387.77511042,91,420.193541509,427.361567802,0.111209375468,265.542978788,True
PV,B4,2025-06-06,156,144,406.89909697,2162.18415,91,643.87822982,624.662041865,0.188188918585,406.89909697,True
PV,B4,2025-06-07,157,144,420.133572001,2167.92694097,91,664.820144756,643.820052439,0.193795078635,420.133572001,True
PV,B4,2025-06-08,158,144,401.997442835,2628.41764097,91,636.120513836,620.021997346,0.152942757866,401.997442835,True
PV,B4,2025-06-09,159,144,239.499240089,2384.85313542,91,378.981375325,359.568154243,0.100425152615,239.499240089,True
PV,B4,2025-06-10,160,144,297.265775758,2324.83531458,91,470.391866534,464.117703282,0.127865304649,297.265775758,True
PV,B4,2025-06-11,161,144,350.29168113,2173.009625,91,554.302063689,554.882182383,0.16120116409,350.29168113,True
PV,B4,2025-06-12,162,144,327.546123309,2302.89256458,93,507.162259794,490.88866496,0.142232481161,327.546123309,True
PV,B4,2025-06-13,163,144,312.506947584,2231.01152917,93,483.876057644,467.954325634,0.140074106968,312.506947584,True
PV,B4,2025-06-14,164,144,357.38666564,2335.82559861,93,553.366718233,561.586029844,0.153002290005,357.38666564,True
PV,B4,2025-06-15,165,144,352.860167361,2364.24625764,93,546.357290369,522.264133833,0.149248482987,352.860167361,True
PV,B4,2025-06-16,166,144,287.419476842,2288.52413333,93,445.030588172,445.50130563,0.125591630281,287.419476842,True
PV,B4,2025-06-17,167,144,429.725355374,2194.78097431,93,665.374902384,726.234689893,0.195794186484,429.725355374,True
PV,B4,2025-06-18,168,144,323.585716869,2332.52866736,93,501.030649149,475.60404979,0.138727434049,323.585716869,True
PV,B4,2025-06-19,169,144,263.140600521,2462.0651125,93,407.437826478,423.592007491,0.106878002204,263.140600521,True
PV,B4,2025-06-20,170,144,306.171651968,2447.35411944,93,474.066803808,477.542388022,0.125103126489,306.171651968,True
PV,B4,2025-06-21,171,144,335.276495023,2586.38851667,93,519.131872984,512.64195993,0.129631141208,335.276495023,True
PV,B4,2025-06-22,172,144,388.932026418,2461.75503403,93,602.210776479,578.918031191,0.157989735389,388.932026418,True
PV,B4,2025-06-23,173,144,295.652138686,2484.56612847,93,457.778186425,460.402422644,0.118995479854,295.652138686,True
PV,B4,2025-06-24,174,144,425.654135822,2118.50219861,93,659.071340771,667.25748577,0.200922206312,425.654135822,True
PV,B4,2025-06-25,175,144,362.747217,2328.04112778,93,561.668022624,545.872165402,0.155816498545,362.747217,True
PV,B4,2025-06-26,176,144,327.014784167,2464.58589722,93,506.340015613,482.746658353,0.13268548868,327.014784167,True
PV,B4,2025-06-27,177,144,256.289291333,2491.31704722,93,396.829817505,396.17438274,0.102873013139,256.289291333,True
PV,B4,2025-06-28,178,144,252.291684972,2453.52694514,93,390.639500903,398.670696944,0.102828169657,252.291684972,True
PV,B4,2025-06-29,179,144,285.610516639,2379.87667431,93,442.229346108,444.837448406,0.120010637409,285.610516639,True
PV,B4,2025-06-30,180,144,260.648684222,2336.23485833,93,403.57952,422.090523373,0.111567843144,260.648684222,True
PV,B4,2025-07-01,181,144,343.297907111,2611.67945972,93,531.552260129,521.65418842,0.131447182706,343.297907111,True
PV,B4,2025-07-02,182,144,578.465763515,2845.57882708,91,915.357207312,802.879057037,0.203285798309,578.465763515,True
PV,B4,2025-07-03,183,144,312.74952906,2575.21332083,91,494.883009341,495.377597268,0.121446066829,312.74952906,True
PV,B4,2025-07-04,184,144,481.597165705,2788.09159514,91,762.070383685,704.34138044,0.172733624155,481.597165705,True
PV,B4,2025-07-05,185,144,504.640163649,2795.11478889,91,798.533102874,706.104246134,0.180543627637,504.640163649,True
PV,B4,2025-07-06,186,144,313.673757452,2560.44137917,91,496.342198944,476.58597517,0.122507689496,313.673757452,True
PV,B4,2025-07-07,187,144,528.311514637,2836.91297431,91,835.991798014,742.310317376,0.186227607058,528.311514637,True
PV,B4,2025-07-08,188,144,433.49206234,2738.07666597,91,685.948724894,656.23152194,0.158319914021,433.49206234,True
PV,B4,2025-07-09,189,144,483.628109774,2772.16583125,91,765.285073138,684.070209488,0.174458578315,483.628109774,True
PV,B4,2025-07-10,190,144,518.831233642,2817.07995278,91,820.990964469,733.769380895,0.184173414436,518.831233642,True
PV,B4,2025-07-11,191,144,348.48501214,2592.59630208,91,551.432017338,532.648648417,0.134415455218,348.48501214,True
PV,B4,2025-07-12,192,144,370.618517361,2676.42199028,91,586.455573545,530.745910753,0.138475367004,370.618517361,True
PV,B4,2025-07-13,193,144,639.597554269,2942.73525347,91,1012.09051111,941.308044638,0.217347977027,639.597554269,True
PV,B4,2025-07-14,194,144,557.445790947,2885.61434375,91,882.095042125,785.946111125,0.193180974496,557.445790947,True
PV,B4,2025-07-15,195,144,496.624134002,2783.17133681,90,794.582315967,735.51935011,0.178438218098,496.624134002,True
PV,B4,2025-07-16,196,144,537.135771627,2842.94591667,89,869.057282143,771.879368014,0.188936331317,537.135771627,True
PV,B4,2025-07-17,197,144,468.585904464,2785.36430069,89,758.144988082,663.588400267,0.168231460548,468.585904464,True
PV,B4,2025-07-18,198,144,313.521592708,2600.9927125,89,507.254326765,480.776004586,0.12053920459,313.521592708,True
PV,B4,2025-07-19,199,144,485.289660144,2807.57097292,89,785.170320385,698.411281153,0.172850362404,485.289660144,True
PV,B4,2025-07-20,200,144,451.54289747,2777.52335625,89,730.566627929,649.438093953,0.16257033319,451.54289747,True
PV,B4,2025-07-21,201,144,342.113855804,2685.54460208,89,553.515783828,511.368668428,0.127390867215,342.113855804,True
PV,B4,2025-07-22,202,144,409.689214831,2738.321425,89,662.852046348,633.385674135,0.149613267125,409.689214831,True
PV,B4,2025-07-23,203,144,393.771730603,2718.06193889,89,637.098048392,583.841366768,0.144872243332,393.771730603,True
PV,B4,2025-07-24,204,144,407.830102442,2720.23939653,89,659.844033824,634.541144552,0.149924342307,407.830102442,True
PV,B4,2025-07-25,205,144,401.69954284,2743.73000486,89,649.924839752,586.582756338,0.146406367291,401.69954284,True
PV,B4,2025-07-26,206,144,382.726419588,2696.60826528,88,626.251919201,573.522981361,0.141928816475,382.726419588,True
PV,B4,2025-07-27,207,144,345.405688985,2684.37527014,88,565.16902406,521.169231142,0.128672653495,345.405688985,True
PV,B4,2025-07-28,208,144,221.770622725,2511.42171667,89,358.784166292,351.914787019,0.0883048120725,221.770622725,True
PV,B4,2025-07-29,209,144,324.946979646,2593.56246528,87,537.075101704,489.022051229,0.12528982201,324.946979646,True
PV,B4,2025-07-30,210,144,346.17512625,2680.04626597,87,572.194049617,551.862150639,0.129167593353,346.17512625,True
PV,B4,2025-07-31,211,144,270.962098842,2613.67989375,89,437.649510636,415.105993611,0.103670728573,270.962098842,True
PV,B4,2025-08-01,212,144,622.869508079,2977.83601806,89,1007.03708397,890.218214968,0.209168505016,622.869508079,True
PV,B4,2025-08-02,213,144,593.958204722,2943.13413681,89,960.234610674,855.231557319,0.201811462581,593.958204722,True
PV,B4,2025-08-03,214,144,783.176476389,3134.29192361,89,1266.36527581,1145.22689196,0.249873494708,783.176476389,True
PV,B4,2025-08-04,215,144,674.496391921,3037.35216111,89,1090.58967929,968.928218115,0.222067233611,674.496391921,True
PV,B4,2025-08-05,216,144,614.11928125,2971.09114792,88,1004.18832981,905.675378443,0.206698229935,614.11928125,True
PV,B4,2025-08-06,217,144,512.997501725,2858.40368889,88,838.69896327,787.076332025,0.17946992712,512.997501725,True
PV,B4,2025-08-07,218,144,708.725474194,3060.94871736,87,1172.30939559,1042.2040412,0.231537846477,708.725474194,True
PV,B4,2025-08-08,219,144,747.842499753,3122.00186944,87,1237.06401672,1119.38587135,0.239539414461,747.842499753,True
PV,B4,2025-08-09,220,144,607.690183289,2974.24594792,87,1005.06338102,910.536245397,0.204317394704,607.690183289,True
PV,B4,2025-08-10,221,144,593.584044355,2967.95106944,87,981.695245235,878.430539859,0.199997921282,593.584044355,True
PV,B4,2025-08-11,222,144,611.364275896,2994.20875764,87,1011.19026819,916.744467047,0.204182248261,611.364275896,True
PV,B4,2025-08-12,223,144,495.504685036,2869.87721042,87,819.42706993,737.040296884,0.172657102972,495.504685036,True
PV,B4,2025-08-13,224,144,575.129231315,2934.45907222,87,951.201659806,836.227411833,0.195991566814,575.129231315,True
PV,B4,2025-08-14,225,144,547.739121961,2917.07351597,87,905.872771946,837.409476276,0.187770078115,547.739121961,True
PV,B4,2025-08-15,226,144,640.172389561,3033.68045347,86,1071.54828452,958.686463567,0.211021694401,640.172389561,True
PV,B4,2025-08-16,227,144,671.013946398,3052.26041597,85,1134.64394537,996.621802561,0.219841643552,671.013946398,True
PV,B4,2025-08-17,228,144,621.859150261,3008.48845347,85,1051.32064375,963.487882326,0.206701524662,621.859150261,True
PV,B4,2025-08-18,229,144,575.237281988,2971.5024625,87,950.119519827,883.144780955,0.193584655994,575.237281988,True
PV,B4,2025-08-19,230,144,575.464284679,2960.28428472,87,950.522065158,844.939970941,0.194394939584,575.464284679,True
PV,B4,2025-08-20,231,144,318.490039583,2683.22344167,85,533.472874653,538.054575423,0.118696801257,318.490039583,True
PV,B4,2025-08-21,232,144,499.410541877,2880.30751736,85,839.913778752,748.266347057,0.173387924333,499.410541877,True
PV,B4,2025-08-22,233,144,479.763301726,2887.548375,85,806.713913119,734.272656388,0.16614900927,479.763301726,True
PV,B4,2025-08-23,234,144,402.282386785,2798.63083681,85,675.347491087,606.739387542,0.143742569221,402.282386785,True
PV,B4,2025-08-24,235,144,572.047087332,2972.27007986,85,962.803928984,937.782372294,0.192461341655,572.047087332,True
PV,B4,2025-08-25,236,144,251.955731944,2655.77194722,85,420.924736542,421.773461267,0.0948709968142,251.955731944,True
PV,B4,2025-08-26,237,144,473.72730747,2868.33939792,85,796.698131265,759.494322723,0.165157340799,473.72730747,True
PV,B4,2025-08-27,238,144,374.000057332,2744.75971806,83,642.81739876,626.439786553,0.136259671428,374.000057332,True
PV,B4,2025-08-28,239,144,323.627773897,2657.33423264,83,555.365171262,513.826728469,0.121786627336,323.627773897,True
PV,B4,2025-08-29,240,144,331.523879248,2740.54634167,83,569.148799858,528.888095851,0.12096999573,331.523879248,True
PV,B4,2025-08-30,241,144,539.904967198,2938.01532292,83,930.573425585,868.089997034,0.183765197883,539.904967198,True
PV,B4,2025-08-31,242,144,375.13731826,2779.94736458,83,644.567414422,594.857613595,0.134944036365,375.13731826,True
PV,B4,2025-09-01,243,144,416.789904535,2820.39519722,82,727.258515101,649.703921614,0.147777128874,416.789904535,True
PV,B4,2025-09-02,244,144,414.538224449,2811.46117917,83,714.632493622,663.911315817,0.147445829066,414.538224449,True
PV,B4,2025-09-03,245,144,376.684510913,2745.24996597,82,650.186551533,618.702740072,0.137213192089,376.684510913,True
PV,B4,2025-09-04,246,144,424.100798452,2797.31697847,83,724.550746919,728.375166983,0.151609846763,424.100798452,True
PV,B4,2025-09-05,247,144,439.267092282,2846.19661597,83,750.903275972,677.797496361,0.154334767253,439.267092282,True
PV,B4,2025-09-06,248,144,444.770902123,2837.72043611,83,760.309688089,758.668956394,0.156735278241,444.770902123,True
PV,B4,2025-09-07,249,144,342.299647222,2742.50105903,83,582.275116489,520.648996491,0.124812949879,342.299647222,True
PV,B4,2025-09-08,250,144,227.104215555,2583.54262083,83,383.136241824,384.901345052,0.0879041877319,227.104215555,True
PV,B4,2025-09-09,251,144,441.388506706,2832.47505486,83,754.891599105,774.100858929,0.155831383563,441.388506706,True
PV,B4,2025-09-10,252,144,174.925472338,2498.28290972,81,299.848785939,314.329287952,0.0700182800183,174.925472338,True
PV,B4,2025-09-11,253,144,429.076790702,2802.11219028,81,751.606946776,719.009910484,0.153126199654,429.076790702,True
PV,B4,2025-09-12,254,144,285.688517381,2672.31545486,81,496.734233162,454.487094752,0.106906733956,285.688517381,True
PV,B4,2025-09-13,255,144,433.928261207,2794.02006806,81,760.1297262,765.212692675,0.155306064609,433.928261207,True
PV,B4,2025-09-14,256,144,179.656590124,2547.43212153,81,307.839035049,297.248127736,0.0705245837977,179.656590124,True
PV,B4,2025-09-15,257,144,377.940146605,2737.20830208,81,661.058688032,708.770247017,0.138075040295,377.940146605,True
PV,B4,2025-09-16,258,144,230.283105479,2597.98281181,79,408.631435092,367.828994236,0.0886391951602,230.283105479,True
PV,B4,2025-09-17,259,144,214.953517643,2540.19485833,79,376.155660315,387.601344807,0.0846208773857,214.953517643,True
PV,B4,2025-09-18,260,144,214.97057577,2577.00271875,81,366.807404838,382.969865623,0.0834188393382,214.97057577,True
PV,B4,2025-09-19,261,144,127.220105687,2466.07392292,81,210.818458892,208.716413137,0.0515881152241,127.220105687,True
PV,B4,2025-09-20,262,144,239.753827346,2486.88724583,81,410.802470103,383.77915288,0.0964071964854,239.753827346,True
PV,B4,2025-09-21,263,144,270.677851971,2607.28314583,79,463.291729901,414.707309858,0.103816055576,270.677851971,True
PV,B4,2025-09-22,264,144,201.089150976,2525.16757708,79,337.635317311,299.371762648,0.0796339826319,201.089150976,True
PV,B4,2025-09-23,265,144,200.392357357,2461.06940625,79,335.862756654,320.605534347,0.0814249109954,200.392357357,True
PV,B4,2025-09-24,266,144,229.27065402,2497.95701319,79,389.330037075,364.894610464,0.0917832664091,229.27065402,True
PV,B4,2025-09-25,267,144,235.23127966,2508.78742708,79,399.974284443,356.309469446,0.0937629378721,235.23127966,True
PV,B4,2025-09-26,268,144,157.218302029,2354.17125903,79,257.745735143,258.408379063,0.0667828652761,157.218302029,True
PV,B4,2025-09-27,269,144,255.961863871,2422.68622917,78,443.252221559,399.683717592,0.105652090142,255.961863871,True
PV,B4,2025-09-28,270,144,154.783842196,2370.91626736,77,259.399410218,254.612585268,0.0652843984106,154.783842196,True
PV,B4,2025-09-29,271,144,168.255287317,2431.31346667,77,285.780472522,270.481733692,0.0692034530406,168.255287317,True
PV,B4,2025-09-30,272,144,242.984286074,2312.26167917,77,425.031439815,368.096516134,0.105085115696,242.984286074,True
PV,B4,2025-10-01,273,144,536.478874466,2814.87221597,77,974.712128239,926.5189142,0.190587292532,536.478874466,True
PV,B4,2025-10-02,274,144,416.404613818,2729.20527778,77,754.392652015,666.955111349,0.152573577813,416.404613818,True
PV,B4,2025-10-03,275,144,339.38772037,2654.45989306,77,610.359438095,575.198407764,0.127855659548,339.38772037,True
PV,B4,2025-10-04,276,144,229.007331499,2470.89301667,77,385.415485847,351.508307197,0.0926820100889,229.007331499,True
PV,B4,2025-10-05,277,144,335.577300997,2619.51915972,77,584.595292341,534.34158376,0.128106450282,335.577300997,True
PV,B4,2025-10-06,278,144,252.342485096,2506.79278681,77,430.357338195,388.77914332,0.100663479815,252.342485096,True
PV,B4,2025-10-07,279,144,265.270903775,2482.73398472,77,453.820062305,405.839589322,0.106846285348,265.270903775,True
PV,B4,2025-10-08,280,144,303.811026181,2538.02361181,77,527.316718084,475.274038131,0.119703782411,303.811026181,True
PV,B4,2025-10-09,281,144,348.259366563,2569.70866875,77,610.009815097,550.551213756,0.135524844041,348.259366563,True
PV,B4,2025-10-10,282,144,402.475651042,2626.1633,77,711.513515065,665.304421169,0.153256140257,402.475651042,True
PV,B4,2025-10-11,283,144,249.138505608,2403.52713194,76,429.715276645,385.208513511,0.10365537476,249.138505608,True
PV,B4,2025-10-12,284,144,262.716215035,2466.43450833,75,461.393703167,398.543980578,0.106516598818,262.716215035,True
PV,B4,2025-10-13,285,144,313.427047309,2527.09827222,75,560.181916467,498.540481836,0.124026457837,313.427047309,True
PV,B4,2025-10-14,286,144,291.881547778,2385.7666625,75,518.098748067,433.908048002,0.122342872992,291.881547778,True
PV,B4,2025-10-15,287,144,203.678736856,2309.26904653,75,350.146857593,335.626103415,0.0882005226557,203.678736856,True
PV,B4,2025-10-16,288,144,313.80941897,2281.95014097,75,561.165968293,470.889337156,0.137518087418,313.80941897,True
PV,B4,2025-10-17,289,144,219.257481758,2330.79055069,74,384.866181015,355.783934417,0.0940700062873,219.257481758,True
PV,B4,2025-10-18,290,144,245.463080488,2315.83784097,74,437.118947825,393.215910682,0.105993207359,245.463080488,True
PV,B4,2025-10-19,291,144,335.028916243,2254.39686875,74,599.826593045,524.16219037,0.148611329659,335.028916243,True
PV,B4,2025-10-20,292,144,301.243571816,2227.60567847,75,528.462236586,462.569164414,0.135232000316,301.243571816,True
PV,B4,2025-10-21,293,144,307.886597798,2139.09448472,75,540.346994179,462.890245383,0.143933145542,307.886597798,True
PV,B4,2025-10-22,294,144,304.608169676,2171.54540972,75,535.797717904,493.318170451,0.140272530481,304.608169676,True
PV,B4,2025-10-23,295,144,300.599384226,2243.02160347,73,513.598641422,464.628338705,0.134015376295,300.599384226,True
PV,B4,2025-10-24,296,144,296.857771743,2238.14449236,73,506.383772831,473.271877382,0.132635659921,296.857771743,True
PV,B4,2025-10-25,297,144,295.925051885,2193.51476111,73,502.841164546,467.361740941,0.134909077035,295.925051885,True
PV,B4,2025-10-26,298,144,286.230287087,2203.25134722,73,484.292336497,458.271549922,0.129912679934,286.230287087,True
PV,B4,2025-10-27,299,144,400.782932936,2259.91594375,73,712.248322864,615.972494151,0.177344176913,400.782932936,True
PV,B4,2025-10-28,300,144,348.335428869,2147.57179583,73,607.414365623,540.734330241,0.162199666407,348.335428869,True
PV,B4,2025-10-29,301,144,406.755554958,2017.05657153,73,725.608787831,596.899216222,0.201657980594,406.755554958,True
PV,B4,2025-10-30,302,144,321.450480459,2172.01053819,71,572.232826073,521.483831413,0.147996740718,321.450480459,True
PV,B4,2025-10-31,303,144,463.32601531,1993.52904028,71,860.147317884,674.155989355,0.232414981648,463.32601531,True
PV,B4,2025-11-01,304,144,385.991705959,2059.59046042,71,701.589677366,592.452274906,0.187411873077,385.991705959,True
PV,B4,2025-11-02,305,144,410.222947449,2043.61884931,71,751.311929709,622.492997248,0.200733589626,410.222947449,True
PV,B4,2025-11-03,306,144,434.347600388,2012.66603125,71,802.239936358,628.565166689,0.215807090518,434.347600388,True
PV,B4,2025-11-04,307,144,384.762136111,2075.6891125,70,714.884072758,585.521757397,0.185365974988,384.762136111,True
PV,B4,2025-11-05,308,144,409.073263368,2003.59948125,71,761.71079347,624.846657623,0.204169180116,409.073263368,True
PV,B4,2025-11-06,309,144,505.075625884,1930.97956597,71,955.72123121,736.811337723,0.261564459192,505.075625884,True
PV,B4,2025-11-07,310,144,417.725240499,2037.24653681,70,754.798673539,669.31441627,0.20504403024,417.725240499,True
PV,B4,2025-11-08,311,144,426.65713941,2010.15248819,71,760.294545871,627.998108861,0.212251131153,426.65713941,True
PV,B4,2025-11-09,312,144,500.04021392,1938.78554097,71,909.569862196,738.150573448,0.257914144372,500.04021392,True
PV,B4,2025-11-10,313,144,580.406275821,1856.73581944,71,1075.31065749,832.244644373,0.312594968946,580.406275821,True
PV,B4,2025-11-11,314,144,491.455125158,1933.28532431,71,893.081356658,731.031981441,0.254207239345,491.455125158,True
PV,B4,2025-11-12,315,144,472.209227485,1935.86358681,71,857.803005509,723.760992499,0.243926912363,472.209227485,True
PV,B4,2025-11-13,316,144,533.821457809,1891.00983125,71,981.819928419,767.196635195,0.282294385247,533.821457809,True
PV,B4,2025-11-14,317,144,598.091046497,1839.14324167,71,1112.27389462,847.823358764,0.325200904936,598.091046497,True
PV,B4,2025-11-15,318,144,583.366278673,1843.96207917,71,1080.46134955,831.784784187,0.316365659177,583.366278673,True
PV,B4,2025-11-16,319,144,597.475173055,1830.23857708,71,1109.50878732,876.824752183,0.326446606763,597.475173055,True
PV,B4,2025-11-17,320,144,566.995998164,1857.24817986,69,1080.81359137,834.08245929,0.305288223896,566.995998164,True
PV,B4,2025-11-18,321,144,626.605280015,1787.21394444,69,1203.38314602,890.445042169,0.35060451602,626.605280015,True
PV,B4,2025-11-19,322,144,609.606524864,1783.80790625,69,1171.63684153,881.728536773,0.341744490945,609.606524864,True
PV,B4,2025-11-20,323,144,619.335591425,1793.89088333,69,1190.99129209,883.321035398,0.345247081179,619.335591425,True
PV,B4,2025-11-21,324,144,626.949265837,1797.28304306,69,1206.9857718,895.083487711,0.348831681387,626.949265837,True
PV,B4,2025-11-22,325,144,650.893121799,1763.75336042,69,1254.99447943,927.749396968,0.369038628874,650.893121799,True
PV,B4,2025-11-23,326,144,641.833794263,1772.94149653,69,1236.52266799,955.264140631,0.362016341498,641.833794263,True
PV,B4,2025-11-24,327,144,586.345506537,1825.57267153,69,1123.42305243,853.984400069,0.32118442376,586.345506537,True
PV,B4,2025-11-25,328,144,670.45854763,1729.73882292,69,1297.17072256,961.88884352,0.3876068102,670.45854763,True
PV,B4,2025-11-26,329,144,675.078669105,1705.36541042,69,1310.41447635,954.955052048,0.395855729793,675.078669105,True
PV,B4,2025-11-27,330,144,674.330416889,1725.71870486,68,1326.25627031,964.842416372,0.39075338002,674.330416889,True
PV,B4,2025-11-28,331,144,689.318682254,1721.57428056,68,1370.10222509,981.972206583,0.40040019768,689.318682254,True
PV,B4,2025-11-29,332,144,849.683118085,1551.11457431,68,1700.58883824,1220.49935823,0.547788752785,849.683118085,True
PV,B4,2025-11-30,333,144,827.569924675,1573.50026319,67,1657.64277177,1179.52453424,0.5259420313,827.569924675,True
PV,B4,2025-12-01,334,144,774.756745922,1624.68599583,67,1547.06949095,1111.64665828,0.476865528421,774.756745922,True
PV,B4,2025-12-02,335,144,854.148392982,1531.78390208,69,1666.66024376,1223.08031521,0.55761677076,854.148392982,True
PV,B4,2025-12-03,336,144,805.539000304,1560.84094028,69,1568.97680682,1158.60421656,0.516092946768,805.539000304,True
PV,B4,2025-12-04,337,144,779.123813064,1606.87675833,69,1513.11118545,1113.0162689,0.484868431274,779.123813064,True
PV,B4,2025-12-05,338,144,831.680348597,1564.85180833,69,1622.91656265,1194.18352597,0.531475468902,831.680348597,True
PV,B4,2025-12-06,339,144,891.171363542,1491.92459722,69,1744.89507859,1280.57516758,0.597330029414,891.171363542,True
PV,B4,2025-12-07,340,144,824.879911661,1558.94923611,69,1607.04517074,1181.27365341,0.529125575454,824.879911661,True
PV,B4,2025-12-08,341,144,859.837692188,1523.46428403,69,1682.74173901,1234.72790002,0.564396357172,859.837692188,True
PV,B4,2025-12-09,342,144,813.711419517,1554.42611736,69,1584.6848365,1171.6680154,0.523480280232,813.711419517,True
PV,B4,2025-12-10,343,144,850.30928373,1499.63108542,69,1664.69917779,1226.0388222,0.56701230856,850.30928373,True
PV,B4,2025-12-11,344,144,793.994074306,1576.10601111,67,1545.1141071,1133.36671288,0.503769460118,793.994074306,True
PV,B4,2025-12-12,345,144,923.421996924,1456.13709167,67,1823.33762071,1338.93238822,0.634158694404,923.421996924,True
PV,B4,2025-12-13,346,144,904.841116468,1460.06767361,67,1780.48059421,1302.48853519,0.619725463978,904.841116468,True
PV,B4,2025-12-14,347,144,877.66719511,1489.32766875,67,1722.62100131,1257.19185869,0.589304297184,877.66719511,True
PV,B4,2025-12-15,348,144,914.268121684,1451.48614653,67,1804.82463533,1320.50686427,0.629884152784,914.268121684,True
PV,B4,2025-12-16,349,144,883.662345961,1467.86883542,67,1736.98321959,1271.33162491,0.602003615473,883.662345961,True
PV,B4,2025-12-17,350,144,821.488034167,1511.44614931,67,1607.81168958,1177.45925959,0.543511281923,821.488034167,True
PV,B4,2025-12-18,351,144,814.674691431,1539.5455125,67,1592.78961301,1172.385014,0.529165708202,814.674691431,True
PV,B4,2025-12-19,352,144,874.218393097,1486.87225556,67,1720.81320263,1261.18158428,0.587957970048,874.218393097,True
PV,B4,2025-12-20,353,144,854.638306639,1492.17366111,67,1675.8670689,1226.35348841,0.57274721362,854.638306639,True
PV,B4,2025-12-21,354,144,876.997390792,1472.44412917,67,1724.45559173,1262.82299211,0.595606565587,876.997390792,True
PV,B4,2025-12-22,355,144,856.592791889,1490.87611389,67,1684.0691083,1227.88154265,0.574556654244,856.592791889,True
PV,B4,2025-12-23,356,144,804.751183069,1529.10675139,67,1570.62773579,1149.03251676,0.526288424493,804.751183069,True
PV,B4,2025-12-24,357,144,812.667743015,1504.15883194,67,1591.94826421,1172.98191987,0.540280538036,812.667743015,True
PV,B4,2025-12-25,358,144,839.187466762,1499.05872361,67,1648.57482622,1205.65694577,0.559809601548,839.187466762,True
PV,B4,2025-12-26,359,144,874.670560839,1469.27855069,67,1724.8851031,1269.48740033,0.595306152414,874.670560839,True
PV,B4,2025-12-27,360,144,868.78873445,1461.26561944,67,1709.43615417,1247.80783018,0.59454538784,868.78873445,True
PV,B4,2025-12-28,361,144,802.994867688,1529.250625,67,1568.55116386,1150.07692551,0.525090429627,802.994867688,True
PV,B4,2025-12-29,362,144,824.275463821,1506.39750486,67,1617.68873793,1185.12885314,0.547183237599,824.275463821,True
PV,B4,2025-12-30,363,144,763.824064079,1554.25443542,67,1485.78235979,1098.33021707,0.491440813469,763.824064079,True
PV,B4,2025-12-31,364,144,836.811592882,1464.38675625,69,1642.86812196,1201.83974252,0.571441655908,836.811592882,True
